{"dataset": [{"updateDate": "20220608", "LLno": "A", "SSno": "03220", "Stext": "어업 관련 서비스업", "SStext": "어업 관련 서비스업", "Mtext": "양식어업 및 어업관련 서비스업", "Lno": "03", "ipc_main": "A01K-063/04", "Mno": "032", "country_code": "KR", "Sno": "0322", "LLtext": "농업, 임업 및 어업(01~03)", "documentId": "kr20040015560y1", "application_number": "2020040015560", "Ltext": "어업", "keyword": "수산물정리서비스/어족보호서비스/폐수회수/히트펌프/회수장치/열효율/장치/점검/수직유통관/양식수조", "document_type": "Y1"}, {"updateDate": "20220608", "LLno": "A", "SSno": "03220", "Stext": "어업 관련 서비스업", "SStext": "어업 관련 서비스업", "Mtext": "양식어업 및 어업관련 서비스업", "Lno": "03", "ipc_main": "A01K-063/04", "Mno": "032", "country_code": "KR", "Sno": "0322", "LLtext": "농업, 임업 및 어업(01~03)", "documentId": "kr20040018360a", "application_number": "1020040018360", "Ltext": "어업", "keyword": "수산물정리서비스/어족보호서비스/생물막/반응조/감소/효율적/시스템/배출관/살균/처리수", "document_type": "A"}, {"updateDate": "20220608", "LLno": "A", "SSno": "03220", "Stext": "어업 관련 서비스업", "SStext": "어업 관련 서비스업", "Mtext": "양식어업 및 어업관련 서비스업", "Lno": "03", "ipc_main": "A01K-063/06", "Mno": "032", "country_code": "KR", "Sno": "0322", "LLtext": "농업, 임업 및 어업(01~03)", "documentId": "kr20050003085y1", "application_number": "2020050003085", "Ltext": "어업", "keyword": "수산물정리서비스/어족보호서비스/수조냉온수기/수온유지방법/냉각기/생활환경/방법/흡수/수로판막/수온감센서", "document_type": "Y1"}, {"updateDate": "20220608", "LLno": "A", "SSno": "03220", "Stext": "어업 관련 서비스업", "SStext": "어업 관련 서비스업", "Mtext": "양식어업 및 어업관련 서비스업", "Lno": "03", "ipc_main": "A01K-061/02", "Mno": "032", "country_code": "KR", "Sno": "0322", "LLtext": "농업, 임업 및 어업(01~03)", "documentId": "kr20050003378y1", "application_number": "2020050003378", "Ltext": "어업", "keyword": "수산물정리서비스/어족보호서비스/자동먹이공급/양식수조/레일/인력낭비/시스템/공간부/이송전환부/급이", "document_type": "Y1"}, {"updateDate": "20220608", "LLno": "A", "SSno": "03220", "Stext": "어업 관련 서비스업", "SStext": "어업 관련 서비스업", "Mtext": "양식어업 및 어업관련 서비스업", "Lno": "03", "ipc_main": "G01N-033/12", "Mno": "032", "country_code": "KR", "Sno": "0322", "LLtext": "농업, 임업 및 어업(01~03)", "documentId": "kr20050111138b1", "application_number": "1020050111138", "Ltext": "어업", "keyword": "수산물정리서비스/어족보호서비스/건강평가법/심근변성/평가단계/안정화/방법/크기/신장/교차평가", "document_type": "B1"}, {"updateDate": "20220608", "LLno": "A", "SSno": "03220", "Stext": "어업 관련 서비스업", "SStext": "어업 관련 서비스업", "Mtext": "양식어업 및 어업관련 서비스업", "Lno": "03", "ipc_main": "A01K-061/00", "Mno": "032", "country_code": "KR", "Sno": "0322", "LLtext": "농업, 임업 및 어업(01~03)", "documentId": "kr20060011487y1", "application_number": "2020060011487", "Ltext": "어업", "keyword": "수산물정리서비스/어족보호서비스/인식표/생산자/탄성재질/품질관리/방법/몸체/스냅단추/양단부", "document_type": "Y1"}, {"updateDate": "20220608", "LLno": "A", "SSno": "03220", "Stext": "어업 관련 서비스업", "SStext": "어업 관련 서비스업", "Mtext": "양식어업 및 어업관련 서비스업", "Lno": "03", "ipc_main": "A01K-063/02", "Mno": "032", "country_code": "KR", "Sno": "0322", "LLtext": "농업, 임업 및 어업(01~03)", "documentId": "kr20060067230b1", "application_number": "1020060067230", "Ltext": "어업", "keyword": "수산물정리서비스/어족보호서비스/어류수송/후크부재/다공시트/취급용이/방법/수용/수송차/설치", "document_type": "B1"}, {"updateDate": "20220608", "LLno": "A", "SSno": "03220", "Stext": "어업 관련 서비스업", "SStext": "어업 관련 서비스업", "Mtext": "양식어업 및 어업관련 서비스업", "Lno": "03", "ipc_main": "F04D-013/08", "Mno": "032", "country_code": "KR", "Sno": "0322", "LLtext": "농업, 임업 및 어업(01~03)", "documentId": "kr20070013473y1", "application_number": "2020070013473", "Ltext": "어업", "keyword": "수산물정리서비스/어족보호서비스/고압펌프/해상양식장관리선박용/탈피/분무기/장치/육상엔진/조립/직사각형", "document_type": "Y1"}, {"updateDate": "20220608", "LLno": "A", "SSno": "03220", "Stext": "어업 관련 서비스업", "SStext": "어업 관련 서비스업", "Mtext": "양식어업 및 어업관련 서비스업", "Lno": "03", "ipc_main": "A01K-061/02", "Mno": "032", "country_code": "KR", "Sno": "0322", "LLtext": "농업, 임업 및 어업(01~03)", "documentId": "kr20070019377y1", "application_number": "2020070019377", "Ltext": "어업", "keyword": "수산물정리서비스/어족보호서비스/수중양식장치용/혼합기/용이/급이/장치/임시저장탱크/공급/차단", "document_type": "Y1"}, {"updateDate": "20220608", "LLno": "A", "SSno": "03220", "Stext": "어업 관련 서비스업", "SStext": "어업 관련 서비스업", "Mtext": "양식어업 및 어업관련 서비스업", "Lno": "03", "ipc_main": "A01K-063/02", "Mno": "032", "country_code": "KR", "Sno": "0322", "LLtext": "농업, 임업 및 어업(01~03)", "documentId": "kr20070094629b1", "application_number": "1020070094629", "Ltext": "어업", "keyword": "수산물정리서비스/어족보호서비스/활어출하/소비자/작업/제어부/장치/활어수송차량/루프프레임/이동부", "document_type": "B1"}, {"updateDate": "20220608", "LLno": "A", "SSno": "03220", "Stext": "어업 관련 서비스업", "SStext": "어업 관련 서비스업", "Mtext": "양식어업 및 어업관련 서비스업", "Lno": "03", "ipc_main": "G06F-019/00", "Mno": "032", "country_code": "KR", "Sno": "0322", "LLtext": "농업, 임업 및 어업(01~03)", "documentId": "kr20070101231a", "application_number": "1020070101231", "Ltext": "어업", "keyword": "수산물정리서비스/어족보호서비스/모바일기기/어로활동/절약/서비스/방법/신고자/휴대용모바일/자동", "document_type": "A"}, {"updateDate": "20220608", "LLno": "A", "SSno": "03220", "Stext": "어업 관련 서비스업", "SStext": "어업 관련 서비스업", "Mtext": "양식어업 및 어업관련 서비스업", "Lno": "03", "ipc_main": "A01K-061/00", "Mno": "032", "country_code": "KR", "Sno": "0322", "LLtext": "농업, 임업 및 어업(01~03)", "documentId": "kr20070135030b1", "application_number": "1020070135030", "Ltext": "어업", "keyword": "수산물정리서비스/어족보호서비스/심해반잠수식/해상높이/파장길이/승강/방법/수중/위치/길이", "document_type": "B1"}, {"updateDate": "20220608", "LLno": "A", "SSno": "03220", "Stext": "어업 관련 서비스업", "SStext": "어업 관련 서비스업", "Mtext": "양식어업 및 어업관련 서비스업", "Lno": "03", "ipc_main": "E02B-005/04", "Mno": "032", "country_code": "KR", "Sno": "0322", "LLtext": "농업, 임업 및 어업(01~03)", "documentId": "kr20080013187b1", "application_number": "1020080013187", "Ltext": "어업", "keyword": "수산물정리서비스/어족보호서비스/운하수질개선시스템/정화여재/침전/보전/방법/이물질/제거/정화효소", "document_type": "B1"}, {"updateDate": "20220608", "LLno": "A", "SSno": "03220", "Stext": "어업 관련 서비스업", "SStext": "어업 관련 서비스업", "Mtext": "양식어업 및 어업관련 서비스업", "Lno": "03", "ipc_main": "A61K-035/68", "Mno": "032", "country_code": "KR", "Sno": "0322", "LLtext": "농업, 임업 및 어업(01~03)", "documentId": "kr20080113679b1", "application_number": "1020080113679", "Ltext": "어업", "keyword": "수산물정리서비스/어족보호서비스/해양동물플랑크톤배양액/대사산물/유효성분/경제성/방법/브라키오누스속/배양액/추출", "document_type": "B1"}, {"updateDate": "20220608", "LLno": "A", "SSno": "03220", "Stext": "어업 관련 서비스업", "SStext": "어업 관련 서비스업", "Mtext": "양식어업 및 어업관련 서비스업", "Lno": "03", "ipc_main": "C12M-003/02", "Mno": "032", "country_code": "KR", "Sno": "0322", "LLtext": "농업, 임업 및 어업(01~03)", "documentId": "kr20090004688y1", "application_number": "2020090004688", "Ltext": "어업", "keyword": "수산물정리서비스/어족보호서비스/배양수조/식물성플랑크톤/배양수조/원통체/방법/공급/배양수/내장", "document_type": "Y1"}, {"updateDate": "20220608", "LLno": "A", "SSno": "03220", "Stext": "어업 관련 서비스업", "SStext": "어업 관련 서비스업", "Mtext": "양식어업 및 어업관련 서비스업", "Lno": "03", "ipc_main": "A01K-061/02", "Mno": "032", "country_code": "KR", "Sno": "0322", "LLtext": "농업, 임업 및 어업(01~03)", "documentId": "kr20090035994b1", "application_number": "1020090035994", "Ltext": "어업", "keyword": "수산물정리서비스/어족보호서비스/급이로봇/데이터/변경/생산원가/시스템/센서노드/촬영/열성", "document_type": "B1"}, {"updateDate": "20220608", "LLno": "A", "SSno": "03220", "Stext": "어업 관련 서비스업", "SStext": "어업 관련 서비스업", "Mtext": "양식어업 및 어업관련 서비스업", "Lno": "03", "ipc_main": "F03B-013/14", "Mno": "032", "country_code": "KR", "Sno": "0322", "LLtext": "농업, 임업 및 어업(01~03)", "documentId": "kr20090099635b1", "application_number": "1020090099635", "Ltext": "어업", "keyword": "수산물정리서비스/어족보호서비스/양수발전/파력/효율적/건설용지/시스템/해안/펌프/파력", "document_type": "B1"}, {"updateDate": "20220608", "LLno": "A", "SSno": "03220", "Stext": "어업 관련 서비스업", "SStext": "어업 관련 서비스업", "Mtext": "양식어업 및 어업관련 서비스업", "Lno": "03", "ipc_main": "A01K-061/02", "Mno": "032", "country_code": "KR", "Sno": "0322", "LLtext": "농업, 임업 및 어업(01~03)", "documentId": "kr20090124023b1", "application_number": "1020090124023", "Ltext": "어업", "keyword": "수산물정리서비스/어족보호서비스/원격자동사료급이/고정설치/원격통신설비/안정적/시스템/주변파이프/그물/설치", "document_type": "B1"}, {"updateDate": "20220608", "LLno": "A", "SSno": "03220", "Stext": "어업 관련 서비스업", "SStext": "어업 관련 서비스업", "Mtext": "양식어업 및 어업관련 서비스업", "Lno": "03", "ipc_main": "G01N-021/64", "Mno": "032", "country_code": "KR", "Sno": "0322", "LLtext": "농업, 임업 및 어업(01~03)", "documentId": "kr20097003455a", "application_number": "1020097003455", "Ltext": "어업", "keyword": "수산물정리서비스/어족보호서비스/이의검출/차이/기준종/계산/장치/기준종/측정공간/물", "document_type": "A"}, {"updateDate": "20220608", "LLno": "A", "SSno": "03220", "Stext": "어업 관련 서비스업", "SStext": "어업 관련 서비스업", "Mtext": "양식어업 및 어업관련 서비스업", "Lno": "03", "ipc_main": "A01K-061/00", "Mno": "032", "country_code": "KR", "Sno": "0322", "LLtext": "농업, 임업 및 어업(01~03)", "documentId": "kr20100038419b1", "application_number": "1020100038419", "Ltext": "어업", "keyword": "수산물정리서비스/어족보호서비스/두족류양식/독립적/부족/어민소득/장치/통공/먹이/뚜껑", "document_type": "B1"}, {"updateDate": "20220608", "LLno": "A", "SSno": "03220", "Stext": "어업 관련 서비스업", "SStext": "어업 관련 서비스업", "Mtext": "양식어업 및 어업관련 서비스업", "Lno": "03", "ipc_main": "A01K-063/06", "Mno": "032", "country_code": "KR", "Sno": "0322", "LLtext": "농업, 임업 및 어업(01~03)", "documentId": "kr20100066578b1", "application_number": "1020100066578", "Ltext": "어업", "keyword": "수산물정리서비스/어족보호서비스/양식장냉난방/원수/순환/이물제거/장치/버블발생유닛/공급관/교환", "document_type": "B1"}, {"updateDate": "20220608", "LLno": "A", "SSno": "03220", "Stext": "어업 관련 서비스업", "SStext": "어업 관련 서비스업", "Mtext": "양식어업 및 어업관련 서비스업", "Lno": "03", "ipc_main": "B25J-005/00", "Mno": "032", "country_code": "KR", "Sno": "0322", "LLtext": "농업, 임업 및 어업(01~03)", "documentId": "kr20100106128b1", "application_number": "1020100106128", "Ltext": "어업", "keyword": "수산물정리서비스/어족보호서비스/수중로봇제어시스템/획득모듈/움직임/정보저장부/방법/유영/원격제어부/분포상태", "document_type": "B1"}, {"updateDate": "20220608", "LLno": "A", "SSno": "03220", "Stext": "어업 관련 서비스업", "SStext": "어업 관련 서비스업", "Mtext": "양식어업 및 어업관련 서비스업", "Lno": "03", "ipc_main": "C12M-003/02", "Mno": "032", "country_code": "KR", "Sno": "0322", "LLtext": "농업, 임업 및 어업(01~03)", "documentId": "kr20100127538b1", "application_number": "1020100127538", "Ltext": "어업", "keyword": "수산물정리서비스/어족보호서비스/미세조류배양/저감효과/드레인파이프/지그재그방향/장치/높이/드레인파이프/송풍라인", "document_type": "B1"}, {"updateDate": "20220608", "LLno": "A", "SSno": "03220", "Stext": "어업 관련 서비스업", "SStext": "어업 관련 서비스업", "Mtext": "양식어업 및 어업관련 서비스업", "Lno": "03", "ipc_main": "G06F-019/00", "Mno": "032", "country_code": "KR", "Sno": "0322", "LLtext": "농업, 임업 및 어업(01~03)", "documentId": "kr20100137774a", "application_number": "1020100137774", "Ltext": "어업", "keyword": "수산물정리서비스/어족보호서비스/어류질병/질병/감염/치료/시스템/감염어류/데이터베이스/대응", "document_type": "A"}, {"updateDate": "20220608", "LLno": "A", "SSno": "03220", "Stext": "어업 관련 서비스업", "SStext": "어업 관련 서비스업", "Mtext": "양식어업 및 어업관련 서비스업", "Lno": "03", "ipc_main": "A01K-061/00", "Mno": "032", "country_code": "KR", "Sno": "0322", "LLtext": "농업, 임업 및 어업(01~03)", "documentId": "kr20110004434b1", "application_number": "1020110004434", "Ltext": "어업", "keyword": "수산물정리서비스/어족보호서비스/다슬기/양식수조/침전물/이득/장치/피드백관/물/급수", "document_type": "B1"}, {"updateDate": "20220608", "LLno": "A", "SSno": "03220", "Stext": "어업 관련 서비스업", "SStext": "어업 관련 서비스업", "Mtext": "양식어업 및 어업관련 서비스업", "Lno": "03", "ipc_main": "G01N-021/64", "Mno": "032", "country_code": "KR", "Sno": "0322", "LLtext": "농업, 임업 및 어업(01~03)", "documentId": "kr20110056820b1", "application_number": "1020110056820", "Ltext": "어업", "keyword": "수산물정리서비스/어족보호서비스/식물플랑크톤/보편적/정밀도/미세신호측정/방법/흡수/빛/각도", "document_type": "B1"}, {"updateDate": "20220608", "LLno": "A", "SSno": "03220", "Stext": "어업 관련 서비스업", "SStext": "어업 관련 서비스업", "Mtext": "양식어업 및 어업관련 서비스업", "Lno": "03", "ipc_main": "A01K-063/00", "Mno": "032", "country_code": "KR", "Sno": "0322", "LLtext": "농업, 임업 및 어업(01~03)", "documentId": "kr20110058371b1", "application_number": "1020110058371", "Ltext": "어업", "keyword": "수산물정리서비스/어족보호서비스/가자미목어류/무선/판정/소비자/방법/수조/데이터/전송", "document_type": "B1"}, {"updateDate": "20220608", "LLno": "A", "SSno": "03220", "Stext": "어업 관련 서비스업", "SStext": "어업 관련 서비스업", "Mtext": "양식어업 및 어업관련 서비스업", "Lno": "03", "ipc_main": "A01K-061/00", "Mno": "032", "country_code": "KR", "Sno": "0322", "LLtext": "농업, 임업 및 어업(01~03)", "documentId": "kr20110058842a", "application_number": "1020110058842", "Ltext": "어업", "keyword": "수산물정리서비스/어족보호서비스/양식장치/해저부/노출/회수율/장치/약식공간부/고정대/폐면", "document_type": "A"}, {"updateDate": "20220608", "LLno": "A", "SSno": "03220", "Stext": "어업 관련 서비스업", "SStext": "어업 관련 서비스업", "Mtext": "양식어업 및 어업관련 서비스업", "Lno": "03", "ipc_main": "C12M-003/02", "Mno": "032", "country_code": "KR", "Sno": "0322", "LLtext": "농업, 임업 및 어업(01~03)", "documentId": "kr20110107530b1", "application_number": "1020110107530", "Ltext": "어업", "keyword": "수산물정리서비스/어족보호서비스/미세조류배양/플랑크톤/미세조류/해수회수부/장치/배출가스/공급/농도", "document_type": "B1"}, {"updateDate": "20220608", "LLno": "A", "SSno": "03220", "Stext": "어업 관련 서비스업", "SStext": "어업 관련 서비스업", "Mtext": "양식어업 및 어업관련 서비스업", "Lno": "03", "ipc_main": "A01K-061/00", "Mno": "032", "country_code": "KR", "Sno": "0322", "LLtext": "농업, 임업 및 어업(01~03)", "documentId": "kr20110108748b1", "application_number": "1020110108748", "Ltext": "어업", "keyword": "수산물정리서비스/어족보호서비스/에어리프트/자연정화/이물질/양식빌딩/방법/시스템/공급/중앙분리벽", "document_type": "B1"}, {"updateDate": "20220608", "LLno": "A", "SSno": "03220", "Stext": "어업 관련 서비스업", "SStext": "어업 관련 서비스업", "Mtext": "양식어업 및 어업관련 서비스업", "Lno": "03", "ipc_main": "C12M-003/02", "Mno": "032", "country_code": "KR", "Sno": "0322", "LLtext": "농업, 임업 및 어업(01~03)", "documentId": "kr20110113711b1", "application_number": "1020110113711", "Ltext": "어업", "keyword": "수산물정리서비스/어족보호서비스/식물성플랑크톤/영양액/사육환경/안정적인/방법/온도/유지/순환펌프", "document_type": "B1"}, {"updateDate": "20220608", "LLno": "A", "SSno": "03220", "Stext": "어업 관련 서비스업", "SStext": "어업 관련 서비스업", "Mtext": "양식어업 및 어업관련 서비스업", "Lno": "03", "ipc_main": "A01K-063/04", "Mno": "032", "country_code": "KR", "Sno": "0322", "LLtext": "농업, 임업 및 어업(01~03)", "documentId": "kr20110133610a", "application_number": "1020110133610", "Ltext": "어업", "keyword": "수산물정리서비스/어족보호서비스/쏘가리부화기술/생태환경/자동화시스템/경제적/방법/친어/배란/사육", "document_type": "A"}, {"updateDate": "20220608", "LLno": "A", "SSno": "03220", "Stext": "어업 관련 서비스업", "SStext": "어업 관련 서비스업", "Mtext": "양식어업 및 어업관련 서비스업", "Lno": "03", "ipc_main": "B63C-011/48", "Mno": "032", "country_code": "KR", "Sno": "0322", "LLtext": "농업, 임업 및 어업(01~03)", "documentId": "kr20120017606b1", "application_number": "1020120017606", "Ltext": "어업", "keyword": "수산물정리서비스/어족보호서비스/해저측량/수중탐지기/측정거리/업데이트/시스템/돌출/고정부/주파수", "document_type": "B1"}, {"updateDate": "20220608", "LLno": "A", "SSno": "03220", "Stext": "어업 관련 서비스업", "SStext": "어업 관련 서비스업", "Mtext": "양식어업 및 어업관련 서비스업", "Lno": "03", "ipc_main": "B63B-038/00", "Mno": "032", "country_code": "KR", "Sno": "0322", "LLtext": "농업, 임업 및 어업(01~03)", "documentId": "kr20120017679b1", "application_number": "1020120017679", "Ltext": "어업", "keyword": "수산물정리서비스/어족보호서비스/해양원전/모듈화/원자력발전소/유연한설치/시스템/목표지점/연계성/해저바닥", "document_type": "B1"}, {"updateDate": "20220608", "LLno": "A", "SSno": "03220", "Stext": "어업 관련 서비스업", "SStext": "어업 관련 서비스업", "Mtext": "양식어업 및 어업관련 서비스업", "Lno": "03", "ipc_main": "G06Q-050/02", "Mno": "032", "country_code": "KR", "Sno": "0322", "LLtext": "농업, 임업 및 어업(01~03)", "documentId": "kr20120018267b1", "application_number": "1020120018267", "Ltext": "어업", "keyword": "수산물정리서비스/어족보호서비스/무선네트워크구조/원격관리/센서모듈/효율적관리/시스템/상태/제어모듈/무인관리", "document_type": "B1"}, {"updateDate": "20220608", "LLno": "A", "SSno": "03220", "Stext": "어업 관련 서비스업", "SStext": "어업 관련 서비스업", "Mtext": "양식어업 및 어업관련 서비스업", "Lno": "03", "ipc_main": "A01K-061/00", "Mno": "032", "country_code": "KR", "Sno": "0322", "LLtext": "농업, 임업 및 어업(01~03)", "documentId": "kr20120032076b1", "application_number": "1020120032076", "Ltext": "어업", "keyword": "수산물정리서비스/어족보호서비스/패류양식장/해수/자연환경/친환경적/방법/인접/높이/경계석", "document_type": "B1"}, {"updateDate": "20220608", "LLno": "A", "SSno": "03220", "Stext": "어업 관련 서비스업", "SStext": "어업 관련 서비스업", "Mtext": "양식어업 및 어업관련 서비스업", "Lno": "03", "ipc_main": "A01K-061/00", "Mno": "032", "country_code": "KR", "Sno": "0322", "LLtext": "농업, 임업 및 어업(01~03)", "documentId": "kr20120051639b1", "application_number": "1020120051639", "Ltext": "어업", "keyword": "수산물정리서비스/어족보호서비스/해양수산물용양식/염소/지지수단/유실/방법/배치/방향/내면", "document_type": "B1"}, {"updateDate": "20220608", "LLno": "A", "SSno": "03220", "Stext": "어업 관련 서비스업", "SStext": "어업 관련 서비스업", "Mtext": "양식어업 및 어업관련 서비스업", "Lno": "03", "ipc_main": "A01K-061/00", "Mno": "032", "country_code": "KR", "Sno": "0322", "LLtext": "농업, 임업 및 어업(01~03)", "documentId": "kr20120067680a", "application_number": "1020120067680", "Ltext": "어업", "keyword": "수산물정리서비스/어족보호서비스/두족류양식/서식공간/먹이투입구/편리/방법/서식/뚜껑/오목홈", "document_type": "A"}, {"updateDate": "20220608", "LLno": "A", "SSno": "03220", "Stext": "어업 관련 서비스업", "SStext": "어업 관련 서비스업", "Mtext": "양식어업 및 어업관련 서비스업", "Lno": "03", "ipc_main": "A01K-061/00", "Mno": "032", "country_code": "KR", "Sno": "0322", "LLtext": "농업, 임업 및 어업(01~03)", "documentId": "kr20120074031b1", "application_number": "1020120074031", "Ltext": "어업", "keyword": "수산물정리서비스/어족보호서비스/가두리양식장용/공간/합성수지제/제조방법/방법/스치로폼/부력체/해수", "document_type": "B1"}, {"updateDate": "20220608", "LLno": "A", "SSno": "03220", "Stext": "어업 관련 서비스업", "SStext": "어업 관련 서비스업", "Mtext": "양식어업 및 어업관련 서비스업", "Lno": "03", "ipc_main": "A01K-061/00", "Mno": "032", "country_code": "KR", "Sno": "0322", "LLtext": "농업, 임업 및 어업(01~03)", "documentId": "kr20120080444b1", "application_number": "1020120080444", "Ltext": "어업", "keyword": "수산물정리서비스/어족보호서비스/연승수하식어패류/생산성/양식효율/방지/방법/수용공간/차폐/양식몸체", "document_type": "B1"}, {"updateDate": "20220608", "LLno": "A", "SSno": "03220", "Stext": "어업 관련 서비스업", "SStext": "어업 관련 서비스업", "Mtext": "양식어업 및 어업관련 서비스업", "Lno": "03", "ipc_main": "B63B-035/32", "Mno": "032", "country_code": "KR", "Sno": "0322", "LLtext": "농업, 임업 및 어업(01~03)", "documentId": "kr20120105625b1", "application_number": "1020120105625", "Ltext": "어업", "keyword": "수산물정리서비스/어족보호서비스/정화선/오염토/정화처리/정화처리시스템/방법/준설수/싸이클론장치/유분탈리", "document_type": "B1"}, {"updateDate": "20220608", "LLno": "A", "SSno": "03220", "Stext": "어업 관련 서비스업", "SStext": "어업 관련 서비스업", "Mtext": "양식어업 및 어업관련 서비스업", "Lno": "03", "ipc_main": "B63B-035/32", "Mno": "032", "country_code": "KR", "Sno": "0322", "LLtext": "농업, 임업 및 어업(01~03)", "documentId": "kr20120105627b1", "application_number": "1020120105627", "Ltext": "어업", "keyword": "수산물정리서비스/어족보호서비스/정화선/하천/준설토/배출/방법/준설선/미생물/수용", "document_type": "B1"}, {"updateDate": "20220608", "LLno": "A", "SSno": "03220", "Stext": "어업 관련 서비스업", "SStext": "어업 관련 서비스업", "Mtext": "양식어업 및 어업관련 서비스업", "Lno": "03", "ipc_main": "A01K-061/00", "Mno": "032", "country_code": "KR", "Sno": "0322", "LLtext": "농업, 임업 및 어업(01~03)", "documentId": "kr20120113614a", "application_number": "1020120113614", "Ltext": "어업", "keyword": "수산물정리서비스/어족보호서비스/굴양식/효율적/양성망/이송부/방법/수조/연결/펌프", "document_type": "A"}, {"updateDate": "20220608", "LLno": "A", "SSno": "03220", "Stext": "어업 관련 서비스업", "SStext": "어업 관련 서비스업", "Mtext": "양식어업 및 어업관련 서비스업", "Lno": "03", "ipc_main": "A01G-033/00", "Mno": "032", "country_code": "KR", "Sno": "0322", "LLtext": "농업, 임업 및 어업(01~03)", "documentId": "kr20120127224b1", "application_number": "1020120127224", "Ltext": "어업", "keyword": "수산물정리서비스/어족보호서비스/양식장계류/바닥/와이어/유지부/장치/연결/연승줄/보강줄", "document_type": "B1"}, {"updateDate": "20220608", "LLno": "A", "SSno": "03220", "Stext": "어업 관련 서비스업", "SStext": "어업 관련 서비스업", "Mtext": "양식어업 및 어업관련 서비스업", "Lno": "03", "ipc_main": "A01K-061/00", "Mno": "032", "country_code": "KR", "Sno": "0322", "LLtext": "농업, 임업 및 어업(01~03)", "documentId": "kr20130002778b1", "application_number": "1020130002778", "Ltext": "어업", "keyword": "수산물정리서비스/어족보호서비스/순환여과식/사육수조/침전조/침전장치/장치/유출수/오물/순환수", "document_type": "B1"}, {"updateDate": "20220608", "LLno": "A", "SSno": "03220", "Stext": "어업 관련 서비스업", "SStext": "어업 관련 서비스업", "Mtext": "양식어업 및 어업관련 서비스업", "Lno": "03", "ipc_main": "A01K-061/00", "Mno": "032", "country_code": "KR", "Sno": "0322", "LLtext": "농업, 임업 및 어업(01~03)", "documentId": "kr20130036973b1", "application_number": "1020130036973", "Ltext": "어업", "keyword": "수산물정리서비스/어족보호서비스/유속저감형배수/중간육성/유속/환경조건/장치/전면유속저감장치/돌출/윙렛", "document_type": "B1"}, {"updateDate": "20220608", "LLno": "A", "SSno": "03220", "Stext": "어업 관련 서비스업", "SStext": "어업 관련 서비스업", "Mtext": "양식어업 및 어업관련 서비스업", "Lno": "03", "ipc_main": "A01K-061/00", "Mno": "032", "country_code": "KR", "Sno": "0322", "LLtext": "농업, 임업 및 어업(01~03)", "documentId": "kr20130050419a", "application_number": "1020130050419", "Ltext": "어업", "keyword": "수산물정리서비스/어족보호서비스/태양에너지/지하지온/활용/물고기집설치장치/장치/바닷물/민물/수로", "document_type": "A"}, {"updateDate": "20220608", "LLno": "A", "SSno": "03220", "Stext": "어업 관련 서비스업", "SStext": "어업 관련 서비스업", "Mtext": "양식어업 및 어업관련 서비스업", "Lno": "03", "ipc_main": "C12N-001/12", "Mno": "032", "country_code": "KR", "Sno": "0322", "LLtext": "농업, 임업 및 어업(01~03)", "documentId": "kr20130051494a", "application_number": "1020130051494", "Ltext": "어업", "keyword": "수산물정리서비스/어족보호서비스/패오닥틸럼트리코누툼/배양성장률/배양/대량생산/방법/아미노산/불포화지방산/미세조류", "document_type": "A"}, {"updateDate": "20220608", "LLno": "A", "SSno": "03220", "Stext": "어업 관련 서비스업", "SStext": "어업 관련 서비스업", "Mtext": "양식어업 및 어업관련 서비스업", "Lno": "03", "ipc_main": "A01K-061/00", "Mno": "032", "country_code": "KR", "Sno": "0322", "LLtext": "농업, 임업 및 어업(01~03)", "documentId": "kr20130057575b1", "application_number": "1020130057575", "Ltext": "어업", "keyword": "수산물정리서비스/어족보호서비스/어류성장복합/어항장치/탑재레일/회수수단/시스템/개방/배출구/개폐", "document_type": "B1"}, {"updateDate": "20220608", "LLno": "A", "SSno": "03220", "Stext": "어업 관련 서비스업", "SStext": "어업 관련 서비스업", "Mtext": "양식어업 및 어업관련 서비스업", "Lno": "03", "ipc_main": "A01K-061/00", "Mno": "032", "country_code": "KR", "Sno": "0322", "LLtext": "농업, 임업 및 어업(01~03)", "documentId": "kr20130057927a", "application_number": "1020130057927", "Ltext": "어업", "keyword": "수산물정리서비스/어족보호서비스/민물뱀장어치어/자성화/유도방법/추출/방법/에스트로겐/자성화유도/성장호르몬", "document_type": "A"}, {"updateDate": "20220608", "LLno": "A", "SSno": "03220", "Stext": "어업 관련 서비스업", "SStext": "어업 관련 서비스업", "Mtext": "양식어업 및 어업관련 서비스업", "Lno": "03", "ipc_main": "C12Q-001/68", "Mno": "032", "country_code": "KR", "Sno": "0322", "LLtext": "농업, 임업 및 어업(01~03)", "documentId": "kr20130061018b1", "application_number": "1020130061018", "Ltext": "어업", "keyword": "수산물정리서비스/어족보호서비스/해양수산생물/안정적/유전자/이바지/방법/원심분리/상등액/불활성화", "document_type": "B1"}, {"updateDate": "20220608", "LLno": "A", "SSno": "03220", "Stext": "어업 관련 서비스업", "SStext": "어업 관련 서비스업", "Mtext": "양식어업 및 어업관련 서비스업", "Lno": "03", "ipc_main": "G08B-023/00", "Mno": "032", "country_code": "KR", "Sno": "0322", "LLtext": "농업, 임업 및 어업(01~03)", "documentId": "kr20130062671b1", "application_number": "1020130062671", "Ltext": "어업", "keyword": "수산물정리서비스/어족보호서비스/어류서식환경/어류독성/수질항목/실시간/방법/채수장치/측정장치/저장장치", "document_type": "B1"}, {"updateDate": "20220608", "LLno": "A", "SSno": "03220", "Stext": "어업 관련 서비스업", "SStext": "어업 관련 서비스업", "Mtext": "양식어업 및 어업관련 서비스업", "Lno": "03", "ipc_main": "A01K-061/00", "Mno": "032", "country_code": "KR", "Sno": "0322", "LLtext": "농업, 임업 및 어업(01~03)", "documentId": "kr20130069297b1", "application_number": "1020130069297", "Ltext": "어업", "keyword": "수산물정리서비스/어족보호서비스/양식설비/무배수/원심분리/생존환경/방법/서식/사육종/배출", "document_type": "B1"}, {"updateDate": "20220608", "LLno": "A", "SSno": "03220", "Stext": "어업 관련 서비스업", "SStext": "어업 관련 서비스업", "Mtext": "양식어업 및 어업관련 서비스업", "Lno": "03", "ipc_main": "A01K-061/00", "Mno": "032", "country_code": "KR", "Sno": "0322", "LLtext": "농업, 임업 및 어업(01~03)", "documentId": "kr20130071576a", "application_number": "1020130071576", "Ltext": "어업", "keyword": "수산물정리서비스/어족보호서비스/무인잠수정/어류양식/생육환경/관리/방법/생장상태/전송/정보", "document_type": "A"}, {"updateDate": "20220608", "LLno": "A", "SSno": "03220", "Stext": "어업 관련 서비스업", "SStext": "어업 관련 서비스업", "Mtext": "양식어업 및 어업관련 서비스업", "Lno": "03", "ipc_main": "G06Q-050/02", "Mno": "032", "country_code": "KR", "Sno": "0322", "LLtext": "농업, 임업 및 어업(01~03)", "documentId": "kr20130090373b1", "application_number": "1020130090373", "Ltext": "어업", "keyword": "수산물정리서비스/어족보호서비스/가두리양식장/원격제어/사료/관리/시스템/저장/유입/저장", "document_type": "B1"}, {"updateDate": "20220608", "LLno": "A", "SSno": "03220", "Stext": "어업 관련 서비스업", "SStext": "어업 관련 서비스업", "Mtext": "양식어업 및 어업관련 서비스업", "Lno": "03", "ipc_main": "G01N-033/52", "Mno": "032", "country_code": "KR", "Sno": "0322", "LLtext": "농업, 임업 및 어업(01~03)", "documentId": "kr20130090432a", "application_number": "1020130090432", "Ltext": "어업", "keyword": "수산물정리서비스/어족보호서비스/오염량정량/어류/수정란/정량/방법/오염/물질/방출", "document_type": "A"}, {"updateDate": "20220608", "LLno": "A", "SSno": "03220", "Stext": "어업 관련 서비스업", "SStext": "어업 관련 서비스업", "Mtext": "양식어업 및 어업관련 서비스업", "Lno": "03", "ipc_main": "G01N-021/63", "Mno": "032", "country_code": "KR", "Sno": "0322", "LLtext": "농업, 임업 및 어업(01~03)", "documentId": "kr20130122583b1", "application_number": "1020130122583", "Ltext": "어업", "keyword": "수산물정리서비스/어족보호서비스/플랑크톤검사/투광성/파장/검사/장치/검출부/연속적/목표", "document_type": "B1"}, {"updateDate": "20220608", "LLno": "A", "SSno": "03220", "Stext": "어업 관련 서비스업", "SStext": "어업 관련 서비스업", "Mtext": "양식어업 및 어업관련 서비스업", "Lno": "03", "ipc_main": "B63C-011/48", "Mno": "032", "country_code": "KR", "Sno": "0322", "LLtext": "농업, 임업 및 어업(01~03)", "documentId": "kr20130140540b1", "application_number": "1020130140540", "Ltext": "어업", "keyword": "수산물정리서비스/어족보호서비스/해저지형정보/음파탐지기/해저데이터/신속/시스템/위치/출력/고정대", "document_type": "B1"}, {"updateDate": "20220608", "LLno": "A", "SSno": "03220", "Stext": "어업 관련 서비스업", "SStext": "어업 관련 서비스업", "Mtext": "양식어업 및 어업관련 서비스업", "Lno": "03", "ipc_main": "G06M-001/272", "Mno": "032", "country_code": "KR", "Sno": "0322", "LLtext": "농업, 임업 및 어업(01~03)", "documentId": "kr20130156235a", "application_number": "1020130156235", "Ltext": "어업", "keyword": "수산물정리서비스/어족보호서비스/어류개체수측정/측정방법/수조/스테레오/시스템/비전/산출/거리", "document_type": "A"}, {"updateDate": "20220608", "LLno": "A", "SSno": "03220", "Stext": "어업 관련 서비스업", "SStext": "어업 관련 서비스업", "Mtext": "양식어업 및 어업관련 서비스업", "Lno": "03", "ipc_main": "A01K-061/02", "Mno": "032", "country_code": "KR", "Sno": "0322", "LLtext": "농업, 임업 및 어업(01~03)", "documentId": "kr20140069815a", "application_number": "1020140069815", "Ltext": "어업", "keyword": "수산물정리서비스/어족보호서비스/육상양식장/지지프레임/배출/사료포집/장치/회전력/수로/안내", "document_type": "A"}, {"updateDate": "20220608", "LLno": "A", "SSno": "03220", "Stext": "어업 관련 서비스업", "SStext": "어업 관련 서비스업", "Mtext": "양식어업 및 어업관련 서비스업", "Lno": "03", "ipc_main": "A01K-061/00", "Mno": "032", "country_code": "KR", "Sno": "0322", "LLtext": "농업, 임업 및 어업(01~03)", "documentId": "kr20140083125a", "application_number": "1020140083125", "Ltext": "어업", "keyword": "수산물정리서비스/어족보호서비스/육상양식장/산소공급/시스템/자동/시스템/수신/신호/액화용", "document_type": "A"}, {"updateDate": "20220608", "LLno": "A", "SSno": "03220", "Stext": "어업 관련 서비스업", "SStext": "어업 관련 서비스업", "Mtext": "양식어업 및 어업관련 서비스업", "Lno": "03", "ipc_main": "C02F-001/52", "Mno": "032", "country_code": "KR", "Sno": "0322", "LLtext": "농업, 임업 및 어업(01~03)", "documentId": "kr20140087027b1", "application_number": "1020140087027", "Ltext": "어업", "keyword": "수산물정리서비스/어족보호서비스/생물여과장치/배출/사육수/양식장/시스템/유기물/내부공간/흡입", "document_type": "B1"}, {"updateDate": "20220608", "LLno": "A", "SSno": "03220", "Stext": "어업 관련 서비스업", "SStext": "어업 관련 서비스업", "Mtext": "양식어업 및 어업관련 서비스업", "Lno": "03", "ipc_main": "A01K-061/00", "Mno": "032", "country_code": "KR", "Sno": "0322", "LLtext": "농업, 임업 및 어업(01~03)", "documentId": "kr20140098350b1", "application_number": "1020140098350", "Ltext": "어업", "keyword": "수산물정리서비스/어족보호서비스/멸균수어류양식/담수/해수/유수식/방법/살균/구획/격벽", "document_type": "B1"}, {"updateDate": "20220608", "LLno": "A", "SSno": "03220", "Stext": "어업 관련 서비스업", "SStext": "어업 관련 서비스업", "Mtext": "양식어업 및 어업관련 서비스업", "Lno": "03", "ipc_main": "B63B-021/50", "Mno": "032", "country_code": "KR", "Sno": "0322", "LLtext": "농업, 임업 및 어업(01~03)", "documentId": "kr20140167132b1", "application_number": "1020140167132", "Ltext": "어업", "keyword": "수산물정리서비스/어족보호서비스/해상구조물/설치/고정위치/계류/장치/고정아암/결합/고정프레임", "document_type": "B1"}, {"updateDate": "20220608", "LLno": "A", "SSno": "03220", "Stext": "어업 관련 서비스업", "SStext": "어업 관련 서비스업", "Mtext": "양식어업 및 어업관련 서비스업", "Lno": "03", "ipc_main": "G06Q-050/02", "Mno": "032", "country_code": "KR", "Sno": "0322", "LLtext": "농업, 임업 및 어업(01~03)", "documentId": "kr20140190263a", "application_number": "1020140190263", "Ltext": "어업", "keyword": "수산물정리서비스/어족보호서비스/해상가두리/환경정보/수질정보/통합관리/시스템/습도/강우량/생육", "document_type": "A"}, {"updateDate": "20220608", "LLno": "A", "SSno": "03220", "Stext": "어업 관련 서비스업", "SStext": "어업 관련 서비스업", "Mtext": "양식어업 및 어업관련 서비스업", "Lno": "03", "ipc_main": "A01K-061/00", "Mno": "032", "country_code": "KR", "Sno": "0322", "LLtext": "농업, 임업 및 어업(01~03)", "documentId": "kr20140191248a", "application_number": "1020140191248", "Ltext": "어업", "keyword": "수산물정리서비스/어족보호서비스/농어치어/농어사료/순치/성육/방법/민물/온도/투입", "document_type": "A"}, {"updateDate": "20220608", "LLno": "A", "SSno": "03220", "Stext": "어업 관련 서비스업", "SStext": "어업 관련 서비스업", "Mtext": "양식어업 및 어업관련 서비스업", "Lno": "03", "ipc_main": "B63B-035/44", "Mno": "032", "country_code": "KR", "Sno": "0322", "LLtext": "농업, 임업 및 어업(01~03)", "documentId": "kr20150005827u", "application_number": "2020150005827", "Ltext": "어업", "keyword": "수산물정리서비스/어족보호서비스/라이저보호/해양구조물/설치/보호프레임/장치/연결부/위치/돌출", "document_type": "U"}, {"updateDate": "20220608", "LLno": "A", "SSno": "03220", "Stext": "어업 관련 서비스업", "SStext": "어업 관련 서비스업", "Mtext": "양식어업 및 어업관련 서비스업", "Lno": "03", "ipc_main": "A01K-061/00", "Mno": "032", "country_code": "KR", "Sno": "0322", "LLtext": "농업, 임업 및 어업(01~03)", "documentId": "kr20150014789a", "application_number": "1020150014789", "Ltext": "어업", "keyword": "수산물정리서비스/어족보호서비스/해수순치과정/폐사율/감소/운용비용/방법/담수/암컷치어/선별", "document_type": "A"}, {"updateDate": "20220608", "LLno": "A", "SSno": "03220", "Stext": "어업 관련 서비스업", "SStext": "어업 관련 서비스업", "Mtext": "양식어업 및 어업관련 서비스업", "Lno": "03", "ipc_main": "A01K-061/02", "Mno": "032", "country_code": "KR", "Sno": "0322", "LLtext": "농업, 임업 및 어업(01~03)", "documentId": "kr20150016084b1", "application_number": "1020150016084", "Ltext": "어업", "keyword": "수산물정리서비스/어족보호서비스/전기분해/멸균양식수/제거/유수식멸균수/방법/연속/살균처리/금속", "document_type": "B1"}, {"updateDate": "20220608", "LLno": "A", "SSno": "03220", "Stext": "어업 관련 서비스업", "SStext": "어업 관련 서비스업", "Mtext": "양식어업 및 어업관련 서비스업", "Lno": "03", "ipc_main": "A01K-061/00", "Mno": "032", "country_code": "KR", "Sno": "0322", "LLtext": "농업, 임업 및 어업(01~03)", "documentId": "kr20150053025b1", "application_number": "1020150053025", "Ltext": "어업", "keyword": "수산물정리서비스/어족보호서비스/갑각류양식/소정각도/설치면적/침전물제거기/시스템/구동기/공기펌프/공급", "document_type": "B1"}, {"updateDate": "20220608", "LLno": "A", "SSno": "03220", "Stext": "어업 관련 서비스업", "SStext": "어업 관련 서비스업", "Mtext": "양식어업 및 어업관련 서비스업", "Lno": "03", "ipc_main": "A01K-061/00", "Mno": "032", "country_code": "KR", "Sno": "0322", "LLtext": "농업, 임업 및 어업(01~03)", "documentId": "kr20150071448b1", "application_number": "1020150071448", "Ltext": "어업", "keyword": "수산물정리서비스/어족보호서비스/부유이물질제거/사육수면/양성수조/폐사방지/방법/사육수/가로배수관/가로방향", "document_type": "B1"}, {"updateDate": "20220608", "LLno": "A", "SSno": "03220", "Stext": "어업 관련 서비스업", "SStext": "어업 관련 서비스업", "Mtext": "양식어업 및 어업관련 서비스업", "Lno": "03", "ipc_main": "C12M-003/00", "Mno": "032", "country_code": "KR", "Sno": "0322", "LLtext": "농업, 임업 및 어업(01~03)", "documentId": "kr20150123663b1", "application_number": "1020150123663", "Ltext": "어업", "keyword": "수산물정리서비스/어족보호서비스/플랑크톤배양/슬러지포집관/배출/역유입/장치/동물성플랑크톤배양조/원수분리조/유입", "document_type": "B1"}, {"updateDate": "20220608", "LLno": "A", "SSno": "03220", "Stext": "어업 관련 서비스업", "SStext": "어업 관련 서비스업", "Mtext": "양식어업 및 어업관련 서비스업", "Lno": "03", "ipc_main": "A01K-061/00", "Mno": "032", "country_code": "KR", "Sno": "0322", "LLtext": "농업, 임업 및 어업(01~03)", "documentId": "kr20150167961a", "application_number": "1020150167961", "Ltext": "어업", "keyword": "수산물정리서비스/어족보호서비스/굴생산/양질/환경/생산성/방법/해역/비중/초과", "document_type": "A"}, {"updateDate": "20220608", "LLno": "A", "SSno": "03220", "Stext": "어업 관련 서비스업", "SStext": "어업 관련 서비스업", "Mtext": "양식어업 및 어업관련 서비스업", "Lno": "03", "ipc_main": "E02B-003/06", "Mno": "032", "country_code": "KR", "Sno": "0322", "LLtext": "농업, 임업 및 어업(01~03)", "documentId": "kr20160019228b1", "application_number": "1020160019228", "Ltext": "어업", "keyword": "수산물정리서비스/어족보호서비스/양식장/방파제벽/제어/이동제어부재/방법/단위구조체/바닷물/망상구조", "document_type": "B1"}, {"updateDate": "20220608", "LLno": "A", "SSno": "03220", "Stext": "어업 관련 서비스업", "SStext": "어업 관련 서비스업", "Mtext": "양식어업 및 어업관련 서비스업", "Lno": "03", "ipc_main": "A01K-061/00", "Mno": "032", "country_code": "KR", "Sno": "0322", "LLtext": "농업, 임업 및 어업(01~03)", "documentId": "kr20160034424a", "application_number": "1020160034424", "Ltext": "어업", "keyword": "수산물정리서비스/어족보호서비스/적조방지/수온상승/활력/오염방지/장치/펌프장치/공기공급통로/수용", "document_type": "A"}, {"updateDate": "20220608", "LLno": "A", "SSno": "03220", "Stext": "어업 관련 서비스업", "SStext": "어업 관련 서비스업", "Mtext": "양식어업 및 어업관련 서비스업", "Lno": "03", "ipc_main": "A01K-061/00", "Mno": "032", "country_code": "KR", "Sno": "0322", "LLtext": "농업, 임업 및 어업(01~03)", "documentId": "kr20160075204b1", "application_number": "1020160075204", "Ltext": "어업", "keyword": "수산물정리서비스/어족보호서비스/과산화수소/능동/신속/적조생물제어장치/장치/해수/육상/방류관", "document_type": "B1"}, {"updateDate": "20220608", "LLno": "A", "SSno": "03220", "Stext": "어업 관련 서비스업", "SStext": "어업 관련 서비스업", "Mtext": "양식어업 및 어업관련 서비스업", "Lno": "03", "ipc_main": "A01K-061/02", "Mno": "032", "country_code": "KR", "Sno": "0322", "LLtext": "농업, 임업 및 어업(01~03)", "documentId": "kr20160080886b1", "application_number": "1020160080886", "Ltext": "어업", "keyword": "수산물정리서비스/어족보호서비스/블로워/사료투입공간/회전/사료공급/장치/투입구/양식장/분배로터", "document_type": "B1"}, {"updateDate": "20220608", "LLno": "A", "SSno": "03220", "Stext": "어업 관련 서비스업", "SStext": "어업 관련 서비스업", "Mtext": "양식어업 및 어업관련 서비스업", "Lno": "03", "ipc_main": "A01K-061/02", "Mno": "032", "country_code": "KR", "Sno": "0322", "LLtext": "농업, 임업 및 어업(01~03)", "documentId": "kr20160080893b1", "application_number": "1020160080893", "Ltext": "어업", "keyword": "수산물정리서비스/어족보호서비스/사료살포기/구동유닛/공기압/편리/방법/사료저장호퍼/전동수단/축회전", "document_type": "B1"}, {"updateDate": "20220608", "LLno": "A", "SSno": "03220", "Stext": "어업 관련 서비스업", "SStext": "어업 관련 서비스업", "Mtext": "양식어업 및 어업관련 서비스업", "Lno": "03", "ipc_main": "B63B-035/44", "Mno": "032", "country_code": "KR", "Sno": "0322", "LLtext": "농업, 임업 및 어업(01~03)", "documentId": "kr20160082009a", "application_number": "1020160082009", "Ltext": "어업", "keyword": "수산물정리서비스/어족보호서비스/해양플랜트/프로세스/탑사이드/용이성/시스템/모듈화/레일/활주가능", "document_type": "A"}, {"updateDate": "20220608", "LLno": "A", "SSno": "03220", "Stext": "어업 관련 서비스업", "SStext": "어업 관련 서비스업", "Mtext": "양식어업 및 어업관련 서비스업", "Lno": "03", "ipc_main": "A01K-075/00", "Mno": "032", "country_code": "KR", "Sno": "0322", "LLtext": "농업, 임업 및 어업(01~03)", "documentId": "kr20160088397b1", "application_number": "1020160088397", "Ltext": "어업", "keyword": "수산물정리서비스/어족보호서비스/미생물부착억제/방지수단/수중구조물/공급/방법/미생물/지지체/전류", "document_type": "B1"}, {"updateDate": "20220608", "LLno": "A", "SSno": "03220", "Stext": "어업 관련 서비스업", "SStext": "어업 관련 서비스업", "Mtext": "양식어업 및 어업관련 서비스업", "Lno": "03", "ipc_main": "A61K-031/4188", "Mno": "032", "country_code": "KR", "Sno": "0322", "LLtext": "농업, 임업 및 어업(01~03)", "documentId": "kr20160114464b1", "application_number": "1020160114464", "Ltext": "어업", "keyword": "수산물정리서비스/어족보호서비스/물고기건강보조제/회복/일정량/약욕/방법/물고기/피부/물", "document_type": "B1"}, {"updateDate": "20220608", "LLno": "A", "SSno": "03220", "Stext": "어업 관련 서비스업", "SStext": "어업 관련 서비스업", "Mtext": "양식어업 및 어업관련 서비스업", "Lno": "03", "ipc_main": "A01K-061/00", "Mno": "032", "country_code": "KR", "Sno": "0322", "LLtext": "농업, 임업 및 어업(01~03)", "documentId": "kr20160120324a", "application_number": "1020160120324", "Ltext": "어업", "keyword": "수산물정리서비스/어족보호서비스/연승수하식수산물/로프걸이부/양식통/배출/장치/내부공간/일정크기/일정간격", "document_type": "A"}, {"updateDate": "20220608", "LLno": "A", "SSno": "03220", "Stext": "어업 관련 서비스업", "SStext": "어업 관련 서비스업", "Mtext": "양식어업 및 어업관련 서비스업", "Lno": "03", "ipc_main": "G01N-021/64", "Mno": "032", "country_code": "KR", "Sno": "0322", "LLtext": "농업, 임업 및 어업(01~03)", "documentId": "kr20160158533b1", "application_number": "1020160158533", "Ltext": "어업", "keyword": "수산물정리서비스/어족보호서비스/생존생물/처리수/농도/생존여부분석방법/방법/설정/비교/플랑크톤", "document_type": "B1"}, {"updateDate": "20220608", "LLno": "A", "SSno": "03220", "Stext": "어업 관련 서비스업", "SStext": "어업 관련 서비스업", "Mtext": "양식어업 및 어업관련 서비스업", "Lno": "03", "ipc_main": "A01N-059/16", "Mno": "032", "country_code": "KR", "Sno": "0322", "LLtext": "농업, 임업 및 어업(01~03)", "documentId": "kr20160165200b1", "application_number": "1020160165200", "Ltext": "어업", "keyword": "수산물정리서비스/어족보호서비스/혼합조성물/저렴한가격/환경오염/적조/방법/셀렌화아연/구성/싸이오사이안산마그네슘", "document_type": "B1"}, {"updateDate": "20220608", "LLno": "A", "SSno": "03220", "Stext": "어업 관련 서비스업", "SStext": "어업 관련 서비스업", "Mtext": "양식어업 및 어업관련 서비스업", "Lno": "03", "ipc_main": "G06Q-050/10", "Mno": "032", "country_code": "KR", "Sno": "0322", "LLtext": "농업, 임업 및 어업(01~03)", "documentId": "kr20170026144a", "application_number": "1020170026144", "Ltext": "어업", "keyword": "수산물정리서비스/어족보호서비스/지능화기반/성장환경/전력피크구간/전력감축/시스템/표층온도/생육환경정보/전력사용량", "document_type": "A"}, {"updateDate": "20220608", "LLno": "A", "SSno": "03220", "Stext": "어업 관련 서비스업", "SStext": "어업 관련 서비스업", "Mtext": "양식어업 및 어업관련 서비스업", "Lno": "03", "ipc_main": "A01K-061/85", "Mno": "032", "country_code": "KR", "Sno": "0322", "LLtext": "농업, 임업 및 어업(01~03)", "documentId": "kr20170037605a", "application_number": "1020170037605", "Ltext": "어업", "keyword": "수산물정리서비스/어족보호서비스/군집성어류/사료자동급여장치/일정/경쟁력/장치/피쉬볼형성/전동볼밸브/수중펌프", "document_type": "A"}, {"updateDate": "20220608", "LLno": "A", "SSno": "03220", "Stext": "어업 관련 서비스업", "SStext": "어업 관련 서비스업", "Mtext": "양식어업 및 어업관련 서비스업", "Lno": "03", "ipc_main": "G06Q-050/02", "Mno": "032", "country_code": "KR", "Sno": "0322", "LLtext": "농업, 임업 및 어업(01~03)", "documentId": "kr20170062689b1", "application_number": "1020170062689", "Ltext": "어업", "keyword": "수산물정리서비스/어족보호서비스/해양시설물사고방지/무선통신/안전/위치표시부/시스템/위치표시부/관리자단말기/전기", "document_type": "B1"}, {"updateDate": "20220608", "LLno": "A", "SSno": "03220", "Stext": "어업 관련 서비스업", "SStext": "어업 관련 서비스업", "Mtext": "양식어업 및 어업관련 서비스업", "Lno": "03", "ipc_main": "A61L-002/22", "Mno": "032", "country_code": "KR", "Sno": "0322", "LLtext": "농업, 임업 및 어업(01~03)", "documentId": "kr20170104638b1", "application_number": "1020170104638", "Ltext": "어업", "keyword": "수산물정리서비스/어족보호서비스/친황경양식/살균처리/양식장/소득향상/장치/길이방향/구성/출입문", "document_type": "B1"}, {"updateDate": "20220608", "LLno": "A", "SSno": "03220", "Stext": "어업 관련 서비스업", "SStext": "어업 관련 서비스업", "Mtext": "양식어업 및 어업관련 서비스업", "Lno": "03", "ipc_main": "A01K-061/59", "Mno": "032", "country_code": "KR", "Sno": "0322", "LLtext": "농업, 임업 및 어업(01~03)", "documentId": "kr20170136356a", "application_number": "1020170136356", "Ltext": "어업", "keyword": "수산물정리서비스/어족보호서비스/무기양이온제/수확량/새우/생산/방법/화강암괴석/미분말/가입시간", "document_type": "A"}, {"updateDate": "20220608", "LLno": "A", "SSno": "03220", "Stext": "어업 관련 서비스업", "SStext": "어업 관련 서비스업", "Mtext": "양식어업 및 어업관련 서비스업", "Lno": "03", "ipc_main": "A01K-061/10", "Mno": "032", "country_code": "KR", "Sno": "0322", "LLtext": "농업, 임업 및 어업(01~03)", "documentId": "kr20170145831a", "application_number": "1020170145831", "Ltext": "어업", "keyword": "수산물정리서비스/어족보호서비스/밀도조절/은대구치어/밀도조절/효율적인/방법/수조/자연광/단계", "document_type": "A"}, {"updateDate": "20220608", "LLno": "A", "SSno": "03220", "Stext": "어업 관련 서비스업", "SStext": "어업 관련 서비스업", "Mtext": "양식어업 및 어업관련 서비스업", "Lno": "03", "ipc_main": "G06Q-050/02", "Mno": "032", "country_code": "KR", "Sno": "0322", "LLtext": "농업, 임업 및 어업(01~03)", "documentId": "kr20170162044a", "application_number": "1020170162044", "Ltext": "어업", "keyword": "수산물정리서비스/어족보호서비스/양식장/생산이력/데이터/모니터링/시스템/연동/측정장치/생육현황", "document_type": "A"}, {"updateDate": "20220608", "LLno": "A", "SSno": "03220", "Stext": "어업 관련 서비스업", "SStext": "어업 관련 서비스업", "Mtext": "양식어업 및 어업관련 서비스업", "Lno": "03", "ipc_main": "A01K-061/17", "Mno": "032", "country_code": "KR", "Sno": "0322", "LLtext": "농업, 임업 및 어업(01~03)", "documentId": "kr20170174114b1", "application_number": "1020170174114", "Ltext": "어업", "keyword": "수산물정리서비스/어족보호서비스/어류보호/격리통/침수/분사부/장치/상승/덮개부/구속", "document_type": "B1"}, {"updateDate": "20220608", "LLno": "A", "SSno": "03220", "Stext": "어업 관련 서비스업", "SStext": "어업 관련 서비스업", "Mtext": "양식어업 및 어업관련 서비스업", "Lno": "03", "ipc_main": "B63B-022/04", "Mno": "032", "country_code": "KR", "Sno": "0322", "LLtext": "농업, 임업 및 어업(01~03)", "documentId": "kr20177013120a", "application_number": "1020177013120", "Ltext": "어업", "keyword": "수산물정리서비스/어족보호서비스/어레이케이블연결/커넥터/조인트박스/전기회로/시스템/장치/결합/케이블", "document_type": "A"}, {"updateDate": "20220608", "LLno": "A", "SSno": "03220", "Stext": "어업 관련 서비스업", "SStext": "어업 관련 서비스업", "Mtext": "양식어업 및 어업관련 서비스업", "Lno": "03", "ipc_main": "A01K-061/13", "Mno": "032", "country_code": "KR", "Sno": "0322", "LLtext": "농업, 임업 및 어업(01~03)", "documentId": "kr20180016027b1", "application_number": "1020180016027", "Ltext": "어업", "keyword": "수산물정리서비스/어족보호서비스/친환경스쿠티카충/파동장치/제공/무항생제/방법/유발생물/망지/결합", "document_type": "B1"}, {"updateDate": "20220608", "LLno": "A", "SSno": "03220", "Stext": "어업 관련 서비스업", "SStext": "어업 관련 서비스업", "Mtext": "양식어업 및 어업관련 서비스업", "Lno": "03", "ipc_main": "A01K-061/13", "Mno": "032", "country_code": "KR", "Sno": "0322", "LLtext": "농업, 임업 및 어업(01~03)", "documentId": "kr20180028593b1", "application_number": "1020180028593", "Ltext": "어업", "keyword": "수산물정리서비스/어족보호서비스/피부상처치료/생산성증대/항생제/비용절감/방법/수중환경/조사/유전자", "document_type": "B1"}, {"updateDate": "20220608", "LLno": "A", "SSno": "03220", "Stext": "어업 관련 서비스업", "SStext": "어업 관련 서비스업", "Mtext": "양식어업 및 어업관련 서비스업", "Lno": "03", "ipc_main": "G06Q-050/26", "Mno": "032", "country_code": "KR", "Sno": "0322", "LLtext": "농업, 임업 및 어업(01~03)", "documentId": "kr20180032544b1", "application_number": "1020180032544", "Ltext": "어업", "keyword": "수산물정리서비스/어족보호서비스/해상활동위험도/특정구역/운영/효율적/시스템/해양기상/대기기상/모델링", "document_type": "B1"}, {"updateDate": "20220608", "LLno": "A", "SSno": "03220", "Stext": "어업 관련 서비스업", "SStext": "어업 관련 서비스업", "Mtext": "양식어업 및 어업관련 서비스업", "Lno": "03", "ipc_main": "G08G-003/00", "Mno": "032", "country_code": "KR", "Sno": "0322", "LLtext": "농업, 임업 및 어업(01~03)", "documentId": "kr20180037509b1", "application_number": "1020180037509", "Ltext": "어업", "keyword": "수산물정리서비스/어족보호서비스/어선용모니터링/정보/어선/정보출력부/시스템/어획정보/조업여부/입력장치", "document_type": "B1"}, {"updateDate": "20220608", "LLno": "A", "SSno": "03220", "Stext": "어업 관련 서비스업", "SStext": "어업 관련 서비스업", "Mtext": "양식어업 및 어업관련 서비스업", "Lno": "03", "ipc_main": "H04L-029/08", "Mno": "032", "country_code": "KR", "Sno": "0322", "LLtext": "농업, 임업 및 어업(01~03)", "documentId": "kr20180044861b1", "application_number": "1020180044861", "Ltext": "어업", "keyword": "수산물정리서비스/어족보호서비스/저전력광역통신/스마트부이/유실여부/어선용게이트웨이/방법/압력/변화/식별정보", "document_type": "B1"}, {"updateDate": "20220608", "LLno": "A", "SSno": "03220", "Stext": "어업 관련 서비스업", "SStext": "어업 관련 서비스업", "Mtext": "양식어업 및 어업관련 서비스업", "Lno": "03", "ipc_main": "G01N-015/06", "Mno": "032", "country_code": "KR", "Sno": "0322", "LLtext": "농업, 임업 및 어업(01~03)", "documentId": "kr20180084530b1", "application_number": "1020180084530", "Ltext": "어업", "keyword": "수산물정리서비스/어족보호서비스/적조생물/정확/신속/적조현상/방법/적조관리장치/센서장치/정보", "document_type": "B1"}, {"updateDate": "20220608", "LLno": "A", "SSno": "03220", "Stext": "어업 관련 서비스업", "SStext": "어업 관련 서비스업", "Mtext": "양식어업 및 어업관련 서비스업", "Lno": "03", "ipc_main": "A01K-061/65", "Mno": "032", "country_code": "KR", "Sno": "0322", "LLtext": "농업, 임업 및 어업(01~03)", "documentId": "kr20180090125b1", "application_number": "1020180090125", "Ltext": "어업", "keyword": "수산물정리서비스/어족보호서비스/다중부력파이프관/양식생물/고정/수평균형/장치/회전/브라켓/파이프관", "document_type": "B1"}, {"updateDate": "20220608", "LLno": "A", "SSno": "03220", "Stext": "어업 관련 서비스업", "SStext": "어업 관련 서비스업", "Mtext": "양식어업 및 어업관련 서비스업", "Lno": "03", "ipc_main": "G01S-015/96", "Mno": "032", "country_code": "KR", "Sno": "0322", "LLtext": "농업, 임업 및 어업(01~03)", "documentId": "kr20180097412b1", "application_number": "1020180097412", "Ltext": "어업", "keyword": "수산물정리서비스/어족보호서비스/어류포획/어군/탐지/대량포획/시스템/포획장치/기피신호/유입구", "document_type": "B1"}, {"updateDate": "20220608", "LLno": "A", "SSno": "03220", "Stext": "어업 관련 서비스업", "SStext": "어업 관련 서비스업", "Mtext": "양식어업 및 어업관련 서비스업", "Lno": "03", "ipc_main": "A01G-031/06", "Mno": "032", "country_code": "KR", "Sno": "0322", "LLtext": "농업, 임업 및 어업(01~03)", "documentId": "kr20180101077a", "application_number": "1020180101077", "Ltext": "어업", "keyword": "수산물정리서비스/어족보호서비스/어채공생분무재배/압력/작물재배부/용존산소증가장치/시스템/어류양식/공급관/연결", "document_type": "A"}, {"updateDate": "20220608", "LLno": "A", "SSno": "03220", "Stext": "어업 관련 서비스업", "SStext": "어업 관련 서비스업", "Mtext": "양식어업 및 어업관련 서비스업", "Lno": "03", "ipc_main": "A01K-063/00", "Mno": "032", "country_code": "KR", "Sno": "0322", "LLtext": "농업, 임업 및 어업(01~03)", "documentId": "kr20180121242a", "application_number": "1020180121242", "Ltext": "어업", "keyword": "수산물정리서비스/어족보호서비스/붉바리/면체틀/어류스트레스/이탈방지용/방법/실내천정/안정/그물망", "document_type": "A"}, {"updateDate": "20220608", "LLno": "A", "SSno": "03220", "Stext": "어업 관련 서비스업", "SStext": "어업 관련 서비스업", "Mtext": "양식어업 및 어업관련 서비스업", "Lno": "03", "ipc_main": "G06Q-050/02", "Mno": "032", "country_code": "KR", "Sno": "0322", "LLtext": "농업, 임업 및 어업(01~03)", "documentId": "kr20180125883a", "application_number": "1020180125883", "Ltext": "어업", "keyword": "수산물정리서비스/어족보호서비스/양식장모니터링/증대/질병예방효과/분석/장치/센서부/수조/촬영", "document_type": "A"}, {"updateDate": "20220608", "LLno": "A", "SSno": "03220", "Stext": "어업 관련 서비스업", "SStext": "어업 관련 서비스업", "Mtext": "양식어업 및 어업관련 서비스업", "Lno": "03", "ipc_main": "G06Q-050/02", "Mno": "032", "country_code": "KR", "Sno": "0322", "LLtext": "농업, 임업 및 어업(01~03)", "documentId": "kr20180133398a", "application_number": "1020180133398", "Ltext": "어업", "keyword": "수산물정리서비스/어족보호서비스/어구관리시스템/해양/어구/유실여부/시스템/좌표정보/등록요청부/관제시스템", "document_type": "A"}, {"updateDate": "20220608", "LLno": "A", "SSno": "03220", "Stext": "어업 관련 서비스업", "SStext": "어업 관련 서비스업", "Mtext": "양식어업 및 어업관련 서비스업", "Lno": "03", "ipc_main": "A01K-075/04", "Mno": "032", "country_code": "KR", "Sno": "0322", "LLtext": "농업, 임업 및 어업(01~03)", "documentId": "kr20180140208a", "application_number": "1020180140208", "Ltext": "어업", "keyword": "수산물정리서비스/어족보호서비스/스마트부표/어업/제어/수월/방법/원격/켜짐/꺼짐", "document_type": "A"}, {"updateDate": "20220608", "LLno": "A", "SSno": "03220", "Stext": "어업 관련 서비스업", "SStext": "어업 관련 서비스업", "Mtext": "양식어업 및 어업관련 서비스업", "Lno": "03", "ipc_main": "G06Q-050/02", "Mno": "032", "country_code": "KR", "Sno": "0322", "LLtext": "농업, 임업 및 어업(01~03)", "documentId": "kr20180145674b1", "application_number": "1020180145674", "Ltext": "어업", "keyword": "수산물정리서비스/어족보호서비스/양어장통합관리/양어장창업/환경정보/창업관리모듈/시스템/사료정보/센서/양식어", "document_type": "B1"}, {"updateDate": "20220608", "LLno": "A", "SSno": "03220", "Stext": "어업 관련 서비스업", "SStext": "어업 관련 서비스업", "Mtext": "양식어업 및 어업관련 서비스업", "Lno": "03", "ipc_main": "A01K-061/10", "Mno": "032", "country_code": "KR", "Sno": "0322", "LLtext": "농업, 임업 및 어업(01~03)", "documentId": "kr20180156142a", "application_number": "1020180156142", "Ltext": "어업", "keyword": "수산물정리서비스/어족보호서비스/틸라피아논생태양식/열대성/수확/방지/시스템/경작지/수로/모서리", "document_type": "A"}, {"updateDate": "20220608", "LLno": "A", "SSno": "03220", "Stext": "어업 관련 서비스업", "SStext": "어업 관련 서비스업", "Mtext": "양식어업 및 어업관련 서비스업", "Lno": "03", "ipc_main": "A01K-061/80", "Mno": "032", "country_code": "KR", "Sno": "0322", "LLtext": "농업, 임업 및 어업(01~03)", "documentId": "kr20190025167b1", "application_number": "1020190025167", "Ltext": "어업", "keyword": "수산물정리서비스/어족보호서비스/가두리양식장/분포/비율/제어부/방법/공급시간/산출/설정부", "document_type": "B1"}, {"updateDate": "20220608", "LLno": "A", "SSno": "03220", "Stext": "어업 관련 서비스업", "SStext": "어업 관련 서비스업", "Mtext": "양식어업 및 어업관련 서비스업", "Lno": "03", "ipc_main": "G06K-009/62", "Mno": "032", "country_code": "KR", "Sno": "0322", "LLtext": "농업, 임업 및 어업(01~03)", "documentId": "kr20190029113b1", "application_number": "1020190029113", "Ltext": "어업", "keyword": "수산물정리서비스/어족보호서비스/어종분류/이미지/제어부/전달/방법/관리/데이터/신경망", "document_type": "B1"}, {"updateDate": "20220608", "LLno": "A", "SSno": "03220", "Stext": "어업 관련 서비스업", "SStext": "어업 관련 서비스업", "Mtext": "양식어업 및 어업관련 서비스업", "Lno": "03", "ipc_main": "G06K-009/62", "Mno": "032", "country_code": "KR", "Sno": "0322", "LLtext": "농업, 임업 및 어업(01~03)", "documentId": "kr20190029119b1", "application_number": "1020190029119", "Ltext": "어업", "keyword": "수산물정리서비스/어족보호서비스/어종분류/카메라부/동작/분류/시스템/공간/위치/방수커버", "document_type": "B1"}, {"updateDate": "20220608", "LLno": "A", "SSno": "03220", "Stext": "어업 관련 서비스업", "SStext": "어업 관련 서비스업", "Mtext": "양식어업 및 어업관련 서비스업", "Lno": "03", "ipc_main": "A01K-061/13", "Mno": "032", "country_code": "KR", "Sno": "0322", "LLtext": "농업, 임업 및 어업(01~03)", "documentId": "kr20190044173a", "application_number": "1020190044173", "Ltext": "어업", "keyword": "수산물정리서비스/어족보호서비스/순환양식시스템/인위적/발생빈도/항생제/방법/저서성어류/입식/침강사료", "document_type": "A"}, {"updateDate": "20220608", "LLno": "A", "SSno": "03220", "Stext": "어업 관련 서비스업", "SStext": "어업 관련 서비스업", "Mtext": "양식어업 및 어업관련 서비스업", "Lno": "03", "ipc_main": "A01K-063/06", "Mno": "032", "country_code": "KR", "Sno": "0322", "LLtext": "농업, 임업 및 어업(01~03)", "documentId": "kr20190090838a", "application_number": "1020190090838", "Ltext": "어업", "keyword": "수산물정리서비스/어족보호서비스/에너지절감/온도/동작/소모비용/방법/배출/양식장/물순환부", "document_type": "A"}, {"updateDate": "20220608", "LLno": "A", "SSno": "03220", "Stext": "어업 관련 서비스업", "SStext": "어업 관련 서비스업", "Mtext": "양식어업 및 어업관련 서비스업", "Lno": "03", "ipc_main": "A01K-061/30", "Mno": "032", "country_code": "KR", "Sno": "0322", "LLtext": "농업, 임업 및 어업(01~03)", "documentId": "kr20190115420b1", "application_number": "1020190115420", "Ltext": "어업", "keyword": "수산물정리서비스/어족보호서비스/해삼양식장치/부착/생육/먹이효율/장치/가로/부재/복수개", "document_type": "B1"}, {"updateDate": "20220608", "LLno": "A", "SSno": "03220", "Stext": "어업 관련 서비스업", "SStext": "어업 관련 서비스업", "Mtext": "양식어업 및 어업관련 서비스업", "Lno": "03", "ipc_main": "A01K-061/95", "Mno": "032", "country_code": "KR", "Sno": "0322", "LLtext": "농업, 임업 및 어업(01~03)", "documentId": "kr20190116681b1", "application_number": "1020190116681", "Ltext": "어업", "keyword": "수산물정리서비스/어족보호서비스/비접촉식어류계수장치/상세/유입/측정수단/방법/입구/몸체부/하판개구부", "document_type": "B1"}, {"updateDate": "20220608", "LLno": "A", "SSno": "03220", "Stext": "어업 관련 서비스업", "SStext": "어업 관련 서비스업", "Mtext": "양식어업 및 어업관련 서비스업", "Lno": "03", "ipc_main": "B63H-011/04", "Mno": "032", "country_code": "KR", "Sno": "0322", "LLtext": "농업, 임업 및 어업(01~03)", "documentId": "kr20190121914b1", "application_number": "1020190121914", "Ltext": "어업", "keyword": "수산물정리서비스/어족보호서비스/양식장관리선/트러스트장치/원활/안전운항/장치/유닛몸체/외주면/개방", "document_type": "B1"}, {"updateDate": "20220608", "LLno": "A", "SSno": "03220", "Stext": "어업 관련 서비스업", "SStext": "어업 관련 서비스업", "Mtext": "양식어업 및 어업관련 서비스업", "Lno": "03", "ipc_main": "A01K-063/06", "Mno": "032", "country_code": "KR", "Sno": "0322", "LLtext": "농업, 임업 및 어업(01~03)", "documentId": "kr20190142790a", "application_number": "1020190142790", "Ltext": "어업", "keyword": "수산자원보호활동/어족보호서비스/히트펌프/해수/보일러/공급량/시스템/오폐수/기구/채택", "document_type": "A"}, {"updateDate": "20220608", "LLno": "A", "SSno": "03220", "Stext": "어업 관련 서비스업", "SStext": "어업 관련 서비스업", "Mtext": "양식어업 및 어업관련 서비스업", "Lno": "03", "ipc_main": "A01K-063/06", "Mno": "032", "country_code": "KR", "Sno": "0322", "LLtext": "농업, 임업 및 어업(01~03)", "documentId": "kr20190172105a", "application_number": "1020190172105", "Ltext": "어업", "keyword": "수산자원보호활동/어족보호서비스/수소생산/해수전기분해부/양식장수온관리부/수소저장합금/방법/수소기체/액화질소공급원/열교환", "document_type": "A"}, {"updateDate": "20220608", "LLno": "A", "SSno": "03220", "Stext": "어업 관련 서비스업", "SStext": "어업 관련 서비스업", "Mtext": "양식어업 및 어업관련 서비스업", "Lno": "03", "ipc_main": "A01K-061/60", "Mno": "032", "country_code": "KR", "Sno": "0322", "LLtext": "농업, 임업 및 어업(01~03)", "documentId": "kr20197014184a", "application_number": "1020197014184", "Ltext": "어업", "keyword": "수산물정리서비스/어족보호서비스/외해수산양식/지원/이동/제어유닛/시스템/발생/플랫폼/저장", "document_type": "A"}, {"updateDate": "20220608", "LLno": "A", "SSno": "03220", "Stext": "어업 관련 서비스업", "SStext": "어업 관련 서비스업", "Mtext": "양식어업 및 어업관련 서비스업", "Lno": "03", "ipc_main": "A01K-063/04", "Mno": "032", "country_code": "KR", "Sno": "0322", "LLtext": "농업, 임업 및 어업(01~03)", "documentId": "kr20200005269a", "application_number": "1020200005269", "Ltext": "어업", "keyword": "수산자원보호활동/어족보호서비스/산소용해장치/나선형구조/수압/가동부담/방법/일정길이/케이싱내부/살균장치", "document_type": "A"}, {"updateDate": "20220608", "LLno": "A", "SSno": "03220", "Stext": "어업 관련 서비스업", "SStext": "어업 관련 서비스업", "Mtext": "양식어업 및 어업관련 서비스업", "Lno": "03", "ipc_main": "F03B-013/06", "Mno": "032", "country_code": "KR", "Sno": "0322", "LLtext": "농업, 임업 및 어업(01~03)", "documentId": "kr20200053175b1", "application_number": "1020200053175", "Ltext": "어업", "keyword": "수산자원보호활동/어족보호서비스/양식장용소수력발전/방출수/발전기/역류/장치/유입/차단/회전", "document_type": "B1"}, {"updateDate": "20220608", "LLno": "A", "SSno": "03220", "Stext": "어업 관련 서비스업", "SStext": "어업 관련 서비스업", "Mtext": "양식어업 및 어업관련 서비스업", "Lno": "03", "ipc_main": "G08B-021/18", "Mno": "032", "country_code": "KR", "Sno": "0322", "LLtext": "농업, 임업 및 어업(01~03)", "documentId": "kr20200108976b1", "application_number": "1020200108976", "Ltext": "어업", "keyword": "수산자원보호활동/어족보호서비스/수상드론/양식장/운항/감시/방법/변화량/영구저장/선저부", "document_type": "B1"}, {"updateDate": "20220608", "LLno": "A", "SSno": "03220", "Stext": "어업 관련 서비스업", "SStext": "어업 관련 서비스업", "Mtext": "양식어업 및 어업관련 서비스업", "Lno": "03", "ipc_main": "A01K-061/13", "Mno": "032", "country_code": "KR", "Sno": "0322", "LLtext": "농업, 임업 및 어업(01~03)", "documentId": "kr20200127923a", "application_number": "1020200127923", "Ltext": "어업", "keyword": "수산자원보호활동/어족보호서비스/수산질병관리/전송/처방/모니터링/방법/관리장소/센싱/통신망", "document_type": "A"}, {"updateDate": "20220608", "LLno": "A", "SSno": "03220", "Stext": "어업 관련 서비스업", "SStext": "어업 관련 서비스업", "Mtext": "양식어업 및 어업관련 서비스업", "Lno": "03", "ipc_main": "G01N-021/3504", "Mno": "032", "country_code": "KR", "Sno": "0322", "LLtext": "농업, 임업 및 어업(01~03)", "documentId": "kr20207007226a", "application_number": "1020207007226", "Ltext": "어업", "keyword": "수산물정리서비스/어족보호서비스/실시간모니터링/수성환경/불순물/검출/방법/용해/증발/가스", "document_type": "A"}, {"updateDate": "20220608", "LLno": "A", "SSno": "03220", "Stext": "어업 관련 서비스업", "SStext": "어업 관련 서비스업", "Mtext": "양식어업 및 어업관련 서비스업", "Lno": "03", "ipc_main": "A01K-079/02", "Mno": "032", "country_code": "KR", "Sno": "0322", "LLtext": "농업, 임업 및 어업(01~03)", "documentId": "kr20207016255a", "application_number": "1020207016255", "Ltext": "어업", "keyword": "수산물정리서비스/어족보호서비스/수중수확시스템/동물성플랑크톤/어류/수확/시스템/광원/유입구/매니폴드", "document_type": "A"}]}