{"dataset": [{"updateDate": "20220608", "LLno": "A", "SSno": "01231", "Stext": "가금류 및 조류 사육업", "SStext": "양계업", "Mtext": "축산업", "Lno": "01", "ipc_main": "A01K-039/02", "Mno": "012", "country_code": "KR", "Sno": "0123", "LLtext": "농업, 임업 및 어업(01~03)", "documentId": "kr19950013003a", "application_number": "1019950013003", "Ltext": "농업", "keyword": "연결자\t양계장운영/양계업/물공급시스템/급수기/감압기/도관/시스템/한단부/바닥/연결자", "document_type": "A"}, {"updateDate": "20220608", "LLno": "A", "SSno": "01231", "Stext": "가금류 및 조류 사육업", "SStext": "양계업", "Mtext": "축산업", "Lno": "01", "ipc_main": "G08B-003/00", "Mno": "012", "country_code": "KR", "Sno": "0123", "LLtext": "농업, 임업 및 어업(01~03)", "documentId": "kr19970004243a", "application_number": "1019970004243", "Ltext": "농업", "keyword": "양계장운영/양계업/경보/양계장/스위치/정전데이타/시스템/사업장/정전발신기/무선호출신호", "document_type": "A"}, {"updateDate": "20220608", "LLno": "A", "SSno": "01231", "Stext": "가금류 및 조류 사육업", "SStext": "양계업", "Mtext": "축산업", "Lno": "01", "ipc_main": "A01K-005/02", "Mno": "012", "country_code": "KR", "Sno": "0123", "LLtext": "농업, 임업 및 어업(01~03)", "documentId": "kr19970006233y1", "application_number": "2019970006233", "Ltext": "농업", "keyword": "닭사육/양계장운영/자동급이기/사료저장통/감지레버/사료무인자동공급/장치/개구부/커플링/걸이부", "document_type": "Y1"}, {"updateDate": "20220608", "LLno": "A", "SSno": "01231", "Stext": "가금류 및 조류 사육업", "SStext": "양계업", "Mtext": "축산업", "Lno": "01", "ipc_main": "A01K-031/00", "Mno": "012", "country_code": "KR", "Sno": "0123", "LLtext": "농업, 임업 및 어업(01~03)", "documentId": "kr19970026450u", "application_number": "2019970026450", "Ltext": "농업", "keyword": "양계장운영/양계업/닭장/주택/음식물/프레임/장치/철망/먹이통/배수파이프", "document_type": "U"}, {"updateDate": "20220608", "LLno": "A", "SSno": "01231", "Stext": "가금류 및 조류 사육업", "SStext": "양계업", "Mtext": "축산업", "Lno": "01", "ipc_main": "A23K-001/16", "Mno": "012", "country_code": "KR", "Sno": "0123", "LLtext": "농업, 임업 및 어업(01~03)", "documentId": "kr19970034252b1", "application_number": "1019970034252", "Ltext": "농업", "keyword": "계란생산/양계업/계란/스트랩토코커스/뮤탄스/백신/조성물/계피/박하/단백질", "document_type": "B1"}, {"updateDate": "20220608", "LLno": "A", "SSno": "01231", "Stext": "가금류 및 조류 사육업", "SStext": "양계업", "Mtext": "축산업", "Lno": "01", "ipc_main": "B65G-037/00", "Mno": "012", "country_code": "KR", "Sno": "0123", "LLtext": "농업, 임업 및 어업(01~03)", "documentId": "kr19970067604b1", "application_number": "1019970067604", "Ltext": "농업", "keyword": "닭사육/양계장운영/자동포획상차기/이송콘베어/폴리/노동력절감/장치/닭도망방지덮개/유도판넬/콘베이어벨트", "document_type": "B1"}, {"updateDate": "20220608", "LLno": "A", "SSno": "01231", "Stext": "가금류 및 조류 사육업", "SStext": "양계업", "Mtext": "축산업", "Lno": "01", "ipc_main": "B62B-003/00", "Mno": "012", "country_code": "KR", "Sno": "0123", "LLtext": "농업, 임업 및 어업(01~03)", "documentId": "kr19980006624u", "application_number": "2019980006624", "Ltext": "농업", "keyword": "계란생산/양계업/계란/양계장/고정판/걸고리판/장치/스트립/재치대/앞막음판", "document_type": "U"}, {"updateDate": "20220608", "LLno": "A", "SSno": "01231", "Stext": "가금류 및 조류 사육업", "SStext": "양계업", "Mtext": "축산업", "Lno": "01", "ipc_main": "A01K-039/014", "Mno": "012", "country_code": "KR", "Sno": "0123", "LLtext": "농업, 임업 및 어업(01~03)", "documentId": "kr19980015030u", "application_number": "2019980015030", "Ltext": "농업", "keyword": "닭사육/양계장운영/사료배분통/본사료배분통//노동력감소/장치/사료배출구/개폐판/개폐링크", "document_type": "U"}, {"updateDate": "20220608", "LLno": "A", "SSno": "01231", "Stext": "가금류 및 조류 사육업", "SStext": "양계업", "Mtext": "축산업", "Lno": "01", "ipc_main": "A01K-041/00", "Mno": "012", "country_code": "KR", "Sno": "0123", "LLtext": "농업, 임업 및 어업(01~03)", "documentId": "kr19990017265y1", "application_number": "2019990017265", "Ltext": "농업", "keyword": "양계장운영/양계업/부화기/하우징/히터/콘트롤부/장치/발광체/스위치/발광체", "document_type": "Y1"}, {"updateDate": "20220608", "LLno": "A", "SSno": "01231", "Stext": "가금류 및 조류 사육업", "SStext": "양계업", "Mtext": "축산업", "Lno": "01", "ipc_main": "A01K-031/06", "Mno": "012", "country_code": "KR", "Sno": "0123", "LLtext": "농업, 임업 및 어업(01~03)", "documentId": "kr19990018693y1", "application_number": "2019990018693", "Ltext": "농업", "keyword": "양계장운영/양계업/케이지/공간부/결합홈/합성수지제/장치/받침대/보조받침부/철선", "document_type": "Y1"}, {"updateDate": "20220608", "LLno": "A", "SSno": "01231", "Stext": "가금류 및 조류 사육업", "SStext": "양계업", "Mtext": "축산업", "Lno": "01", "ipc_main": "A23K-001/18", "Mno": "012", "country_code": "KR", "Sno": "0123", "LLtext": "농업, 임업 및 어업(01~03)", "documentId": "kr19990033242a", "application_number": "1019990033242", "Ltext": "농업", "keyword": "닭사육/계란(달걀)생산/아스타산친함유계란/아스타산친/오징어내장추출유지/다기능성계란/방법/아스타산친추출물//", "document_type": "A"}, {"updateDate": "20220608", "LLno": "A", "SSno": "01231", "Stext": "가금류 및 조류 사육업", "SStext": "양계업", "Mtext": "축산업", "Lno": "01", "ipc_main": "A01K-039/012", "Mno": "012", "country_code": "KR", "Sno": "0123", "LLtext": "농업, 임업 및 어업(01~03)", "documentId": "kr19997011704a", "application_number": "1019997011704", "Ltext": "농업", "keyword": "닭사육/양계장운영/사료공급시스템/계량빈/셀어레이/사료결졍량공급/시스템/사료공급라인/계량셀/제어수단", "document_type": "A"}, {"updateDate": "20220608", "LLno": "A", "SSno": "01231", "Stext": "가금류 및 조류 사육업", "SStext": "양계업", "Mtext": "축산업", "Lno": "01", "ipc_main": "A23K-001/175", "Mno": "012", "country_code": "KR", "Sno": "0123", "LLtext": "농업, 임업 및 어업(01~03)", "documentId": "kr20000007631a", "application_number": "1020000007631", "Ltext": "농업", "keyword": "닭사육/계란(달걀)생산/계란생산/활성탄/혼합/인체안전성/방법/분쇄/활성탄/", "document_type": "A"}, {"updateDate": "20220608", "LLno": "A", "SSno": "01231", "Stext": "가금류 및 조류 사육업", "SStext": "양계업", "Mtext": "축산업", "Lno": "01", "ipc_main": "A01K-043/04", "Mno": "012", "country_code": "KR", "Sno": "0123", "LLtext": "농업, 임업 및 어업(01~03)", "documentId": "kr20000032844y1", "application_number": "2020000032844", "Ltext": "농업", "keyword": "계란(달걀)생산//재정렬장치/계란선별기/스프링/계란정렬/장치/편방향보정장치/보정로울러/보강대", "document_type": "Y1"}, {"updateDate": "20220608", "LLno": "A", "SSno": "01231", "Stext": "가금류 및 조류 사육업", "SStext": "양계업", "Mtext": "축산업", "Lno": "01", "ipc_main": "B65G-049/05", "Mno": "012", "country_code": "KR", "Sno": "0123", "LLtext": "농업, 임업 및 어업(01~03)", "documentId": "kr20000032846y1", "application_number": "2020000032846", "Ltext": "농업", "keyword": "계란(달걀)생산/양계장운영/계란선별기의배출장치/운반체인/솔레노이드밸브/계란선별/장치/모터/회전롤러/", "document_type": "Y1"}, {"updateDate": "20220608", "LLno": "A", "SSno": "01231", "Stext": "가금류 및 조류 사육업", "SStext": "양계업", "Mtext": "축산업", "Lno": "01", "ipc_main": "A23K-001/16", "Mno": "012", "country_code": "KR", "Sno": "0123", "LLtext": "농업, 임업 및 어업(01~03)", "documentId": "kr20007003841a", "application_number": "1020007003841", "Ltext": "농업", "keyword": "양계장운영/양계업/첨가제/살모넬라/유해세균/바실루스/조성물/생균체/단당류/음수첨가제", "document_type": "A"}, {"updateDate": "20220608", "LLno": "A", "SSno": "01231", "Stext": "가금류 및 조류 사육업", "SStext": "양계업", "Mtext": "축산업", "Lno": "01", "ipc_main": "A01G-009/24", "Mno": "012", "country_code": "KR", "Sno": "0123", "LLtext": "농업, 임업 및 어업(01~03)", "documentId": "kr20010034224y1", "application_number": "2020010034224", "Ltext": "농업", "keyword": "양계장운영/양계업/하우스/동절기/하절기/냉난방/장치/농축산물/냉온수/공급수단", "document_type": "Y1"}, {"updateDate": "20220608", "LLno": "A", "SSno": "01231", "Stext": "가금류 및 조류 사육업", "SStext": "양계업", "Mtext": "축산업", "Lno": "01", "ipc_main": "A61K-039/395", "Mno": "012", "country_code": "KR", "Sno": "0123", "LLtext": "농업, 임업 및 어업(01~03)", "documentId": "kr20010051749a", "application_number": "1020010051749", "Ltext": "농업", "keyword": "계란생산/양계업/계란/면역보강제/유화물/인슐린/방법/결합체/산란계/담체", "document_type": "A"}, {"updateDate": "20220608", "LLno": "A", "SSno": "01231", "Stext": "가금류 및 조류 사육업", "SStext": "양계업", "Mtext": "축산업", "Lno": "01", "ipc_main": "G01G-011/16", "Mno": "012", "country_code": "KR", "Sno": "0123", "LLtext": "농업, 임업 및 어업(01~03)", "documentId": "kr20020022304y1", "application_number": "2020020022304", "Ltext": "농업", "keyword": "양계장운영/양계업/계란선별기/데이터/로드셀/신호변환기/시스템/압력신호/전기신호/다이어프램", "document_type": "Y1"}, {"updateDate": "20220608", "LLno": "A", "SSno": "01231", "Stext": "가금류 및 조류 사육업", "SStext": "양계업", "Mtext": "축산업", "Lno": "01", "ipc_main": "A23K-001/16", "Mno": "012", "country_code": "KR", "Sno": "0123", "LLtext": "농업, 임업 및 어업(01~03)", "documentId": "kr20020044937a", "application_number": "1020020044937", "Ltext": "농업", "keyword": "닭사육/계란(달걀)생산/저콜레스테롤함유계란/가지/열수추출/난황콜레스테롤함량저하/방법/가치추출물//", "document_type": "A"}, {"updateDate": "20220608", "LLno": "A", "SSno": "01231", "Stext": "가금류 및 조류 사육업", "SStext": "양계업", "Mtext": "축산업", "Lno": "01", "ipc_main": "A23K-001/18", "Mno": "012", "country_code": "KR", "Sno": "0123", "LLtext": "농업, 임업 및 어업(01~03)", "documentId": "kr20020066824a", "application_number": "1020020066824", "Ltext": "농업", "keyword": "닭사육/계란(달걀)생산/사료/모자반/대게껍질/키틴키토산함유량증가/조성물/분쇄기/모자반/대게껍질", "document_type": "A"}, {"updateDate": "20220608", "LLno": "A", "SSno": "01231", "Stext": "가금류 및 조류 사육업", "SStext": "양계업", "Mtext": "축산업", "Lno": "01", "ipc_main": "A23K-001/16", "Mno": "012", "country_code": "KR", "Sno": "0123", "LLtext": "농업, 임업 및 어업(01~03)", "documentId": "kr20040006107a", "application_number": "1020040006107", "Ltext": "농업", "keyword": "계란생산/양계업/계란/불포화지방산/DHA/기능성/조성물/참숯가루/약모밀/식수", "document_type": "A"}, {"updateDate": "20220608", "LLno": "A", "SSno": "01231", "Stext": "가금류 및 조류 사육업", "SStext": "양계업", "Mtext": "축산업", "Lno": "01", "ipc_main": "A01K-031/16", "Mno": "012", "country_code": "KR", "Sno": "0123", "LLtext": "농업, 임업 및 어업(01~03)", "documentId": "kr20040008707y1", "application_number": "2020040008707", "Ltext": "농업", "keyword": "양계장운영/양계업/집란장치/프레임/케이지/이송콘베이어/장치/집란콘베이어/승하강수단/디시모터", "document_type": "Y1"}, {"updateDate": "20220608", "LLno": "A", "SSno": "01231", "Stext": "가금류 및 조류 사육업", "SStext": "양계업", "Mtext": "축산업", "Lno": "01", "ipc_main": "A01K-031/00", "Mno": "012", "country_code": "KR", "Sno": "0123", "LLtext": "농업, 임업 및 어업(01~03)", "documentId": "kr20040016148a", "application_number": "1020040016148", "Ltext": "농업", "keyword": "양계장운영/양계업/닭장/격자부/관통개구/바닥부/장치/육면체/알수용부/갈고리부", "document_type": "A"}, {"updateDate": "20220608", "LLno": "A", "SSno": "01231", "Stext": "가금류 및 조류 사육업", "SStext": "양계업", "Mtext": "축산업", "Lno": "01", "ipc_main": "G01N-021/35", "Mno": "012", "country_code": "KR", "Sno": "0123", "LLtext": "농업, 임업 및 어업(01~03)", "documentId": "kr20040094882a", "application_number": "1020040094882", "Ltext": "농업", "keyword": "계란생산/양계업/계란/신선도/모듈장치/광파이버/장치/장치부/측정부/수집장치부", "document_type": "A"}, {"updateDate": "20220608", "LLno": "A", "SSno": "01231", "Stext": "가금류 및 조류 사육업", "SStext": "양계업", "Mtext": "축산업", "Lno": "01", "ipc_main": "A01K-039/02", "Mno": "012", "country_code": "KR", "Sno": "0123", "LLtext": "농업, 임업 및 어업(01~03)", "documentId": "kr20050012573y1", "application_number": "2020050012573", "Ltext": "농업", "keyword": "양계장운영/양계업/급수장치/결합지지부재/급수관/급수니플/장치/니플/배출공/니플캡", "document_type": "Y1"}, {"updateDate": "20220608", "LLno": "A", "SSno": "01231", "Stext": "가금류 및 조류 사육업", "SStext": "양계업", "Mtext": "축산업", "Lno": "01", "ipc_main": "A01K-031/16", "Mno": "012", "country_code": "KR", "Sno": "0123", "LLtext": "농업, 임업 및 어업(01~03)", "documentId": "kr20050013404y1", "application_number": "2020050013404", "Ltext": "농업", "keyword": "계란(달걀)생산//이송장치/이송부재/계란유입기/계란안전이송/장치/이송컨베이어/엘리베이터방식/이송부재", "document_type": "Y1"}, {"updateDate": "20220608", "LLno": "A", "SSno": "01231", "Stext": "가금류 및 조류 사육업", "SStext": "양계업", "Mtext": "축산업", "Lno": "01", "ipc_main": "A23K-001/18", "Mno": "012", "country_code": "KR", "Sno": "0123", "LLtext": "농업, 임업 및 어업(01~03)", "documentId": "kr20050046891a", "application_number": "1020050046891", "Ltext": "농업", "keyword": "닭사육/계란(달걀)생산/항암기능성계란/모자반/주엽나무/항암기능성계란생산/방법/증류수/열수추출/", "document_type": "A"}, {"updateDate": "20220608", "LLno": "A", "SSno": "01231", "Stext": "가금류 및 조류 사육업", "SStext": "양계업", "Mtext": "축산업", "Lno": "01", "ipc_main": "A01K-031/00", "Mno": "012", "country_code": "KR", "Sno": "0123", "LLtext": "농업, 임업 및 어업(01~03)", "documentId": "kr20050061985a", "application_number": "1020050061985", "Ltext": "농업", "keyword": "닭사육/양계업/닭/지네집/음지/방목장/방법/지네/방목지/출입구", "document_type": "A"}, {"updateDate": "20220608", "LLno": "A", "SSno": "01231", "Stext": "가금류 및 조류 사육업", "SStext": "양계업", "Mtext": "축산업", "Lno": "01", "ipc_main": "A23K-001/16", "Mno": "012", "country_code": "KR", "Sno": "0123", "LLtext": "농업, 임업 및 어업(01~03)", "documentId": "kr20050120193a", "application_number": "1020050120193", "Ltext": "농업", "keyword": "닭사육/계란(달걀)생산/사료조성물/올리브유/비타민E/항산화능강화/조성물/올리브유//", "document_type": "A"}, {"updateDate": "20220608", "LLno": "A", "SSno": "01231", "Stext": "가금류 및 조류 사육업", "SStext": "양계업", "Mtext": "축산업", "Lno": "01", "ipc_main": "A01K-031/22", "Mno": "012", "country_code": "KR", "Sno": "0123", "LLtext": "농업, 임업 및 어업(01~03)", "documentId": "kr20060021725b1", "application_number": "1020060021725", "Ltext": "농업", "keyword": "닭사육/양계장운영/환기장치/환풍기/보온막/생육조건최적유지/장치/입기창/차단막/", "document_type": "B1"}, {"updateDate": "20220608", "LLno": "A", "SSno": "01231", "Stext": "가금류 및 조류 사육업", "SStext": "양계업", "Mtext": "축산업", "Lno": "01", "ipc_main": "B65B-023/02", "Mno": "012", "country_code": "KR", "Sno": "0123", "LLtext": "농업, 임업 및 어업(01~03)", "documentId": "kr20060066128b1", "application_number": "1020060066128", "Ltext": "농업", "keyword": "계란생산/양계업/계란/계란선별기/이송안치부/란좌이송부/장치/어프로치로울러/봉형상/모터", "document_type": "B1"}, {"updateDate": "20220608", "LLno": "A", "SSno": "01231", "Stext": "가금류 및 조류 사육업", "SStext": "양계업", "Mtext": "축산업", "Lno": "01", "ipc_main": "A01K-039/012", "Mno": "012", "country_code": "KR", "Sno": "0123", "LLtext": "농업, 임업 및 어업(01~03)", "documentId": "kr20060088863b1", "application_number": "1020060088863", "Ltext": "농업", "keyword": "양계장운영/양계업/사료/먹이통/청소브러시/호퍼/장치/양계장/모터/체결편", "document_type": "B1"}, {"updateDate": "20220608", "LLno": "A", "SSno": "01231", "Stext": "가금류 및 조류 사육업", "SStext": "양계업", "Mtext": "축산업", "Lno": "01", "ipc_main": "A01K-031/22", "Mno": "012", "country_code": "KR", "Sno": "0123", "LLtext": "농업, 임업 및 어업(01~03)", "documentId": "kr20070011579u", "application_number": "2020070011579", "Ltext": "농업", "keyword": "닭사육//케이지/고정판체/망체/안전한사육환경제공/장치/틀체/케이지본체/상하부판체", "document_type": "U"}, {"updateDate": "20220608", "LLno": "A", "SSno": "01231", "Stext": "가금류 및 조류 사육업", "SStext": "양계업", "Mtext": "축산업", "Lno": "01", "ipc_main": "A01K-039/04", "Mno": "012", "country_code": "KR", "Sno": "0123", "LLtext": "농업, 임업 및 어업(01~03)", "documentId": "kr20070015672u", "application_number": "2020070015672", "Ltext": "농업", "keyword": "양계장운영/양계업/급수장치/급수통/수인성질병/사육/장치/밸브/유입부/급수밸브", "document_type": "U"}, {"updateDate": "20220608", "LLno": "A", "SSno": "01231", "Stext": "가금류 및 조류 사육업", "SStext": "양계업", "Mtext": "축산업", "Lno": "01", "ipc_main": "B01D-053/32", "Mno": "012", "country_code": "KR", "Sno": "0123", "LLtext": "농업, 임업 및 어업(01~03)", "documentId": "kr20070023227b1", "application_number": "1020070023227", "Ltext": "농업", "keyword": "양계장운영/양계업/악취가스/악취가스도입관/전해셀/아노드실/장치/매개이온/회수관/전기집진장치", "document_type": "B1"}, {"updateDate": "20220608", "LLno": "A", "SSno": "01231", "Stext": "가금류 및 조류 사육업", "SStext": "양계업", "Mtext": "축산업", "Lno": "01", "ipc_main": "A01K-043/00", "Mno": "012", "country_code": "KR", "Sno": "0123", "LLtext": "농업, 임업 및 어업(01~03)", "documentId": "kr20070140680a", "application_number": "1020070140680", "Ltext": "농업", "keyword": "계란생산/양계업/계란/살균조/이물질/세척조/장치/지지기둥/이동대차/상부후레임", "document_type": "A"}, {"updateDate": "20220608", "LLno": "A", "SSno": "01231", "Stext": "가금류 및 조류 사육업", "SStext": "양계업", "Mtext": "축산업", "Lno": "01", "ipc_main": "A01K-043/00", "Mno": "012", "country_code": "KR", "Sno": "0123", "LLtext": "농업, 임업 및 어업(01~03)", "documentId": "kr20080007972u", "application_number": "2020080007972", "Ltext": "농업", "keyword": "계란(달걀)생산//집란장치/집란컨베이어/집란판/이물질제거/장치/가이드/걸림대/안착대", "document_type": "U"}, {"updateDate": "20220608", "LLno": "A", "SSno": "01231", "Stext": "가금류 및 조류 사육업", "SStext": "양계업", "Mtext": "축산업", "Lno": "01", "ipc_main": "A01K-001/00", "Mno": "012", "country_code": "KR", "Sno": "0123", "LLtext": "농업, 임업 및 어업(01~03)", "documentId": "kr20080013163y1", "application_number": "2020080013163", "Ltext": "농업", "keyword": "닭사육/양계장운영/환기시스템/풍속감지센서/제어기/온도조절/시스템/통풍구/풍속감지센서/환풍기", "document_type": "Y1"}, {"updateDate": "20220608", "LLno": "A", "SSno": "01231", "Stext": "가금류 및 조류 사육업", "SStext": "양계업", "Mtext": "축산업", "Lno": "01", "ipc_main": "A23K-001/14", "Mno": "012", "country_code": "KR", "Sno": "0123", "LLtext": "농업, 임업 및 어업(01~03)", "documentId": "kr20080020814a", "application_number": "1020080020814", "Ltext": "농업", "keyword": "닭사육/계란(달걀)생산/사료첨가물/달맞이꽃종자유/물/감마리놀렌산강화계란생산/조성물/솔비탄지방산에스테르/폴리옥시에틸렌솔비탄지방산에스테르/폴리옥시에틸렌글리세린모노올레이트", "document_type": "A"}, {"updateDate": "20220608", "LLno": "A", "SSno": "01231", "Stext": "가금류 및 조류 사육업", "SStext": "양계업", "Mtext": "축산업", "Lno": "01", "ipc_main": "A01K-031/22", "Mno": "012", "country_code": "KR", "Sno": "0123", "LLtext": "농업, 임업 및 어업(01~03)", "documentId": "kr20080079775a", "application_number": "1020080079775", "Ltext": "농업", "keyword": "닭사육/양계장운영/입추장바닥지/펄프/엠보처리/노동력/장치/천연펄프/습강처리/엠보싱처리", "document_type": "A"}, {"updateDate": "20220608", "LLno": "A", "SSno": "01231", "Stext": "가금류 및 조류 사육업", "SStext": "양계업", "Mtext": "축산업", "Lno": "01", "ipc_main": "A01K-031/22", "Mno": "012", "country_code": "KR", "Sno": "0123", "LLtext": "농업, 임업 및 어업(01~03)", "documentId": "kr20080123312a", "application_number": "1020080123312", "Ltext": "농업", "keyword": "닭사육/양계장운영/계사/방역실/가열용전파발생기/AI바이러스차단/장치/천정부/환기시스템/배출구", "document_type": "A"}, {"updateDate": "20220608", "LLno": "A", "SSno": "01231", "Stext": "가금류 및 조류 사육업", "SStext": "양계업", "Mtext": "축산업", "Lno": "01", "ipc_main": "A23K-001/14", "Mno": "012", "country_code": "KR", "Sno": "0123", "LLtext": "농업, 임업 및 어업(01~03)", "documentId": "kr20090030067a", "application_number": "1020090030067", "Ltext": "농업", "keyword": "닭사육/계란(달걀)생산/계란생산/약쑥발효물/미생물/산란율/방법/약쑥/가수분해효소/발효", "document_type": "A"}, {"updateDate": "20220608", "LLno": "A", "SSno": "01231", "Stext": "가금류 및 조류 사육업", "SStext": "양계업", "Mtext": "축산업", "Lno": "01", "ipc_main": "A23K-001/14", "Mno": "012", "country_code": "KR", "Sno": "0123", "LLtext": "농업, 임업 및 어업(01~03)", "documentId": "kr20090034231b1", "application_number": "1020090034231", "Ltext": "농업", "keyword": "닭사육/계란(달걀)생산/기능성계란/매리골드/분쇄/계란품질/방법/옥수수/밀기울/황토", "document_type": "B1"}, {"updateDate": "20220608", "LLno": "A", "SSno": "01231", "Stext": "가금류 및 조류 사육업", "SStext": "양계업", "Mtext": "축산업", "Lno": "01", "ipc_main": "A01K-031/16", "Mno": "012", "country_code": "KR", "Sno": "0123", "LLtext": "농업, 임업 및 어업(01~03)", "documentId": "kr20090040224a", "application_number": "1020090040224", "Ltext": "농업", "keyword": "계란생산/양계업/슬랫/난상장치/지지판/지지구/장치/종란/지지제/볼트", "document_type": "A"}, {"updateDate": "20220608", "LLno": "A", "SSno": "01231", "Stext": "가금류 및 조류 사육업", "SStext": "양계업", "Mtext": "축산업", "Lno": "01", "ipc_main": "A01K-031/22", "Mno": "012", "country_code": "KR", "Sno": "0123", "LLtext": "농업, 임업 및 어업(01~03)", "documentId": "kr20090109333a", "application_number": "1020090109333", "Ltext": "농업", "keyword": "닭사육/양계장운영/환경오염물질배출을저감하는방법/구획/유축농/환경오염물질배출저감/방법/칸막이망/계분발효/유기질비료", "document_type": "A"}, {"updateDate": "20220608", "LLno": "A", "SSno": "01231", "Stext": "가금류 및 조류 사육업", "SStext": "양계업", "Mtext": "축산업", "Lno": "01", "ipc_main": "A23K-001/18", "Mno": "012", "country_code": "KR", "Sno": "0123", "LLtext": "농업, 임업 및 어업(01~03)", "documentId": "kr20090131018b1", "application_number": "1020090131018", "Ltext": "농업", "keyword": "닭사육/계란(달걀)생산/사육방법/식이유황물/버섯/육질개선/방법/식이유황/폐배지/혼합", "document_type": "B1"}, {"updateDate": "20220608", "LLno": "A", "SSno": "01231", "Stext": "가금류 및 조류 사육업", "SStext": "양계업", "Mtext": "축산업", "Lno": "01", "ipc_main": "A01K-039/01", "Mno": "012", "country_code": "KR", "Sno": "0123", "LLtext": "농업, 임업 및 어업(01~03)", "documentId": "kr20100007121y1", "application_number": "2020100007121", "Ltext": "농업", "keyword": "양계장운영/양계업/사육장/사료통/호스고정링/개구부/장치/케이지/넘침방지턱/링본체", "document_type": "Y1"}, {"updateDate": "20220608", "LLno": "A", "SSno": "01231", "Stext": "가금류 및 조류 사육업", "SStext": "양계업", "Mtext": "축산업", "Lno": "01", "ipc_main": "A01K-039/014", "Mno": "012", "country_code": "KR", "Sno": "0123", "LLtext": "농업, 임업 및 어업(01~03)", "documentId": "kr20100010086y1", "application_number": "2020100010086", "Ltext": "농업", "keyword": "양계장운영/양계업/양계장/자동급이/급이파이프/곡면접촉부/장치/절곡면/와이어/삽입공", "document_type": "Y1"}, {"updateDate": "20220608", "LLno": "A", "SSno": "01231", "Stext": "가금류 및 조류 사육업", "SStext": "양계업", "Mtext": "축산업", "Lno": "01", "ipc_main": "A23K-001/14", "Mno": "012", "country_code": "KR", "Sno": "0123", "LLtext": "농업, 임업 및 어업(01~03)", "documentId": "kr20100046142a", "application_number": "1020100046142", "Ltext": "농업", "keyword": "양계장운영/양계업/잠상부산물/산란계/파고민/인슐린/조성물/에탄올/추출물/사료", "document_type": "A"}, {"updateDate": "20220608", "LLno": "A", "SSno": "01231", "Stext": "가금류 및 조류 사육업", "SStext": "양계업", "Mtext": "축산업", "Lno": "01", "ipc_main": "G09B-025/08", "Mno": "012", "country_code": "KR", "Sno": "0123", "LLtext": "농업, 임업 및 어업(01~03)", "documentId": "kr20100064352a", "application_number": "1020100064352", "Ltext": "농업", "keyword": "병아리부화장운영/병아리부화/부화기/부화장/백열등/무정란/장치/병아리/타이머/유정란", "document_type": "A"}, {"updateDate": "20220608", "LLno": "A", "SSno": "01231", "Stext": "가금류 및 조류 사육업", "SStext": "양계업", "Mtext": "축산업", "Lno": "01", "ipc_main": "F24F-007/10", "Mno": "012", "country_code": "KR", "Sno": "0123", "LLtext": "농업, 임업 및 어업(01~03)", "documentId": "kr20100105714a", "application_number": "1020100105714", "Ltext": "농업", "keyword": "양계장운영/양계업/육추기/병아리/돼지/전기히터/장치/보조커버/온도감지센서/씨즈히터", "document_type": "A"}, {"updateDate": "20220608", "LLno": "A", "SSno": "01231", "Stext": "가금류 및 조류 사육업", "SStext": "양계업", "Mtext": "축산업", "Lno": "01", "ipc_main": "A23K-001/175", "Mno": "012", "country_code": "KR", "Sno": "0123", "LLtext": "농업, 임업 및 어업(01~03)", "documentId": "kr20100110777a", "application_number": "1020100110777", "Ltext": "농업", "keyword": "닭사육/계란(달걀)생산/가축육/미네랄농축액/산야초/육질/방법/해수/발효/", "document_type": "A"}, {"updateDate": "20220608", "LLno": "A", "SSno": "01231", "Stext": "가금류 및 조류 사육업", "SStext": "양계업", "Mtext": "축산업", "Lno": "01", "ipc_main": "A01K-005/02", "Mno": "012", "country_code": "KR", "Sno": "0123", "LLtext": "농업, 임업 및 어업(01~03)", "documentId": "kr20110025986a", "application_number": "1020110025986", "Ltext": "농업", "keyword": "닭사육/양계장운영/사료자동급이/사료배출장치/감지센서/사료양자동조절/시스템/사료자동급이장치/먹이통/제어부", "document_type": "A"}, {"updateDate": "20220608", "LLno": "A", "SSno": "01231", "Stext": "가금류 및 조류 사육업", "SStext": "양계업", "Mtext": "축산업", "Lno": "01", "ipc_main": "A23K-001/16", "Mno": "012", "country_code": "KR", "Sno": "0123", "LLtext": "농업, 임업 및 어업(01~03)", "documentId": "kr20110106564b1", "application_number": "1020110106564", "Ltext": "농업", "keyword": "닭사육/계란(달걀)생산/계란생산/사포닌/환삼덩굴/사포닌함유계란/방법/발효/한약재/맥반석", "document_type": "B1"}, {"updateDate": "20220608", "LLno": "A", "SSno": "01231", "Stext": "가금류 및 조류 사육업", "SStext": "양계업", "Mtext": "축산업", "Lno": "01", "ipc_main": "G06Q-050/02", "Mno": "012", "country_code": "KR", "Sno": "0123", "LLtext": "농업, 임업 및 어업(01~03)", "documentId": "kr20110110260a", "application_number": "1020110110260", "Ltext": "농업", "keyword": "양계장운영/양계업/닭장/감지장치/감지센서/모니터링/장치/모터/사용자/화상서버", "document_type": "A"}, {"updateDate": "20220608", "LLno": "A", "SSno": "01231", "Stext": "가금류 및 조류 사육업", "SStext": "양계업", "Mtext": "축산업", "Lno": "01", "ipc_main": "A01K-005/00", "Mno": "012", "country_code": "KR", "Sno": "0123", "LLtext": "농업, 임업 및 어업(01~03)", "documentId": "kr20120052320b1", "application_number": "1020120052320", "Ltext": "농업", "keyword": "닭사육/양계장운영/사료공급/파쇄/스팀/사료공급/시스템/스팀공급장치/사료제조기/기어", "document_type": "B1"}, {"updateDate": "20220608", "LLno": "A", "SSno": "01231", "Stext": "가금류 및 조류 사육업", "SStext": "양계업", "Mtext": "축산업", "Lno": "01", "ipc_main": "A01K-031/22", "Mno": "012", "country_code": "KR", "Sno": "0123", "LLtext": "농업, 임업 및 어업(01~03)", "documentId": "kr20120058375b1", "application_number": "1020120058375", "Ltext": "농업", "keyword": "양계장운영/양계업/램프장치/원적외선/LED파장/백열전구소켓/장치/LED전구/소켓프레임부/제어모듈", "document_type": "B1"}, {"updateDate": "20220608", "LLno": "A", "SSno": "01231", "Stext": "가금류 및 조류 사육업", "SStext": "양계업", "Mtext": "축산업", "Lno": "01", "ipc_main": "A23K-001/18", "Mno": "012", "country_code": "KR", "Sno": "0123", "LLtext": "농업, 임업 및 어업(01~03)", "documentId": "kr20120058926b1", "application_number": "1020120058926", "Ltext": "농업", "keyword": "닭사육/계란(달걀)생산/사료/팔각/시나몬추출물/면역력/방법/유체추출장치/초임계유체/비타민광물질", "document_type": "B1"}, {"updateDate": "20220608", "LLno": "A", "SSno": "01231", "Stext": "가금류 및 조류 사육업", "SStext": "양계업", "Mtext": "축산업", "Lno": "01", "ipc_main": "G06Q-050/02", "Mno": "012", "country_code": "KR", "Sno": "0123", "LLtext": "농업, 임업 및 어업(01~03)", "documentId": "kr20120061392a", "application_number": "1020120061392", "Ltext": "농업", "keyword": "닭사육/양계장운영/축산시스템/유저단말/GPS/축산시스템제공/시스템/유저단말/GPS/위치정보", "document_type": "A"}, {"updateDate": "20220608", "LLno": "A", "SSno": "01231", "Stext": "가금류 및 조류 사육업", "SStext": "양계업", "Mtext": "축산업", "Lno": "01", "ipc_main": "A23K-001/16", "Mno": "012", "country_code": "KR", "Sno": "0123", "LLtext": "농업, 임업 및 어업(01~03)", "documentId": "kr20120088057a", "application_number": "1020120088057", "Ltext": "농업", "keyword": "닭사육/계란(달걀)생산/CLA함유기능성계육/PCLA첨가사료//저지방계육생산/방법/PCLA/혼합/", "document_type": "A"}, {"updateDate": "20220608", "LLno": "A", "SSno": "01231", "Stext": "가금류 및 조류 사육업", "SStext": "양계업", "Mtext": "축산업", "Lno": "01", "ipc_main": "A23K-001/18", "Mno": "012", "country_code": "KR", "Sno": "0123", "LLtext": "농업, 임업 및 어업(01~03)", "documentId": "kr20120106448a", "application_number": "1020120106448", "Ltext": "농업", "keyword": "닭사육/계란(달걀)생산/기능성계란/산화게르마늄/발효/게르마늄강화계란/방법/용해단계/발효단계/분리추출단계", "document_type": "A"}, {"updateDate": "20220608", "LLno": "A", "SSno": "01231", "Stext": "가금류 및 조류 사육업", "SStext": "양계업", "Mtext": "축산업", "Lno": "01", "ipc_main": "A01K-039/012", "Mno": "012", "country_code": "KR", "Sno": "0123", "LLtext": "농업, 임업 및 어업(01~03)", "documentId": "kr20120113519a", "application_number": "1020120113519", "Ltext": "농업", "keyword": "닭사육/양계장운영/사료공급기/사료이송관부/급수대/유지비용절감/장치/사료배출구/사료분급안내판/체결홈", "document_type": "A"}, {"updateDate": "20220608", "LLno": "A", "SSno": "01231", "Stext": "가금류 및 조류 사육업", "SStext": "양계업", "Mtext": "축산업", "Lno": "01", "ipc_main": "A23K-001/14", "Mno": "012", "country_code": "KR", "Sno": "0123", "LLtext": "농업, 임업 및 어업(01~03)", "documentId": "kr20130000380b1", "application_number": "1020130000380", "Ltext": "농업", "keyword": "닭사육/계란(달걀)생산/영양발효음용수/곡분발효액/당분/양질계육/방법/발효강장액제조단계/발효사료액제조단계/곡분발효액제조단계", "document_type": "B1"}, {"updateDate": "20220608", "LLno": "A", "SSno": "01231", "Stext": "가금류 및 조류 사육업", "SStext": "양계업", "Mtext": "축산업", "Lno": "01", "ipc_main": "A01K-031/16", "Mno": "012", "country_code": "KR", "Sno": "0123", "LLtext": "농업, 임업 및 어업(01~03)", "documentId": "kr20130063805a", "application_number": "1020130063805", "Ltext": "농업", "keyword": "닭사육/계란(달걀)생산/종란수거/배출공/컨베이어/생산성/장치/설치프레임/케이지하우징/케이지바닥판", "document_type": "A"}, {"updateDate": "20220608", "LLno": "A", "SSno": "01231", "Stext": "가금류 및 조류 사육업", "SStext": "양계업", "Mtext": "축산업", "Lno": "01", "ipc_main": "A01K-031/22", "Mno": "012", "country_code": "KR", "Sno": "0123", "LLtext": "농업, 임업 및 어업(01~03)", "documentId": "kr20130135483a", "application_number": "1020130135483", "Ltext": "농업", "keyword": "닭사육/양계장운영/LED조명/LED/식이급여/육계생산성/방법/식이급여/사양시험/", "document_type": "A"}, {"updateDate": "20220608", "LLno": "A", "SSno": "01231", "Stext": "가금류 및 조류 사육업", "SStext": "양계업", "Mtext": "축산업", "Lno": "01", "ipc_main": "A01K-005/02", "Mno": "012", "country_code": "KR", "Sno": "0123", "LLtext": "농업, 임업 및 어업(01~03)", "documentId": "kr20130154577b1", "application_number": "1020130154577", "Ltext": "농업", "keyword": "닭사육/양계장운영/무인사료공급/구동모터/마이크로프로세서/가축사료공급/장치/운반대차/사료저장조/잔량측정부", "document_type": "B1"}, {"updateDate": "20220608", "LLno": "A", "SSno": "01231", "Stext": "가금류 및 조류 사육업", "SStext": "양계업", "Mtext": "축산업", "Lno": "01", "ipc_main": "G06Q-050/02", "Mno": "012", "country_code": "KR", "Sno": "0123", "LLtext": "농업, 임업 및 어업(01~03)", "documentId": "kr20130159069a", "application_number": "1020130159069", "Ltext": "농업", "keyword": "닭사육/양계장운영/가축이력관리시스템/RFID태그/NFC/가축이력관리용이/시스템/RFID태그/가축이력DB/사용자스마트기기", "document_type": "A"}, {"updateDate": "20220608", "LLno": "A", "SSno": "01231", "Stext": "가금류 및 조류 사육업", "SStext": "양계업", "Mtext": "축산업", "Lno": "01", "ipc_main": "G06Q-050/02", "Mno": "012", "country_code": "KR", "Sno": "0123", "LLtext": "농업, 임업 및 어업(01~03)", "documentId": "kr20130159352a", "application_number": "1020130159352", "Ltext": "농업", "keyword": "닭사육/양계장운영/건강진단/분뇨데이터/무선네트워크/건강진단/시스템/분뇨분석장치/관리서버/사용자단말기", "document_type": "A"}, {"updateDate": "20220608", "LLno": "A", "SSno": "01231", "Stext": "가금류 및 조류 사육업", "SStext": "양계업", "Mtext": "축산업", "Lno": "01", "ipc_main": "H05B-037/02", "Mno": "012", "country_code": "KR", "Sno": "0123", "LLtext": "농업, 임업 및 어업(01~03)", "documentId": "kr20140040531a", "application_number": "1020140040531", "Ltext": "농업", "keyword": "양계장운영/양계업/플리커링/LED/입력전압/출력신호/시스템/구동부/통신모듈/조광제어장치", "document_type": "A"}, {"updateDate": "20220608", "LLno": "A", "SSno": "01231", "Stext": "가금류 및 조류 사육업", "SStext": "양계업", "Mtext": "축산업", "Lno": "01", "ipc_main": "A23L-001/32", "Mno": "012", "country_code": "KR", "Sno": "0123", "LLtext": "농업, 임업 및 어업(01~03)", "documentId": "kr20140044457a", "application_number": "1020140044457", "Ltext": "농업", "keyword": "계란생산/닭사육/녹용/산란계/단백질/콜레스테롤/방법/녹용추출액/포도당/쌀겨", "document_type": "A"}, {"updateDate": "20220608", "LLno": "A", "SSno": "01231", "Stext": "가금류 및 조류 사육업", "SStext": "양계업", "Mtext": "축산업", "Lno": "01", "ipc_main": "A01K-039/01", "Mno": "012", "country_code": "KR", "Sno": "0123", "LLtext": "농업, 임업 및 어업(01~03)", "documentId": "kr20140056788b1", "application_number": "1020140056788", "Ltext": "농업", "keyword": "양계장운영/양계업/케이지/병아리/배설물/사료공급장치/장치/사료공급관/사료공급공/호퍼", "document_type": "B1"}, {"updateDate": "20220608", "LLno": "A", "SSno": "01231", "Stext": "가금류 및 조류 사육업", "SStext": "양계업", "Mtext": "축산업", "Lno": "01", "ipc_main": "G01N-029/04", "Mno": "012", "country_code": "KR", "Sno": "0123", "LLtext": "농업, 임업 및 어업(01~03)", "documentId": "kr20140168280a", "application_number": "1020140168280", "Ltext": "농업", "keyword": "계란생산/양계업/파각란/메인프레임/판정장치/마이크로폰/장치/정상란/프로세서/음파신호", "document_type": "A"}, {"updateDate": "20220608", "LLno": "A", "SSno": "01231", "Stext": "가금류 및 조류 사육업", "SStext": "양계업", "Mtext": "축산업", "Lno": "01", "ipc_main": "A01K-001/015", "Mno": "012", "country_code": "KR", "Sno": "0123", "LLtext": "농업, 임업 및 어업(01~03)", "documentId": "kr20140188660a", "application_number": "1020140188660", "Ltext": "농업", "keyword": "닭사육/양계장운영/계사용깔짚/홍삼박/황산알미늄/깔짚제공/장치/홍삼박/황산알루미늄/홍삼박제제", "document_type": "A"}, {"updateDate": "20220608", "LLno": "A", "SSno": "01231", "Stext": "가금류 및 조류 사육업", "SStext": "양계업", "Mtext": "축산업", "Lno": "01", "ipc_main": "A23K-001/16", "Mno": "012", "country_code": "KR", "Sno": "0123", "LLtext": "농업, 임업 및 어업(01~03)", "documentId": "kr20147007617a", "application_number": "1020147007617", "Ltext": "농업", "keyword": "닭사육/계란(달걀)생산/계란생산/면역부활물질/MRE공생균/고품질계란생산/방법/세포융해/면역부활물질/내포자화", "document_type": "A"}, {"updateDate": "20220608", "LLno": "A", "SSno": "01231", "Stext": "가금류 및 조류 사육업", "SStext": "양계업", "Mtext": "축산업", "Lno": "01", "ipc_main": "A01K-001/00", "Mno": "012", "country_code": "KR", "Sno": "0123", "LLtext": "농업, 임업 및 어업(01~03)", "documentId": "kr20150030725a", "application_number": "1020150030725", "Ltext": "농업", "keyword": "양계장운영/양계업/필터/무창계사/환기팬/메인덕트/장치/닭털/히트펌프/계사", "document_type": "A"}, {"updateDate": "20220608", "LLno": "A", "SSno": "01231", "Stext": "가금류 및 조류 사육업", "SStext": "양계업", "Mtext": "축산업", "Lno": "01", "ipc_main": "A01K-001/00", "Mno": "012", "country_code": "KR", "Sno": "0123", "LLtext": "농업, 임업 및 어업(01~03)", "documentId": "kr20150030725b1", "application_number": "1020150030725", "Ltext": "농업", "keyword": "닭사육/양계장운영/열회수장치/히트펌프/필터유닛/작동효율/장치/환기팬부재/메인덕트/덕트개폐부재", "document_type": "B1"}, {"updateDate": "20220608", "LLno": "A", "SSno": "01231", "Stext": "가금류 및 조류 사육업", "SStext": "양계업", "Mtext": "축산업", "Lno": "01", "ipc_main": "G06K-019/07", "Mno": "012", "country_code": "KR", "Sno": "0123", "LLtext": "농업, 임업 및 어업(01~03)", "documentId": "kr20150052113a", "application_number": "1020150052113", "Ltext": "농업", "keyword": "계란생산/병아리부화/계란/난좌/계란판/무선통신/장치/케이스/RFID태그/케이스", "document_type": "A"}, {"updateDate": "20220608", "LLno": "A", "SSno": "01231", "Stext": "가금류 및 조류 사육업", "SStext": "양계업", "Mtext": "축산업", "Lno": "01", "ipc_main": "A23K-020/158", "Mno": "012", "country_code": "KR", "Sno": "0123", "LLtext": "농업, 임업 및 어업(01~03)", "documentId": "kr20160044387b1", "application_number": "1020160044387", "Ltext": "농업", "keyword": "닭사육/계란(달걀)생산/사육/아마씨/쇠비름/오메가지방산함량/방법/더덕유액/발효균주/바실러스스테아로써모필러스", "document_type": "B1"}, {"updateDate": "20220608", "LLno": "A", "SSno": "01231", "Stext": "가금류 및 조류 사육업", "SStext": "양계업", "Mtext": "축산업", "Lno": "01", "ipc_main": "A01K-005/01", "Mno": "012", "country_code": "KR", "Sno": "0123", "LLtext": "농업, 임업 및 어업(01~03)", "documentId": "kr20160046889a", "application_number": "1020160046889", "Ltext": "농업", "keyword": "닭사육/양계장운영/사료급이기/수직프레임/높이조절수단/높이조절/장치/급이기본체/높이조절수단/", "document_type": "A"}, {"updateDate": "20220608", "LLno": "A", "SSno": "01231", "Stext": "가금류 및 조류 사육업", "SStext": "양계업", "Mtext": "축산업", "Lno": "01", "ipc_main": "A23K-010/12", "Mno": "012", "country_code": "KR", "Sno": "0123", "LLtext": "농업, 임업 및 어업(01~03)", "documentId": "kr20160111741a", "application_number": "1020160111741", "Ltext": "농업", "keyword": "닭사육/계란(달걀)생산/사육/천연물질발효물//성장율개선/방법/석류/은행잎/유자박", "document_type": "A"}, {"updateDate": "20220608", "LLno": "A", "SSno": "01231", "Stext": "가금류 및 조류 사육업", "SStext": "양계업", "Mtext": "축산업", "Lno": "01", "ipc_main": "A01K-031/00", "Mno": "012", "country_code": "KR", "Sno": "0123", "LLtext": "농업, 임업 및 어업(01~03)", "documentId": "kr20170076784b1", "application_number": "1020170076784", "Ltext": "농업", "keyword": "양계장운영/양계업/케이지/돌출포켓/상부프레임/바닥판/장치/칼럼/분리벽/도어", "document_type": "B1"}, {"updateDate": "20220608", "LLno": "A", "SSno": "01231", "Stext": "가금류 및 조류 사육업", "SStext": "양계업", "Mtext": "축산업", "Lno": "01", "ipc_main": "A01K-031/16", "Mno": "012", "country_code": "KR", "Sno": "0123", "LLtext": "농업, 임업 및 어업(01~03)", "documentId": "kr20170091081b1", "application_number": "1020170091081", "Ltext": "농업", "keyword": "양계장운영/양계업/양계장/케이지/에그세이버와이어/달걀받이/장치/망체/사료받침브라켓/가이드홈", "document_type": "B1"}, {"updateDate": "20220608", "LLno": "A", "SSno": "01231", "Stext": "가금류 및 조류 사육업", "SStext": "양계업", "Mtext": "축산업", "Lno": "01", "ipc_main": "A01K-001/00", "Mno": "012", "country_code": "KR", "Sno": "0123", "LLtext": "농업, 임업 및 어업(01~03)", "documentId": "kr20170123794b1", "application_number": "1020170123794", "Ltext": "농업", "keyword": "닭부화/병아리부화/전열기구/전열램프/반사갓/화재방지/장치/단열판/고정부재/리벳", "document_type": "B1"}, {"updateDate": "20220608", "LLno": "A", "SSno": "01231", "Stext": "가금류 및 조류 사육업", "SStext": "양계업", "Mtext": "축산업", "Lno": "01", "ipc_main": "G06Q-050/02", "Mno": "012", "country_code": "KR", "Sno": "0123", "LLtext": "농업, 임업 및 어업(01~03)", "documentId": "kr20180017176a", "application_number": "1020180017176", "Ltext": "농업", "keyword": "닭사육/계란(달걀)생산/가금류관리/이미지센서/데이터처리부/가금류관리/시스템/분포데이터/관리서버/통신부", "document_type": "A"}, {"updateDate": "20220608", "LLno": "A", "SSno": "01231", "Stext": "가금류 및 조류 사육업", "SStext": "양계업", "Mtext": "축산업", "Lno": "01", "ipc_main": "A23K-010/24", "Mno": "012", "country_code": "KR", "Sno": "0123", "LLtext": "농업, 임업 및 어업(01~03)", "documentId": "kr20180051794a", "application_number": "1020180051794", "Ltext": "농업", "keyword": "계란생산/양계업/계란/알츠하이머/가금류/염화콜린/장치/타우린/천매암/동충하초", "document_type": "A"}, {"updateDate": "20220608", "LLno": "A", "SSno": "01231", "Stext": "가금류 및 조류 사육업", "SStext": "양계업", "Mtext": "축산업", "Lno": "01", "ipc_main": "B65G-067/04", "Mno": "012", "country_code": "KR", "Sno": "0123", "LLtext": "농업, 임업 및 어업(01~03)", "documentId": "kr20180075120b1", "application_number": "1020180075120", "Ltext": "농업", "keyword": "닭사육/양계장운영/닭상차기/운반차량/진입로/닭출하/장치/체인벨트/진입로/닭상차유도부", "document_type": "B1"}, {"updateDate": "20220608", "LLno": "A", "SSno": "01231", "Stext": "가금류 및 조류 사육업", "SStext": "양계업", "Mtext": "축산업", "Lno": "01", "ipc_main": "A01K-041/02", "Mno": "012", "country_code": "KR", "Sno": "0123", "LLtext": "농업, 임업 및 어업(01~03)", "documentId": "kr20180084149b1", "application_number": "1020180084149", "Ltext": "농업", "keyword": "닭부화서비스/병아리부화/부화/카트리지/사료보관함/급양/장치/베이스플레이트/습도조절기/단열재", "document_type": "B1"}, {"updateDate": "20220608", "LLno": "A", "SSno": "01231", "Stext": "가금류 및 조류 사육업", "SStext": "양계업", "Mtext": "축산업", "Lno": "01", "ipc_main": "A23K-050/75", "Mno": "012", "country_code": "KR", "Sno": "0123", "LLtext": "농업, 임업 및 어업(01~03)", "documentId": "kr20180107374a", "application_number": "1020180107374", "Ltext": "농업", "keyword": "닭사육/계란(달걀)생산/육계/슈퍼자미//무항생제처방사육/조성물/벼/슈퍼자미/", "document_type": "A"}, {"updateDate": "20220608", "LLno": "A", "SSno": "01231", "Stext": "가금류 및 조류 사육업", "SStext": "양계업", "Mtext": "축산업", "Lno": "01", "ipc_main": "G06Q-050/02", "Mno": "012", "country_code": "KR", "Sno": "0123", "LLtext": "농업, 임업 및 어업(01~03)", "documentId": "kr20180158506a", "application_number": "1020180158506", "Ltext": "농업", "keyword": "양계장운영/양계업/닭진드기/케이지/모니터링/포획장치/방법/계사/개체수/판단기준표", "document_type": "A"}, {"updateDate": "20220608", "LLno": "A", "SSno": "01231", "Stext": "가금류 및 조류 사육업", "SStext": "양계업", "Mtext": "축산업", "Lno": "01", "ipc_main": "A01K-039/02", "Mno": "012", "country_code": "KR", "Sno": "0123", "LLtext": "농업, 임업 및 어업(01~03)", "documentId": "kr20180166752b1", "application_number": "1020180166752", "Ltext": "농업", "keyword": "양계장운영/양계업/식수제공장치/오리/가금류/안전성/장치/식수공급부/식수음용망/낙수받이부", "document_type": "B1"}, {"updateDate": "20220608", "LLno": "A", "SSno": "01231", "Stext": "가금류 및 조류 사육업", "SStext": "양계업", "Mtext": "축산업", "Lno": "01", "ipc_main": "A01K-001/00", "Mno": "012", "country_code": "KR", "Sno": "0123", "LLtext": "농업, 임업 및 어업(01~03)", "documentId": "kr20190001887u", "application_number": "2020190001887", "Ltext": "농업", "keyword": "양계장운영/양계업/축사/흡기관/사이크론/유출구/시스템/에어펌프/모터/부압", "document_type": "U"}, {"updateDate": "20220608", "LLno": "A", "SSno": "01231", "Stext": "가금류 및 조류 사육업", "SStext": "양계업", "Mtext": "축산업", "Lno": "01", "ipc_main": "C02F-001/467", "Mno": "012", "country_code": "KR", "Sno": "0123", "LLtext": "농업, 임업 및 어업(01~03)", "documentId": "kr20190087671a", "application_number": "1020190087671", "Ltext": "농업", "keyword": "양계장운영/양계업/소독수/전해질/양돈장/편의성/장치/대차/함체부/저장조", "document_type": "A"}, {"updateDate": "20220608", "LLno": "A", "SSno": "01231", "Stext": "가금류 및 조류 사육업", "SStext": "양계업", "Mtext": "축산업", "Lno": "01", "ipc_main": "A01M-001/10", "Mno": "012", "country_code": "KR", "Sno": "0123", "LLtext": "농업, 임업 및 어업(01~03)", "documentId": "kr20190115919a", "application_number": "1020190115919", "Ltext": "농업", "keyword": "양계장운영/양계업/진드기/다공성/포획시트/포획장치/장치/베이스층/가요성/계사", "document_type": "A"}, {"updateDate": "20220608", "LLno": "A", "SSno": "01231", "Stext": "가금류 및 조류 사육업", "SStext": "양계업", "Mtext": "축산업", "Lno": "01", "ipc_main": "A23K-010/14", "Mno": "012", "country_code": "KR", "Sno": "0123", "LLtext": "농업, 임업 및 어업(01~03)", "documentId": "kr20190118410a", "application_number": "1020190118410", "Ltext": "농업", "keyword": "닭사육/계란(달걀)생산/계란생산/구기자/버섯분말/고품질계란/방법/구기자/식용버섯/발효효소", "document_type": "A"}, {"updateDate": "20220608", "LLno": "A", "SSno": "01231", "Stext": "가금류 및 조류 사육업", "SStext": "양계업", "Mtext": "축산업", "Lno": "01", "ipc_main": "A23K-020/00", "Mno": "012", "country_code": "KR", "Sno": "0123", "LLtext": "농업, 임업 및 어업(01~03)", "documentId": "kr20190165097a", "application_number": "1020190165097", "Ltext": "농업", "keyword": "닭사육/계란(달걀)생산/기능성계란/부식토/영양수/항산화제강화계란/방법/주수추출법/자연저온추출법/자연수", "document_type": "A"}, {"updateDate": "20220608", "LLno": "A", "SSno": "01231", "Stext": "가금류 및 조류 사육업", "SStext": "양계업", "Mtext": "축산업", "Lno": "01", "ipc_main": "C05F-003/06", "Mno": "012", "country_code": "KR", "Sno": "0123", "LLtext": "농업, 임업 및 어업(01~03)", "documentId": "kr20200002069a", "application_number": "1020200002069", "Ltext": "농업", "keyword": "양계장운영/양계업/에너지/바이오매스/양계장/유기성/시스템/하우스/체열공급부/전구체", "document_type": "A"}, {"updateDate": "20220608", "LLno": "A", "SSno": "01231", "Stext": "가금류 및 조류 사육업", "SStext": "양계업", "Mtext": "축산업", "Lno": "01", "ipc_main": "A23K-010/14", "Mno": "012", "country_code": "KR", "Sno": "0123", "LLtext": "농업, 임업 및 어업(01~03)", "documentId": "kr20200046714b1", "application_number": "1020200046714", "Ltext": "농업", "keyword": "닭사육/계란(달걀)생산/생산/보리새싹/칡즙/면역력증강계란/방법/알파-아밀라제/셀룰라제/사카로마이세스크레비시아에", "document_type": "B1"}, {"updateDate": "20220608", "LLno": "A", "SSno": "01231", "Stext": "가금류 및 조류 사육업", "SStext": "양계업", "Mtext": "축산업", "Lno": "01", "ipc_main": "A23K-010/30", "Mno": "012", "country_code": "KR", "Sno": "0123", "LLtext": "농업, 임업 및 어업(01~03)", "documentId": "kr20207030209a", "application_number": "1020207030209", "Ltext": "농업", "keyword": "닭사육/계란(달걀)생산/기능성계란/에르고티오네인/NADH/기능성계란/방법/에르고티오네인/NADH/", "document_type": "A"}]}