{"dataset": [{"updateDate": "20220608", "LLno": "B", "SSno": "06100", "Stext": "철 광업", "SStext": "철 광업", "Mtext": "철 광업", "Lno": "06", "ipc_main": "C22B-001/16", "Mno": "061", "country_code": "KR", "Sno": "0610", "LLtext": "광업(05~08)", "documentId": "kr19970073719b1", "application_number": "1019970073719", "Ltext": "금속 광업", "keyword": "철광업/철광석분응집처리/철광석소결/무연료층/배합원료/장입량조절/방법/규석/최하부/유황산화물발생", "document_type": "B1"}, {"updateDate": "20220608", "LLno": "B", "SSno": "06100", "Stext": "철 광업", "SStext": "철 광업", "Mtext": "철 광업", "Lno": "06", "ipc_main": "C22B-001/16", "Mno": "061", "country_code": "KR", "Sno": "0610", "LLtext": "광업(05~08)", "documentId": "kr19980021267a", "application_number": "1019980021267", "Ltext": "금속 광업", "keyword": "철광업/철광석분응집처리/동시저감방법/황산화물/저온환원분화지수성/저감방법/방법/황산화물/개선/배기부압", "document_type": "A"}, {"updateDate": "20220608", "LLno": "B", "SSno": "06100", "Stext": "철 광업", "SStext": "철 광업", "Mtext": "철 광업", "Lno": "06", "ipc_main": "C21B-011/02", "Mno": "061", "country_code": "KR", "Sno": "0610", "LLtext": "광업(05~08)", "documentId": "kr19980053955a", "application_number": "1019980053955", "Ltext": "금속 광업", "keyword": "철광업/철광석분응집처리/예비환원방법/용융선철/유동층로/환원장치/방법/유속/소립광석/공급", "document_type": "A"}, {"updateDate": "20220608", "LLno": "B", "SSno": "06100", "Stext": "철 광업", "SStext": "철 광업", "Mtext": "철 광업", "Lno": "06", "ipc_main": "C22B-001/16", "Mno": "061", "country_code": "KR", "Sno": "0610", "LLtext": "광업(05~08)", "documentId": "kr19980060194a", "application_number": "1019980060194", "Ltext": "금속 광업", "keyword": "철광업/철광석분응집처리/철광석소결/저온환원분화성/강도/회수율/방법/도모/염기도/함량", "document_type": "A"}, {"updateDate": "20220608", "LLno": "B", "SSno": "06100", "Stext": "철 광업", "SStext": "철 광업", "Mtext": "철 광업", "Lno": "06", "ipc_main": "B65G-037/00", "Mno": "061", "country_code": "KR", "Sno": "0610", "LLtext": "광업(05~08)", "documentId": "kr19990013671y1", "application_number": "2019990013671", "Ltext": "금속 광업", "keyword": "철광업/철광석분응집처리/철근이송장치/고정로울러/절단기/인력낭비방지/장치/상하작동판/회전가능/유동", "document_type": "Y1"}, {"updateDate": "20220608", "LLno": "B", "SSno": "06100", "Stext": "철 광업", "SStext": "철 광업", "Mtext": "철 광업", "Lno": "06", "ipc_main": "C21B-005/02", "Mno": "061", "country_code": "KR", "Sno": "0610", "LLtext": "광업(05~08)", "documentId": "kr19990041963a", "application_number": "1019990041963", "Ltext": "금속 광업", "keyword": "철광업/철광석분응집처리/선철/고형연료/수형로/미분탄/방법/연료/제조/취입", "document_type": "A"}, {"updateDate": "20220608", "LLno": "B", "SSno": "06100", "Stext": "철 광업", "SStext": "철 광업", "Mtext": "철 광업", "Lno": "06", "ipc_main": "B22F-003/00", "Mno": "061", "country_code": "KR", "Sno": "0610", "LLtext": "광업(05~08)", "documentId": "kr19990052404b1", "application_number": "1019990052404", "Ltext": "금속 광업", "keyword": "철광업/철광석분응집처리/소결합금제조방법/복합분말/진공펌프/티타늄카바이드/방법/파이프/성형체/뜨임처리", "document_type": "B1"}, {"updateDate": "20220608", "LLno": "B", "SSno": "06100", "Stext": "철 광업", "SStext": "철 광업", "Mtext": "철 광업", "Lno": "06", "ipc_main": "B21B-045/00", "Mno": "061", "country_code": "KR", "Sno": "0610", "LLtext": "광업(05~08)", "documentId": "kr19990057131a", "application_number": "1019990057131", "Ltext": "금속 광업", "keyword": "철광업/철광석분응집처리/입자제거장치/발생/자기장/제거/장치/돌출/부설/반대방향", "document_type": "A"}, {"updateDate": "20220608", "LLno": "B", "SSno": "06100", "Stext": "철 광업", "SStext": "철 광업", "Mtext": "철 광업", "Lno": "06", "ipc_main": "C22B-023/00", "Mno": "061", "country_code": "KR", "Sno": "0610", "LLtext": "광업(05~08)", "documentId": "kr19990058662a", "application_number": "1019990058662", "Ltext": "금속 광업", "keyword": "철광업/철광석분응집처리/회수방법/수용액/분리/경제적인방법/방법/염화니켈/첨가/역추출", "document_type": "A"}, {"updateDate": "20220608", "LLno": "B", "SSno": "06100", "Stext": "철 광업", "SStext": "철 광업", "Mtext": "철 광업", "Lno": "06", "ipc_main": "B30B-015/30", "Mno": "061", "country_code": "KR", "Sno": "0610", "LLtext": "광업(05~08)", "documentId": "kr20000000390y1", "application_number": "2020000000390", "Ltext": "금속 광업", "keyword": "철광업/철광석분응집처리/프레스기/이송모터/신속/정확/장치/구동부/회전축/위치", "document_type": "Y1"}, {"updateDate": "20220608", "LLno": "B", "SSno": "06100", "Stext": "철 광업", "SStext": "철 광업", "Mtext": "철 광업", "Lno": "06", "ipc_main": "B65G-015/00", "Mno": "061", "country_code": "KR", "Sno": "0610", "LLtext": "광업(05~08)", "documentId": "kr20000005929y1", "application_number": "2020000005929", "Ltext": "금속 광업", "keyword": "철광업/철광석분응집처리/철관이송장치/회전축/관통공/생산성/장치/동력/전달/끼움홈", "document_type": "Y1"}, {"updateDate": "20220608", "LLno": "B", "SSno": "06100", "Stext": "철 광업", "SStext": "철 광업", "Mtext": "철 광업", "Lno": "06", "ipc_main": "C22B-001/14", "Mno": "061", "country_code": "KR", "Sno": "0610", "LLtext": "광업(05~08)", "documentId": "kr20000017603y1", "application_number": "2020000017603", "Ltext": "금속 광업", "keyword": "철광업/철광석분응집처리/단괴제조장치/파쇄/통과/환경오염/장치/이송장치/원료/이송", "document_type": "Y1"}, {"updateDate": "20220608", "LLno": "B", "SSno": "06100", "Stext": "철 광업", "SStext": "철 광업", "Mtext": "철 광업", "Lno": "06", "ipc_main": "C22B-001/16", "Mno": "061", "country_code": "KR", "Sno": "0610", "LLtext": "광업(05~08)", "documentId": "kr20000048065a", "application_number": "1020000048065", "Ltext": "금속 광업", "keyword": "철광업/철광석분응집처리/고결정수철광석배합/첨가/혼합/소결광제조방법/방법/사용/사문암/산화도", "document_type": "A"}, {"updateDate": "20220608", "LLno": "B", "SSno": "06100", "Stext": "철 광업", "SStext": "철 광업", "Mtext": "철 광업", "Lno": "06", "ipc_main": "B60C-025/00", "Mno": "061", "country_code": "KR", "Sno": "0610", "LLtext": "광업(05~08)", "documentId": "kr20000055308a", "application_number": "1020000055308", "Ltext": "금속 광업", "keyword": "철광업/철광석분응집처리/타이어철심분리기/커팅/절단/재생자원/방법/샤링머신/프레임/모터", "document_type": "A"}, {"updateDate": "20220608", "LLno": "B", "SSno": "06100", "Stext": "철 광업", "SStext": "철 광업", "Mtext": "철 광업", "Lno": "06", "ipc_main": "G01N-021/00", "Mno": "061", "country_code": "KR", "Sno": "0610", "LLtext": "광업(05~08)", "documentId": "kr20000069244a", "application_number": "1020000069244", "Ltext": "금속 광업", "keyword": "철광업/철광석분응집처리/글래스비드제조방법/백금도가니/융해물/전철함량/방법/혼합물/편평/백금접시", "document_type": "A"}, {"updateDate": "20220608", "LLno": "B", "SSno": "06100", "Stext": "철 광업", "SStext": "철 광업", "Mtext": "철 광업", "Lno": "06", "ipc_main": "C22B-007/02", "Mno": "061", "country_code": "KR", "Sno": "0610", "LLtext": "광업(05~08)", "documentId": "kr20007005025b1", "application_number": "1020007005025", "Ltext": "금속 광업", "keyword": "철광업/철광석분응집처리/강제조방법/전환/배출/폐가스세정/방법/공급/제강공정/괴상", "document_type": "B1"}, {"updateDate": "20220608", "LLno": "B", "SSno": "06100", "Stext": "철 광업", "SStext": "철 광업", "Mtext": "철 광업", "Lno": "06", "ipc_main": "B23Q-011/10", "Mno": "061", "country_code": "KR", "Sno": "0610", "LLtext": "광업(05~08)", "documentId": "kr20010055127a", "application_number": "1020010055127", "Ltext": "금속 광업", "keyword": "철광업/철광석분응집처리/연삭기절삭유/원형롤/마그네트롤부/회전형스크류부/장치/가공/유도탱크/구동모터", "document_type": "A"}, {"updateDate": "20220608", "LLno": "B", "SSno": "06100", "Stext": "철 광업", "SStext": "철 광업", "Mtext": "철 광업", "Lno": "06", "ipc_main": "B65G-045/12", "Mno": "061", "country_code": "KR", "Sno": "0610", "LLtext": "광업(05~08)", "documentId": "kr20010072343a", "application_number": "1020010072343", "Ltext": "금속 광업", "keyword": "철광업/철광석분응집처리/벨트컨베이어/실린더부/괴광/스크레핑부/방법/슈트/연결/수납", "document_type": "A"}, {"updateDate": "20220608", "LLno": "B", "SSno": "06100", "Stext": "철 광업", "SStext": "철 광업", "Mtext": "철 광업", "Lno": "06", "ipc_main": "C02F-011/00", "Mno": "061", "country_code": "KR", "Sno": "0610", "LLtext": "광업(05~08)", "documentId": "kr20010082027a", "application_number": "1020010082027", "Ltext": "금속 광업", "keyword": "철광업/철광석분응집처리/철분제거장치/슬러지저장탱크/압착/문제점해소/장치/롤러/관통/고정", "document_type": "A"}, {"updateDate": "20220608", "LLno": "B", "SSno": "06100", "Stext": "철 광업", "SStext": "철 광업", "Mtext": "철 광업", "Lno": "06", "ipc_main": "C21B-013/00", "Mno": "061", "country_code": "KR", "Sno": "0610", "LLtext": "광업(05~08)", "documentId": "kr20010082315b1", "application_number": "1020010082315", "Ltext": "금속 광업", "keyword": "철광업/철광석분응집처리/슬러지재활용/선별용융가스화로/슬러지처리비용/환경오염/방법/펠렛타이저/혼합교반기/파쇄처리", "document_type": "B1"}, {"updateDate": "20220608", "LLno": "B", "SSno": "06100", "Stext": "철 광업", "SStext": "철 광업", "Mtext": "철 광업", "Lno": "06", "ipc_main": "C23G-003/00", "Mno": "061", "country_code": "KR", "Sno": "0610", "LLtext": "광업(05~08)", "documentId": "kr20010083706a", "application_number": "1020010083706", "Ltext": "금속 광업", "keyword": "철광업/철광석분응집처리/산회수설비반응로/배출/연결설치/산화철분쇄수집장치/방법/컨베이어/로터리피더/이송", "document_type": "A"}, {"updateDate": "20220608", "LLno": "B", "SSno": "06100", "Stext": "철 광업", "SStext": "철 광업", "Mtext": "철 광업", "Lno": "06", "ipc_main": "C02F-001/52", "Mno": "061", "country_code": "KR", "Sno": "0610", "LLtext": "광업(05~08)", "documentId": "kr20020079398b1", "application_number": "1020020079398", "Ltext": "금속 광업", "keyword": "철광업/철광석분응집처리/자철광분말/부유고형물질/재사용/보급/방법/슬러지호퍼/청등수/최소화", "document_type": "B1"}, {"updateDate": "20220608", "LLno": "B", "SSno": "06100", "Stext": "철 광업", "SStext": "철 광업", "Mtext": "철 광업", "Lno": "06", "ipc_main": "C21B-005/00", "Mno": "061", "country_code": "KR", "Sno": "0610", "LLtext": "광업(05~08)", "documentId": "kr20020085610a", "application_number": "1020020085610", "Ltext": "금속 광업", "keyword": "철광업/철광석분응집처리/괴갈철광/사용/장입/절감/방법/분배/비율/노벽부", "document_type": "A"}, {"updateDate": "20220608", "LLno": "B", "SSno": "06100", "Stext": "철 광업", "SStext": "철 광업", "Mtext": "철 광업", "Lno": "06", "ipc_main": "B22F-003/17", "Mno": "061", "country_code": "KR", "Sno": "0610", "LLtext": "광업(05~08)", "documentId": "kr20030012190a", "application_number": "1020030012190", "Ltext": "금속 광업", "keyword": "철광업/철광석분응집처리/고밀도철기단조부품생산/성형재료/비산화성/생산/방법/압축물/흑연분말/단계", "document_type": "A"}, {"updateDate": "20220608", "LLno": "B", "SSno": "06100", "Stext": "철 광업", "SStext": "철 광업", "Mtext": "철 광업", "Lno": "06", "ipc_main": "B65D-019/30", "Mno": "061", "country_code": "KR", "Sno": "0610", "LLtext": "광업(05~08)", "documentId": "kr20030012513y1", "application_number": "2020030012513", "Ltext": "금속 광업", "keyword": "철광업/철광석분응집처리/철제팔렛트/경량화/기둥/경감/방법/지지기둥/돌출부/조립판", "document_type": "Y1"}, {"updateDate": "20220608", "LLno": "B", "SSno": "06100", "Stext": "철 광업", "SStext": "철 광업", "Mtext": "철 광업", "Lno": "06", "ipc_main": "C04B-035/10", "Mno": "061", "country_code": "KR", "Sno": "0610", "LLtext": "광업(05~08)", "documentId": "kr20040032239b1", "application_number": "1020040032239", "Ltext": "금속 광업", "keyword": "철광업/철광석분응집처리/분철광석/파이넥스/내마모성/내화조성물/방법/하소알루미나/중량/분철광석", "document_type": "B1"}, {"updateDate": "20220608", "LLno": "B", "SSno": "06100", "Stext": "철 광업", "SStext": "철 광업", "Mtext": "철 광업", "Lno": "06", "ipc_main": "H01F-001/00", "Mno": "061", "country_code": "KR", "Sno": "0610", "LLtext": "광업(05~08)", "documentId": "kr20047015467a", "application_number": "1020047015467", "Ltext": "금속 광업", "keyword": "철광업/철광석분응집처리/생체모방루트/강화/나노사이즈/마그네타이트/방법/교차결합/강도/용매", "document_type": "A"}, {"updateDate": "20220608", "LLno": "B", "SSno": "06100", "Stext": "철 광업", "SStext": "철 광업", "Mtext": "철 광업", "Lno": "06", "ipc_main": "C21C-005/46", "Mno": "061", "country_code": "KR", "Sno": "0610", "LLtext": "광업(05~08)", "documentId": "kr20057006329a", "application_number": "1020057006329", "Ltext": "금속 광업", "keyword": "철광업/철광석분응집처리/용기/야금처리/대향/브래킷/방법/간격/스트랩/지지물", "document_type": "A"}, {"updateDate": "20220608", "LLno": "B", "SSno": "06100", "Stext": "철 광업", "SStext": "철 광업", "Mtext": "철 광업", "Lno": "06", "ipc_main": "C22C-033/02", "Mno": "061", "country_code": "KR", "Sno": "0610", "LLtext": "광업(05~08)", "documentId": "kr20057012583a", "application_number": "1020057012583", "Ltext": "금속 광업", "keyword": "철광업/철광석분응집처리/오일펌프로터/원료분말/잔부/불순물/방법/흑연분말/조성/질량", "document_type": "A"}, {"updateDate": "20220608", "LLno": "B", "SSno": "06100", "Stext": "철 광업", "SStext": "철 광업", "Mtext": "철 광업", "Lno": "06", "ipc_main": "B01D-053/86", "Mno": "061", "country_code": "KR", "Sno": "0610", "LLtext": "광업(05~08)", "documentId": "kr20060060119b1", "application_number": "1020060060119", "Ltext": "금속 광업", "keyword": "철광업/철광석분응집처리/이산화탄소분리장치/포집/가스주입구/투입/장치/일정높이/연결판/구획", "document_type": "B1"}, {"updateDate": "20220608", "LLno": "B", "SSno": "06100", "Stext": "철 광업", "SStext": "철 광업", "Mtext": "철 광업", "Lno": "06", "ipc_main": "B21B-039/04", "Mno": "061", "country_code": "KR", "Sno": "0610", "LLtext": "광업(05~08)", "documentId": "kr20070001857u", "application_number": "2020070001857", "Ltext": "금속 광업", "keyword": "철광업/철광석분응집처리/철강재크롭이송대차/테이블각도/일정/안전사고예방/방법/충격완화/정렬/스프링", "document_type": "U"}, {"updateDate": "20220608", "LLno": "B", "SSno": "06100", "Stext": "철 광업", "SStext": "철 광업", "Mtext": "철 광업", "Lno": "06", "ipc_main": "F16L-023/02", "Mno": "061", "country_code": "KR", "Sno": "0610", "LLtext": "광업(05~08)", "documentId": "kr20070061082b1", "application_number": "1020070061082", "Ltext": "금속 광업", "keyword": "철광업/철광석분응집처리/압송압력/고압/이송배관라인/조인트부/방법/걸림부재/이송/형성", "document_type": "B1"}, {"updateDate": "20220608", "LLno": "B", "SSno": "06100", "Stext": "철 광업", "SStext": "철 광업", "Mtext": "철 광업", "Lno": "06", "ipc_main": "B21B-027/02", "Mno": "061", "country_code": "KR", "Sno": "0610", "LLtext": "광업(05~08)", "documentId": "kr20070064566b1", "application_number": "1020070064566", "Ltext": "금속 광업", "keyword": "철광업/철광석분응집처리/고온철강롤러/소음/회전롤러/회전디스크/방법/회전축/대응/반복", "document_type": "B1"}, {"updateDate": "20220608", "LLno": "B", "SSno": "06100", "Stext": "철 광업", "SStext": "철 광업", "Mtext": "철 광업", "Lno": "06", "ipc_main": "C22B-007/00", "Mno": "061", "country_code": "KR", "Sno": "0610", "LLtext": "광업(05~08)", "documentId": "kr20070081895a", "application_number": "1020070081895", "Ltext": "금속 광업", "keyword": "철광업/철광석분응집처리/폐망간분진/고부가가치/유도로/제조/방법/코크스/멜팅존/속도", "document_type": "A"}, {"updateDate": "20220608", "LLno": "B", "SSno": "06100", "Stext": "철 광업", "SStext": "철 광업", "Mtext": "철 광업", "Lno": "06", "ipc_main": "A61K-039/395", "Mno": "061", "country_code": "KR", "Sno": "0610", "LLtext": "광업(05~08)", "documentId": "kr20077006817a", "application_number": "1020077006817", "Ltext": "금속 광업", "keyword": "철광업/철광석분응집처리/철운반억제제/포함/동정/스크리닝방법/방법/서열번호/항체/담체", "document_type": "A"}, {"updateDate": "20220608", "LLno": "B", "SSno": "06100", "Stext": "철 광업", "SStext": "철 광업", "Mtext": "철 광업", "Lno": "06", "ipc_main": "B22F-003/12", "Mno": "061", "country_code": "KR", "Sno": "0610", "LLtext": "광업(05~08)", "documentId": "kr20080010062a", "application_number": "1020080010062", "Ltext": "금속 광업", "keyword": "철광업/철광석분응집처리/철나노분말/구동력/치밀화/미세조직/방법/합금원소/소결/성형", "document_type": "A"}, {"updateDate": "20220608", "LLno": "B", "SSno": "06100", "Stext": "철 광업", "SStext": "철 광업", "Mtext": "철 광업", "Lno": "06", "ipc_main": "C22C-038/00", "Mno": "061", "country_code": "KR", "Sno": "0610", "LLtext": "광업(05~08)", "documentId": "kr20087016180a", "application_number": "1020087016180", "Ltext": "금속 광업", "keyword": "철광업/철광석분응집처리/작업기연결장치/저마찰계수화/경제성/합금상/장치/접합/재료층/분산", "document_type": "A"}, {"updateDate": "20220608", "LLno": "B", "SSno": "06100", "Stext": "철 광업", "SStext": "철 광업", "Mtext": "철 광업", "Lno": "06", "ipc_main": "B21D-007/04", "Mno": "061", "country_code": "KR", "Sno": "0610", "LLtext": "광업(05~08)", "documentId": "kr20090025503a", "application_number": "1020090025503", "Ltext": "금속 광업", "keyword": "철광업/철광석분응집처리/철근절곡기/건설현장/설치/보호/방법/고정/연결/회전", "document_type": "A"}, {"updateDate": "20220608", "LLno": "B", "SSno": "06100", "Stext": "철 광업", "SStext": "철 광업", "Mtext": "철 광업", "Lno": "06", "ipc_main": "B26D-001/09", "Mno": "061", "country_code": "KR", "Sno": "0610", "LLtext": "광업(05~08)", "documentId": "kr20090093728a", "application_number": "1020090093728", "Ltext": "금속 광업", "keyword": "철광업/철광석분응집처리/코일절단분리기/변압기/철심/분리/방법/받침대/이동/절단날", "document_type": "A"}, {"updateDate": "20220608", "LLno": "B", "SSno": "06100", "Stext": "철 광업", "SStext": "철 광업", "Mtext": "철 광업", "Lno": "06", "ipc_main": "B66C-001/62", "Mno": "061", "country_code": "KR", "Sno": "0610", "LLtext": "광업(05~08)", "documentId": "kr20090100086a", "application_number": "1020090100086", "Ltext": "금속 광업", "keyword": "철광업/철광석분응집처리/대형철재운반/종류/길이방향/파렛트/장치/레그프레임/배치/플랜지", "document_type": "A"}, {"updateDate": "20220608", "LLno": "B", "SSno": "06100", "Stext": "철 광업", "SStext": "철 광업", "Mtext": "철 광업", "Lno": "06", "ipc_main": "B21F-023/00", "Mno": "061", "country_code": "KR", "Sno": "0610", "LLtext": "광업(05~08)", "documentId": "kr20090102970b1", "application_number": "1020090102970", "Ltext": "금속 광업", "keyword": "철광업/철광석분응집처리/철근자동이송/절단/절곡/생산/장치/좌우방향/안내가이드/레일", "document_type": "B1"}, {"updateDate": "20220608", "LLno": "B", "SSno": "06100", "Stext": "철 광업", "SStext": "철 광업", "Mtext": "철 광업", "Lno": "06", "ipc_main": "C23G-001/08", "Mno": "061", "country_code": "KR", "Sno": "0610", "LLtext": "광업(05~08)", "documentId": "kr20090127214a", "application_number": "1020090127214", "Ltext": "금속 광업", "keyword": "철광업/철광석분응집처리/분철파쇄/함유/오일/분리제거/장치/컨베이어/물/비중", "document_type": "A"}, {"updateDate": "20220608", "LLno": "B", "SSno": "06100", "Stext": "철 광업", "SStext": "철 광업", "Mtext": "철 광업", "Lno": "06", "ipc_main": "E04H-015/18", "Mno": "061", "country_code": "KR", "Sno": "0610", "LLtext": "광업(05~08)", "documentId": "kr20100008381b1", "application_number": "1020100008381", "Ltext": "금속 광업", "keyword": "철광업/철광석분응집처리/폐기물선별/분리처리/철골/천막/시스템/지지/파이프/선별", "document_type": "B1"}, {"updateDate": "20220608", "LLno": "B", "SSno": "06100", "Stext": "철 광업", "SStext": "철 광업", "Mtext": "철 광업", "Lno": "06", "ipc_main": "B21D-043/00", "Mno": "061", "country_code": "KR", "Sno": "0610", "LLtext": "광업(05~08)", "documentId": "kr20100021816b1", "application_number": "1020100021816", "Ltext": "금속 광업", "keyword": "철광업/철광석분응집처리/철근자동절곡/컨베이어/공급/이송/장치/수납/전달/배출", "document_type": "B1"}, {"updateDate": "20220608", "LLno": "B", "SSno": "06100", "Stext": "철 광업", "SStext": "철 광업", "Mtext": "철 광업", "Lno": "06", "ipc_main": "B21D-043/00", "Mno": "061", "country_code": "KR", "Sno": "0610", "LLtext": "광업(05~08)", "documentId": "kr20100021817b1", "application_number": "1020100021817", "Ltext": "금속 광업", "keyword": "철광업/철광석분응집처리/철근자동절곡/컨베이어/공급/이송/장치/수납/전달/배출", "document_type": "B1"}, {"updateDate": "20220608", "LLno": "B", "SSno": "06100", "Stext": "철 광업", "SStext": "철 광업", "Mtext": "철 광업", "Lno": "06", "ipc_main": "B66C-001/56", "Mno": "061", "country_code": "KR", "Sno": "0610", "LLtext": "광업(05~08)", "documentId": "kr20100060210b1", "application_number": "1020100060210", "Ltext": "금속 광업", "keyword": "철광산업/금속광업/철판코일/운반/자석/보호링/방법/탄성/재질/수직방향", "document_type": "B1"}, {"updateDate": "20220608", "LLno": "B", "SSno": "06100", "Stext": "철 광업", "SStext": "철 광업", "Mtext": "철 광업", "Lno": "06", "ipc_main": "C02F-001/48", "Mno": "061", "country_code": "KR", "Sno": "0610", "LLtext": "광업(05~08)", "documentId": "kr20100075460a", "application_number": "1020100075460", "Ltext": "금속 광업", "keyword": "철광산업/금속광업/철분함유/시간/단축/제거/장치/세척수/폐유/필터", "document_type": "A"}, {"updateDate": "20220608", "LLno": "B", "SSno": "06100", "Stext": "철 광업", "SStext": "철 광업", "Mtext": "철 광업", "Lno": "06", "ipc_main": "B02C-023/08", "Mno": "061", "country_code": "KR", "Sno": "0610", "LLtext": "광업(05~08)", "documentId": "kr20100081390a", "application_number": "1020100081390", "Ltext": "금속 광업", "keyword": "철광산업/금속광업/고압공기분사/철심/폐타이어/분리/시스템/칩/파쇄/이송", "document_type": "A"}, {"updateDate": "20220608", "LLno": "B", "SSno": "06100", "Stext": "철 광업", "SStext": "철 광업", "Mtext": "철 광업", "Lno": "06", "ipc_main": "F27B-021/08", "Mno": "061", "country_code": "KR", "Sno": "0610", "LLtext": "광업(05~08)", "documentId": "kr20100094667a", "application_number": "1020100094667", "Ltext": "금속 광업", "keyword": "철광산업/금속광업/철광석소결/반복/궤도/공정/장치/위치/포함/코크스", "document_type": "A"}, {"updateDate": "20220608", "LLno": "B", "SSno": "06100", "Stext": "철 광업", "SStext": "철 광업", "Mtext": "철 광업", "Lno": "06", "ipc_main": "C02F-001/52", "Mno": "061", "country_code": "KR", "Sno": "0610", "LLtext": "광업(05~08)", "documentId": "kr20100126203a", "application_number": "1020100126203", "Ltext": "금속 광업", "keyword": "철광산업/금속광업/철계응집제/농도/환원/황산근/방법/산화제/포집/액상", "document_type": "A"}, {"updateDate": "20220608", "LLno": "B", "SSno": "06100", "Stext": "철 광업", "SStext": "철 광업", "Mtext": "철 광업", "Lno": "06", "ipc_main": "B61D-025/00", "Mno": "061", "country_code": "KR", "Sno": "0610", "LLtext": "광업(05~08)", "documentId": "kr20110017549b1", "application_number": "1020110017549", "Ltext": "금속 광업", "keyword": "철광산업/금속광업/비파괴분리/철도/창문/확보/방법/손잡이/유리/레일", "document_type": "B1"}, {"updateDate": "20220608", "LLno": "B", "SSno": "06100", "Stext": "철 광업", "SStext": "철 광업", "Mtext": "철 광업", "Lno": "06", "ipc_main": "C01B-019/02", "Mno": "061", "country_code": "KR", "Sno": "0610", "LLtext": "광업(05~08)", "documentId": "kr20110055631a", "application_number": "1020110055631", "Ltext": "금속 광업", "keyword": "철광산업/금속광업/셀레늄분리/철산화물/조절/수득/방법/흡착/용리/셀레나이트", "document_type": "A"}, {"updateDate": "20220608", "LLno": "B", "SSno": "06100", "Stext": "철 광업", "SStext": "철 광업", "Mtext": "철 광업", "Lno": "06", "ipc_main": "B63B-035/00", "Mno": "061", "country_code": "KR", "Sno": "0610", "LLtext": "광업(05~08)", "documentId": "kr20110096395b1", "application_number": "1020110096395", "Ltext": "금속 광업", "keyword": "철광산업/금속광업/자철광석/수용/선적/선별/방법/장착/선박/광산물", "document_type": "B1"}, {"updateDate": "20220608", "LLno": "B", "SSno": "06100", "Stext": "철 광업", "SStext": "철 광업", "Mtext": "철 광업", "Lno": "06", "ipc_main": "B03C-001/02", "Mno": "061", "country_code": "KR", "Sno": "0610", "LLtext": "광업(05~08)", "documentId": "kr20110103388b1", "application_number": "1020110103388", "Ltext": "금속 광업", "keyword": "철광산업/금속광업/철물제거마그네트/원료/분쇄/품질향상/장치/투입/사료/설치", "document_type": "B1"}, {"updateDate": "20220608", "LLno": "B", "SSno": "06100", "Stext": "철 광업", "SStext": "철 광업", "Mtext": "철 광업", "Lno": "06", "ipc_main": "E02D-005/22", "Mno": "061", "country_code": "KR", "Sno": "0610", "LLtext": "광업(05~08)", "documentId": "kr20110105447a", "application_number": "1020110105447", "Ltext": "금속 광업", "keyword": "철광업/철광석분응집처리/철근캡조립/대구경/콘크리트/처짐방지/방법/깊이/결속링/지지판", "document_type": "A"}, {"updateDate": "20220608", "LLno": "B", "SSno": "06100", "Stext": "철 광업", "SStext": "철 광업", "Mtext": "철 광업", "Lno": "06", "ipc_main": "C01G-049/04", "Mno": "061", "country_code": "KR", "Sno": "0610", "LLtext": "광업(05~08)", "documentId": "kr20110115503a", "application_number": "1020110115503", "Ltext": "금속 광업", "keyword": "철광산업/금속광업/메조구조체/산화철/중금속/주입/방법/수용액/계면활성제/건조", "document_type": "A"}, {"updateDate": "20220608", "LLno": "B", "SSno": "06100", "Stext": "철 광업", "SStext": "철 광업", "Mtext": "철 광업", "Lno": "06", "ipc_main": "C21B-013/00", "Mno": "061", "country_code": "KR", "Sno": "0610", "LLtext": "광업(05~08)", "documentId": "kr20110145302a", "application_number": "1020110145302", "Ltext": "금속 광업", "keyword": "철광산업/철광석채굴/환원철제조/분철광석/장입/환원/방법/조립/맥석/최종", "document_type": "A"}, {"updateDate": "20220608", "LLno": "B", "SSno": "06100", "Stext": "철 광업", "SStext": "철 광업", "Mtext": "철 광업", "Lno": "06", "ipc_main": "C21B-013/00", "Mno": "061", "country_code": "KR", "Sno": "0610", "LLtext": "광업(05~08)", "documentId": "kr20117020227a", "application_number": "1020117020227", "Ltext": "금속 광업", "keyword": "철광산업/금속광업/용강반제품/선철/유입/플랜트/시스템/처리/가스/분체", "document_type": "A"}, {"updateDate": "20220608", "LLno": "B", "SSno": "06100", "Stext": "철 광업", "SStext": "철 광업", "Mtext": "철 광업", "Lno": "06", "ipc_main": "B02C-004/02", "Mno": "061", "country_code": "KR", "Sno": "0610", "LLtext": "광업(05~08)", "documentId": "kr20117022712a", "application_number": "1020117022712", "Ltext": "금속 광업", "keyword": "철광업/철광석분응집처리/철광석원료/미분량/증대/분쇄/방법/경도/혼합율/롤", "document_type": "A"}, {"updateDate": "20220608", "LLno": "B", "SSno": "06100", "Stext": "철 광업", "SStext": "철 광업", "Mtext": "철 광업", "Lno": "06", "ipc_main": "C09K-005/14", "Mno": "061", "country_code": "KR", "Sno": "0610", "LLtext": "광업(05~08)", "documentId": "kr20120025950a", "application_number": "1020120025950", "Ltext": "금속 광업", "keyword": "철광산업/철광석채굴/환원분철/발열제/발생/가격/방법/제철소/열간압연/분급", "document_type": "A"}, {"updateDate": "20220608", "LLno": "B", "SSno": "06100", "Stext": "철 광업", "SStext": "철 광업", "Mtext": "철 광업", "Lno": "06", "ipc_main": "B63B-025/24", "Mno": "061", "country_code": "KR", "Sno": "0610", "LLtext": "광업(05~08)", "documentId": "kr20120062511a", "application_number": "1020120062511", "Ltext": "금속 광업", "keyword": "철광산업/철광석채굴/섬유벨트/고파단강도/스틸플레이트/손상방지/방법/재질/제작/선적운송", "document_type": "A"}, {"updateDate": "20220608", "LLno": "B", "SSno": "06100", "Stext": "철 광업", "SStext": "철 광업", "Mtext": "철 광업", "Lno": "06", "ipc_main": "B03C-001/02", "Mno": "061", "country_code": "KR", "Sno": "0610", "LLtext": "광업(05~08)", "documentId": "kr20120109382a", "application_number": "1020120109382", "Ltext": "금속 광업", "keyword": "철광산업/철광석채굴/벨트컨베이어/고정수단/제어/제어부/장치/이송/원료/고정", "document_type": "A"}, {"updateDate": "20220608", "LLno": "B", "SSno": "06100", "Stext": "철 광업", "SStext": "철 광업", "Mtext": "철 광업", "Lno": "06", "ipc_main": "B65G-011/20", "Mno": "061", "country_code": "KR", "Sno": "0610", "LLtext": "광업(05~08)", "documentId": "kr20120120796b1", "application_number": "1020120120796", "Ltext": "금속 광업", "keyword": "철광산업/철광석채굴/철편회수장치/상부벨트/자력선별부/수거원활/장치/이송물/경사배출부/이동", "document_type": "B1"}, {"updateDate": "20220608", "LLno": "B", "SSno": "06100", "Stext": "철 광업", "SStext": "철 광업", "Mtext": "철 광업", "Lno": "06", "ipc_main": "B22D-011/10", "Mno": "061", "country_code": "KR", "Sno": "0610", "LLtext": "광업(05~08)", "documentId": "kr20130048733a", "application_number": "1020130048733", "Ltext": "금속 광업", "keyword": "철광산업/철광석채굴/철강제품선별/연주기/상한값/결정/방법/몰드/변화/기설정", "document_type": "A"}, {"updateDate": "20220608", "LLno": "B", "SSno": "06100", "Stext": "철 광업", "SStext": "철 광업", "Mtext": "철 광업", "Lno": "06", "ipc_main": "C21B-013/06", "Mno": "061", "country_code": "KR", "Sno": "0610", "LLtext": "광업(05~08)", "documentId": "kr20130080383a", "application_number": "1020130080383", "Ltext": "금속 광업", "keyword": "철광산업/철광석채굴/철광석환원장치/철광석장입호퍼/가스/유동층환원로/방법/반응기/조립화/장입", "document_type": "A"}, {"updateDate": "20220608", "LLno": "B", "SSno": "06100", "Stext": "철 광업", "SStext": "철 광업", "Mtext": "철 광업", "Lno": "06", "ipc_main": "C22B-019/20", "Mno": "061", "country_code": "KR", "Sno": "0610", "LLtext": "광업(05~08)", "documentId": "kr20137029155a", "application_number": "1020137029155", "Ltext": "금속 광업", "keyword": "철광업/철광석분응집처리/습식제련방법/산화아연/산소부화공기/자로사이트/방법/황상매질/용해/용액", "document_type": "A"}, {"updateDate": "20220608", "LLno": "B", "SSno": "06100", "Stext": "철 광업", "SStext": "철 광업", "Mtext": "철 광업", "Lno": "06", "ipc_main": "B03C-001/18", "Mno": "061", "country_code": "KR", "Sno": "0610", "LLtext": "광업(05~08)", "documentId": "kr20140004458u", "application_number": "2020140004458", "Ltext": "금속 광업", "keyword": "철광산업/철광석채굴/철분제거장치/분쇄기/링형자석/자동화제거/장치/스테인레스재질/대향결합/마그넷기어", "document_type": "U"}, {"updateDate": "20220608", "LLno": "B", "SSno": "06100", "Stext": "철 광업", "SStext": "철 광업", "Mtext": "철 광업", "Lno": "06", "ipc_main": "A01G-009/14", "Mno": "061", "country_code": "KR", "Sno": "0610", "LLtext": "광업(05~08)", "documentId": "kr20140039721a", "application_number": "1020140039721", "Ltext": "금속 광업", "keyword": "철광산업/철광석채굴/철재파이프분리기/받침대/결속구/분리/방법/수직고정대/받침대/지렛대", "document_type": "A"}, {"updateDate": "20220608", "LLno": "B", "SSno": "06100", "Stext": "철 광업", "SStext": "철 광업", "Mtext": "철 광업", "Lno": "06", "ipc_main": "E04G-011/00", "Mno": "061", "country_code": "KR", "Sno": "0610", "LLtext": "광업(05~08)", "documentId": "kr20140066511b1", "application_number": "1020140066511", "Ltext": "금속 광업", "keyword": "철광산업/철광석채굴/철근콘크리트구조물/시공/클램프/종철근/방법/연장형성/돌출형성/지지대", "document_type": "B1"}, {"updateDate": "20220608", "LLno": "B", "SSno": "06100", "Stext": "철 광업", "SStext": "철 광업", "Mtext": "철 광업", "Lno": "06", "ipc_main": "B65G-047/18", "Mno": "061", "country_code": "KR", "Sno": "0610", "LLtext": "광업(05~08)", "documentId": "kr20140185741a", "application_number": "1020140185741", "Ltext": "금속 광업", "keyword": "철광업/철광석채굴/철편검출장치/상응/운송물/위치표시기/장치/철편검출기/혼입/검출", "document_type": "A"}, {"updateDate": "20220608", "LLno": "B", "SSno": "06100", "Stext": "철 광업", "SStext": "철 광업", "Mtext": "철 광업", "Lno": "06", "ipc_main": "B65G-047/92", "Mno": "061", "country_code": "KR", "Sno": "0610", "LLtext": "광업(05~08)", "documentId": "kr20150010351a", "application_number": "1020150010351", "Ltext": "금속 광업", "keyword": "철광업/철광석분응집처리/철판운반/길이방향/결합홈/자석/장치/직육면체/수평상태/연결홀", "document_type": "A"}, {"updateDate": "20220608", "LLno": "B", "SSno": "06100", "Stext": "철 광업", "SStext": "철 광업", "Mtext": "철 광업", "Lno": "06", "ipc_main": "B09B-003/00", "Mno": "061", "country_code": "KR", "Sno": "0610", "LLtext": "광업(05~08)", "documentId": "kr20150023745a", "application_number": "1020150023745", "Ltext": "금속 광업", "keyword": "철광업/철광석채굴/철분리재활용/탈착장치/용융/환경오염/방법/절단파쇄/이송장치/배출", "document_type": "A"}, {"updateDate": "20220608", "LLno": "B", "SSno": "06100", "Stext": "철 광업", "SStext": "철 광업", "Mtext": "철 광업", "Lno": "06", "ipc_main": "B65G-047/64", "Mno": "061", "country_code": "KR", "Sno": "0610", "LLtext": "광업(05~08)", "documentId": "kr20150034098a", "application_number": "1020150034098", "Ltext": "금속 광업", "keyword": "철광업/철광석채굴/적재시스템/고정브라켓/이송방향/이송전환유니트/시스템/이송/평행이동/철강재", "document_type": "A"}, {"updateDate": "20220608", "LLno": "B", "SSno": "06100", "Stext": "철 광업", "SStext": "철 광업", "Mtext": "철 광업", "Lno": "06", "ipc_main": "C01B-031/04", "Mno": "061", "country_code": "KR", "Sno": "0610", "LLtext": "광업(05~08)", "documentId": "kr20150152413a", "application_number": "1020150152413", "Ltext": "금속 광업", "keyword": "철광업/철광석분응집처리/자성산화철그래핀복합체/제조과정/형성/흡수체/방법/생성물/균질화/초음파", "document_type": "A"}, {"updateDate": "20220608", "LLno": "B", "SSno": "06100", "Stext": "철 광업", "SStext": "철 광업", "Mtext": "철 광업", "Lno": "06", "ipc_main": "B07B-013/04", "Mno": "061", "country_code": "KR", "Sno": "0610", "LLtext": "광업(05~08)", "documentId": "kr20160069603a", "application_number": "1020160069603", "Ltext": "금속 광업", "keyword": "철광업/철광석채굴/용접플럭스/분진/회수/분리팁/장치/경사부재/영구자석/낙하", "document_type": "A"}, {"updateDate": "20220608", "LLno": "B", "SSno": "06100", "Stext": "철 광업", "SStext": "철 광업", "Mtext": "철 광업", "Lno": "06", "ipc_main": "B62B-003/10", "Mno": "061", "country_code": "KR", "Sno": "0610", "LLtext": "광업(05~08)", "documentId": "kr20160073971b1", "application_number": "1020160073971", "Ltext": "금속 광업", "keyword": "철광업/철광석채굴/운반대차/철근/바퀴/운반/방법/바디프레임/지지프레임/꼭지점", "document_type": "B1"}, {"updateDate": "20220608", "LLno": "B", "SSno": "06100", "Stext": "철 광업", "SStext": "철 광업", "Mtext": "철 광업", "Lno": "06", "ipc_main": "C22B-015/00", "Mno": "061", "country_code": "KR", "Sno": "0610", "LLtext": "광업(05~08)", "documentId": "kr20160089443b1", "application_number": "1020160089443", "Ltext": "금속 광업", "keyword": "철광업/철광석채굴/황동석/고품격/단일공정/고품위황화동/방법/염화구리/준비/침출", "document_type": "B1"}, {"updateDate": "20220608", "LLno": "B", "SSno": "06100", "Stext": "철 광업", "SStext": "철 광업", "Mtext": "철 광업", "Lno": "06", "ipc_main": "C01G-049/02", "Mno": "061", "country_code": "KR", "Sno": "0610", "LLtext": "광업(05~08)", "documentId": "kr20160150580b1", "application_number": "1020160150580", "Ltext": "금속 광업", "keyword": "철광업/철광석채굴/산화철/산화물/금속염화물/코어쉘복합체/방법/침전물/열처리/농도", "document_type": "B1"}, {"updateDate": "20220608", "LLno": "B", "SSno": "06100", "Stext": "철 광업", "SStext": "철 광업", "Mtext": "철 광업", "Lno": "06", "ipc_main": "B22F-001/00", "Mno": "061", "country_code": "KR", "Sno": "0610", "LLtext": "광업(05~08)", "documentId": "kr20167030228b1", "application_number": "1020167030228", "Ltext": "금속 광업", "keyword": "철광업/철광석채굴/압분자심용/입자/히스테리시스손/철분/방법/압분체/질량/결정방위", "document_type": "B1"}, {"updateDate": "20220608", "LLno": "B", "SSno": "06100", "Stext": "철 광업", "SStext": "철 광업", "Mtext": "철 광업", "Lno": "06", "ipc_main": "C22B-001/248", "Mno": "061", "country_code": "KR", "Sno": "0610", "LLtext": "광업(05~08)", "documentId": "kr20167033731a", "application_number": "1020167033731", "Ltext": "금속 광업", "keyword": "철광산업/철광석채굴/철소결체/코팅/그린믹스/폴리알루미늄처리제/방법/함수폴리알루미늄염/형성/단계", "document_type": "A"}, {"updateDate": "20220608", "LLno": "B", "SSno": "06100", "Stext": "철 광업", "SStext": "철 광업", "Mtext": "철 광업", "Lno": "06", "ipc_main": "E04G-023/08", "Mno": "061", "country_code": "KR", "Sno": "0610", "LLtext": "광업(05~08)", "documentId": "kr20170058732a", "application_number": "1020170058732", "Ltext": "금속 광업", "keyword": "철광업/철광석분응집처리/에어헤머비트/몸체역할/확경부/커팅블럭/방법/직경/확장/탈착가능", "document_type": "A"}, {"updateDate": "20220608", "LLno": "B", "SSno": "06100", "Stext": "철 광업", "SStext": "철 광업", "Mtext": "철 광업", "Lno": "06", "ipc_main": "B03C-001/20", "Mno": "061", "country_code": "KR", "Sno": "0610", "LLtext": "광업(05~08)", "documentId": "kr20170085402b1", "application_number": "1020170085402", "Ltext": "금속 광업", "keyword": "철광업/철광석채굴/금속선별장치/절단/적재/컨베이어/장치/비철금속/배치/메쉬크기", "document_type": "B1"}, {"updateDate": "20220608", "LLno": "B", "SSno": "06100", "Stext": "철 광업", "SStext": "철 광업", "Mtext": "철 광업", "Lno": "06", "ipc_main": "B04C-009/00", "Mno": "061", "country_code": "KR", "Sno": "0610", "LLtext": "광업(05~08)", "documentId": "kr20170097485b1", "application_number": "1020170097485", "Ltext": "금속 광업", "keyword": "철광업/철광석채굴/사이클론내부/곡물/자석장치/돌출/장치/봉자석/관출/연결", "document_type": "B1"}, {"updateDate": "20220608", "LLno": "B", "SSno": "06100", "Stext": "철 광업", "SStext": "철 광업", "Mtext": "철 광업", "Lno": "06", "ipc_main": "B66C-001/62", "Mno": "061", "country_code": "KR", "Sno": "0610", "LLtext": "광업(05~08)", "documentId": "kr20170136701b1", "application_number": "1020170136701", "Ltext": "금속 광업", "keyword": "철광업/철광석채굴/철강코일이송용/하역작업/효과/크기/장치/코일집게부/후크걸이부/결합", "document_type": "B1"}, {"updateDate": "20220608", "LLno": "B", "SSno": "06100", "Stext": "철 광업", "SStext": "철 광업", "Mtext": "철 광업", "Lno": "06", "ipc_main": "B22F-001/02", "Mno": "061", "country_code": "KR", "Sno": "0610", "LLtext": "광업(05~08)", "documentId": "kr20177018825a", "application_number": "1020177018825", "Ltext": "금속 광업", "keyword": "철광업/철광석분응집처리/소결단조부재/제조/철분말/철계합금분말/방법/확산부착/표면/질량", "document_type": "A"}, {"updateDate": "20220608", "LLno": "B", "SSno": "06100", "Stext": "철 광업", "SStext": "철 광업", "Mtext": "철 광업", "Lno": "06", "ipc_main": "B22F-001/00", "Mno": "061", "country_code": "KR", "Sno": "0610", "LLtext": "광업(05~08)", "documentId": "kr20177036353a", "application_number": "1020177036353", "Ltext": "금속 광업", "keyword": "철광업/철광석채굴/소결체/원료분말/윤활제/피복/방법/혼합분말/바인더/황화칼슘", "document_type": "A"}, {"updateDate": "20220608", "LLno": "B", "SSno": "06100", "Stext": "철 광업", "SStext": "철 광업", "Mtext": "철 광업", "Lno": "06", "ipc_main": "C22C-038/22", "Mno": "061", "country_code": "KR", "Sno": "0610", "LLtext": "광업(05~08)", "documentId": "kr20180164787a", "application_number": "1020180164787", "Ltext": "금속 광업", "keyword": "철광업/철광석분응집처리/소결공정/단축/만족/합금분말/방법/소결합급/고체윤활제/단축", "document_type": "A"}, {"updateDate": "20220608", "LLno": "B", "SSno": "06100", "Stext": "철 광업", "SStext": "철 광업", "Mtext": "철 광업", "Lno": "06", "ipc_main": "B22F-003/11", "Mno": "061", "country_code": "KR", "Sno": "0610", "LLtext": "광업(05~08)", "documentId": "kr20187011179a", "application_number": "1020187011179", "Ltext": "금속 광업", "keyword": "철광업/철광석채굴/철계재료/적착제분사/소결/언노치충격인성/방법/다공성금속골조/증가/부피손실", "document_type": "A"}, {"updateDate": "20220608", "LLno": "B", "SSno": "06100", "Stext": "철 광업", "SStext": "철 광업", "Mtext": "철 광업", "Lno": "06", "ipc_main": "B03C-001/18", "Mno": "061", "country_code": "KR", "Sno": "0610", "LLtext": "광업(05~08)", "documentId": "kr20187014666a", "application_number": "1020187014666", "Ltext": "금속 광업", "keyword": "철광업/철광석분응집처리/자력선별장치/간격/차단/차페벽/방법/강자성입자/분립체/일방", "document_type": "A"}, {"updateDate": "20220608", "LLno": "B", "SSno": "06100", "Stext": "철 광업", "SStext": "철 광업", "Mtext": "철 광업", "Lno": "06", "ipc_main": "B22F-003/04", "Mno": "061", "country_code": "KR", "Sno": "0610", "LLtext": "광업(05~08)", "documentId": "kr20187033247a", "application_number": "1020187033247", "Ltext": "금속 광업", "keyword": "철광업/철광석분응집처리/철계소결합금/조직/분말/용체화처리/방법/질량/진공소결/매드릭스", "document_type": "A"}, {"updateDate": "20220608", "LLno": "B", "SSno": "06100", "Stext": "철 광업", "SStext": "철 광업", "Mtext": "철 광업", "Lno": "06", "ipc_main": "H01B-003/12", "Mno": "061", "country_code": "KR", "Sno": "0610", "LLtext": "광업(05~08)", "documentId": "kr20190007181a", "application_number": "1020190007181", "Ltext": "금속 광업", "keyword": "철광업/철광석분응집처리/이산화규소/광물질/절연/경화/방법/액상혼합물/분쇄/생성", "document_type": "A"}, {"updateDate": "20220608", "LLno": "B", "SSno": "06100", "Stext": "철 광업", "SStext": "철 광업", "Mtext": "철 광업", "Lno": "06", "ipc_main": "B65D-006/34", "Mno": "061", "country_code": "KR", "Sno": "0610", "LLtext": "광업(05~08)", "documentId": "kr20190044933b1", "application_number": "1020190044933", "Ltext": "금속 광업", "keyword": "철광업/철광석분응집처리/철물운반상자/바닥/중량체/오염방지/방법/격자형/모서리부분/포크", "document_type": "B1"}, {"updateDate": "20220608", "LLno": "B", "SSno": "06100", "Stext": "철 광업", "SStext": "철 광업", "Mtext": "철 광업", "Lno": "06", "ipc_main": "B03C-001/30", "Mno": "061", "country_code": "KR", "Sno": "0610", "LLtext": "광업(05~08)", "documentId": "kr20200045070b1", "application_number": "1020200045070", "Ltext": "금속 광업", "keyword": "철광업/철광석분응집처리/골재생성/비철금속/건축폐기물/배출/장치/선별유닛/생성/배치", "document_type": "B1"}, {"updateDate": "20220608", "LLno": "B", "SSno": "06100", "Stext": "철 광업", "SStext": "철 광업", "Mtext": "철 광업", "Lno": "06", "ipc_main": "B03C-001/20", "Mno": "061", "country_code": "KR", "Sno": "0610", "LLtext": "광업(05~08)", "documentId": "kr20200103185b1", "application_number": "1020200103185", "Ltext": "금속 광업", "keyword": "철광업/철광석분응집처리/철가루분리/모래/컨베이어벨트/배출/장치/투입부/호퍼/투입슬릿", "document_type": "B1"}, {"updateDate": "20220608", "LLno": "B", "SSno": "06100", "Stext": "철 광업", "SStext": "철 광업", "Mtext": "철 광업", "Lno": "06", "ipc_main": "C23G-003/02", "Mno": "061", "country_code": "KR", "Sno": "0610", "LLtext": "광업(05~08)", "documentId": "kr20200178574b1", "application_number": "1020200178574", "Ltext": "금속 광업", "keyword": "철광업/철광석분응집처리/철선세척/인산염/세척/공기공급부/장치/세척케이싱/회전가능/오일공급구", "document_type": "B1"}, {"updateDate": "20220608", "LLno": "B", "SSno": "06100", "Stext": "철 광업", "SStext": "철 광업", "Mtext": "철 광업", "Lno": "06", "ipc_main": "C22B-001/16", "Mno": "061", "country_code": "KR", "Sno": "0610", "LLtext": "광업(05~08)", "documentId": "kr20207024964a", "application_number": "1020207024964", "Ltext": "금속 광업", "keyword": "철광업/철광석분응집처리/마이크로파/폐기물/예열/재활용/방법/혼합물/공급롤러/냉각", "document_type": "A"}]}