{"dataset": [{"updateDate": "20220608", "LLno": "C", "SSno": "30393", "Stext": "자동차용 기타 신품 부품 제조업", "SStext": "자동차용 신품 의자 제조업", "Mtext": "자동차 신품 부품 제조업", "Lno": "30", "ipc_main": "B60N-002/00", "Mno": "303", "country_code": "KR", "Sno": "3039", "LLtext": "제조업(10~34)", "documentId": "kr19970033741a", "application_number": "1019970033741", "Ltext": "자동차 및 트레일러 제조업", "keyword": "카시트제조/차량용내장의자제조/보강구조/사이드커버/시트/차량용/장치/기계적인성질/양측연결/레인프바", "document_type": "A"}, {"updateDate": "20220608", "LLno": "C", "SSno": "30393", "Stext": "자동차용 기타 신품 부품 제조업", "SStext": "자동차용 신품 의자 제조업", "Mtext": "자동차 신품 부품 제조업", "Lno": "30", "ipc_main": "B60N-002/22", "Mno": "303", "country_code": "KR", "Sno": "3039", "LLtext": "제조업(10~34)", "documentId": "kr19970037887u", "application_number": "2019970037887", "Ltext": "자동차 및 트레일러 제조업", "keyword": "카시트제조/자동차용의자제조/각도조정기/더블/사이트백/자동차/장치/연결봉/지지대/코일스프링", "document_type": "U"}, {"updateDate": "20220608", "LLno": "C", "SSno": "30393", "Stext": "자동차용 기타 신품 부품 제조업", "SStext": "자동차용 신품 의자 제조업", "Mtext": "자동차 신품 부품 제조업", "Lno": "30", "ipc_main": "B60N-002/20", "Mno": "303", "country_code": "KR", "Sno": "3039", "LLtext": "제조업(10~34)", "documentId": "kr19970044693u", "application_number": "2019970044693", "Ltext": "자동차 및 트레일러 제조업", "keyword": "카시트제조/자동차용의자제조/각도조절장치/시트쿠션/자동차용/각도조절수단/장치/시트프레임/회동가능/내장설치", "document_type": "U"}, {"updateDate": "20220608", "LLno": "C", "SSno": "30393", "Stext": "자동차용 기타 신품 부품 제조업", "SStext": "자동차용 신품 의자 제조업", "Mtext": "자동차 신품 부품 제조업", "Lno": "30", "ipc_main": "B60N-002/04", "Mno": "303", "country_code": "KR", "Sno": "3039", "LLtext": "제조업(10~34)", "documentId": "kr19970049871a", "application_number": "1019970049871", "Ltext": "자동차 및 트레일러 제조업", "keyword": "카시트제조/자동차용의자제조/방지장치/트랙풀림/시트/자동차용/장치/삽입홀/시트트랙/일체형형성", "document_type": "A"}, {"updateDate": "20220608", "LLno": "C", "SSno": "30393", "Stext": "자동차용 기타 신품 부품 제조업", "SStext": "자동차용 신품 의자 제조업", "Mtext": "자동차 신품 부품 제조업", "Lno": "30", "ipc_main": "B60N-003/10", "Mno": "303", "country_code": "KR", "Sno": "3039", "LLtext": "제조업(10~34)", "documentId": "kr19990007247y1", "application_number": "2019990007247", "Ltext": "자동차 및 트레일러 제조업", "keyword": "카시트제조/자동차용의자제조/컵홀더/자동차용/결합구/래치트/장치/결합수단/지지수단/홀딩부재", "document_type": "Y1"}, {"updateDate": "20220608", "LLno": "C", "SSno": "30393", "Stext": "자동차용 기타 신품 부품 제조업", "SStext": "자동차용 신품 의자 제조업", "Mtext": "자동차 신품 부품 제조업", "Lno": "30", "ipc_main": "B60N-002/00", "Mno": "303", "country_code": "KR", "Sno": "3039", "LLtext": "제조업(10~34)", "documentId": "kr19990067669a", "application_number": "1019990067669", "Ltext": "자동차 및 트레일러 제조업", "keyword": "카시트제조/자동차용의자제조/구조/마운팅/등받이/시트/장치/힌지핀/프레임/차체브라켓", "document_type": "A"}, {"updateDate": "20220608", "LLno": "C", "SSno": "30393", "Stext": "자동차용 기타 신품 부품 제조업", "SStext": "자동차용 신품 의자 제조업", "Mtext": "자동차 신품 부품 제조업", "Lno": "30", "ipc_main": "B60N-002/68", "Mno": "303", "country_code": "KR", "Sno": "3039", "LLtext": "제조업(10~34)", "documentId": "kr20000022420y1", "application_number": "2020000022420", "Ltext": "자동차 및 트레일러 제조업", "keyword": "카시트제조/차량용내장의자제조/스트프레임/차량용/테두리프레임/지지봉/장치/테두리프레임/스프링/탄성지지판", "document_type": "Y1"}, {"updateDate": "20220608", "LLno": "C", "SSno": "30393", "Stext": "자동차용 기타 신품 부품 제조업", "SStext": "자동차용 신품 의자 제조업", "Mtext": "자동차 신품 부품 제조업", "Lno": "30", "ipc_main": "B60N-003/00", "Mno": "303", "country_code": "KR", "Sno": "3039", "LLtext": "제조업(10~34)", "documentId": "kr20000048483b1", "application_number": "1020000048483", "Ltext": "자동차 및 트레일러 제조업", "keyword": "카시트제조/자동차용의자제조/테이블/각도조정식/밀착/보관/장치/톱니나사/태엽스프링/록킹로드", "document_type": "B1"}, {"updateDate": "20220608", "LLno": "C", "SSno": "30393", "Stext": "자동차용 기타 신품 부품 제조업", "SStext": "자동차용 신품 의자 제조업", "Mtext": "자동차 신품 부품 제조업", "Lno": "30", "ipc_main": "B60N-002/26", "Mno": "303", "country_code": "KR", "Sno": "3039", "LLtext": "제조업(10~34)", "documentId": "kr20000065231b1", "application_number": "1020000065231", "Ltext": "자동차 및 트레일러 제조업", "keyword": "카시트제조/자동차용의자제조/강도보강구조/하부앵커/시트/자동차용/장치/스트라이커/플레이트부/곡선부", "document_type": "B1"}, {"updateDate": "20220608", "LLno": "C", "SSno": "30393", "Stext": "자동차용 기타 신품 부품 제조업", "SStext": "자동차용 신품 의자 제조업", "Mtext": "자동차 신품 부품 제조업", "Lno": "30", "ipc_main": "B60N-002/04", "Mno": "303", "country_code": "KR", "Sno": "3039", "LLtext": "제조업(10~34)", "documentId": "kr20010001093y1", "application_number": "2020010001093", "Ltext": "자동차 및 트레일러 제조업", "keyword": "카시트제조/차량용내장의자제조/장치/각도조정/차량의자/인체공학적/방법/시트골조/등받이골조/하측로드", "document_type": "Y1"}, {"updateDate": "20220608", "LLno": "C", "SSno": "30393", "Stext": "자동차용 기타 신품 부품 제조업", "SStext": "자동차용 신품 의자 제조업", "Mtext": "자동차 신품 부품 제조업", "Lno": "30", "ipc_main": "B60N-002/005", "Mno": "303", "country_code": "KR", "Sno": "3039", "LLtext": "제조업(10~34)", "documentId": "kr20010032120a", "application_number": "1020010032120", "Ltext": "자동차 및 트레일러 제조업", "keyword": "카시트제조/자동차용의자제조/래치구조/록킹장치/리어시트쿠션/자동차용/장치/마운팅브라켓/이탈방지/원활회전", "document_type": "A"}, {"updateDate": "20220608", "LLno": "C", "SSno": "30393", "Stext": "자동차용 기타 신품 부품 제조업", "SStext": "자동차용 신품 의자 제조업", "Mtext": "자동차 신품 부품 제조업", "Lno": "30", "ipc_main": "B60N-003/08", "Mno": "303", "country_code": "KR", "Sno": "3039", "LLtext": "제조업(10~34)", "documentId": "kr20010035203b1", "application_number": "1020010035203", "Ltext": "자동차 및 트레일러 제조업", "keyword": "카시트제조/자동차용의자제조/트레이/자동차/상해방지/돌출/장치/하우징/슬라이딩/개폐수단", "document_type": "B1"}, {"updateDate": "20220608", "LLno": "C", "SSno": "30393", "Stext": "자동차용 기타 신품 부품 제조업", "SStext": "자동차용 신품 의자 제조업", "Mtext": "자동차 신품 부품 제조업", "Lno": "30", "ipc_main": "B60N-002/48", "Mno": "303", "country_code": "KR", "Sno": "3039", "LLtext": "제조업(10~34)", "documentId": "kr20010035266y1", "application_number": "2020010035266", "Ltext": "자동차 및 트레일러 제조업", "keyword": "카시트제조/자동차용의자제조/리커버/받침부용/헤드/좌석/장치/삽입/리커버/측면날개부", "document_type": "Y1"}, {"updateDate": "20220608", "LLno": "C", "SSno": "30393", "Stext": "자동차용 기타 신품 부품 제조업", "SStext": "자동차용 신품 의자 제조업", "Mtext": "자동차 신품 부품 제조업", "Lno": "30", "ipc_main": "B60N-002/26", "Mno": "303", "country_code": "KR", "Sno": "3039", "LLtext": "제조업(10~34)", "documentId": "kr20010049525a", "application_number": "1020010049525", "Ltext": "자동차 및 트레일러 제조업", "keyword": "카시트제조/자동차용의자제조/전개장치/보조쿠션/자동차용/수남간편/장치/콤프레셔/공기조절밸브/전자제어유니트", "document_type": "A"}, {"updateDate": "20220608", "LLno": "C", "SSno": "30393", "Stext": "자동차용 기타 신품 부품 제조업", "SStext": "자동차용 신품 의자 제조업", "Mtext": "자동차 신품 부품 제조업", "Lno": "30", "ipc_main": "B60N-002/44", "Mno": "303", "country_code": "KR", "Sno": "3039", "LLtext": "제조업(10~34)", "documentId": "kr20010052012a", "application_number": "1020010052012", "Ltext": "자동차 및 트레일러 제조업", "keyword": "카시트제조/차량용내장의자제조/쿠션장치/차량/좌석용/쿠션부/장치/플렉시블/폭방향/쿠션부재", "document_type": "A"}, {"updateDate": "20220608", "LLno": "C", "SSno": "30393", "Stext": "자동차용 기타 신품 부품 제조업", "SStext": "자동차용 신품 의자 제조업", "Mtext": "자동차 신품 부품 제조업", "Lno": "30", "ipc_main": "B60N-002/075", "Mno": "303", "country_code": "KR", "Sno": "3039", "LLtext": "제조업(10~34)", "documentId": "kr20010056726b1", "application_number": "1020010056726", "Ltext": "자동차 및 트레일러 제조업", "keyword": "카시트제조/자동차용의자제조/후방이동장치/시트쿠션/프론트/자동차용/장치/안내바/텐션스프링/시트트랙", "document_type": "B1"}, {"updateDate": "20220608", "LLno": "C", "SSno": "30393", "Stext": "자동차용 기타 신품 부품 제조업", "SStext": "자동차용 신품 의자 제조업", "Mtext": "자동차 신품 부품 제조업", "Lno": "30", "ipc_main": "B60N-002/00", "Mno": "303", "country_code": "KR", "Sno": "3039", "LLtext": "제조업(10~34)", "documentId": "kr20017009909a", "application_number": "1020017009909", "Ltext": "자동차 및 트레일러 제조업", "keyword": "카시트제조/차량용내장의자제조/구조체/시트/차량용/본체/장치/등받이/스프링/쉘", "document_type": "A"}, {"updateDate": "20220608", "LLno": "C", "SSno": "30393", "Stext": "자동차용 기타 신품 부품 제조업", "SStext": "자동차용 신품 의자 제조업", "Mtext": "자동차 신품 부품 제조업", "Lno": "30", "ipc_main": "B60N-002/48", "Mno": "303", "country_code": "KR", "Sno": "3039", "LLtext": "제조업(10~34)", "documentId": "kr20020024371y1", "application_number": "2020020024371", "Ltext": "자동차 및 트레일러 제조업", "keyword": "카시트제조/자동차용의자제조/머리받침대/자동차용/목받침/구비/장치/받침대본체/지지봉/일체", "document_type": "Y1"}, {"updateDate": "20220608", "LLno": "C", "SSno": "30393", "Stext": "자동차용 기타 신품 부품 제조업", "SStext": "자동차용 신품 의자 제조업", "Mtext": "자동차 신품 부품 제조업", "Lno": "30", "ipc_main": "B60N-002/26", "Mno": "303", "country_code": "KR", "Sno": "3039", "LLtext": "제조업(10~34)", "documentId": "kr20020028610y1", "application_number": "2020020028610", "Ltext": "자동차 및 트레일러 제조업", "keyword": "카시트제조/차량용내장의자제조/안전시트/유아용/소정각도/등받이/장치/베이스/시트부/몰입", "document_type": "Y1"}, {"updateDate": "20220608", "LLno": "C", "SSno": "30393", "Stext": "자동차용 기타 신품 부품 제조업", "SStext": "자동차용 신품 의자 제조업", "Mtext": "자동차 신품 부품 제조업", "Lno": "30", "ipc_main": "B60N-002/48", "Mno": "303", "country_code": "KR", "Sno": "3039", "LLtext": "제조업(10~34)", "documentId": "kr20030020524y1", "application_number": "2020030020524", "Ltext": "자동차 및 트레일러 제조업", "keyword": "카시트제조/자동차용의자제조/머리받침대/시트용/자동차/통증최소화/장치/머리후부/탑승자/지지면", "document_type": "Y1"}, {"updateDate": "20220608", "LLno": "C", "SSno": "30393", "Stext": "자동차용 기타 신품 부품 제조업", "SStext": "자동차용 신품 의자 제조업", "Mtext": "자동차 신품 부품 제조업", "Lno": "30", "ipc_main": "B66F-009/12", "Mno": "303", "country_code": "KR", "Sno": "3039", "LLtext": "제조업(10~34)", "documentId": "kr20030101448b1", "application_number": "1020030101448", "Ltext": "자동차 및 트레일러 제조업", "keyword": "카시트제조/차량용내장의자제조/클램핑장치/선박용부재/차량/구비/장치/축방향회전부재/길이방향/제어수단", "document_type": "B1"}, {"updateDate": "20220608", "LLno": "C", "SSno": "30393", "Stext": "자동차용 기타 신품 부품 제조업", "SStext": "자동차용 신품 의자 제조업", "Mtext": "자동차 신품 부품 제조업", "Lno": "30", "ipc_main": "B60N-002/44", "Mno": "303", "country_code": "KR", "Sno": "3039", "LLtext": "제조업(10~34)", "documentId": "kr20040000173y1", "application_number": "2020040000173", "Ltext": "자동차 및 트레일러 제조업", "keyword": "카시트제조/차량용내장의자제조/쿠션/어깨결림/방지/운전자용/장치/곡률면/지지부/접착부", "document_type": "Y1"}, {"updateDate": "20220608", "LLno": "C", "SSno": "30393", "Stext": "자동차용 기타 신품 부품 제조업", "SStext": "자동차용 신품 의자 제조업", "Mtext": "자동차 신품 부품 제조업", "Lno": "30", "ipc_main": "B60N-002/26", "Mno": "303", "country_code": "KR", "Sno": "3039", "LLtext": "제조업(10~34)", "documentId": "kr20040003185y1", "application_number": "2020040003185", "Ltext": "자동차 및 트레일러 제조업", "keyword": "카시트제조/자동차용의자제조/카시트/어린이/자동차용/기이드봉/장치/관통결합/받침판/위치조절판", "document_type": "Y1"}, {"updateDate": "20220608", "LLno": "C", "SSno": "30393", "Stext": "자동차용 기타 신품 부품 제조업", "SStext": "자동차용 신품 의자 제조업", "Mtext": "자동차 신품 부품 제조업", "Lno": "30", "ipc_main": "B60N-002/48", "Mno": "303", "country_code": "KR", "Sno": "3039", "LLtext": "제조업(10~34)", "documentId": "kr20040013425y1", "application_number": "2020040013425", "Ltext": "자동차 및 트레일러 제조업", "keyword": "카시트제조/자동차용의자제조/헤드레스트/자동차용/기어치/회동기어/장치/스테이로드/고정기어/회동구", "document_type": "Y1"}, {"updateDate": "20220608", "LLno": "C", "SSno": "30393", "Stext": "자동차용 기타 신품 부품 제조업", "SStext": "자동차용 신품 의자 제조업", "Mtext": "자동차 신품 부품 제조업", "Lno": "30", "ipc_main": "B60N-002/26", "Mno": "303", "country_code": "KR", "Sno": "3039", "LLtext": "제조업(10~34)", "documentId": "kr20040015357y1", "application_number": "2020040015357", "Ltext": "자동차 및 트레일러 제조업", "keyword": "카시트제조/차량용내장의자제조/조임구/밸트/시트용/차량/장치/좌석부/가이드편/파지부", "document_type": "Y1"}, {"updateDate": "20220608", "LLno": "C", "SSno": "30393", "Stext": "자동차용 기타 신품 부품 제조업", "SStext": "자동차용 신품 의자 제조업", "Mtext": "자동차 신품 부품 제조업", "Lno": "30", "ipc_main": "B60N-002/42", "Mno": "303", "country_code": "KR", "Sno": "3039", "LLtext": "제조업(10~34)", "documentId": "kr20040042942a", "application_number": "1020040042942", "Ltext": "자동차 및 트레일러 제조업", "keyword": "카시트제조/차량용내장의자제조/시트/충격감소/후방충돌/차량/장치/시트쿠션/후방지지부/이송부", "document_type": "A"}, {"updateDate": "20220608", "LLno": "C", "SSno": "30393", "Stext": "자동차용 기타 신품 부품 제조업", "SStext": "자동차용 신품 의자 제조업", "Mtext": "자동차 신품 부품 제조업", "Lno": "30", "ipc_main": "B60N-002/34", "Mno": "303", "country_code": "KR", "Sno": "3039", "LLtext": "제조업(10~34)", "documentId": "kr20040058996b1", "application_number": "1020040058996", "Ltext": "자동차 및 트레일러 제조업", "keyword": "카시트제조/대형트럭운전석용의자제조/간이베드/트럭용/플로워패널/힌지결합/장치/메인베드/폴딩/서브베드", "document_type": "B1"}, {"updateDate": "20220608", "LLno": "C", "SSno": "30393", "Stext": "자동차용 기타 신품 부품 제조업", "SStext": "자동차용 신품 의자 제조업", "Mtext": "자동차 신품 부품 제조업", "Lno": "30", "ipc_main": "B60N-002/08", "Mno": "303", "country_code": "KR", "Sno": "3039", "LLtext": "제조업(10~34)", "documentId": "kr20050002742b1", "application_number": "1020050002742", "Ltext": "자동차 및 트레일러 제조업", "keyword": "카시트제조/차량용내장의자제조/고정장치/시트트랙/차량용/고정홀/장치/어퍼트랙/로프삽입부/일체형성", "document_type": "B1"}, {"updateDate": "20220608", "LLno": "C", "SSno": "30393", "Stext": "자동차용 기타 신품 부품 제조업", "SStext": "자동차용 신품 의자 제조업", "Mtext": "자동차 신품 부품 제조업", "Lno": "30", "ipc_main": "B60N-002/08", "Mno": "303", "country_code": "KR", "Sno": "3039", "LLtext": "제조업(10~34)", "documentId": "kr20050002744a", "application_number": "1020050002744", "Ltext": "자동차 및 트레일러 제조업", "keyword": "카시트제조/차량용내장의자제조/고정장치/무단/시트트랙/차량용/장치/로우어트랙/시트트랙/구성", "document_type": "A"}, {"updateDate": "20220608", "LLno": "C", "SSno": "30393", "Stext": "자동차용 기타 신품 부품 제조업", "SStext": "자동차용 신품 의자 제조업", "Mtext": "자동차 신품 부품 제조업", "Lno": "30", "ipc_main": "B60N-003/00", "Mno": "303", "country_code": "KR", "Sno": "3039", "LLtext": "제조업(10~34)", "documentId": "kr20050003324a", "application_number": "1020050003324", "Ltext": "자동차 및 트레일러 제조업", "keyword": "카시트제조/차량용내장의자제조/지지구조/작동레버/테이블/차량용/장치/지지브라켓/회전지지축/고정부쉬", "document_type": "A"}, {"updateDate": "20220608", "LLno": "C", "SSno": "30393", "Stext": "자동차용 기타 신품 부품 제조업", "SStext": "자동차용 신품 의자 제조업", "Mtext": "자동차 신품 부품 제조업", "Lno": "30", "ipc_main": "B60N-002/28", "Mno": "303", "country_code": "KR", "Sno": "3039", "LLtext": "제조업(10~34)", "documentId": "kr20050014817y1", "application_number": "2020050014817", "Ltext": "자동차 및 트레일러 제조업", "keyword": "카시트제조/자동차용의자제조/카시트/유아용/튜브형/고정/장치/후면연결/공기주입/에어백", "document_type": "Y1"}, {"updateDate": "20220608", "LLno": "C", "SSno": "30393", "Stext": "자동차용 기타 신품 부품 제조업", "SStext": "자동차용 신품 의자 제조업", "Mtext": "자동차 신품 부품 제조업", "Lno": "30", "ipc_main": "B66F-009/06", "Mno": "303", "country_code": "KR", "Sno": "3039", "LLtext": "제조업(10~34)", "documentId": "kr20050031458y1", "application_number": "2020050031458", "Ltext": "자동차 및 트레일러 제조업", "keyword": "카시트제조/대형트럭운전석용의자제조/지게차/안전/회전축부재/캐리지포함/장치/탑승부재/구동수단/실린더부재", "document_type": "Y1"}, {"updateDate": "20220608", "LLno": "C", "SSno": "30393", "Stext": "자동차용 기타 신품 부품 제조업", "SStext": "자동차용 신품 의자 제조업", "Mtext": "자동차 신품 부품 제조업", "Lno": "30", "ipc_main": "B60N-002/22", "Mno": "303", "country_code": "KR", "Sno": "3039", "LLtext": "제조업(10~34)", "documentId": "kr20050101691b1", "application_number": "1020050101691", "Ltext": "자동차 및 트레일러 제조업", "keyword": "카시트제조/차량용내장의자제조/레버구조/리클라이너/투터치/폴딩시트/장치/시트쿠션/케이블/회동", "document_type": "B1"}, {"updateDate": "20220608", "LLno": "C", "SSno": "30393", "Stext": "자동차용 기타 신품 부품 제조업", "SStext": "자동차용 신품 의자 제조업", "Mtext": "자동차 신품 부품 제조업", "Lno": "30", "ipc_main": "B60N-002/22", "Mno": "303", "country_code": "KR", "Sno": "3039", "LLtext": "제조업(10~34)", "documentId": "kr20050119210a", "application_number": "1020050119210", "Ltext": "자동차 및 트레일러 제조업", "keyword": "카시트제조/자동차용의자제조/조절장치/시트/자동차/브라켓/장치/베이스플레이트/장착용브라켓/링크부재", "document_type": "A"}, {"updateDate": "20220608", "LLno": "C", "SSno": "30393", "Stext": "자동차용 기타 신품 부품 제조업", "SStext": "자동차용 신품 의자 제조업", "Mtext": "자동차 신품 부품 제조업", "Lno": "30", "ipc_main": "B60N-002/22", "Mno": "303", "country_code": "KR", "Sno": "3039", "LLtext": "제조업(10~34)", "documentId": "kr20050121057b1", "application_number": "1020050121057", "Ltext": "자동차 및 트레일러 제조업", "keyword": "카시트제조/차량용내장의자제조/방지구조/해제/리클라이닝/시트/장치/회전조장/리클라이너/힌지가능", "document_type": "B1"}, {"updateDate": "20220608", "LLno": "C", "SSno": "30393", "Stext": "자동차용 기타 신품 부품 제조업", "SStext": "자동차용 신품 의자 제조업", "Mtext": "자동차 신품 부품 제조업", "Lno": "30", "ipc_main": "B60N-002/20", "Mno": "303", "country_code": "KR", "Sno": "3039", "LLtext": "제조업(10~34)", "documentId": "kr20050126770b1", "application_number": "1020050126770", "Ltext": "자동차 및 트레일러 제조업", "keyword": "카시트제조/차량용내장의자제조/리클라이너/폴딩/시트/차량용/장치/레버핀/레버부/스프링", "document_type": "B1"}, {"updateDate": "20220608", "LLno": "C", "SSno": "30393", "Stext": "자동차용 기타 신품 부품 제조업", "SStext": "자동차용 신품 의자 제조업", "Mtext": "자동차 신품 부품 제조업", "Lno": "30", "ipc_main": "B60N-002/06", "Mno": "303", "country_code": "KR", "Sno": "3039", "LLtext": "제조업(10~34)", "documentId": "kr20050130923b1", "application_number": "1020050130923", "Ltext": "자동차 및 트레일러 제조업", "keyword": "카시트제조/자동차용의자제조/시트레일/자동차용/구름수단/흔들림예방/장치/레일홈/베어링핀/접촉설치", "document_type": "B1"}, {"updateDate": "20220608", "LLno": "C", "SSno": "30393", "Stext": "자동차용 기타 신품 부품 제조업", "SStext": "자동차용 신품 의자 제조업", "Mtext": "자동차 신품 부품 제조업", "Lno": "30", "ipc_main": "B60N-003/16", "Mno": "303", "country_code": "KR", "Sno": "3039", "LLtext": "제조업(10~34)", "documentId": "kr20060018800y1", "application_number": "2020060018800", "Ltext": "자동차 및 트레일러 제조업", "keyword": "카시트제조/자동차용의자제조/용기/온수제조/차량용/조립받침부재/장치/개방구조/하측부/발열체", "document_type": "Y1"}, {"updateDate": "20220608", "LLno": "C", "SSno": "30393", "Stext": "자동차용 기타 신품 부품 제조업", "SStext": "자동차용 신품 의자 제조업", "Mtext": "자동차 신품 부품 제조업", "Lno": "30", "ipc_main": "B60N-002/06", "Mno": "303", "country_code": "KR", "Sno": "3039", "LLtext": "제조업(10~34)", "documentId": "kr20060034299a", "application_number": "1020060034299", "Ltext": "자동차 및 트레일러 제조업", "keyword": "카시트제조/차량용내장의자제조/슬라이드/시트/기어박스/구비/장치/쿠션프레임/장착홀/레일", "document_type": "A"}, {"updateDate": "20220608", "LLno": "C", "SSno": "30393", "Stext": "자동차용 기타 신품 부품 제조업", "SStext": "자동차용 신품 의자 제조업", "Mtext": "자동차 신품 부품 제조업", "Lno": "30", "ipc_main": "B60N-002/48", "Mno": "303", "country_code": "KR", "Sno": "3039", "LLtext": "제조업(10~34)", "documentId": "kr20060065589b1", "application_number": "1020060065589", "Ltext": "자동차 및 트레일러 제조업", "keyword": "카시트제조/자동차용의자제조/헤드레스트/자동차용/충격방지/견인부재/장치/지지로드/슬라이딩/가변레버", "document_type": "B1"}, {"updateDate": "20220608", "LLno": "C", "SSno": "30393", "Stext": "자동차용 기타 신품 부품 제조업", "SStext": "자동차용 신품 의자 제조업", "Mtext": "자동차 신품 부품 제조업", "Lno": "30", "ipc_main": "B60N-002/30", "Mno": "303", "country_code": "KR", "Sno": "3039", "LLtext": "제조업(10~34)", "documentId": "kr20060103454b1", "application_number": "1020060103454", "Ltext": "자동차 및 트레일러 제조업", "keyword": "카시트제조/자동차용의자제조/좌석/접이식/자동차용/공간확보/장치/등받이/좌석시트/회전가능", "document_type": "B1"}, {"updateDate": "20220608", "LLno": "C", "SSno": "30393", "Stext": "자동차용 기타 신품 부품 제조업", "SStext": "자동차용 신품 의자 제조업", "Mtext": "자동차 신품 부품 제조업", "Lno": "30", "ipc_main": "B60N-002/48", "Mno": "303", "country_code": "KR", "Sno": "3039", "LLtext": "제조업(10~34)", "documentId": "kr20060115696a", "application_number": "1020060115696", "Ltext": "자동차 및 트레일러 제조업", "keyword": "카시트제조/차량용내장의자제조/시트백/평안함/설치홈/회전가능/장치/본체/헤드레스트/가변부", "document_type": "A"}, {"updateDate": "20220608", "LLno": "C", "SSno": "30393", "Stext": "자동차용 기타 신품 부품 제조업", "SStext": "자동차용 신품 의자 제조업", "Mtext": "자동차 신품 부품 제조업", "Lno": "30", "ipc_main": "B60N-002/56", "Mno": "303", "country_code": "KR", "Sno": "3039", "LLtext": "제조업(10~34)", "documentId": "kr20060134891a", "application_number": "1020060134891", "Ltext": "자동차 및 트레일러 제조업", "keyword": "카시트제조/자동차용의자제조/시트/발열/자동차/카본사/장치/시트외피/쿠션부재/발열원단", "document_type": "A"}, {"updateDate": "20220608", "LLno": "C", "SSno": "30393", "Stext": "자동차용 기타 신품 부품 제조업", "SStext": "자동차용 신품 의자 제조업", "Mtext": "자동차 신품 부품 제조업", "Lno": "30", "ipc_main": "B60N-002/235", "Mno": "303", "country_code": "KR", "Sno": "3039", "LLtext": "제조업(10~34)", "documentId": "kr20067027628a", "application_number": "1020067027628", "Ltext": "자동차 및 트레일러 제조업", "keyword": "카시트제조/차량용내장의자제조/장착부/좌석용/차량/세그먼트/장치/횡방향/잠금부재/분할선", "document_type": "A"}, {"updateDate": "20220608", "LLno": "C", "SSno": "30393", "Stext": "자동차용 기타 신품 부품 제조업", "SStext": "자동차용 신품 의자 제조업", "Mtext": "자동차 신품 부품 제조업", "Lno": "30", "ipc_main": "B60N-002/58", "Mno": "303", "country_code": "KR", "Sno": "3039", "LLtext": "제조업(10~34)", "documentId": "kr20070020582u", "application_number": "2020070020582", "Ltext": "자동차 및 트레일러 제조업", "keyword": "카시트제조/차량용내장의자제조/시트/차량/시트백커버/간편교체/장치/시트쿠션/지퍼/커버", "document_type": "U"}, {"updateDate": "20220608", "LLno": "C", "SSno": "30393", "Stext": "자동차용 기타 신품 부품 제조업", "SStext": "자동차용 신품 의자 제조업", "Mtext": "자동차 신품 부품 제조업", "Lno": "30", "ipc_main": "B60N-002/46", "Mno": "303", "country_code": "KR", "Sno": "3039", "LLtext": "제조업(10~34)", "documentId": "kr20070063383a", "application_number": "1020070063383", "Ltext": "자동차 및 트레일러 제조업", "keyword": "카시트제조/자동차용의자제조/프레임/암레스트/자동차용/제작/장치/몸체부/일체형성/힌지부", "document_type": "A"}, {"updateDate": "20220608", "LLno": "C", "SSno": "30393", "Stext": "자동차용 기타 신품 부품 제조업", "SStext": "자동차용 신품 의자 제조업", "Mtext": "자동차 신품 부품 제조업", "Lno": "30", "ipc_main": "B60N-002/04", "Mno": "303", "country_code": "KR", "Sno": "3039", "LLtext": "제조업(10~34)", "documentId": "kr20070069098b1", "application_number": "1020070069098", "Ltext": "자동차 및 트레일러 제조업", "keyword": "카시트제조/자동차용의자제조/조작장치/프론트시트/자동차/3도어/장치/리클라이너/브라켓/워크인레버", "document_type": "B1"}, {"updateDate": "20220608", "LLno": "C", "SSno": "30393", "Stext": "자동차용 기타 신품 부품 제조업", "SStext": "자동차용 신품 의자 제조업", "Mtext": "자동차 신품 부품 제조업", "Lno": "30", "ipc_main": "B66F-009/06", "Mno": "303", "country_code": "KR", "Sno": "3039", "LLtext": "제조업(10~34)", "documentId": "kr20070080831a", "application_number": "1020070080831", "Ltext": "자동차 및 트레일러 제조업", "keyword": "카시트제조/대형트럭운전석용의자제조/안전제어장치/액셀페달/모노/엔진식지게차용/장치/마이컴/제어장치/경고램프", "document_type": "A"}, {"updateDate": "20220608", "LLno": "C", "SSno": "30393", "Stext": "자동차용 기타 신품 부품 제조업", "SStext": "자동차용 신품 의자 제조업", "Mtext": "자동차 신품 부품 제조업", "Lno": "30", "ipc_main": "B60N-002/16", "Mno": "303", "country_code": "KR", "Sno": "3039", "LLtext": "제조업(10~34)", "documentId": "kr20070096199b1", "application_number": "1020070096199", "Ltext": "자동차 및 트레일러 제조업", "keyword": "카시트제조/자동차용의자제조/시트/자동차/쿠션프레임/스토퍼/장치/종방향/피벗가능/가압이동", "document_type": "B1"}, {"updateDate": "20220608", "LLno": "C", "SSno": "30393", "Stext": "자동차용 기타 신품 부품 제조업", "SStext": "자동차용 신품 의자 제조업", "Mtext": "자동차 신품 부품 제조업", "Lno": "30", "ipc_main": "B60N-002/48", "Mno": "303", "country_code": "KR", "Sno": "3039", "LLtext": "제조업(10~34)", "documentId": "kr20070113621b1", "application_number": "1020070113621", "Ltext": "자동차 및 트레일러 제조업", "keyword": "카시트제조/차량용내장의자제조/헤드레스트/차량용/스톱퍼/스프링/장치/회전/브라켓/로커", "document_type": "B1"}, {"updateDate": "20220608", "LLno": "C", "SSno": "30393", "Stext": "자동차용 기타 신품 부품 제조업", "SStext": "자동차용 신품 의자 제조업", "Mtext": "자동차 신품 부품 제조업", "Lno": "30", "ipc_main": "B60N-002/46", "Mno": "303", "country_code": "KR", "Sno": "3039", "LLtext": "제조업(10~34)", "documentId": "kr20080014034a", "application_number": "1020080014034", "Ltext": "자동차 및 트레일러 제조업", "keyword": "카시트제조/차량용내장의자제조/결합구조/커버/암레스트/차량/장치/수납공간/덱크/체결스트립", "document_type": "A"}, {"updateDate": "20220608", "LLno": "C", "SSno": "30393", "Stext": "자동차용 기타 신품 부품 제조업", "SStext": "자동차용 신품 의자 제조업", "Mtext": "자동차 신품 부품 제조업", "Lno": "30", "ipc_main": "B60N-002/30", "Mno": "303", "country_code": "KR", "Sno": "3039", "LLtext": "제조업(10~34)", "documentId": "kr20080044340b1", "application_number": "1020080044340", "Ltext": "자동차 및 트레일러 제조업", "keyword": "카시트제조/차량용내장의자제조/시트/더블폴딩/차량/편의성향상/장치/시트쿠션/앵커/로크캠", "document_type": "B1"}, {"updateDate": "20220608", "LLno": "C", "SSno": "30393", "Stext": "자동차용 기타 신품 부품 제조업", "SStext": "자동차용 신품 의자 제조업", "Mtext": "자동차 신품 부품 제조업", "Lno": "30", "ipc_main": "B60N-002/22", "Mno": "303", "country_code": "KR", "Sno": "3039", "LLtext": "제조업(10~34)", "documentId": "kr20080064938b1", "application_number": "1020080064938", "Ltext": "자동차 및 트레일러 제조업", "keyword": "카시트제조/차량용내장의자제조/리클라이너/시트/차량용/작동원활/장치/컨트롤디스크/회전캠/플레이트", "document_type": "B1"}, {"updateDate": "20220608", "LLno": "C", "SSno": "30393", "Stext": "자동차용 기타 신품 부품 제조업", "SStext": "자동차용 신품 의자 제조업", "Mtext": "자동차 신품 부품 제조업", "Lno": "30", "ipc_main": "B60N-002/26", "Mno": "303", "country_code": "KR", "Sno": "3039", "LLtext": "제조업(10~34)", "documentId": "kr20080069679a", "application_number": "1020080069679", "Ltext": "자동차 및 트레일러 제조업", "keyword": "카시트제조/차량용내장의자제조/풋매트/보온/유아용/유모차/연결공/장치/보온매트/안전벨트/모서리지퍼", "document_type": "A"}, {"updateDate": "20220608", "LLno": "C", "SSno": "30393", "Stext": "자동차용 기타 신품 부품 제조업", "SStext": "자동차용 신품 의자 제조업", "Mtext": "자동차 신품 부품 제조업", "Lno": "30", "ipc_main": "B60N-002/48", "Mno": "303", "country_code": "KR", "Sno": "3039", "LLtext": "제조업(10~34)", "documentId": "kr20080107547a", "application_number": "1020080107547", "Ltext": "자동차 및 트레일러 제조업", "keyword": "카시트제조/자동차용의자제조/조절구조/각도/헤드레스트/자동차/장치/회전캠/중앙브래킷/회동", "document_type": "A"}, {"updateDate": "20220608", "LLno": "C", "SSno": "30393", "Stext": "자동차용 기타 신품 부품 제조업", "SStext": "자동차용 신품 의자 제조업", "Mtext": "자동차 신품 부품 제조업", "Lno": "30", "ipc_main": "B60N-002/48", "Mno": "303", "country_code": "KR", "Sno": "3039", "LLtext": "제조업(10~34)", "documentId": "kr20087009784a", "application_number": "1020087009784", "Ltext": "자동차 및 트레일러 제조업", "keyword": "카시트제조/자동차용의자제조/억제부/능동형/헤드/착석자/장치/등받이/프레임/활주식", "document_type": "A"}, {"updateDate": "20220608", "LLno": "C", "SSno": "30393", "Stext": "자동차용 기타 신품 부품 제조업", "SStext": "자동차용 신품 의자 제조업", "Mtext": "자동차 신품 부품 제조업", "Lno": "30", "ipc_main": "B60N-002/14", "Mno": "303", "country_code": "KR", "Sno": "3039", "LLtext": "제조업(10~34)", "documentId": "kr20087011641a", "application_number": "1020087011641", "Ltext": "자동차 및 트레일러 제조업", "keyword": "카시트제조/차량용내장의자제조/조립체/시트/반전가능/자동식결합/장치/시트라이저/제어링크/피봇결합", "document_type": "A"}, {"updateDate": "20220608", "LLno": "C", "SSno": "30393", "Stext": "자동차용 기타 신품 부품 제조업", "SStext": "자동차용 신품 의자 제조업", "Mtext": "자동차 신품 부품 제조업", "Lno": "30", "ipc_main": "B60N-002/56", "Mno": "303", "country_code": "KR", "Sno": "3039", "LLtext": "제조업(10~34)", "documentId": "kr20087022012b1", "application_number": "1020087022012", "Ltext": "자동차 및 트레일러 제조업", "keyword": "카시트제조/차량용내장의자제조/발열장치/차량좌석용/발열기구/병렬접속/장치/써모스탯/제어회로/온도제어", "document_type": "B1"}, {"updateDate": "20220608", "LLno": "C", "SSno": "30393", "Stext": "자동차용 기타 신품 부품 제조업", "SStext": "자동차용 신품 의자 제조업", "Mtext": "자동차 신품 부품 제조업", "Lno": "30", "ipc_main": "B60N-002/68", "Mno": "303", "country_code": "KR", "Sno": "3039", "LLtext": "제조업(10~34)", "documentId": "kr20087025774b1", "application_number": "1020087025774", "Ltext": "자동차 및 트레일러 제조업", "keyword": "카시트제조/차량용내장의자제조/시트백프레임/차량용/플랜지부/변형억제/장치/프레임측판부/연장부/연장", "document_type": "B1"}, {"updateDate": "20220608", "LLno": "C", "SSno": "30393", "Stext": "자동차용 기타 신품 부품 제조업", "SStext": "자동차용 신품 의자 제조업", "Mtext": "자동차 신품 부품 제조업", "Lno": "30", "ipc_main": "B60N-002/44", "Mno": "303", "country_code": "KR", "Sno": "3039", "LLtext": "제조업(10~34)", "documentId": "kr20090003909u", "application_number": "2020090003909", "Ltext": "자동차 및 트레일러 제조업", "keyword": "카시트제조/자동차용의자제조/시트커버/자동차용/합성수지/결합체결/장치/등받이/방석/체결부재", "document_type": "U"}, {"updateDate": "20220608", "LLno": "C", "SSno": "30393", "Stext": "자동차용 기타 신품 부품 제조업", "SStext": "자동차용 신품 의자 제조업", "Mtext": "자동차 신품 부품 제조업", "Lno": "30", "ipc_main": "B60N-002/26", "Mno": "303", "country_code": "KR", "Sno": "3039", "LLtext": "제조업(10~34)", "documentId": "kr20090005758y1", "application_number": "2020090005758", "Ltext": "자동차 및 트레일러 제조업", "keyword": "카시트제조/차량용내장의자제조/록킹장치/벨트/유아용/카시트/장치/이격부/록킹레버/밀착부재", "document_type": "Y1"}, {"updateDate": "20220608", "LLno": "C", "SSno": "30393", "Stext": "자동차용 기타 신품 부품 제조업", "SStext": "자동차용 신품 의자 제조업", "Mtext": "자동차 신품 부품 제조업", "Lno": "30", "ipc_main": "B60N-002/48", "Mno": "303", "country_code": "KR", "Sno": "3039", "LLtext": "제조업(10~34)", "documentId": "kr20090019131b1", "application_number": "1020090019131", "Ltext": "자동차 및 트레일러 제조업", "keyword": "카시트제조/자동차용의자제조/헤드레스트/능동형/머리받침판/돌출/장치/분리/설치/연결", "document_type": "B1"}, {"updateDate": "20220608", "LLno": "C", "SSno": "30393", "Stext": "자동차용 기타 신품 부품 제조업", "SStext": "자동차용 신품 의자 제조업", "Mtext": "자동차 신품 부품 제조업", "Lno": "30", "ipc_main": "B60N-002/56", "Mno": "303", "country_code": "KR", "Sno": "3039", "LLtext": "제조업(10~34)", "documentId": "kr20090048568a", "application_number": "1020090048568", "Ltext": "자동차 및 트레일러 제조업", "keyword": "카시트제조/차량용내장의자제조/히팅커버/차량용/플레이트/핫메쉬/장치/전원연결부/카본블랙/전도성조성물", "document_type": "A"}, {"updateDate": "20220608", "LLno": "C", "SSno": "30393", "Stext": "자동차용 기타 신품 부품 제조업", "SStext": "자동차용 신품 의자 제조업", "Mtext": "자동차 신품 부품 제조업", "Lno": "30", "ipc_main": "B60N-002/06", "Mno": "303", "country_code": "KR", "Sno": "3039", "LLtext": "제조업(10~34)", "documentId": "kr20090058897a", "application_number": "1020090058897", "Ltext": "자동차 및 트레일러 제조업", "keyword": "카시트제조/자동차용의자제조/조립체/기어박스/이송장치/시트/장치/리드스크류/관통결합/웜휠", "document_type": "A"}, {"updateDate": "20220608", "LLno": "C", "SSno": "30393", "Stext": "자동차용 기타 신품 부품 제조업", "SStext": "자동차용 신품 의자 제조업", "Mtext": "자동차 신품 부품 제조업", "Lno": "30", "ipc_main": "B60N-002/58", "Mno": "303", "country_code": "KR", "Sno": "3039", "LLtext": "제조업(10~34)", "documentId": "kr20090062137a", "application_number": "1020090062137", "Ltext": "자동차 및 트레일러 제조업", "keyword": "카시트제조/자동차용의자제조/매트/유아놀이방/차량용/보관편리/장치/후방시트/외피/지지판", "document_type": "A"}, {"updateDate": "20220608", "LLno": "C", "SSno": "30393", "Stext": "자동차용 기타 신품 부품 제조업", "SStext": "자동차용 신품 의자 제조업", "Mtext": "자동차 신품 부품 제조업", "Lno": "30", "ipc_main": "B60N-002/005", "Mno": "303", "country_code": "KR", "Sno": "3039", "LLtext": "제조업(10~34)", "documentId": "kr20090117054a", "application_number": "1020090117054", "Ltext": "자동차 및 트레일러 제조업", "keyword": "카시트제조/자동차용의자제조/드라이버/구동/전동시트/자동차용/장치/구동드라이버/조작스위치/트랜지스터", "document_type": "A"}, {"updateDate": "20220608", "LLno": "C", "SSno": "30393", "Stext": "자동차용 기타 신품 부품 제조업", "SStext": "자동차용 신품 의자 제조업", "Mtext": "자동차 신품 부품 제조업", "Lno": "30", "ipc_main": "B60N-002/16", "Mno": "303", "country_code": "KR", "Sno": "3039", "LLtext": "제조업(10~34)", "documentId": "kr20090123103b1", "application_number": "1020090123103", "Ltext": "자동차 및 트레일러 제조업", "keyword": "카시트제조/자동차용의자제조/디바이스/펌핑/시트쿠션용/자동차/장치/피니언샤프트/브레이크롤러/레버브래킷", "document_type": "B1"}, {"updateDate": "20220608", "LLno": "C", "SSno": "30393", "Stext": "자동차용 기타 신품 부품 제조업", "SStext": "자동차용 신품 의자 제조업", "Mtext": "자동차 신품 부품 제조업", "Lno": "30", "ipc_main": "B60N-002/68", "Mno": "303", "country_code": "KR", "Sno": "3039", "LLtext": "제조업(10~34)", "documentId": "kr20097002951b1", "application_number": "1020097002951", "Ltext": "자동차 및 트레일러 제조업", "keyword": "카시트제조/차량용내장의자제조/복합부품/지지/주형/열가소성/장치/연결단부/복합층/기부", "document_type": "B1"}, {"updateDate": "20220608", "LLno": "C", "SSno": "30393", "Stext": "자동차용 기타 신품 부품 제조업", "SStext": "자동차용 신품 의자 제조업", "Mtext": "자동차 신품 부품 제조업", "Lno": "30", "ipc_main": "B60N-002/62", "Mno": "303", "country_code": "KR", "Sno": "3039", "LLtext": "제조업(10~34)", "documentId": "kr20100006457u", "application_number": "2020100006457", "Ltext": "자동차 및 트레일러 제조업", "keyword": "카시트제조/차량용내장의자제조/길이조절장치/시트쿠션/차량용/가이드부재/장치/브라켓/이동슬롯부/크로스브라켓", "document_type": "U"}, {"updateDate": "20220608", "LLno": "C", "SSno": "30393", "Stext": "자동차용 기타 신품 부품 제조업", "SStext": "자동차용 신품 의자 제조업", "Mtext": "자동차 신품 부품 제조업", "Lno": "30", "ipc_main": "B60N-002/26", "Mno": "303", "country_code": "KR", "Sno": "3039", "LLtext": "제조업(10~34)", "documentId": "kr20100023805b1", "application_number": "1020100023805", "Ltext": "자동차 및 트레일러 제조업", "keyword": "카시트제조/차량용내장의자제조/어깨패드/유아용/카시트/적용/장치/패드본체/고정연결부/방지수단", "document_type": "B1"}, {"updateDate": "20220608", "LLno": "C", "SSno": "30393", "Stext": "자동차용 기타 신품 부품 제조업", "SStext": "자동차용 신품 의자 제조업", "Mtext": "자동차 신품 부품 제조업", "Lno": "30", "ipc_main": "B60N-002/44", "Mno": "303", "country_code": "KR", "Sno": "3039", "LLtext": "제조업(10~34)", "documentId": "kr20100046272b1", "application_number": "1020100046272", "Ltext": "자동차 및 트레일러 제조업", "keyword": "카시트제조/자동차용의자제조/시트/자동차/인체공학적/방지/장치/통공/날개부재/절개홈", "document_type": "B1"}, {"updateDate": "20220608", "LLno": "C", "SSno": "30393", "Stext": "자동차용 기타 신품 부품 제조업", "SStext": "자동차용 신품 의자 제조업", "Mtext": "자동차 신품 부품 제조업", "Lno": "30", "ipc_main": "B60N-003/04", "Mno": "303", "country_code": "KR", "Sno": "3039", "LLtext": "제조업(10~34)", "documentId": "kr20100061146b1", "application_number": "1020100061146", "Ltext": "자동차 및 트레일러 제조업", "keyword": "카시트제조/자동차용의자제조/고정부재/카매트/자동차/절첩/장치/수후크/결합보스/절첩밴드", "document_type": "B1"}, {"updateDate": "20220608", "LLno": "C", "SSno": "30393", "Stext": "자동차용 기타 신품 부품 제조업", "SStext": "자동차용 신품 의자 제조업", "Mtext": "자동차 신품 부품 제조업", "Lno": "30", "ipc_main": "B60N-002/22", "Mno": "303", "country_code": "KR", "Sno": "3039", "LLtext": "제조업(10~34)", "documentId": "kr20100073373a", "application_number": "1020100073373", "Ltext": "자동차 및 트레일러 제조업", "keyword": "카시트제조/자동차용의자제조/리클라이너/시트/결합/품질향상/장치/섹터기어/록기어/리턴스프링", "document_type": "A"}, {"updateDate": "20220608", "LLno": "C", "SSno": "30393", "Stext": "자동차용 기타 신품 부품 제조업", "SStext": "자동차용 신품 의자 제조업", "Mtext": "자동차 신품 부품 제조업", "Lno": "30", "ipc_main": "B60N-002/08", "Mno": "303", "country_code": "KR", "Sno": "3039", "LLtext": "제조업(10~34)", "documentId": "kr20100099244a", "application_number": "1020100099244", "Ltext": "자동차 및 트레일러 제조업", "keyword": "카시트제조/차량용내장의자제조/폴딩장치/시트/차량용/구조간단/장치/파지스트랩/리턴스프링/토션스프링", "document_type": "A"}, {"updateDate": "20220608", "LLno": "C", "SSno": "30393", "Stext": "자동차용 기타 신품 부품 제조업", "SStext": "자동차용 신품 의자 제조업", "Mtext": "자동차 신품 부품 제조업", "Lno": "30", "ipc_main": "B66F-009/24", "Mno": "303", "country_code": "KR", "Sno": "3039", "LLtext": "제조업(10~34)", "documentId": "kr20100132269a", "application_number": "1020100132269", "Ltext": "자동차 및 트레일러 제조업", "keyword": "카시트제조/차량용내장의자제조/시스템/자동제어/지게차용/엑셀페달/장치/조작감시기/거리센서/제어부", "document_type": "A"}, {"updateDate": "20220608", "LLno": "C", "SSno": "30393", "Stext": "자동차용 기타 신품 부품 제조업", "SStext": "자동차용 신품 의자 제조업", "Mtext": "자동차 신품 부품 제조업", "Lno": "30", "ipc_main": "B60N-002/68", "Mno": "303", "country_code": "KR", "Sno": "3039", "LLtext": "제조업(10~34)", "documentId": "kr20107003776a", "application_number": "1020107003776", "Ltext": "자동차 및 트레일러 제조업", "keyword": "카시트제조/차량용내장의자제조/개선/시팅/중공섹션/시트프레임/장치/발포체/보강/제공", "document_type": "A"}, {"updateDate": "20220608", "LLno": "C", "SSno": "30393", "Stext": "자동차용 기타 신품 부품 제조업", "SStext": "자동차용 신품 의자 제조업", "Mtext": "자동차 신품 부품 제조업", "Lno": "30", "ipc_main": "B60N-002/30", "Mno": "303", "country_code": "KR", "Sno": "3039", "LLtext": "제조업(10~34)", "documentId": "kr20107016823a", "application_number": "1020107016823", "Ltext": "자동차 및 트레일러 제조업", "keyword": "카시트제조/차량용내장의자제조/시트조립체/폴딩닐링/기립기구/피봇운동/장치/리어단부/시트쿠션/구동링크", "document_type": "A"}, {"updateDate": "20220608", "LLno": "C", "SSno": "30393", "Stext": "자동차용 기타 신품 부품 제조업", "SStext": "자동차용 신품 의자 제조업", "Mtext": "자동차 신품 부품 제조업", "Lno": "30", "ipc_main": "B60N-002/08", "Mno": "303", "country_code": "KR", "Sno": "3039", "LLtext": "제조업(10~34)", "documentId": "kr20107020416b1", "application_number": "1020107020416", "Ltext": "자동차 및 트레일러 제조업", "keyword": "카시트제조/차량용내장의자제조/조정장치/길이방향/좌석용/차량/장치/디텐트/전방프랭크/치형부", "document_type": "B1"}, {"updateDate": "20220608", "LLno": "C", "SSno": "30393", "Stext": "자동차용 기타 신품 부품 제조업", "SStext": "자동차용 신품 의자 제조업", "Mtext": "자동차 신품 부품 제조업", "Lno": "30", "ipc_main": "B60N-002/26", "Mno": "303", "country_code": "KR", "Sno": "3039", "LLtext": "제조업(10~34)", "documentId": "kr20110024008a", "application_number": "1020110024008", "Ltext": "자동차 및 트레일러 제조업", "keyword": "카시트제조/차량용내장의자제조/안전좌석/아동/구조적/지지/장치/지지부/후방부/좌석", "document_type": "A"}, {"updateDate": "20220608", "LLno": "C", "SSno": "30393", "Stext": "자동차용 기타 신품 부품 제조업", "SStext": "자동차용 신품 의자 제조업", "Mtext": "자동차 신품 부품 제조업", "Lno": "30", "ipc_main": "B60N-002/56", "Mno": "303", "country_code": "KR", "Sno": "3039", "LLtext": "제조업(10~34)", "documentId": "kr20110029120a", "application_number": "1020110029120", "Ltext": "자동차 및 트레일러 제조업", "keyword": "카시트제조/자동차용의자제조/자동차시트/발열/온도조절/직렬연결/장치/착석부/등받이부/발열직물", "document_type": "A"}, {"updateDate": "20220608", "LLno": "C", "SSno": "30393", "Stext": "자동차용 기타 신품 부품 제조업", "SStext": "자동차용 신품 의자 제조업", "Mtext": "자동차 신품 부품 제조업", "Lno": "30", "ipc_main": "B60N-002/44", "Mno": "303", "country_code": "KR", "Sno": "3039", "LLtext": "제조업(10~34)", "documentId": "kr20110037002a", "application_number": "1020110037002", "Ltext": "자동차 및 트레일러 제조업", "keyword": "카시트제조/차량용내장의자제조/전동시트/운전자/맞춤/기억장치/장치/수용공간/조작패달/밑바닦", "document_type": "A"}, {"updateDate": "20220608", "LLno": "C", "SSno": "30393", "Stext": "자동차용 기타 신품 부품 제조업", "SStext": "자동차용 신품 의자 제조업", "Mtext": "자동차 신품 부품 제조업", "Lno": "30", "ipc_main": "B60N-002/26", "Mno": "303", "country_code": "KR", "Sno": "3039", "LLtext": "제조업(10~34)", "documentId": "kr20110045628a", "application_number": "1020110045628", "Ltext": "자동차 및 트레일러 제조업", "keyword": "카시트제조/차량용내장의자제조/시트/차일드/차량용/베이스부재/장치/좌석본체/후경각도/고정기구", "document_type": "A"}, {"updateDate": "20220608", "LLno": "C", "SSno": "30393", "Stext": "자동차용 기타 신품 부품 제조업", "SStext": "자동차용 신품 의자 제조업", "Mtext": "자동차 신품 부품 제조업", "Lno": "30", "ipc_main": "B60N-002/48", "Mno": "303", "country_code": "KR", "Sno": "3039", "LLtext": "제조업(10~34)", "documentId": "kr20110138550a", "application_number": "1020110138550", "Ltext": "자동차 및 트레일러 제조업", "keyword": "카시트제조/차량용내장의자제조/헤드레스트/시트/차량용/제어부/장치/일측부/힌지결합/링크부", "document_type": "A"}, {"updateDate": "20220608", "LLno": "C", "SSno": "30393", "Stext": "자동차용 기타 신품 부품 제조업", "SStext": "자동차용 신품 의자 제조업", "Mtext": "자동차 신품 부품 제조업", "Lno": "30", "ipc_main": "B60N-002/16", "Mno": "303", "country_code": "KR", "Sno": "3039", "LLtext": "제조업(10~34)", "documentId": "kr20110140424a", "application_number": "1020110140424", "Ltext": "자동차 및 트레일러 제조업", "keyword": "카시트제조/차량용내장의자제조/펌핑디바이스/시트/차량용/복원불량방지/장치/전면하우징/레버브래킷/리턴스프링", "document_type": "A"}, {"updateDate": "20220608", "LLno": "C", "SSno": "30393", "Stext": "자동차용 기타 신품 부품 제조업", "SStext": "자동차용 신품 의자 제조업", "Mtext": "자동차 신품 부품 제조업", "Lno": "30", "ipc_main": "B60N-002/58", "Mno": "303", "country_code": "KR", "Sno": "3039", "LLtext": "제조업(10~34)", "documentId": "kr20117023831a", "application_number": "1020117023831", "Ltext": "자동차 및 트레일러 제조업", "keyword": "카시트제조/차량용내장의자제조/방법/쿠션/시트/차량/장치/경도/포옴물질/플리스", "document_type": "A"}, {"updateDate": "20220608", "LLno": "C", "SSno": "30393", "Stext": "자동차용 기타 신품 부품 제조업", "SStext": "자동차용 신품 의자 제조업", "Mtext": "자동차 신품 부품 제조업", "Lno": "30", "ipc_main": "B60N-002/48", "Mno": "303", "country_code": "KR", "Sno": "3039", "LLtext": "제조업(10~34)", "documentId": "kr20117025389a", "application_number": "1020117025389", "Ltext": "자동차 및 트레일러 제조업", "keyword": "카시트제조/차량용내장의자제조/차량좌석/헤드레스트/모터/좌석/장치/등받이/유지수단/거리조정", "document_type": "A"}, {"updateDate": "20220608", "LLno": "C", "SSno": "30393", "Stext": "자동차용 기타 신품 부품 제조업", "SStext": "자동차용 신품 의자 제조업", "Mtext": "자동차 신품 부품 제조업", "Lno": "30", "ipc_main": "B60N-002/48", "Mno": "303", "country_code": "KR", "Sno": "3039", "LLtext": "제조업(10~34)", "documentId": "kr20120012301b1", "application_number": "1020120012301", "Ltext": "자동차 및 트레일러 제조업", "keyword": "카시트제조/차량용내장의자제조/헤드레스트/차량용/가로방향/감지센서/장치/이동프레임/동력저달부/제어부", "document_type": "B1"}, {"updateDate": "20220608", "LLno": "C", "SSno": "30393", "Stext": "자동차용 기타 신품 부품 제조업", "SStext": "자동차용 신품 의자 제조업", "Mtext": "자동차 신품 부품 제조업", "Lno": "30", "ipc_main": "B60N-002/56", "Mno": "303", "country_code": "KR", "Sno": "3039", "LLtext": "제조업(10~34)", "documentId": "kr20120057992a", "application_number": "1020120057992", "Ltext": "자동차 및 트레일러 제조업", "keyword": "카시트제조/차량용내장의자제조/가열장치/자동차/시트/온도센서/장치/시동감지장치/자동모드스위치/감압센서", "document_type": "A"}, {"updateDate": "20220608", "LLno": "C", "SSno": "30393", "Stext": "자동차용 기타 신품 부품 제조업", "SStext": "자동차용 신품 의자 제조업", "Mtext": "자동차 신품 부품 제조업", "Lno": "30", "ipc_main": "B60N-002/62", "Mno": "303", "country_code": "KR", "Sno": "3039", "LLtext": "제조업(10~34)", "documentId": "kr20120063160b1", "application_number": "1020120063160", "Ltext": "자동차 및 트레일러 제조업", "keyword": "카시트제조/자동차용의자제조/이송장치/전방/시트쿠션/자동차용/장치/베이스/슬라이더/보조쿠션", "document_type": "B1"}, {"updateDate": "20220608", "LLno": "C", "SSno": "30393", "Stext": "자동차용 기타 신품 부품 제조업", "SStext": "자동차용 신품 의자 제조업", "Mtext": "자동차 신품 부품 제조업", "Lno": "30", "ipc_main": "B60N-002/26", "Mno": "303", "country_code": "KR", "Sno": "3039", "LLtext": "제조업(10~34)", "documentId": "kr20120085690b1", "application_number": "1020120085690", "Ltext": "자동차 및 트레일러 제조업", "keyword": "카시트제조/자동차용의자제조/결착장치/유아용/카시트/탈부착/장치/핀스프링고정/연결부/중앙부", "document_type": "B1"}, {"updateDate": "20220608", "LLno": "C", "SSno": "30393", "Stext": "자동차용 기타 신품 부품 제조업", "SStext": "자동차용 신품 의자 제조업", "Mtext": "자동차 신품 부품 제조업", "Lno": "30", "ipc_main": "B60N-003/04", "Mno": "303", "country_code": "KR", "Sno": "3039", "LLtext": "제조업(10~34)", "documentId": "kr20120089428a", "application_number": "1020120089428", "Ltext": "자동차 및 트레일러 제조업", "keyword": "카시트제조/차량용내장의자제조/발매트/차량용/저감/외피사/장치/발매트본체/발열체/금속사", "document_type": "A"}, {"updateDate": "20220608", "LLno": "C", "SSno": "30393", "Stext": "자동차용 기타 신품 부품 제조업", "SStext": "자동차용 신품 의자 제조업", "Mtext": "자동차 신품 부품 제조업", "Lno": "30", "ipc_main": "B60N-002/30", "Mno": "303", "country_code": "KR", "Sno": "3039", "LLtext": "제조업(10~34)", "documentId": "kr20120136440b1", "application_number": "1020120136440", "Ltext": "자동차 및 트레일러 제조업", "keyword": "카시트제조/차량용내장의자제조/폴딩장치/시트백/차량용/록킹해제수단/장치/헤드레스트/스테이/회전로드", "document_type": "B1"}, {"updateDate": "20220608", "LLno": "C", "SSno": "30393", "Stext": "자동차용 기타 신품 부품 제조업", "SStext": "자동차용 신품 의자 제조업", "Mtext": "자동차 신품 부품 제조업", "Lno": "30", "ipc_main": "B60N-002/20", "Mno": "303", "country_code": "KR", "Sno": "3039", "LLtext": "제조업(10~34)", "documentId": "kr20120155211b1", "application_number": "1020120155211", "Ltext": "자동차 및 트레일러 제조업", "keyword": "카시트제조/차량용내장의자제조/리클라이닝/시트/차량용/원가절감/장치/브래킷/샤프트/회전수단", "document_type": "B1"}, {"updateDate": "20220608", "LLno": "C", "SSno": "30393", "Stext": "자동차용 기타 신품 부품 제조업", "SStext": "자동차용 신품 의자 제조업", "Mtext": "자동차 신품 부품 제조업", "Lno": "30", "ipc_main": "B60N-002/02", "Mno": "303", "country_code": "KR", "Sno": "3039", "LLtext": "제조업(10~34)", "documentId": "kr20120156104a", "application_number": "1020120156104", "Ltext": "자동차 및 트레일러 제조업", "keyword": "카시트제조/차량용내장의자제조/조절장치/의자/자동차용/오작동최소화/장치/구동기어/구동모터/디스크로터", "document_type": "A"}, {"updateDate": "20220608", "LLno": "C", "SSno": "30393", "Stext": "자동차용 기타 신품 부품 제조업", "SStext": "자동차용 신품 의자 제조업", "Mtext": "자동차 신품 부품 제조업", "Lno": "30", "ipc_main": "B60N-002/68", "Mno": "303", "country_code": "KR", "Sno": "3039", "LLtext": "제조업(10~34)", "documentId": "kr20127013088b1", "application_number": "1020127013088", "Ltext": "자동차 및 트레일러 제조업", "keyword": "카시트제조/자동차용의자제조/등받이/배치/뒷좌석/자동차/장치/셀/플라스틱/구조물", "document_type": "B1"}, {"updateDate": "20220608", "LLno": "C", "SSno": "30393", "Stext": "자동차용 기타 신품 부품 제조업", "SStext": "자동차용 신품 의자 제조업", "Mtext": "자동차 신품 부품 제조업", "Lno": "30", "ipc_main": "B60N-002/34", "Mno": "303", "country_code": "KR", "Sno": "3039", "LLtext": "제조업(10~34)", "documentId": "kr20130003742u", "application_number": "2020130003742", "Ltext": "자동차 및 트레일러 제조업", "keyword": "카시트제조/차량용내장의자제조/시트/변환형/베드/화물차량/장치/시트쿠션/슬라이딩/접철수단", "document_type": "U"}, {"updateDate": "20220608", "LLno": "C", "SSno": "30393", "Stext": "자동차용 기타 신품 부품 제조업", "SStext": "자동차용 신품 의자 제조업", "Mtext": "자동차 신품 부품 제조업", "Lno": "30", "ipc_main": "B60N-002/02", "Mno": "303", "country_code": "KR", "Sno": "3039", "LLtext": "제조업(10~34)", "documentId": "kr20130093152b1", "application_number": "1020130093152", "Ltext": "자동차 및 트레일러 제조업", "keyword": "카시트제조/차량용내장의자제조/조절장치/길이/시트쿠션/차량용/장치/구동부재/확작커버부재/곡면부", "document_type": "B1"}, {"updateDate": "20220608", "LLno": "C", "SSno": "30393", "Stext": "자동차용 기타 신품 부품 제조업", "SStext": "자동차용 신품 의자 제조업", "Mtext": "자동차 신품 부품 제조업", "Lno": "30", "ipc_main": "B60N-002/22", "Mno": "303", "country_code": "KR", "Sno": "3039", "LLtext": "제조업(10~34)", "documentId": "kr20130123851b1", "application_number": "1020130123851", "Ltext": "자동차 및 트레일러 제조업", "keyword": "카시트제조/차량용내장의자제조/장치/각도조절/시트백/리어/장치/축회전/회전축/회전브라켓", "document_type": "B1"}, {"updateDate": "20220608", "LLno": "C", "SSno": "30393", "Stext": "자동차용 기타 신품 부품 제조업", "SStext": "자동차용 신품 의자 제조업", "Mtext": "자동차 신품 부품 제조업", "Lno": "30", "ipc_main": "B60N-002/68", "Mno": "303", "country_code": "KR", "Sno": "3039", "LLtext": "제조업(10~34)", "documentId": "kr20130145672b1", "application_number": "1020130145672", "Ltext": "자동차 및 트레일러 제조업", "keyword": "카시트제조/자동차용의자제조/시트프레임/하이브리드/자동차용/연비개선/장치/메인프레임/체결/체결구", "document_type": "B1"}, {"updateDate": "20220608", "LLno": "C", "SSno": "30393", "Stext": "자동차용 기타 신품 부품 제조업", "SStext": "자동차용 신품 의자 제조업", "Mtext": "자동차 신품 부품 제조업", "Lno": "30", "ipc_main": "B60N-002/48", "Mno": "303", "country_code": "KR", "Sno": "3039", "LLtext": "제조업(10~34)", "documentId": "kr20130160322a", "application_number": "1020130160322", "Ltext": "자동차 및 트레일러 제조업", "keyword": "카시트제조/차량용내장의자제조/어셈블리/목쿠션/시트용/차량/장치/쿠션본체/외주면/벨크로포함", "document_type": "A"}, {"updateDate": "20220608", "LLno": "C", "SSno": "30393", "Stext": "자동차용 기타 신품 부품 제조업", "SStext": "자동차용 신품 의자 제조업", "Mtext": "자동차 신품 부품 제조업", "Lno": "30", "ipc_main": "B60N-002/56", "Mno": "303", "country_code": "KR", "Sno": "3039", "LLtext": "제조업(10~34)", "documentId": "kr20130166278b1", "application_number": "1020130166278", "Ltext": "자동차 및 트레일러 제조업", "keyword": "카시트제조/차량용내장의자제조/제어방법/시트열선/차량/제어방법/장치/시작/측정/모니터", "document_type": "B1"}, {"updateDate": "20220608", "LLno": "C", "SSno": "30393", "Stext": "자동차용 기타 신품 부품 제조업", "SStext": "자동차용 신품 의자 제조업", "Mtext": "자동차 신품 부품 제조업", "Lno": "30", "ipc_main": "B60N-002/06", "Mno": "303", "country_code": "KR", "Sno": "3039", "LLtext": "제조업(10~34)", "documentId": "kr20137007544a", "application_number": "1020137007544", "Ltext": "자동차 및 트레일러 제조업", "keyword": "카시트제조/차량용내장의자제조/조정장치/시트용/차량/챔퍼/장치/가이드요소/캐리어레일/프로파일", "document_type": "A"}, {"updateDate": "20220608", "LLno": "C", "SSno": "30393", "Stext": "자동차용 기타 신품 부품 제조업", "SStext": "자동차용 신품 의자 제조업", "Mtext": "자동차 신품 부품 제조업", "Lno": "30", "ipc_main": "B60N-002/015", "Mno": "303", "country_code": "KR", "Sno": "3039", "LLtext": "제조업(10~34)", "documentId": "kr20137033066b1", "application_number": "1020137033066", "Ltext": "자동차 및 트레일러 제조업", "keyword": "카시트제조/차량용내장의자제조/잠금장치/차량시트용/캐치/제어레버/장치/등받이/이동/접힘위치", "document_type": "B1"}, {"updateDate": "20220608", "LLno": "C", "SSno": "30393", "Stext": "자동차용 기타 신품 부품 제조업", "SStext": "자동차용 신품 의자 제조업", "Mtext": "자동차 신품 부품 제조업", "Lno": "30", "ipc_main": "B60N-002/58", "Mno": "303", "country_code": "KR", "Sno": "3039", "LLtext": "제조업(10~34)", "documentId": "kr20140002086u", "application_number": "2020140002086", "Ltext": "자동차 및 트레일러 제조업", "keyword": "카시트제조/차량용내장의자제조/보호장치/시트쿠션/감김바/회전력/장치/덮개/수납/탄성부", "document_type": "U"}, {"updateDate": "20220608", "LLno": "C", "SSno": "30393", "Stext": "자동차용 기타 신품 부품 제조업", "SStext": "자동차용 신품 의자 제조업", "Mtext": "자동차 신품 부품 제조업", "Lno": "30", "ipc_main": "B60N-002/64", "Mno": "303", "country_code": "KR", "Sno": "3039", "LLtext": "제조업(10~34)", "documentId": "kr20140075685b1", "application_number": "1020140075685", "Ltext": "자동차 및 트레일러 제조업", "keyword": "카시트제조/차량용내장의자제조/커버/시트백/차량용/회전가능/장치/하측커버부/결합부/돌출부", "document_type": "B1"}, {"updateDate": "20220608", "LLno": "C", "SSno": "30393", "Stext": "자동차용 기타 신품 부품 제조업", "SStext": "자동차용 신품 의자 제조업", "Mtext": "자동차 신품 부품 제조업", "Lno": "30", "ipc_main": "B60N-002/48", "Mno": "303", "country_code": "KR", "Sno": "3039", "LLtext": "제조업(10~34)", "documentId": "kr20140089841b1", "application_number": "1020140089841", "Ltext": "자동차 및 트레일러 제조업", "keyword": "카시트제조/자동차용의자제조/헤드레스트/자동차용/발모촉진/광모듈/장치/스테이/광조사수단/공기유로", "document_type": "B1"}, {"updateDate": "20220608", "LLno": "C", "SSno": "30393", "Stext": "자동차용 기타 신품 부품 제조업", "SStext": "자동차용 신품 의자 제조업", "Mtext": "자동차 신품 부품 제조업", "Lno": "30", "ipc_main": "B60N-002/56", "Mno": "303", "country_code": "KR", "Sno": "3039", "LLtext": "제조업(10~34)", "documentId": "kr20140102012a", "application_number": "1020140102012", "Ltext": "자동차 및 트레일러 제조업", "keyword": "카시트제조/자동차용의자제조/시트/전기자동차/전자파없는/바닥면/장치/송풍관/스펀지/송풍팬", "document_type": "A"}, {"updateDate": "20220608", "LLno": "C", "SSno": "30393", "Stext": "자동차용 기타 신품 부품 제조업", "SStext": "자동차용 신품 의자 제조업", "Mtext": "자동차 신품 부품 제조업", "Lno": "30", "ipc_main": "B60N-002/30", "Mno": "303", "country_code": "KR", "Sno": "3039", "LLtext": "제조업(10~34)", "documentId": "kr20140142392b1", "application_number": "1020140142392", "Ltext": "자동차 및 트레일러 제조업", "keyword": "카시트제조/차량용내장의자제조/폴딩장치/시트/시트쿠션/동시해제/장치/시트쿠션고정기구/연동기구/회전링크", "document_type": "B1"}, {"updateDate": "20220608", "LLno": "C", "SSno": "30393", "Stext": "자동차용 기타 신품 부품 제조업", "SStext": "자동차용 신품 의자 제조업", "Mtext": "자동차 신품 부품 제조업", "Lno": "30", "ipc_main": "B60N-002/08", "Mno": "303", "country_code": "KR", "Sno": "3039", "LLtext": "제조업(10~34)", "documentId": "kr20140143342b1", "application_number": "1020140143342", "Ltext": "자동차 및 트레일러 제조업", "keyword": "카시트제조/자동차용의자제조/잠금장치/슬라이딩/시트/자동차용/장치/레일/레버부재/누름부재", "document_type": "B1"}, {"updateDate": "20220608", "LLno": "C", "SSno": "30393", "Stext": "자동차용 기타 신품 부품 제조업", "SStext": "자동차용 신품 의자 제조업", "Mtext": "자동차 신품 부품 제조업", "Lno": "30", "ipc_main": "B60N-002/44", "Mno": "303", "country_code": "KR", "Sno": "3039", "LLtext": "제조업(10~34)", "documentId": "kr20140193012b1", "application_number": "1020140193012", "Ltext": "자동차 및 트레일러 제조업", "keyword": "카시트제조/차량용내장의자제조/안마장치/시트용/전후방향/섹터기어/장치/구동력/구동전달부/치결합", "document_type": "B1"}, {"updateDate": "20220608", "LLno": "C", "SSno": "30393", "Stext": "자동차용 기타 신품 부품 제조업", "SStext": "자동차용 신품 의자 제조업", "Mtext": "자동차 신품 부품 제조업", "Lno": "30", "ipc_main": "B60N-002/08", "Mno": "303", "country_code": "KR", "Sno": "3039", "LLtext": "제조업(10~34)", "documentId": "kr20140193206a", "application_number": "1020140193206", "Ltext": "자동차 및 트레일러 제조업", "keyword": "카시트제조/차량용내장의자제조/록킹장치/시트레일/차량용/언록레버/장치/고정브라켓/고정스토퍼/회전규제", "document_type": "A"}, {"updateDate": "20220608", "LLno": "C", "SSno": "30393", "Stext": "자동차용 기타 신품 부품 제조업", "SStext": "자동차용 신품 의자 제조업", "Mtext": "자동차 신품 부품 제조업", "Lno": "30", "ipc_main": "B60N-002/02", "Mno": "303", "country_code": "KR", "Sno": "3039", "LLtext": "제조업(10~34)", "documentId": "kr20147030796a", "application_number": "1020147030796", "Ltext": "자동차 및 트레일러 제조업", "keyword": "카시트제조/차량용내장의자제조/차량시트/슬라이더제공/연결구역/잠금방식/장치/돌출/고착요소/연결", "document_type": "A"}, {"updateDate": "20220608", "LLno": "C", "SSno": "30393", "Stext": "자동차용 기타 신품 부품 제조업", "SStext": "자동차용 신품 의자 제조업", "Mtext": "자동차 신품 부품 제조업", "Lno": "30", "ipc_main": "B60N-002/68", "Mno": "303", "country_code": "KR", "Sno": "3039", "LLtext": "제조업(10~34)", "documentId": "kr20150140905b1", "application_number": "1020150140905", "Ltext": "자동차 및 트레일러 제조업", "keyword": "카시트제조/차량용내장의자제조/제조방법/시트백프레임/차량용/서브부/장치/메인부/보강부/집합영역", "document_type": "B1"}, {"updateDate": "20220608", "LLno": "C", "SSno": "30393", "Stext": "자동차용 기타 신품 부품 제조업", "SStext": "자동차용 신품 의자 제조업", "Mtext": "자동차 신품 부품 제조업", "Lno": "30", "ipc_main": "B60N-002/46", "Mno": "303", "country_code": "KR", "Sno": "3039", "LLtext": "제조업(10~34)", "documentId": "kr20150168874a", "application_number": "1020150168874", "Ltext": "자동차 및 트레일러 제조업", "keyword": "카시트제조/자동차용의자제조/암레스트/자동차/쿠션부/상측단/장치/도어트림/압력/조절부", "document_type": "A"}, {"updateDate": "20220608", "LLno": "C", "SSno": "30393", "Stext": "자동차용 기타 신품 부품 제조업", "SStext": "자동차용 신품 의자 제조업", "Mtext": "자동차 신품 부품 제조업", "Lno": "30", "ipc_main": "B60N-003/06", "Mno": "303", "country_code": "KR", "Sno": "3039", "LLtext": "제조업(10~34)", "documentId": "kr20150185807b1", "application_number": "1020150185807", "Ltext": "자동차 및 트레일러 제조업", "keyword": "카시트제조/차량용내장의자제조/풋레스트/차량용/몸체부/돌출부/장치/후크부/연결부/폴딩", "document_type": "B1"}, {"updateDate": "20220608", "LLno": "C", "SSno": "30393", "Stext": "자동차용 기타 신품 부품 제조업", "SStext": "자동차용 신품 의자 제조업", "Mtext": "자동차 신품 부품 제조업", "Lno": "30", "ipc_main": "B60N-002/68", "Mno": "303", "country_code": "KR", "Sno": "3039", "LLtext": "제조업(10~34)", "documentId": "kr20160003504a", "application_number": "1020160003504", "Ltext": "자동차 및 트레일러 제조업", "keyword": "카시트제조/자동차용의자제조/제조방법/프레임/시트백/자동차용/장치/열가소성수지/섬유수지/사출성형", "document_type": "A"}, {"updateDate": "20220608", "LLno": "C", "SSno": "30393", "Stext": "자동차용 기타 신품 부품 제조업", "SStext": "자동차용 신품 의자 제조업", "Mtext": "자동차 신품 부품 제조업", "Lno": "30", "ipc_main": "B60N-002/30", "Mno": "303", "country_code": "KR", "Sno": "3039", "LLtext": "제조업(10~34)", "documentId": "kr20160060408a", "application_number": "1020160060408", "Ltext": "자동차 및 트레일러 제조업", "keyword": "카시트제조/자동차용의자제조/자동차시트/스틸탈거/등받이/결합구/장치/각도조절/볼트/하부프레임", "document_type": "A"}, {"updateDate": "20220608", "LLno": "C", "SSno": "30393", "Stext": "자동차용 기타 신품 부품 제조업", "SStext": "자동차용 신품 의자 제조업", "Mtext": "자동차 신품 부품 제조업", "Lno": "30", "ipc_main": "B60N-002/48", "Mno": "303", "country_code": "KR", "Sno": "3039", "LLtext": "제조업(10~34)", "documentId": "kr20160091459b1", "application_number": "1020160091459", "Ltext": "자동차 및 트레일러 제조업", "keyword": "카시트제조/차량용내장의자제조/목받침대/헤드레스트/차량용/목지지부재/장치/슬라이더/끼움홈/하우징", "document_type": "B1"}, {"updateDate": "20220608", "LLno": "C", "SSno": "30393", "Stext": "자동차용 기타 신품 부품 제조업", "SStext": "자동차용 신품 의자 제조업", "Mtext": "자동차 신품 부품 제조업", "Lno": "30", "ipc_main": "B60N-002/08", "Mno": "303", "country_code": "KR", "Sno": "3039", "LLtext": "제조업(10~34)", "documentId": "kr20160111670a", "application_number": "1020160111670", "Ltext": "자동차 및 트레일러 제조업", "keyword": "카시트제조/차량용내장의자제조/트랙레버/시트레일/차량용/래버부재/장치/고정브래킷/연결브래킷/걸림부", "document_type": "A"}, {"updateDate": "20220608", "LLno": "C", "SSno": "30393", "Stext": "자동차용 기타 신품 부품 제조업", "SStext": "자동차용 신품 의자 제조업", "Mtext": "자동차 신품 부품 제조업", "Lno": "30", "ipc_main": "B60N-002/50", "Mno": "303", "country_code": "KR", "Sno": "3039", "LLtext": "제조업(10~34)", "documentId": "kr20160115343b1", "application_number": "1020160115343", "Ltext": "자동차 및 트레일러 제조업", "keyword": "카시트제조/차량용내장의자제조/조절장치/댐핑력/서스펜션/시트/장치/조작레버/탄성부재/실린더", "document_type": "B1"}, {"updateDate": "20220608", "LLno": "C", "SSno": "30393", "Stext": "자동차용 기타 신품 부품 제조업", "SStext": "자동차용 신품 의자 제조업", "Mtext": "자동차 신품 부품 제조업", "Lno": "30", "ipc_main": "B60N-002/30", "Mno": "303", "country_code": "KR", "Sno": "3039", "LLtext": "제조업(10~34)", "documentId": "kr20160139872a", "application_number": "1020160139872", "Ltext": "자동차 및 트레일러 제조업", "keyword": "카시트제조/차량용내장의자제조/폴딩장치/워크인/시트/차량용/장치/워크인레버/시트백프레임/회전구속", "document_type": "A"}, {"updateDate": "20220608", "LLno": "C", "SSno": "30393", "Stext": "자동차용 기타 신품 부품 제조업", "SStext": "자동차용 신품 의자 제조업", "Mtext": "자동차 신품 부품 제조업", "Lno": "30", "ipc_main": "B60N-002/68", "Mno": "303", "country_code": "KR", "Sno": "3039", "LLtext": "제조업(10~34)", "documentId": "kr20160183846b1", "application_number": "1020160183846", "Ltext": "자동차 및 트레일러 제조업", "keyword": "카시트제조/자동차용의자제조/제조방법/시트백/프레임/암레스트보드/장치/채널/리브/일체화", "document_type": "B1"}, {"updateDate": "20220608", "LLno": "C", "SSno": "30393", "Stext": "자동차용 기타 신품 부품 제조업", "SStext": "자동차용 신품 의자 제조업", "Mtext": "자동차 신품 부품 제조업", "Lno": "30", "ipc_main": "B60N-002/68", "Mno": "303", "country_code": "KR", "Sno": "3039", "LLtext": "제조업(10~34)", "documentId": "kr20167012729a", "application_number": "1020167012729", "Ltext": "자동차 및 트레일러 제조업", "keyword": "카시트제조/차량용내장의자제조/보강재/구성요소/구조물/차량시트/장치/구조부재/작동응력/복합재", "document_type": "A"}, {"updateDate": "20220608", "LLno": "C", "SSno": "30393", "Stext": "자동차용 기타 신품 부품 제조업", "SStext": "자동차용 신품 의자 제조업", "Mtext": "자동차 신품 부품 제조업", "Lno": "30", "ipc_main": "B60N-002/68", "Mno": "303", "country_code": "KR", "Sno": "3039", "LLtext": "제조업(10~34)", "documentId": "kr20170152736a", "application_number": "1020170152736", "Ltext": "자동차 및 트레일러 제조업", "keyword": "카시트제조/차량용내장의자제조/제조방법/프레임/스트백/차량용/장치/프레임바디/보강제/커버시트", "document_type": "A"}, {"updateDate": "20220608", "LLno": "C", "SSno": "30393", "Stext": "자동차용 기타 신품 부품 제조업", "SStext": "자동차용 신품 의자 제조업", "Mtext": "자동차 신품 부품 제조업", "Lno": "30", "ipc_main": "B60N-002/22", "Mno": "303", "country_code": "KR", "Sno": "3039", "LLtext": "제조업(10~34)", "documentId": "kr20170166339a", "application_number": "1020170166339", "Ltext": "자동차 및 트레일러 제조업", "keyword": "카시트제조/차량용내장의자제조/시트/릴렉스/차량용/풀베드모션/장치/고정/이동/결합백링크", "document_type": "A"}, {"updateDate": "20220608", "LLno": "C", "SSno": "30393", "Stext": "자동차용 기타 신품 부품 제조업", "SStext": "자동차용 신품 의자 제조업", "Mtext": "자동차 신품 부품 제조업", "Lno": "30", "ipc_main": "B60N-002/28", "Mno": "303", "country_code": "KR", "Sno": "3039", "LLtext": "제조업(10~34)", "documentId": "kr20170176111b1", "application_number": "1020170176111", "Ltext": "자동차 및 트레일러 제조업", "keyword": "카시트제조/자동차용의자제조/카시트/유아용/시트/회전기능/장치/본체/플레이트/조절부", "document_type": "B1"}, {"updateDate": "20220608", "LLno": "C", "SSno": "30393", "Stext": "자동차용 기타 신품 부품 제조업", "SStext": "자동차용 신품 의자 제조업", "Mtext": "자동차 신품 부품 제조업", "Lno": "30", "ipc_main": "B60N-002/07", "Mno": "303", "country_code": "KR", "Sno": "3039", "LLtext": "제조업(10~34)", "documentId": "kr20170181045b1", "application_number": "1020170181045", "Ltext": "자동차 및 트레일러 제조업", "keyword": "카시트제조/차량용내장의자제조/고정장치/슬라이드/시트/차량/장치/로우트랙/어퍼트랙/힌지축", "document_type": "B1"}, {"updateDate": "20220608", "LLno": "C", "SSno": "30393", "Stext": "자동차용 기타 신품 부품 제조업", "SStext": "자동차용 신품 의자 제조업", "Mtext": "자동차 신품 부품 제조업", "Lno": "30", "ipc_main": "B60N-002/02", "Mno": "303", "country_code": "KR", "Sno": "3039", "LLtext": "제조업(10~34)", "documentId": "kr20177027059a", "application_number": "1020177027059", "Ltext": "자동차 및 트레일러 제조업", "keyword": "카시트제조/차량용내장의자제조/차량좌석/이지엔트리기능/인터페이스/등받이/장치/좌석부분/선회/제어유닛", "document_type": "A"}, {"updateDate": "20220608", "LLno": "C", "SSno": "30393", "Stext": "자동차용 기타 신품 부품 제조업", "SStext": "자동차용 신품 의자 제조업", "Mtext": "자동차 신품 부품 제조업", "Lno": "30", "ipc_main": "B60N-002/28", "Mno": "303", "country_code": "KR", "Sno": "3039", "LLtext": "제조업(10~34)", "documentId": "kr20180003587y1", "application_number": "2020180003587", "Ltext": "자동차 및 트레일러 제조업", "keyword": "카시트제조/차량용내장의자제조/카시트/유아/연결장치/구비/장치/탈착가능/잠금해제부/슬라이딩레일", "document_type": "Y1"}, {"updateDate": "20220608", "LLno": "C", "SSno": "30393", "Stext": "자동차용 기타 신품 부품 제조업", "SStext": "자동차용 신품 의자 제조업", "Mtext": "자동차 신품 부품 제조업", "Lno": "30", "ipc_main": "B60N-002/07", "Mno": "303", "country_code": "KR", "Sno": "3039", "LLtext": "제조업(10~34)", "documentId": "kr20180015570a", "application_number": "1020180015570", "Ltext": "자동차 및 트레일러 제조업", "keyword": "카시트제조/차량용내장의자제조/형성방법/록킹홈/시트레일/보강구조/장치/하부레일/버링부/돌출형성", "document_type": "A"}, {"updateDate": "20220608", "LLno": "C", "SSno": "30393", "Stext": "자동차용 기타 신품 부품 제조업", "SStext": "자동차용 신품 의자 제조업", "Mtext": "자동차 신품 부품 제조업", "Lno": "30", "ipc_main": "B60N-002/07", "Mno": "303", "country_code": "KR", "Sno": "3039", "LLtext": "제조업(10~34)", "documentId": "kr20180017088b1", "application_number": "1020180017088", "Ltext": "자동차 및 트레일러 제조업", "keyword": "카시트제조/자동차용의자제조/기어박스/슬라이드용/시트/지지플레이트/장치/고정브라켓/웜휠너트/리드스크류", "document_type": "B1"}, {"updateDate": "20220608", "LLno": "C", "SSno": "30393", "Stext": "자동차용 기타 신품 부품 제조업", "SStext": "자동차용 신품 의자 제조업", "Mtext": "자동차 신품 부품 제조업", "Lno": "30", "ipc_main": "B60N-002/07", "Mno": "303", "country_code": "KR", "Sno": "3039", "LLtext": "제조업(10~34)", "documentId": "kr20180047074b1", "application_number": "1020180047074", "Ltext": "자동차 및 트레일러 제조업", "keyword": "카시트제조/자동차용의자제조/받침대/시트용/간격조절/전후좌우/장치/레일롤러/바닥프레임/지지판", "document_type": "B1"}, {"updateDate": "20220608", "LLno": "C", "SSno": "30393", "Stext": "자동차용 기타 신품 부품 제조업", "SStext": "자동차용 신품 의자 제조업", "Mtext": "자동차 신품 부품 제조업", "Lno": "30", "ipc_main": "B60N-002/821", "Mno": "303", "country_code": "KR", "Sno": "3039", "LLtext": "제조업(10~34)", "documentId": "kr20187012187a", "application_number": "1020187012187", "Ltext": "자동차 및 트레일러 제조업", "keyword": "카시트제조/차량용내장의자제조/머리받침대/시트/차량/디바이스/장치/틸팅/높이조정/팔걸이", "document_type": "A"}, {"updateDate": "20220608", "LLno": "C", "SSno": "30393", "Stext": "자동차용 기타 신품 부품 제조업", "SStext": "자동차용 신품 의자 제조업", "Mtext": "자동차 신품 부품 제조업", "Lno": "30", "ipc_main": "B60N-002/02", "Mno": "303", "country_code": "KR", "Sno": "3039", "LLtext": "제조업(10~34)", "documentId": "kr20187016027a", "application_number": "1020187016027", "Ltext": "자동차 및 트레일러 제조업", "keyword": "카시트제조/차량용내장의자제조/차량좌석/각도궤적/대형변위/제어기/장치/수신/커플링/결정", "document_type": "A"}, {"updateDate": "20220608", "LLno": "C", "SSno": "30393", "Stext": "자동차용 기타 신품 부품 제조업", "SStext": "자동차용 신품 의자 제조업", "Mtext": "자동차 신품 부품 제조업", "Lno": "30", "ipc_main": "B60N-002/02", "Mno": "303", "country_code": "KR", "Sno": "3039", "LLtext": "제조업(10~34)", "documentId": "kr20190057909a", "application_number": "1020190057909", "Ltext": "자동차 및 트레일러 제조업", "keyword": "카시트제조/차량용내장의자제조/겸용장치/폴딩/액츄에이터/조절레버/장치/리클라이너/내측케이스/회전구동부", "document_type": "A"}, {"updateDate": "20220608", "LLno": "C", "SSno": "30393", "Stext": "자동차용 기타 신품 부품 제조업", "SStext": "자동차용 신품 의자 제조업", "Mtext": "자동차 신품 부품 제조업", "Lno": "30", "ipc_main": "B60N-002/56", "Mno": "303", "country_code": "KR", "Sno": "3039", "LLtext": "제조업(10~34)", "documentId": "kr20190060685b1", "application_number": "1020190060685", "Ltext": "자동차 및 트레일러 제조업", "keyword": "카시트제조/차량용내장의자제조/제조방법/발열패드/시트/차량용/장치/베이스필름/전극패턴/접착시트", "document_type": "B1"}, {"updateDate": "20220608", "LLno": "C", "SSno": "30393", "Stext": "자동차용 기타 신품 부품 제조업", "SStext": "자동차용 신품 의자 제조업", "Mtext": "자동차 신품 부품 제조업", "Lno": "30", "ipc_main": "B60N-002/75", "Mno": "303", "country_code": "KR", "Sno": "3039", "LLtext": "제조업(10~34)", "documentId": "kr20190086048b1", "application_number": "1020190086048", "Ltext": "자동차 및 트레일러 제조업", "keyword": "카시트제조/자동차용의자제조/키트/각도조절/아암레스트/너트체결/장치/반호형상/래칫부재/아암지지축", "document_type": "B1"}, {"updateDate": "20220608", "LLno": "C", "SSno": "30393", "Stext": "자동차용 기타 신품 부품 제조업", "SStext": "자동차용 신품 의자 제조업", "Mtext": "자동차 신품 부품 제조업", "Lno": "30", "ipc_main": "B60N-002/68", "Mno": "303", "country_code": "KR", "Sno": "3039", "LLtext": "제조업(10~34)", "documentId": "kr20190118929a", "application_number": "1020190118929", "Ltext": "자동차 및 트레일러 제조업", "keyword": "카시트제조/자동차용의자제조/자동차/시트백/후면프레임/홈부형성/장치/클립부/커버부/프레임", "document_type": "A"}, {"updateDate": "20220608", "LLno": "C", "SSno": "30393", "Stext": "자동차용 기타 신품 부품 제조업", "SStext": "자동차용 신품 의자 제조업", "Mtext": "자동차 신품 부품 제조업", "Lno": "30", "ipc_main": "B60N-002/20", "Mno": "303", "country_code": "KR", "Sno": "3039", "LLtext": "제조업(10~34)", "documentId": "kr20190134237b1", "application_number": "1020190134237", "Ltext": "자동차 및 트레일러 제조업", "keyword": "카시트제조/자동차용의자제조/시트/차량용/폴딩/자동차/장치/시트조립체/지지브라켓/회동레버", "document_type": "B1"}, {"updateDate": "20220608", "LLno": "C", "SSno": "30393", "Stext": "자동차용 기타 신품 부품 제조업", "SStext": "자동차용 신품 의자 제조업", "Mtext": "자동차 신품 부품 제조업", "Lno": "30", "ipc_main": "B60N-002/56", "Mno": "303", "country_code": "KR", "Sno": "3039", "LLtext": "제조업(10~34)", "documentId": "kr20190147329a", "application_number": "1020190147329", "Ltext": "자동차 및 트레일러 제조업", "keyword": "카시트제조/차량용내장의자제조/워머장치/적외선/시트/차량용/장치/시트백/백커버/히팅패널", "document_type": "A"}, {"updateDate": "20220608", "LLno": "C", "SSno": "30393", "Stext": "자동차용 기타 신품 부품 제조업", "SStext": "자동차용 신품 의자 제조업", "Mtext": "자동차 신품 부품 제조업", "Lno": "30", "ipc_main": "B60N-002/07", "Mno": "303", "country_code": "KR", "Sno": "3039", "LLtext": "제조업(10~34)", "documentId": "kr20190177498a", "application_number": "1020190177498", "Ltext": "자동차 및 트레일러 제조업", "keyword": "카시트제조/차량용내장의자제조/기어박스/이동장치/슬라이딩/시트/장치/암나사산/하우징/맞물림부", "document_type": "A"}, {"updateDate": "20220608", "LLno": "C", "SSno": "30393", "Stext": "자동차용 기타 신품 부품 제조업", "SStext": "자동차용 신품 의자 제조업", "Mtext": "자동차 신품 부품 제조업", "Lno": "30", "ipc_main": "B60N-002/28", "Mno": "303", "country_code": "KR", "Sno": "3039", "LLtext": "제조업(10~34)", "documentId": "kr20200006606b1", "application_number": "1020200006606", "Ltext": "자동차 및 트레일러 제조업", "keyword": "카시트제조/차량용내장의자제조/카시트/전동/유아용/경사도조절/장치/베이스/원형회전부재/코터결합부재", "document_type": "B1"}, {"updateDate": "20220608", "LLno": "C", "SSno": "30393", "Stext": "자동차용 기타 신품 부품 제조업", "SStext": "자동차용 신품 의자 제조업", "Mtext": "자동차 신품 부품 제조업", "Lno": "30", "ipc_main": "B60N-002/56", "Mno": "303", "country_code": "KR", "Sno": "3039", "LLtext": "제조업(10~34)", "documentId": "kr20200083087a", "application_number": "1020200083087", "Ltext": "자동차 및 트레일러 제조업", "keyword": "카시트제조/차량용내장의자제조/제조방법/시트커버/차량용/면상발열시트/장치/시트폼/면상직물/도전사구비", "document_type": "A"}, {"updateDate": "20220608", "LLno": "C", "SSno": "30393", "Stext": "자동차용 기타 신품 부품 제조업", "SStext": "자동차용 신품 의자 제조업", "Mtext": "자동차 신품 부품 제조업", "Lno": "30", "ipc_main": "B60N-002/58", "Mno": "303", "country_code": "KR", "Sno": "3039", "LLtext": "제조업(10~34)", "documentId": "kr20200139941a", "application_number": "1020200139941", "Ltext": "자동차 및 트레일러 제조업", "keyword": "카시트제조/자동차용의자제조/제조/차량용/시트백/커버/장치/열가소성수지/경량화/복합재", "document_type": "A"}]}