{"dataset": [{"updateDate": "20220608", "LLno": "C", "SSno": "25112", "Stext": "구조용 금속제품 제조업", "SStext": "구조용 금속 판제품 및 공작물 제조업", "Mtext": "구조용 금속제품, 탱크 및 증기발생기 제조업", "Lno": "25", "ipc_main": "E04H-013/00", "Mno": "251", "country_code": "KR", "Sno": "2511", "LLtext": "제조업(10~34)", "documentId": "kr20020034083y1", "application_number": "2020020034083", "Ltext": "금속 가공제품 제조업; 기계 및 가구 제외", "keyword": "건축용금속공작물제조/구조용금속판제품및금속공작물제조/납골묘/기초석/받침대/기둥석/장치/개폐문/석벽체/지붕석판", "document_type": "Y1"}, {"updateDate": "20220608", "LLno": "C", "SSno": "25112", "Stext": "구조용 금속제품 제조업", "SStext": "구조용 금속 판제품 및 공작물 제조업", "Mtext": "구조용 금속제품, 탱크 및 증기발생기 제조업", "Lno": "25", "ipc_main": "B21D-033/00", "Mno": "251", "country_code": "KR", "Sno": "2511", "LLtext": "제조업(10~34)", "documentId": "kr20020034146y1", "application_number": "2020020034146", "Ltext": "금속 가공제품 제조업; 기계 및 가구 제외", "keyword": "구조용금속판가공품제조/구조물용금속제패널가공품제조/금속박판/소재공급장치/클램프장치/신속연속작업/장치/펀칭장치/절단장치/절곡장치", "document_type": "Y1"}, {"updateDate": "20220608", "LLno": "C", "SSno": "25112", "Stext": "구조용 금속제품 제조업", "SStext": "구조용 금속 판제품 및 공작물 제조업", "Mtext": "구조용 금속제품, 탱크 및 증기발생기 제조업", "Lno": "25", "ipc_main": "E04D-013/064", "Mno": "251", "country_code": "KR", "Sno": "2511", "LLtext": "제조업(10~34)", "documentId": "kr20030000603y1", "application_number": "2020030000603", "Ltext": "금속 가공제품 제조업; 기계 및 가구 제외", "keyword": "금속제물홈통제조/홈통제조/집수통/중앙부/공정비용절감/심미감/장치/집수판/절곡부/거멀접기부", "document_type": "Y1"}, {"updateDate": "20220608", "LLno": "C", "SSno": "25112", "Stext": "구조용 금속제품 제조업", "SStext": "구조용 금속 판제품 및 공작물 제조업", "Mtext": "구조용 금속제품, 탱크 및 증기발생기 제조업", "Lno": "25", "ipc_main": "E04D-001/28", "Mno": "251", "country_code": "KR", "Sno": "2511", "LLtext": "제조업(10~34)", "documentId": "kr20030005808y1", "application_number": "2020030005808", "Ltext": "금속 가공제품 제조업; 기계 및 가구 제외", "keyword": "패널제조/구조물용금속제패널가공품제조/지붕판넬/불연재/단열재/안전사고예방/장치/클립/부직포/흡음판", "document_type": "Y1"}, {"updateDate": "20220608", "LLno": "C", "SSno": "25112", "Stext": "구조용 금속제품 제조업", "SStext": "구조용 금속 판제품 및 공작물 제조업", "Mtext": "구조용 금속제품, 탱크 및 증기발생기 제조업", "Lno": "25", "ipc_main": "E04D-003/36", "Mno": "251", "country_code": "KR", "Sno": "2511", "LLtext": "제조업(10~34)", "documentId": "kr20030009418y1", "application_number": "2020030009418", "Ltext": "금속 가공제품 제조업; 기계 및 가구 제외", "keyword": "지붕재제조/금속지붕제조/단열지붕/새들/걸림홈/결로방지/장치/지지대/절곡단부/단열재", "document_type": "Y1"}, {"updateDate": "20220608", "LLno": "C", "SSno": "25112", "Stext": "구조용 금속제품 제조업", "SStext": "구조용 금속 판제품 및 공작물 제조업", "Mtext": "구조용 금속제품, 탱크 및 증기발생기 제조업", "Lno": "25", "ipc_main": "E04D-001/30", "Mno": "251", "country_code": "KR", "Sno": "2511", "LLtext": "제조업(10~34)", "documentId": "kr20030012916y1", "application_number": "2020030012916", "Ltext": "금속 가공제품 제조업; 기계 및 가구 제외", "keyword": "지붕재제조/금속지붕제조/용마루부재/지붕패널/막음부재/신속성/장치/클로져/돌출부/홈", "document_type": "Y1"}, {"updateDate": "20220608", "LLno": "C", "SSno": "25112", "Stext": "구조용 금속제품 제조업", "SStext": "구조용 금속 판제품 및 공작물 제조업", "Mtext": "구조용 금속제품, 탱크 및 증기발생기 제조업", "Lno": "25", "ipc_main": "E04H-017/14", "Mno": "251", "country_code": "KR", "Sno": "2511", "LLtext": "제조업(10~34)", "documentId": "kr20030024855y1", "application_number": "2020030024855", "Ltext": "금속 가공제품 제조업; 기계 및 가구 제외", "keyword": "울타리제조/설치용금속울타리제조/울타리부재/파이프/프레스/미적기능/장치/문양/절첩면/절단면", "document_type": "Y1"}, {"updateDate": "20220608", "LLno": "C", "SSno": "25112", "Stext": "구조용 금속제품 제조업", "SStext": "구조용 금속 판제품 및 공작물 제조업", "Mtext": "구조용 금속제품, 탱크 및 증기발생기 제조업", "Lno": "25", "ipc_main": "E04F-013/08", "Mno": "251", "country_code": "KR", "Sno": "2511", "LLtext": "제조업(10~34)", "documentId": "kr20030025560y1", "application_number": "2020030025560", "Ltext": "금속 가공제품 제조업; 기계 및 가구 제외", "keyword": "패널제조/구조물용금속제복합패널가공품제조/복합판넬/알루미늄사각파이프/피스/시공용이/장치/앙카볼트/브라켓/z형bar", "document_type": "Y1"}, {"updateDate": "20220608", "LLno": "C", "SSno": "25112", "Stext": "구조용 금속제품 제조업", "SStext": "구조용 금속 판제품 및 공작물 제조업", "Mtext": "구조용 금속제품, 탱크 및 증기발생기 제조업", "Lno": "25", "ipc_main": "E04H-001/12", "Mno": "251", "country_code": "KR", "Sno": "2511", "LLtext": "제조업(10~34)", "documentId": "kr20030028345y1", "application_number": "2020030028345", "Ltext": "금속 가공제품 제조업; 기계 및 가구 제외", "keyword": "건축용금속공작물제조/구조용금속판제품및금속공작물제조/부스/기둥/대들보/재사용/장치/종도리/주심도리/서까래", "document_type": "Y1"}, {"updateDate": "20220608", "LLno": "C", "SSno": "25112", "Stext": "구조용 금속제품 제조업", "SStext": "구조용 금속 판제품 및 공작물 제조업", "Mtext": "구조용 금속제품, 탱크 및 증기발생기 제조업", "Lno": "25", "ipc_main": "E04H-001/12", "Mno": "251", "country_code": "KR", "Sno": "2511", "LLtext": "제조업(10~34)", "documentId": "kr20030031636y1", "application_number": "2020030031636", "Ltext": "금속 가공제품 제조업; 기계 및 가구 제외", "keyword": "건축용금속공작물제조/건축장식용금속제품제조/버스승강장/안락함/친근감/미려함/장치/패널부/기둥/투명유리", "document_type": "Y1"}, {"updateDate": "20220608", "LLno": "C", "SSno": "25112", "Stext": "구조용 금속제품 제조업", "SStext": "구조용 금속 판제품 및 공작물 제조업", "Mtext": "구조용 금속제품, 탱크 및 증기발생기 제조업", "Lno": "25", "ipc_main": "E04H-017/00", "Mno": "251", "country_code": "KR", "Sno": "2511", "LLtext": "제조업(10~34)", "documentId": "kr20030032622y1", "application_number": "2020030032622", "Ltext": "금속 가공제품 제조업; 기계 및 가구 제외", "keyword": "울타리제조/설치용금속울타리제조/울타리/삽설핀/연결부/설치간편/장치/나일론재질/차단구조부/기둥", "document_type": "Y1"}, {"updateDate": "20220608", "LLno": "C", "SSno": "25112", "Stext": "구조용 금속제품 제조업", "SStext": "구조용 금속 판제품 및 공작물 제조업", "Mtext": "구조용 금속제품, 탱크 및 증기발생기 제조업", "Lno": "25", "ipc_main": "E04D-011/02", "Mno": "251", "country_code": "KR", "Sno": "2511", "LLtext": "제조업(10~34)", "documentId": "kr20040025522y1", "application_number": "2020040025522", "Ltext": "금속 가공제품 제조업; 기계 및 가구 제외", "keyword": "패널제조/지붕재제조/단열방수패널/방수처리홈/요철/단열방수/장치/층간방수재/실링처리홈/상부패널", "document_type": "Y1"}, {"updateDate": "20220608", "LLno": "C", "SSno": "25112", "Stext": "구조용 금속제품 제조업", "SStext": "구조용 금속 판제품 및 공작물 제조업", "Mtext": "구조용 금속제품, 탱크 및 증기발생기 제조업", "Lno": "25", "ipc_main": "E04F-013/14", "Mno": "251", "country_code": "KR", "Sno": "2511", "LLtext": "제조업(10~34)", "documentId": "kr20040025850y1", "application_number": "2020040025850", "Ltext": "금속 가공제품 제조업; 기계 및 가구 제외", "keyword": "건축용금속공작물제조/건물부착용금속조립공작물제조/외장재고정장치/수평석재/실리콘접착재/결합견고/장치/고정용패스너/결합편/연결금속구", "document_type": "Y1"}, {"updateDate": "20220608", "LLno": "C", "SSno": "25112", "Stext": "구조용 금속제품 제조업", "SStext": "구조용 금속 판제품 및 공작물 제조업", "Mtext": "구조용 금속제품, 탱크 및 증기발생기 제조업", "Lno": "25", "ipc_main": "E04D-011/02", "Mno": "251", "country_code": "KR", "Sno": "2511", "LLtext": "제조업(10~34)", "documentId": "kr20040034749y1", "application_number": "2020040034749", "Ltext": "금속 가공제품 제조업; 기계 및 가구 제외", "keyword": "지붕재제조/금속지붕제조/방수시트/바탕면/통기판/파손방지/장치/코팅제/걸림봉/도막방수제", "document_type": "Y1"}, {"updateDate": "20220608", "LLno": "C", "SSno": "25112", "Stext": "구조용 금속제품 제조업", "SStext": "구조용 금속 판제품 및 공작물 제조업", "Mtext": "구조용 금속제품, 탱크 및 증기발생기 제조업", "Lno": "25", "ipc_main": "E04F-013/08", "Mno": "251", "country_code": "KR", "Sno": "2511", "LLtext": "제조업(10~34)", "documentId": "kr20050010291y1", "application_number": "2020050010291", "Ltext": "금속 가공제품 제조업; 기계 및 가구 제외", "keyword": "패널제조/구조물용금속제패널가공품제조/장식패널/걸림홈/앵커볼트/미려함/장치/설치빔/장공/장착봉", "document_type": "Y1"}, {"updateDate": "20220608", "LLno": "C", "SSno": "25112", "Stext": "구조용 금속제품 제조업", "SStext": "구조용 금속 판제품 및 공작물 제조업", "Mtext": "구조용 금속제품, 탱크 및 증기발생기 제조업", "Lno": "25", "ipc_main": "E04D-013/064", "Mno": "251", "country_code": "KR", "Sno": "2511", "LLtext": "제조업(10~34)", "documentId": "kr20050021189y1", "application_number": "2020050021189", "Ltext": "금속 가공제품 제조업; 기계 및 가구 제외", "keyword": "패널제조/금속제물홈통제조/물받이패널/받침대/고무패드/결합강도/장치/단열재/이음부/구조용실란트", "document_type": "Y1"}, {"updateDate": "20220608", "LLno": "C", "SSno": "25112", "Stext": "구조용 금속제품 제조업", "SStext": "구조용 금속 판제품 및 공작물 제조업", "Mtext": "구조용 금속제품, 탱크 및 증기발생기 제조업", "Lno": "25", "ipc_main": "E04F-013/12", "Mno": "251", "country_code": "KR", "Sno": "2511", "LLtext": "제조업(10~34)", "documentId": "kr20050026512y1", "application_number": "2020050026512", "Ltext": "금속 가공제품 제조업; 기계 및 가구 제외", "keyword": "패널제조/구조물용금속제패널가공품제조/몰딩구조/중공부/지지력/결로방지/장치/상부프레임/하부프레임/단열재", "document_type": "Y1"}, {"updateDate": "20220608", "LLno": "C", "SSno": "25112", "Stext": "구조용 금속제품 제조업", "SStext": "구조용 금속 판제품 및 공작물 제조업", "Mtext": "구조용 금속제품, 탱크 및 증기발생기 제조업", "Lno": "25", "ipc_main": "E04H-017/14", "Mno": "251", "country_code": "KR", "Sno": "2511", "LLtext": "제조업(10~34)", "documentId": "kr20050029892y1", "application_number": "2020050029892", "Ltext": "금속 가공제품 제조업; 기계 및 가구 제외", "keyword": "구조용금속난간제조/설치용금속울타리제조/난간/지주파이프/고정부재/사각틀/장치/체결돌기/결합공/캡", "document_type": "Y1"}, {"updateDate": "20220608", "LLno": "C", "SSno": "25112", "Stext": "구조용 금속제품 제조업", "SStext": "구조용 금속 판제품 및 공작물 제조업", "Mtext": "구조용 금속제품, 탱크 및 증기발생기 제조업", "Lno": "25", "ipc_main": "E04F-013/22", "Mno": "251", "country_code": "KR", "Sno": "2511", "LLtext": "제조업(10~34)", "documentId": "kr20060002023y1", "application_number": "2020060002023", "Ltext": "금속 가공제품 제조업; 기계 및 가구 제외", "keyword": "건물부착용금속조립공작물제조/건축용금속공작물제조/패널고정/철재앵글/공동부/단가저감/장치/고정앵글/장공/조정판", "document_type": "Y1"}, {"updateDate": "20220608", "LLno": "C", "SSno": "25112", "Stext": "구조용 금속제품 제조업", "SStext": "구조용 금속 판제품 및 공작물 제조업", "Mtext": "구조용 금속제품, 탱크 및 증기발생기 제조업", "Lno": "25", "ipc_main": "E04F-015/20", "Mno": "251", "country_code": "KR", "Sno": "2511", "LLtext": "제조업(10~34)", "documentId": "kr20060015207y1", "application_number": "2020060015207", "Ltext": "금속 가공제품 제조업; 기계 및 가구 제외", "keyword": "구조용금속판제품제조 /구조용금속판가공품제조/바닥판재/지지편/덮개편/층간차음/방법/결합공/받침구/공간부", "document_type": "Y1"}, {"updateDate": "20220608", "LLno": "C", "SSno": "25112", "Stext": "구조용 금속제품 제조업", "SStext": "구조용 금속 판제품 및 공작물 제조업", "Mtext": "구조용 금속제품, 탱크 및 증기발생기 제조업", "Lno": "25", "ipc_main": "E04F-015/20", "Mno": "251", "country_code": "KR", "Sno": "2511", "LLtext": "제조업(10~34)", "documentId": "kr20060019646y1", "application_number": "2020060019646", "Ltext": "금속 가공제품 제조업; 기계 및 가구 제외", "keyword": "건축용금속공작물제조/건물부착용금속조립공작물제조/완충받침판/합성수지본체/돌출편/요동없음/장치/금속받침판/삽입공/삽입괘지돌기", "document_type": "Y1"}, {"updateDate": "20220608", "LLno": "C", "SSno": "25112", "Stext": "구조용 금속제품 제조업", "SStext": "구조용 금속 판제품 및 공작물 제조업", "Mtext": "구조용 금속제품, 탱크 및 증기발생기 제조업", "Lno": "25", "ipc_main": "E04H-017/22", "Mno": "251", "country_code": "KR", "Sno": "2511", "LLtext": "제조업(10~34)", "documentId": "kr20060027414y1", "application_number": "2020060027414", "Ltext": "금속 가공제품 제조업; 기계 및 가구 제외", "keyword": "도로안전보호책제조/울타리제조/지주펙/몸체/쐐기봉/시공용이/장치/파이프삽입홈/타격면/지주파이프", "document_type": "Y1"}, {"updateDate": "20220608", "LLno": "C", "SSno": "25112", "Stext": "구조용 금속제품 제조업", "SStext": "구조용 금속 판제품 및 공작물 제조업", "Mtext": "구조용 금속제품, 탱크 및 증기발생기 제조업", "Lno": "25", "ipc_main": "E04D-003/30", "Mno": "251", "country_code": "KR", "Sno": "2511", "LLtext": "제조업(10~34)", "documentId": "kr20070013767y1", "application_number": "2020070013767", "Ltext": "금속 가공제품 제조업; 기계 및 가구 제외", "keyword": "패널제조/구조물용금속제패널가공품제조/금속지붕패널/기와형/미끄럼방지/미려함/장치/회방향돌출무늬/종방향돌출무늬/단턱", "document_type": "Y1"}, {"updateDate": "20220608", "LLno": "C", "SSno": "25112", "Stext": "구조용 금속제품 제조업", "SStext": "구조용 금속 판제품 및 공작물 제조업", "Mtext": "구조용 금속제품, 탱크 및 증기발생기 제조업", "Lno": "25", "ipc_main": "E04F-013/08", "Mno": "251", "country_code": "KR", "Sno": "2511", "LLtext": "제조업(10~34)", "documentId": "kr20080027123b1", "application_number": "1020080027123", "Ltext": "금속 가공제품 제조업; 기계 및 가구 제외", "keyword": "건물부착용금속조립공작물제조/건축용금속공작물제조/건축용판넬/결합홈부/삽입홈/판넬고정부/장치/단열층/연결홀/고정연결수단", "document_type": "B1"}, {"updateDate": "20220608", "LLno": "C", "SSno": "25112", "Stext": "구조용 금속제품 제조업", "SStext": "구조용 금속 판제품 및 공작물 제조업", "Mtext": "구조용 금속제품, 탱크 및 증기발생기 제조업", "Lno": "25", "ipc_main": "B21D-007/04", "Mno": "251", "country_code": "KR", "Sno": "2511", "LLtext": "제조업(10~34)", "documentId": "kr20080064100a", "application_number": "1020080064100", "Ltext": "금속 가공제품 제조업; 기계 및 가구 제외", "keyword": "건물부착용금속조립공작물제조/건축용금속공작물제조/절곡장치/금속부재/철근/편리성/장치/바닥판/피니언기어/유압실린더", "document_type": "A"}, {"updateDate": "20220608", "LLno": "C", "SSno": "25112", "Stext": "구조용 금속제품 제조업", "SStext": "구조용 금속 판제품 및 공작물 제조업", "Mtext": "구조용 금속제품, 탱크 및 증기발생기 제조업", "Lno": "25", "ipc_main": "E04F-013/12", "Mno": "251", "country_code": "KR", "Sno": "2511", "LLtext": "제조업(10~34)", "documentId": "kr20080067634b1", "application_number": "1020080067634", "Ltext": "금속 가공제품 제조업; 기계 및 가구 제외", "keyword": "금속제장식공작물제조/건축장식용금속제품제조/모자이크타일/돌출부/요입부/내화성/장치/금속제기판/조립틈새/접착제층", "document_type": "B1"}, {"updateDate": "20220608", "LLno": "C", "SSno": "25112", "Stext": "구조용 금속제품 제조업", "SStext": "구조용 금속 판제품 및 공작물 제조업", "Mtext": "구조용 금속제품, 탱크 및 증기발생기 제조업", "Lno": "25", "ipc_main": "E04H-001/12", "Mno": "251", "country_code": "KR", "Sno": "2511", "LLtext": "제조업(10~34)", "documentId": "kr20080079651a", "application_number": "1020080079651", "Ltext": "금속 가공제품 제조업; 기계 및 가구 제외", "keyword": "건축용금속공작물제조/구조용금속판제품및금속공작물제조/원두막/생장홈/자연친화적/안락함/장치/기둥/화분/지붕판", "document_type": "A"}, {"updateDate": "20220608", "LLno": "C", "SSno": "25112", "Stext": "구조용 금속제품 제조업", "SStext": "구조용 금속 판제품 및 공작물 제조업", "Mtext": "구조용 금속제품, 탱크 및 증기발생기 제조업", "Lno": "25", "ipc_main": "E04D-013/04", "Mno": "251", "country_code": "KR", "Sno": "2511", "LLtext": "제조업(10~34)", "documentId": "kr20080110193b1", "application_number": "1020080110193", "Ltext": "금속 가공제품 제조업; 기계 및 가구 제외", "keyword": "금속제물홈통제조/홈통제조/빗물배수/수로부/걸림부/안정성/장치/빗물받이/낙수안재부재/레그부", "document_type": "B1"}, {"updateDate": "20220608", "LLno": "C", "SSno": "25112", "Stext": "구조용 금속제품 제조업", "SStext": "구조용 금속 판제품 및 공작물 제조업", "Mtext": "구조용 금속제품, 탱크 및 증기발생기 제조업", "Lno": "25", "ipc_main": "E04D-013/00", "Mno": "251", "country_code": "KR", "Sno": "2511", "LLtext": "제조업(10~34)", "documentId": "kr20080118226a", "application_number": "1020080118226", "Ltext": "금속 가공제품 제조업; 기계 및 가구 제외", "keyword": "금속제구조물용차양제조/지붕재제조/차양/걸림돌기/지붕재/이물질방지/장치/물받이/물유입부/거름수단", "document_type": "A"}, {"updateDate": "20220608", "LLno": "C", "SSno": "25112", "Stext": "구조용 금속제품 제조업", "SStext": "구조용 금속 판제품 및 공작물 제조업", "Mtext": "구조용 금속제품, 탱크 및 증기발생기 제조업", "Lno": "25", "ipc_main": "E04D-003/30", "Mno": "251", "country_code": "KR", "Sno": "2511", "LLtext": "제조업(10~34)", "documentId": "kr20090006190u", "application_number": "2020090006190", "Ltext": "금속 가공제품 제조업; 기계 및 가구 제외", "keyword": "패널제조/구조물용금속제패널가공품제조/금속지붕패널/안전사고예방/누수방지/전통미/장치/골/앤드캡/배수공", "document_type": "U"}, {"updateDate": "20220608", "LLno": "C", "SSno": "25112", "Stext": "구조용 금속제품 제조업", "SStext": "구조용 금속 판제품 및 공작물 제조업", "Mtext": "구조용 금속제품, 탱크 및 증기발생기 제조업", "Lno": "25", "ipc_main": "E04F-013/08", "Mno": "251", "country_code": "KR", "Sno": "2511", "LLtext": "제조업(10~34)", "documentId": "kr20090006203b1", "application_number": "1020090006203", "Ltext": "금속 가공제품 제조업; 기계 및 가구 제외", "keyword": "건물부착용금속조립공작물제조/건축용금속공작물제조/미장패널/체결대/걸림턱/파스너/장치/브래킷/안착홈/지지보", "document_type": "B1"}, {"updateDate": "20220608", "LLno": "C", "SSno": "25112", "Stext": "구조용 금속제품 제조업", "SStext": "구조용 금속 판제품 및 공작물 제조업", "Mtext": "구조용 금속제품, 탱크 및 증기발생기 제조업", "Lno": "25", "ipc_main": "E04H-017/22", "Mno": "251", "country_code": "KR", "Sno": "2511", "LLtext": "제조업(10~34)", "documentId": "kr20090011534u", "application_number": "2020090011534", "Ltext": "금속 가공제품 제조업; 기계 및 가구 제외", "keyword": "울타리제조/설치용금속울타리제조/울타리/지주파이프/삽입공/커버/장치/오목홈/결합공/로프", "document_type": "U"}, {"updateDate": "20220608", "LLno": "C", "SSno": "25112", "Stext": "구조용 금속제품 제조업", "SStext": "구조용 금속 판제품 및 공작물 제조업", "Mtext": "구조용 금속제품, 탱크 및 증기발생기 제조업", "Lno": "25", "ipc_main": "E04F-013/075", "Mno": "251", "country_code": "KR", "Sno": "2511", "LLtext": "제조업(10~34)", "documentId": "kr20090065040a", "application_number": "1020090065040", "Ltext": "금속 가공제품 제조업; 기계 및 가구 제외", "keyword": "방음벽제조/방음판제조/방음재/제작비용저렴/경량화/내구성/방법/금속박판/엠보싱부/결합수단", "document_type": "A"}, {"updateDate": "20220608", "LLno": "C", "SSno": "25112", "Stext": "구조용 금속제품 제조업", "SStext": "구조용 금속 판제품 및 공작물 제조업", "Mtext": "구조용 금속제품, 탱크 및 증기발생기 제조업", "Lno": "25", "ipc_main": "E04F-013/12", "Mno": "251", "country_code": "KR", "Sno": "2511", "LLtext": "제조업(10~34)", "documentId": "kr20090076219b1", "application_number": "1020090076219", "Ltext": "금속 가공제품 제조업; 기계 및 가구 제외", "keyword": "구조용금속판제품제조 /구조용금속판가공품제조/판재/발포알루미늄/요철부/전기연결/장치/솔라셀모듈/OLED조명패널/전기커넥터", "document_type": "B1"}, {"updateDate": "20220608", "LLno": "C", "SSno": "25112", "Stext": "구조용 금속제품 제조업", "SStext": "구조용 금속 판제품 및 공작물 제조업", "Mtext": "구조용 금속제품, 탱크 및 증기발생기 제조업", "Lno": "25", "ipc_main": "B21D-007/12", "Mno": "251", "country_code": "KR", "Sno": "2511", "LLtext": "제조업(10~34)", "documentId": "kr20090076524b1", "application_number": "1020090076524", "Ltext": "금속 가공제품 제조업; 기계 및 가구 제외", "keyword": "건물부착용금속조립공작물제조/건축용금속공작물제조/절곡장치/압축기/금속봉/제어반/장치/실린더/가동부/회동축", "document_type": "B1"}, {"updateDate": "20220608", "LLno": "C", "SSno": "25112", "Stext": "구조용 금속제품 제조업", "SStext": "구조용 금속 판제품 및 공작물 제조업", "Mtext": "구조용 금속제품, 탱크 및 증기발생기 제조업", "Lno": "25", "ipc_main": "E04D-003/36", "Mno": "251", "country_code": "KR", "Sno": "2511", "LLtext": "제조업(10~34)", "documentId": "kr20100009030y1", "application_number": "2020100009030", "Ltext": "금속 가공제품 제조업; 기계 및 가구 제외", "keyword": "지붕재제조/금속지붕제조/마감부재/프레임/고정부/낙수방지/장치/지붕시트/수직절곡부/빗물단턱", "document_type": "Y1"}, {"updateDate": "20220608", "LLno": "C", "SSno": "25112", "Stext": "구조용 금속제품 제조업", "SStext": "구조용 금속 판제품 및 공작물 제조업", "Mtext": "구조용 금속제품, 탱크 및 증기발생기 제조업", "Lno": "25", "ipc_main": "E04D-003/36", "Mno": "251", "country_code": "KR", "Sno": "2511", "LLtext": "제조업(10~34)", "documentId": "kr20100012786u", "application_number": "2020100012786", "Ltext": "금속 가공제품 제조업; 기계 및 가구 제외", "keyword": "건물부착용금속조립공작물제조/지붕재제조/지붕체결구/클립파일/클립지지면/편의성/장치/관통홀/나사산/고정볼트", "document_type": "U"}, {"updateDate": "20220608", "LLno": "C", "SSno": "25112", "Stext": "구조용 금속제품 제조업", "SStext": "구조용 금속 판제품 및 공작물 제조업", "Mtext": "구조용 금속제품, 탱크 및 증기발생기 제조업", "Lno": "25", "ipc_main": "E04D-011/02", "Mno": "251", "country_code": "KR", "Sno": "2511", "LLtext": "제조업(10~34)", "documentId": "kr20100059676b1", "application_number": "1020100059676", "Ltext": "금속 가공제품 제조업; 기계 및 가구 제외", "keyword": "지붕재제조/금속지붕제조/복합방수/알루미늄은박/PET필름/단열방근/방법/PE발포시트/단열보강필름/부직포", "document_type": "B1"}, {"updateDate": "20220608", "LLno": "C", "SSno": "25112", "Stext": "구조용 금속제품 제조업", "SStext": "구조용 금속 판제품 및 공작물 제조업", "Mtext": "구조용 금속제품, 탱크 및 증기발생기 제조업", "Lno": "25", "ipc_main": "E04D-011/02", "Mno": "251", "country_code": "KR", "Sno": "2511", "LLtext": "제조업(10~34)", "documentId": "kr20100060129b1", "application_number": "1020100060129", "Ltext": "금속 가공제품 제조업; 기계 및 가구 제외", "keyword": "지붕재제조/금속지붕제조/단열방수/도막방수층/보강조인트/보강조인트/방법/실링재/스톤층/탑코팅층", "document_type": "B1"}, {"updateDate": "20220608", "LLno": "C", "SSno": "25112", "Stext": "구조용 금속제품 제조업", "SStext": "구조용 금속 판제품 및 공작물 제조업", "Mtext": "구조용 금속제품, 탱크 및 증기발생기 제조업", "Lno": "25", "ipc_main": "E04D-003/362", "Mno": "251", "country_code": "KR", "Sno": "2511", "LLtext": "제조업(10~34)", "documentId": "kr20100076884a", "application_number": "1020100076884", "Ltext": "금속 가공제품 제조업; 기계 및 가구 제외", "keyword": "금속지붕제조/지붕재제조/지붕연결구/금형/금속판/대량생산/방법/절곡펀치/상부형상/수직면", "document_type": "A"}, {"updateDate": "20220608", "LLno": "C", "SSno": "25112", "Stext": "구조용 금속제품 제조업", "SStext": "구조용 금속 판제품 및 공작물 제조업", "Mtext": "구조용 금속제품, 탱크 및 증기발생기 제조업", "Lno": "25", "ipc_main": "E04F-015/10", "Mno": "251", "country_code": "KR", "Sno": "2511", "LLtext": "제조업(10~34)", "documentId": "kr20100079942a", "application_number": "1020100079942", "Ltext": "금속 가공제품 제조업; 기계 및 가구 제외", "keyword": "구조용금속판제품제조 /구조용금속판가공품제조/바닥재/베이스시트/혼합분쇄칩/전도성/장치/카본블랙/금속분말/성형블록", "document_type": "A"}, {"updateDate": "20220608", "LLno": "C", "SSno": "25112", "Stext": "구조용 금속제품 제조업", "SStext": "구조용 금속 판제품 및 공작물 제조업", "Mtext": "구조용 금속제품, 탱크 및 증기발생기 제조업", "Lno": "25", "ipc_main": "E04D-003/362", "Mno": "251", "country_code": "KR", "Sno": "2511", "LLtext": "제조업(10~34)", "documentId": "kr20100123677a", "application_number": "1020100123677", "Ltext": "금속 가공제품 제조업; 기계 및 가구 제외", "keyword": "지붕재제조/금속지붕제조/마감재/마감판넬/삽입단/간단시공/장치/돌기단/체결단/고정수단", "document_type": "A"}, {"updateDate": "20220608", "LLno": "C", "SSno": "25112", "Stext": "구조용 금속제품 제조업", "SStext": "구조용 금속 판제품 및 공작물 제조업", "Mtext": "구조용 금속제품, 탱크 및 증기발생기 제조업", "Lno": "25", "ipc_main": "E04D-003/35", "Mno": "251", "country_code": "KR", "Sno": "2511", "LLtext": "제조업(10~34)", "documentId": "kr20100127601a", "application_number": "1020100127601", "Ltext": "금속 가공제품 제조업; 기계 및 가구 제외", "keyword": "패널제조/지붕재제조/단열판넬/흡음공/방습방수/결로방지/방법/우레탄단열재/아스팔트방수시트/화이바글라스매트", "document_type": "A"}, {"updateDate": "20220608", "LLno": "C", "SSno": "25112", "Stext": "구조용 금속제품 제조업", "SStext": "구조용 금속 판제품 및 공작물 제조업", "Mtext": "구조용 금속제품, 탱크 및 증기발생기 제조업", "Lno": "25", "ipc_main": "E04H-017/14", "Mno": "251", "country_code": "KR", "Sno": "2511", "LLtext": "제조업(10~34)", "documentId": "kr20110006127u", "application_number": "2020110006127", "Ltext": "금속 가공제품 제조업; 기계 및 가구 제외", "keyword": "울타리제조/설치용금속울타리제조/완충브라켓/기둥재/가로대/견고함/장치/고정홈/완충재/삽입홈", "document_type": "U"}, {"updateDate": "20220608", "LLno": "C", "SSno": "25112", "Stext": "구조용 금속제품 제조업", "SStext": "구조용 금속 판제품 및 공작물 제조업", "Mtext": "구조용 금속제품, 탱크 및 증기발생기 제조업", "Lno": "25", "ipc_main": "E04D-001/30", "Mno": "251", "country_code": "KR", "Sno": "2511", "LLtext": "제조업(10~34)", "documentId": "kr20110052244a", "application_number": "1020110052244", "Ltext": "금속 가공제품 제조업; 기계 및 가구 제외", "keyword": "지붕재제조/금속지붕제조/지붕재/폴리우레탄/폴리우레탄우레아/난연단열방수/장치/난연제층/단열폼/한옥형", "document_type": "A"}, {"updateDate": "20220608", "LLno": "C", "SSno": "25112", "Stext": "구조용 금속제품 제조업", "SStext": "구조용 금속 판제품 및 공작물 제조업", "Mtext": "구조용 금속제품, 탱크 및 증기발생기 제조업", "Lno": "25", "ipc_main": "E04D-011/02", "Mno": "251", "country_code": "KR", "Sno": "2511", "LLtext": "제조업(10~34)", "documentId": "kr20110078152b1", "application_number": "1020110078152", "Ltext": "금속 가공제품 제조업; 기계 및 가구 제외", "keyword": "지붕재제조/금속지붕제조/지붕재시트/내후성/내마모성/방오/방법/방수시트층/자외선차단제/산화방지제", "document_type": "B1"}, {"updateDate": "20220608", "LLno": "C", "SSno": "25112", "Stext": "구조용 금속제품 제조업", "SStext": "구조용 금속 판제품 및 공작물 제조업", "Mtext": "구조용 금속제품, 탱크 및 증기발생기 제조업", "Lno": "25", "ipc_main": "B21D-053/00", "Mno": "251", "country_code": "KR", "Sno": "2511", "LLtext": "제조업(10~34)", "documentId": "kr20110100316b1", "application_number": "1020110100316", "Ltext": "금속 가공제품 제조업; 기계 및 가구 제외", "keyword": "건물부착용금속조립공작물제조/건축용금속공작물제조/방화문/전면패널/후면패널/제조원가절감/장치/피벗힌지/절곡부/연결홈", "document_type": "B1"}, {"updateDate": "20220608", "LLno": "C", "SSno": "25112", "Stext": "구조용 금속제품 제조업", "SStext": "구조용 금속 판제품 및 공작물 제조업", "Mtext": "구조용 금속제품, 탱크 및 증기발생기 제조업", "Lno": "25", "ipc_main": "E04H-012/08", "Mno": "251", "country_code": "KR", "Sno": "2511", "LLtext": "제조업(10~34)", "documentId": "kr20120028327a", "application_number": "1020120028327", "Ltext": "금속 가공제품 제조업; 기계 및 가구 제외", "keyword": "건축용금속공작물제조/금속제장식공작물제조/가로등기둥/주기둥/발광부/회전방지/장치/직선부/삽입부/아암기둥", "document_type": "A"}, {"updateDate": "20220608", "LLno": "C", "SSno": "25112", "Stext": "구조용 금속제품 제조업", "SStext": "구조용 금속 판제품 및 공작물 제조업", "Mtext": "구조용 금속제품, 탱크 및 증기발생기 제조업", "Lno": "25", "ipc_main": "B21D-037/00", "Mno": "251", "country_code": "KR", "Sno": "2511", "LLtext": "제조업(10~34)", "documentId": "kr20120031754a", "application_number": "1020120031754", "Ltext": "금속 가공제품 제조업; 기계 및 가구 제외", "keyword": "패널제조/구조물용금속제복합패널가공품제조/금형장치/포밍/피어싱/단일공정/장치/캠드라이브/백업바디/스프링", "document_type": "A"}, {"updateDate": "20220608", "LLno": "C", "SSno": "25112", "Stext": "구조용 금속제품 제조업", "SStext": "구조용 금속 판제품 및 공작물 제조업", "Mtext": "구조용 금속제품, 탱크 및 증기발생기 제조업", "Lno": "25", "ipc_main": "E04D-003/36", "Mno": "251", "country_code": "KR", "Sno": "2511", "LLtext": "제조업(10~34)", "documentId": "kr20120041589a", "application_number": "1020120041589", "Ltext": "금속 가공제품 제조업; 기계 및 가구 제외", "keyword": "건물부착용금속조립공작물제조/건축용금속공작물제조/고정브라켓/공기단축/비용절감/경량화/장치/지지부/요홈/강판", "document_type": "A"}, {"updateDate": "20220608", "LLno": "C", "SSno": "25112", "Stext": "구조용 금속제품 제조업", "SStext": "구조용 금속 판제품 및 공작물 제조업", "Mtext": "구조용 금속제품, 탱크 및 증기발생기 제조업", "Lno": "25", "ipc_main": "B21D-028/26", "Mno": "251", "country_code": "KR", "Sno": "2511", "LLtext": "제조업(10~34)", "documentId": "kr20120089290a", "application_number": "1020120089290", "Ltext": "금속 가공제품 제조업; 기계 및 가구 제외", "keyword": "구조용금속판가공품제조/구조물용철강제패널가공품제조/파형강판/천공홀/공급프레임/피딩구/장치/받침판/포스트/슬라이드가압부", "document_type": "A"}, {"updateDate": "20220608", "LLno": "C", "SSno": "25112", "Stext": "구조용 금속제품 제조업", "SStext": "구조용 금속 판제품 및 공작물 제조업", "Mtext": "구조용 금속제품, 탱크 및 증기발생기 제조업", "Lno": "25", "ipc_main": "E04D-011/02", "Mno": "251", "country_code": "KR", "Sno": "2511", "LLtext": "제조업(10~34)", "documentId": "kr20120107157b1", "application_number": "1020120107157", "Ltext": "금속 가공제품 제조업; 기계 및 가구 제외", "keyword": "지붕재제조/금속지붕제조/옥상단열방수/단열패널/고정구삽입홈/충진폼/방법/주입공/고정리브/래칫부", "document_type": "B1"}, {"updateDate": "20220608", "LLno": "C", "SSno": "25112", "Stext": "구조용 금속제품 제조업", "SStext": "구조용 금속 판제품 및 공작물 제조업", "Mtext": "구조용 금속제품, 탱크 및 증기발생기 제조업", "Lno": "25", "ipc_main": "E04D-013/18", "Mno": "251", "country_code": "KR", "Sno": "2511", "LLtext": "제조업(10~34)", "documentId": "kr20120114182b1", "application_number": "1020120114182", "Ltext": "금속 가공제품 제조업; 기계 및 가구 제외", "keyword": "지붕재제조/금속지붕제조/일체형앵커/수직부/지지단/결합분리용이/장치/고정편/간격유지돌기/패킹", "document_type": "B1"}, {"updateDate": "20220608", "LLno": "C", "SSno": "25112", "Stext": "구조용 금속제품 제조업", "SStext": "구조용 금속 판제품 및 공작물 제조업", "Mtext": "구조용 금속제품, 탱크 및 증기발생기 제조업", "Lno": "25", "ipc_main": "E04H-017/14", "Mno": "251", "country_code": "KR", "Sno": "2511", "LLtext": "제조업(10~34)", "documentId": "kr20120137928b1", "application_number": "1020120137928", "Ltext": "금속 가공제품 제조업; 기계 및 가구 제외", "keyword": "울타리제조/설치용금속울타리제조/울타리/볼트삽입공/지주파이프/신축이음/장치/스토퍼삽입공/연결구/가로파이프", "document_type": "B1"}, {"updateDate": "20220608", "LLno": "C", "SSno": "25112", "Stext": "구조용 금속제품 제조업", "SStext": "구조용 금속 판제품 및 공작물 제조업", "Mtext": "구조용 금속제품, 탱크 및 증기발생기 제조업", "Lno": "25", "ipc_main": "E04D-003/35", "Mno": "251", "country_code": "KR", "Sno": "2511", "LLtext": "제조업(10~34)", "documentId": "kr20130078814b1", "application_number": "1020130078814", "Ltext": "금속 가공제품 제조업; 기계 및 가구 제외", "keyword": "지붕재제조/금속지붕제조/루프구조체/열차단패드/클립부재/쾌적함/방법/하부지지대/스크류볼트/안착홈", "document_type": "B1"}, {"updateDate": "20220608", "LLno": "C", "SSno": "25112", "Stext": "구조용 금속제품 제조업", "SStext": "구조용 금속 판제품 및 공작물 제조업", "Mtext": "구조용 금속제품, 탱크 및 증기발생기 제조업", "Lno": "25", "ipc_main": "E04F-015/024", "Mno": "251", "country_code": "KR", "Sno": "2511", "LLtext": "제조업(10~34)", "documentId": "kr20130096827b1", "application_number": "1020130096827", "Ltext": "금속 가공제품 제조업; 기계 및 가구 제외", "keyword": "패널제조/구조물용금속제패널가공품제조/스틸패널/이중마루시스템/진동흡수부재/외관미/장치/볼트홀/받침부/보스부", "document_type": "B1"}, {"updateDate": "20220608", "LLno": "C", "SSno": "25112", "Stext": "구조용 금속제품 제조업", "SStext": "구조용 금속 판제품 및 공작물 제조업", "Mtext": "구조용 금속제품, 탱크 및 증기발생기 제조업", "Lno": "25", "ipc_main": "B21D-028/28", "Mno": "251", "country_code": "KR", "Sno": "2511", "LLtext": "제조업(10~34)", "documentId": "kr20130122165b1", "application_number": "1020130122165", "Ltext": "금속 가공제품 제조업; 기계 및 가구 제외", "keyword": "금속사다리제조/사다리제조/사다리/펀칭프레스/LM가이드/단가절감/장치/이송유닛/커팅유닛/운반유닛", "document_type": "B1"}, {"updateDate": "20220608", "LLno": "C", "SSno": "25112", "Stext": "구조용 금속제품 제조업", "SStext": "구조용 금속 판제품 및 공작물 제조업", "Mtext": "구조용 금속제품, 탱크 및 증기발생기 제조업", "Lno": "25", "ipc_main": "B21D-005/00", "Mno": "251", "country_code": "KR", "Sno": "2511", "LLtext": "제조업(10~34)", "documentId": "kr20130166792b1", "application_number": "1020130166792", "Ltext": "금속 가공제품 제조업; 기계 및 가구 제외", "keyword": "사다리제조/금속사다리제조/맨홀용사다리/삽입부/발판부/생산성/방법/프레임/받침구/금형", "document_type": "B1"}, {"updateDate": "20220608", "LLno": "C", "SSno": "25112", "Stext": "구조용 금속제품 제조업", "SStext": "구조용 금속 판제품 및 공작물 제조업", "Mtext": "구조용 금속제품, 탱크 및 증기발생기 제조업", "Lno": "25", "ipc_main": "E04D-003/362", "Mno": "251", "country_code": "KR", "Sno": "2511", "LLtext": "제조업(10~34)", "documentId": "kr20140001978y1", "application_number": "2020140001978", "Ltext": "금속 가공제품 제조업; 기계 및 가구 제외", "keyword": "패널제조/지붕재제조/지붕패널/고정편/방수/고정력/장치/동출부/볼트/분리커버", "document_type": "Y1"}, {"updateDate": "20220608", "LLno": "C", "SSno": "25112", "Stext": "구조용 금속제품 제조업", "SStext": "구조용 금속 판제품 및 공작물 제조업", "Mtext": "구조용 금속제품, 탱크 및 증기발생기 제조업", "Lno": "25", "ipc_main": "E04D-013/064", "Mno": "251", "country_code": "KR", "Sno": "2511", "LLtext": "제조업(10~34)", "documentId": "kr20140070092b1", "application_number": "1020140070092", "Ltext": "금속 가공제품 제조업; 기계 및 가구 제외", "keyword": "처마용금속판제품제조/홈통제조/처마빗물받이/돌출각재/징크판넬/견고성/장치/지지대/걸림단/걸림턱", "document_type": "B1"}, {"updateDate": "20220608", "LLno": "C", "SSno": "25112", "Stext": "구조용 금속제품 제조업", "SStext": "구조용 금속 판제품 및 공작물 제조업", "Mtext": "구조용 금속제품, 탱크 및 증기발생기 제조업", "Lno": "25", "ipc_main": "B21D-045/00", "Mno": "251", "country_code": "KR", "Sno": "2511", "LLtext": "제조업(10~34)", "documentId": "kr20140151822a", "application_number": "1020140151822", "Ltext": "금속 가공제품 제조업; 기계 및 가구 제외", "keyword": "패널제조/구조용금속판제품제조 /프레스금형/성형소재/스크랩커터/자동취출/장치/상부금형/아웃트라인/펀치", "document_type": "A"}, {"updateDate": "20220608", "LLno": "C", "SSno": "25112", "Stext": "구조용 금속제품 제조업", "SStext": "구조용 금속 판제품 및 공작물 제조업", "Mtext": "구조용 금속제품, 탱크 및 증기발생기 제조업", "Lno": "25", "ipc_main": "E04F-013/12", "Mno": "251", "country_code": "KR", "Sno": "2511", "LLtext": "제조업(10~34)", "documentId": "kr20140195428b1", "application_number": "1020140195428", "Ltext": "금속 가공제품 제조업; 기계 및 가구 제외", "keyword": "패널제조/구조물용금속제패널가공품제조/외장패널/단열재/금속재/백패널/장치/상측플랜지/하측플랜지/프론트패널", "document_type": "B1"}, {"updateDate": "20220608", "LLno": "C", "SSno": "25112", "Stext": "구조용 금속제품 제조업", "SStext": "구조용 금속 판제품 및 공작물 제조업", "Mtext": "구조용 금속제품, 탱크 및 증기발생기 제조업", "Lno": "25", "ipc_main": "E04D-013/143", "Mno": "251", "country_code": "KR", "Sno": "2511", "LLtext": "제조업(10~34)", "documentId": "kr20150023250b1", "application_number": "1020150023250", "Ltext": "금속 가공제품 제조업; 기계 및 가구 제외", "keyword": "지붕재제조/금속지붕제조/벤틸레이터/격벽/빗물차단부/외기차단/장치/가이드부재/지지부/틈새공간", "document_type": "B1"}, {"updateDate": "20220608", "LLno": "C", "SSno": "25112", "Stext": "구조용 금속제품 제조업", "SStext": "구조용 금속 판제품 및 공작물 제조업", "Mtext": "구조용 금속제품, 탱크 및 증기발생기 제조업", "Lno": "25", "ipc_main": "E04F-013/08", "Mno": "251", "country_code": "KR", "Sno": "2511", "LLtext": "제조업(10~34)", "documentId": "kr20150060675b1", "application_number": "1020150060675", "Ltext": "금속 가공제품 제조업; 기계 및 가구 제외", "keyword": "구조용금속난간제조/금속발코니제조/금속바/샤프트바디/테일/미끄럼방지/장치/헤드/조정편/다이아로렛", "document_type": "B1"}, {"updateDate": "20220608", "LLno": "C", "SSno": "25112", "Stext": "구조용 금속제품 제조업", "SStext": "구조용 금속 판제품 및 공작물 제조업", "Mtext": "구조용 금속제품, 탱크 및 증기발생기 제조업", "Lno": "25", "ipc_main": "E04F-011/16", "Mno": "251", "country_code": "KR", "Sno": "2511", "LLtext": "제조업(10~34)", "documentId": "kr20150065339a", "application_number": "1020150065339", "Ltext": "금속 가공제품 제조업; 기계 및 가구 제외", "keyword": "계단제조/건물용금속계단제조/계단논슬립/스테인레스/황동/미끄럼방지/장치/금속분말조성층/축광띠/접착테이프", "document_type": "A"}, {"updateDate": "20220608", "LLno": "C", "SSno": "25112", "Stext": "구조용 금속제품 제조업", "SStext": "구조용 금속 판제품 및 공작물 제조업", "Mtext": "구조용 금속제품, 탱크 및 증기발생기 제조업", "Lno": "25", "ipc_main": "E04F-019/04", "Mno": "251", "country_code": "KR", "Sno": "2511", "LLtext": "제조업(10~34)", "documentId": "kr20150075743b1", "application_number": "1020150075743", "Ltext": "금속 가공제품 제조업; 기계 및 가구 제외", "keyword": "건축장식용금속제품제조/금속제장식공작물제조/마감몰딩/판넬지지부/수평본체부/흔들림방지/장치/수직부/판넬클립/노치부", "document_type": "B1"}, {"updateDate": "20220608", "LLno": "C", "SSno": "25112", "Stext": "구조용 금속제품 제조업", "SStext": "구조용 금속 판제품 및 공작물 제조업", "Mtext": "구조용 금속제품, 탱크 및 증기발생기 제조업", "Lno": "25", "ipc_main": "B21D-028/24", "Mno": "251", "country_code": "KR", "Sno": "2511", "LLtext": "제조업(10~34)", "documentId": "kr20150145744a", "application_number": "1020150145744", "Ltext": "금속 가공제품 제조업; 기계 및 가구 제외", "keyword": "구조용금속판가공품제조/구조물용금속제패널가공품제조/앵글펀칭/실린더고정대/다이스홀더/저비용/장치/피스톤/조립구/고정볼트", "document_type": "A"}, {"updateDate": "20220608", "LLno": "C", "SSno": "25112", "Stext": "구조용 금속제품 제조업", "SStext": "구조용 금속 판제품 및 공작물 제조업", "Mtext": "구조용 금속제품, 탱크 및 증기발생기 제조업", "Lno": "25", "ipc_main": "E04D-001/28", "Mno": "251", "country_code": "KR", "Sno": "2511", "LLtext": "제조업(10~34)", "documentId": "kr20160020333a", "application_number": "1020160020333", "Ltext": "금속 가공제품 제조업; 기계 및 가구 제외", "keyword": "패널제조/지붕재제조/지붕패널/글라스울/지지수단/체결수단/장치/상판재/하판재/충전재", "document_type": "A"}, {"updateDate": "20220608", "LLno": "C", "SSno": "25112", "Stext": "구조용 금속제품 제조업", "SStext": "구조용 금속 판제품 및 공작물 제조업", "Mtext": "구조용 금속제품, 탱크 및 증기발생기 제조업", "Lno": "25", "ipc_main": "E04D-003/35", "Mno": "251", "country_code": "KR", "Sno": "2511", "LLtext": "제조업(10~34)", "documentId": "kr20160042747b1", "application_number": "1020160042747", "Ltext": "금속 가공제품 제조업; 기계 및 가구 제외", "keyword": "지붕재제조/금속지붕제조/특수지붕재/골조프레임/타공패널/결속력/방법/내장재/고정부재/접합부", "document_type": "B1"}, {"updateDate": "20220608", "LLno": "C", "SSno": "25112", "Stext": "구조용 금속제품 제조업", "SStext": "구조용 금속 판제품 및 공작물 제조업", "Mtext": "구조용 금속제품, 탱크 및 증기발생기 제조업", "Lno": "25", "ipc_main": "E04F-015/18", "Mno": "251", "country_code": "KR", "Sno": "2511", "LLtext": "제조업(10~34)", "documentId": "kr20160054254a", "application_number": "1020160054254", "Ltext": "금속 가공제품 제조업; 기계 및 가구 제외", "keyword": "건축용금속공작물제조/건물부착용금속조립공작물제조/바닥구조/기저층/소음저감/진동저감/방법/탄성블록/탄성지지부/금속지지층", "document_type": "A"}, {"updateDate": "20220608", "LLno": "C", "SSno": "25112", "Stext": "구조용 금속제품 제조업", "SStext": "구조용 금속 판제품 및 공작물 제조업", "Mtext": "구조용 금속제품, 탱크 및 증기발생기 제조업", "Lno": "25", "ipc_main": "E04H-017/08", "Mno": "251", "country_code": "KR", "Sno": "2511", "LLtext": "제조업(10~34)", "documentId": "kr20160068310b1", "application_number": "1020160068310", "Ltext": "금속 가공제품 제조업; 기계 및 가구 제외", "keyword": "설치용금속울타리제조/울타리제조/울타리/철망/지주/결속/장치/수평부재/수용공/단턱부", "document_type": "B1"}, {"updateDate": "20220608", "LLno": "C", "SSno": "25112", "Stext": "구조용 금속제품 제조업", "SStext": "구조용 금속 판제품 및 공작물 제조업", "Mtext": "구조용 금속제품, 탱크 및 증기발생기 제조업", "Lno": "25", "ipc_main": "E04F-013/08", "Mno": "251", "country_code": "KR", "Sno": "2511", "LLtext": "제조업(10~34)", "documentId": "kr20160077710a", "application_number": "1020160077710", "Ltext": "금속 가공제품 제조업; 기계 및 가구 제외", "keyword": "금속제장식공작물제조/건축장식용금속제품제조/부착판/시공성/장식성/내구성/장치/걸림부/판재부/부재", "document_type": "A"}, {"updateDate": "20220608", "LLno": "C", "SSno": "25112", "Stext": "구조용 금속제품 제조업", "SStext": "구조용 금속 판제품 및 공작물 제조업", "Mtext": "구조용 금속제품, 탱크 및 증기발생기 제조업", "Lno": "25", "ipc_main": "E04F-013/08", "Mno": "251", "country_code": "KR", "Sno": "2511", "LLtext": "제조업(10~34)", "documentId": "kr20160134110a", "application_number": "1020160134110", "Ltext": "금속 가공제품 제조업; 기계 및 가구 제외", "keyword": "금속제장식공작물제조/건축장식용금속제품제조/건축부재/걸림부/기밀성/분리교체가능/장치/장식부재부/내장재/접착부재", "document_type": "A"}, {"updateDate": "20220608", "LLno": "C", "SSno": "25112", "Stext": "구조용 금속제품 제조업", "SStext": "구조용 금속 판제품 및 공작물 제조업", "Mtext": "구조용 금속제품, 탱크 및 증기발생기 제조업", "Lno": "25", "ipc_main": "E04F-013/08", "Mno": "251", "country_code": "KR", "Sno": "2511", "LLtext": "제조업(10~34)", "documentId": "kr20160137909b1", "application_number": "1020160137909", "Ltext": "금속 가공제품 제조업; 기계 및 가구 제외", "keyword": "패널제조/구조물용금속제패널가공품제조/마감패널/금속박판/프레임/단열재/장치/마감부재/접힘부/홈부", "document_type": "B1"}, {"updateDate": "20220608", "LLno": "C", "SSno": "25112", "Stext": "구조용 금속제품 제조업", "SStext": "구조용 금속 판제품 및 공작물 제조업", "Mtext": "구조용 금속제품, 탱크 및 증기발생기 제조업", "Lno": "25", "ipc_main": "E04F-013/12", "Mno": "251", "country_code": "KR", "Sno": "2511", "LLtext": "제조업(10~34)", "documentId": "kr20160146749b1", "application_number": "1020160146749", "Ltext": "금속 가공제품 제조업; 기계 및 가구 제외", "keyword": "건축용금속공작물제조/건축장식용금속제품제조/금속타일/평판/체결구조/내진/방법/측벽/탄성편/걸쇠", "document_type": "B1"}, {"updateDate": "20220608", "LLno": "C", "SSno": "25112", "Stext": "구조용 금속제품 제조업", "SStext": "구조용 금속 판제품 및 공작물 제조업", "Mtext": "구조용 금속제품, 탱크 및 증기발생기 제조업", "Lno": "25", "ipc_main": "E04D-013/158", "Mno": "251", "country_code": "KR", "Sno": "2511", "LLtext": "제조업(10~34)", "documentId": "kr20160157505b1", "application_number": "1020160157505", "Ltext": "금속 가공제품 제조업; 기계 및 가구 제외", "keyword": "패널제조/지붕재제조/고정장치/지지부/결합부/후레싱부/장치/일단부/지지플레이트/절곡단부", "document_type": "B1"}, {"updateDate": "20220608", "LLno": "C", "SSno": "25112", "Stext": "구조용 금속제품 제조업", "SStext": "구조용 금속 판제품 및 공작물 제조업", "Mtext": "구조용 금속제품, 탱크 및 증기발생기 제조업", "Lno": "25", "ipc_main": "E04D-013/076", "Mno": "251", "country_code": "KR", "Sno": "2511", "LLtext": "제조업(10~34)", "documentId": "kr20160179693b1", "application_number": "1020160179693", "Ltext": "금속 가공제품 제조업; 기계 및 가구 제외", "keyword": "처마용금속판제품제조/금속제물홈통제조/홈통덮개/우수받이/처마용/이물질거름/장치/거름망/리브/끼움돌기", "document_type": "B1"}, {"updateDate": "20220608", "LLno": "C", "SSno": "25112", "Stext": "구조용 금속제품 제조업", "SStext": "구조용 금속 판제품 및 공작물 제조업", "Mtext": "구조용 금속제품, 탱크 및 증기발생기 제조업", "Lno": "25", "ipc_main": "E04D-003/366", "Mno": "251", "country_code": "KR", "Sno": "2511", "LLtext": "제조업(10~34)", "documentId": "kr20170000830y1", "application_number": "2020170000830", "Ltext": "금속 가공제품 제조업; 기계 및 가구 제외", "keyword": "지붕재제조/금속지붕제조/지붕구조체/지붕캡/브라켓/누수방지/장치/베이스부/지지부/캡걸림부", "document_type": "Y1"}, {"updateDate": "20220608", "LLno": "C", "SSno": "25112", "Stext": "구조용 금속제품 제조업", "SStext": "구조용 금속 판제품 및 공작물 제조업", "Mtext": "구조용 금속제품, 탱크 및 증기발생기 제조업", "Lno": "25", "ipc_main": "E04F-013/12", "Mno": "251", "country_code": "KR", "Sno": "2511", "LLtext": "제조업(10~34)", "documentId": "kr20170005660u", "application_number": "2020170005660", "Ltext": "금속 가공제품 제조업; 기계 및 가구 제외", "keyword": "구조물용알루미늄제패널가공품제조/구조물용금속제복합패널가공품제조/바이오판넬/금속판넬/단열판/결로방지/장치/결착공/클립/지지편", "document_type": "U"}, {"updateDate": "20220608", "LLno": "C", "SSno": "25112", "Stext": "구조용 금속제품 제조업", "SStext": "구조용 금속 판제품 및 공작물 제조업", "Mtext": "구조용 금속제품, 탱크 및 증기발생기 제조업", "Lno": "25", "ipc_main": "B21D-028/24", "Mno": "251", "country_code": "KR", "Sno": "2511", "LLtext": "제조업(10~34)", "documentId": "kr20170008814a", "application_number": "1020170008814", "Ltext": "금속 가공제품 제조업; 기계 및 가구 제외", "keyword": "구조용금속판가공품제조/구조물용금속제패널가공품제조/펀칭장치/베이스금형/펀칭금형/버발생방지/장치/푸싱유닛/펀칭홀/절단날", "document_type": "A"}, {"updateDate": "20220608", "LLno": "C", "SSno": "25112", "Stext": "구조용 금속제품 제조업", "SStext": "구조용 금속 판제품 및 공작물 제조업", "Mtext": "구조용 금속제품, 탱크 및 증기발생기 제조업", "Lno": "25", "ipc_main": "B21D-028/34", "Mno": "251", "country_code": "KR", "Sno": "2511", "LLtext": "제조업(10~34)", "documentId": "kr20170086653b1", "application_number": "1020170086653", "Ltext": "금속 가공제품 제조업; 기계 및 가구 제외", "keyword": "구조용금속판가공품제조/구조물용금속제패널가공품제조/홀가공/가압펀칭부/고무재탄성부/선반부/장치/커팅구/관통구/이동바", "document_type": "B1"}, {"updateDate": "20220608", "LLno": "C", "SSno": "25112", "Stext": "구조용 금속제품 제조업", "SStext": "구조용 금속 판제품 및 공작물 제조업", "Mtext": "구조용 금속제품, 탱크 및 증기발생기 제조업", "Lno": "25", "ipc_main": "E04D-003/36", "Mno": "251", "country_code": "KR", "Sno": "2511", "LLtext": "제조업(10~34)", "documentId": "kr20170101080b1", "application_number": "1020170101080", "Ltext": "금속 가공제품 제조업; 기계 및 가구 제외", "keyword": "지붕재제조/금속지붕제조/지붕/베이스패널/퍼린/시공편리/장치/새들용강재/방수시트/돌출부", "document_type": "B1"}, {"updateDate": "20220608", "LLno": "C", "SSno": "25112", "Stext": "구조용 금속제품 제조업", "SStext": "구조용 금속 판제품 및 공작물 제조업", "Mtext": "구조용 금속제품, 탱크 및 증기발생기 제조업", "Lno": "25", "ipc_main": "E04D-003/36", "Mno": "251", "country_code": "KR", "Sno": "2511", "LLtext": "제조업(10~34)", "documentId": "kr20170103941a", "application_number": "1020170103941", "Ltext": "금속 가공제품 제조업; 기계 및 가구 제외", "keyword": "지붕재제조/금속지붕제조/지붕고정장치/지붕판/지붕산/고정클립/장치/고정볼트/클립지지부/볼트체결부", "document_type": "A"}, {"updateDate": "20220608", "LLno": "C", "SSno": "25112", "Stext": "구조용 금속제품 제조업", "SStext": "구조용 금속 판제품 및 공작물 제조업", "Mtext": "구조용 금속제품, 탱크 및 증기발생기 제조업", "Lno": "25", "ipc_main": "E04D-003/36", "Mno": "251", "country_code": "KR", "Sno": "2511", "LLtext": "제조업(10~34)", "documentId": "kr20170122301b1", "application_number": "1020170122301", "Ltext": "금속 가공제품 제조업; 기계 및 가구 제외", "keyword": "건물부착용금속조립공작물제조/건축용금속공작물제조/결속유닛/브라켓/고무패킹/누수억제/장치/플랜지/압착링/요입홈", "document_type": "B1"}, {"updateDate": "20220608", "LLno": "C", "SSno": "25112", "Stext": "구조용 금속제품 제조업", "SStext": "구조용 금속 판제품 및 공작물 제조업", "Mtext": "구조용 금속제품, 탱크 및 증기발생기 제조업", "Lno": "25", "ipc_main": "E04D-003/06", "Mno": "251", "country_code": "KR", "Sno": "2511", "LLtext": "제조업(10~34)", "documentId": "kr20180001925y1", "application_number": "2020180001925", "Ltext": "금속 가공제품 제조업; 기계 및 가구 제외", "keyword": "건물부착용금속조립공작물제조/건축용금속공작물제조/프레임/수평지지부/수직지지부/내구성/장치/끼움부/복층패널/체결구", "document_type": "Y1"}, {"updateDate": "20220608", "LLno": "C", "SSno": "25112", "Stext": "구조용 금속제품 제조업", "SStext": "구조용 금속 판제품 및 공작물 제조업", "Mtext": "구조용 금속제품, 탱크 및 증기발생기 제조업", "Lno": "25", "ipc_main": "E04D-013/15", "Mno": "251", "country_code": "KR", "Sno": "2511", "LLtext": "제조업(10~34)", "documentId": "kr20180005728y1", "application_number": "2020180005728", "Ltext": "금속 가공제품 제조업; 기계 및 가구 제외", "keyword": "건물부착용금속조립공작물제조/건축용금속공작물제조/외장몰드/모서리/낙수방지수단/벽체손상방지/장치/코너몰드/만곡판/협지판", "document_type": "Y1"}, {"updateDate": "20220608", "LLno": "C", "SSno": "25112", "Stext": "구조용 금속제품 제조업", "SStext": "구조용 금속 판제품 및 공작물 제조업", "Mtext": "구조용 금속제품, 탱크 및 증기발생기 제조업", "Lno": "25", "ipc_main": "E04D-003/368", "Mno": "251", "country_code": "KR", "Sno": "2511", "LLtext": "제조업(10~34)", "documentId": "kr20180009105b1", "application_number": "1020180009105", "Ltext": "금속 가공제품 제조업; 기계 및 가구 제외", "keyword": "지붕재제조/금속지붕제조/내진브래킷/체결부/누름판/내구성/장치/버팀부/패널/보강부재", "document_type": "B1"}, {"updateDate": "20220608", "LLno": "C", "SSno": "25112", "Stext": "구조용 금속제품 제조업", "SStext": "구조용 금속 판제품 및 공작물 제조업", "Mtext": "구조용 금속제품, 탱크 및 증기발생기 제조업", "Lno": "25", "ipc_main": "B21D-039/02", "Mno": "251", "country_code": "KR", "Sno": "2511", "LLtext": "제조업(10~34)", "documentId": "kr20180032097b1", "application_number": "1020180032097", "Ltext": "금속 가공제품 제조업; 기계 및 가구 제외", "keyword": "패널제조/구조물용금속제패널가공품제조/헤밍접합/열팽창률/이종패널/열변형제어/장치/일단부/헤밍부/굴곡부", "document_type": "B1"}, {"updateDate": "20220608", "LLno": "C", "SSno": "25112", "Stext": "구조용 금속제품 제조업", "SStext": "구조용 금속 판제품 및 공작물 제조업", "Mtext": "구조용 금속제품, 탱크 및 증기발생기 제조업", "Lno": "25", "ipc_main": "E04F-015/02", "Mno": "251", "country_code": "KR", "Sno": "2511", "LLtext": "제조업(10~34)", "documentId": "kr20180036314b1", "application_number": "1020180036314", "Ltext": "금속 가공제품 제조업; 기계 및 가구 제외", "keyword": "건축용금속공작물제조/구조용금속판제품및금속공작물제조/목재데크/충진홈/금속판/슬립방지/장치/매입홈/고정홈/경사홈", "document_type": "B1"}, {"updateDate": "20220608", "LLno": "C", "SSno": "25112", "Stext": "구조용 금속제품 제조업", "SStext": "구조용 금속 판제품 및 공작물 제조업", "Mtext": "구조용 금속제품, 탱크 및 증기발생기 제조업", "Lno": "25", "ipc_main": "E04D-011/00", "Mno": "251", "country_code": "KR", "Sno": "2511", "LLtext": "제조업(10~34)", "documentId": "kr20180044001a", "application_number": "1020180044001", "Ltext": "금속 가공제품 제조업; 기계 및 가구 제외", "keyword": "지붕재제조/금속지붕제조/방수방근구조/유기바인더/무기바인더/일체결합/방법/복합방수시트/초속경셀프레벨링재층/콘크리트기재층", "document_type": "A"}, {"updateDate": "20220608", "LLno": "C", "SSno": "25112", "Stext": "구조용 금속제품 제조업", "SStext": "구조용 금속 판제품 및 공작물 제조업", "Mtext": "구조용 금속제품, 탱크 및 증기발생기 제조업", "Lno": "25", "ipc_main": "E04H-009/02", "Mno": "251", "country_code": "KR", "Sno": "2511", "LLtext": "제조업(10~34)", "documentId": "kr20180051053b1", "application_number": "1020180051053", "Ltext": "금속 가공제품 제조업; 기계 및 가구 제외", "keyword": "건축용금속공작물제조/건물부착용금속조립공작물제조/아파트/턴버클/와이어로프/내력/방법/H형강/커버재/고무판", "document_type": "B1"}, {"updateDate": "20220608", "LLno": "C", "SSno": "25112", "Stext": "구조용 금속제품 제조업", "SStext": "구조용 금속 판제품 및 공작물 제조업", "Mtext": "구조용 금속제품, 탱크 및 증기발생기 제조업", "Lno": "25", "ipc_main": "B21D-022/20", "Mno": "251", "country_code": "KR", "Sno": "2511", "LLtext": "제조업(10~34)", "documentId": "kr20180072194b1", "application_number": "1020180072194", "Ltext": "금속 가공제품 제조업; 기계 및 가구 제외", "keyword": "구조용금속판가공품제조/구조용금속판제품제조/프레스/통전클램프/프레스금형/변형방지/장치/가이드레일/구동부/제어부", "document_type": "B1"}, {"updateDate": "20220608", "LLno": "C", "SSno": "25112", "Stext": "구조용 금속제품 제조업", "SStext": "구조용 금속 판제품 및 공작물 제조업", "Mtext": "구조용 금속제품, 탱크 및 증기발생기 제조업", "Lno": "25", "ipc_main": "E04F-013/08", "Mno": "251", "country_code": "KR", "Sno": "2511", "LLtext": "제조업(10~34)", "documentId": "kr20180079885a", "application_number": "1020180079885", "Ltext": "금속 가공제품 제조업; 기계 및 가구 제외", "keyword": "건물부착용금속조립공작물제조/건축용금속공작물제조/브라켓/스크류부/포스트/효율성/장치/판넬지지대/지지대고정편/판넬고정부재", "document_type": "A"}, {"updateDate": "20220608", "LLno": "C", "SSno": "25112", "Stext": "구조용 금속제품 제조업", "SStext": "구조용 금속 판제품 및 공작물 제조업", "Mtext": "구조용 금속제품, 탱크 및 증기발생기 제조업", "Lno": "25", "ipc_main": "B21D-028/34", "Mno": "251", "country_code": "KR", "Sno": "2511", "LLtext": "제조업(10~34)", "documentId": "kr20180086369b1", "application_number": "1020180086369", "Ltext": "금속 가공제품 제조업; 기계 및 가구 제외", "keyword": "구조물용금속제패널가공품제조/구조용금속판가공품제조/측면홀가공/상부금형/작동구/동시가공/장치/가압구/펀칭봉/고정틀", "document_type": "B1"}, {"updateDate": "20220608", "LLno": "C", "SSno": "25112", "Stext": "구조용 금속제품 제조업", "SStext": "구조용 금속 판제품 및 공작물 제조업", "Mtext": "구조용 금속제품, 탱크 및 증기발생기 제조업", "Lno": "25", "ipc_main": "E04D-003/36", "Mno": "251", "country_code": "KR", "Sno": "2511", "LLtext": "제조업(10~34)", "documentId": "kr20180097309b1", "application_number": "1020180097309", "Ltext": "금속 가공제품 제조업; 기계 및 가구 제외", "keyword": "지붕재제조/금속지붕제조/지붕조립체/흡음공/흡음데크패널/열차단/방법/완충패드/압축스프링/체결브래킷", "document_type": "B1"}, {"updateDate": "20220608", "LLno": "C", "SSno": "25112", "Stext": "구조용 금속제품 제조업", "SStext": "구조용 금속 판제품 및 공작물 제조업", "Mtext": "구조용 금속제품, 탱크 및 증기발생기 제조업", "Lno": "25", "ipc_main": "E04F-013/08", "Mno": "251", "country_code": "KR", "Sno": "2511", "LLtext": "제조업(10~34)", "documentId": "kr20180121751a", "application_number": "1020180121751", "Ltext": "금속 가공제품 제조업; 기계 및 가구 제외", "keyword": "건축용금속공작물제조/건물부착용금속조립공작물제조/외장재/자성/간격조절부/평활도/장치/자성부/보강돌출부/파지부", "document_type": "A"}, {"updateDate": "20220608", "LLno": "C", "SSno": "25112", "Stext": "구조용 금속제품 제조업", "SStext": "구조용 금속 판제품 및 공작물 제조업", "Mtext": "구조용 금속제품, 탱크 및 증기발생기 제조업", "Lno": "25", "ipc_main": "E04D-001/02", "Mno": "251", "country_code": "KR", "Sno": "2511", "LLtext": "제조업(10~34)", "documentId": "kr20180126211a", "application_number": "1020180126211", "Ltext": "금속 가공제품 제조업; 기계 및 가구 제외", "keyword": "지붕재제조/금속지붕제조/기와/아크형편상/커버/안착부/방법/고정부/오목측/배수홈", "document_type": "A"}, {"updateDate": "20220608", "LLno": "C", "SSno": "25112", "Stext": "구조용 금속제품 제조업", "SStext": "구조용 금속 판제품 및 공작물 제조업", "Mtext": "구조용 금속제품, 탱크 및 증기발생기 제조업", "Lno": "25", "ipc_main": "E04D-003/366", "Mno": "251", "country_code": "KR", "Sno": "2511", "LLtext": "제조업(10~34)", "documentId": "kr20180128872b1", "application_number": "1020180128872", "Ltext": "금속 가공제품 제조업; 기계 및 가구 제외", "keyword": "금속지붕제조/지붕재제조/터널지붕/중공부/지붕판부재/마감캠부재/장치/압착돌기/배수로/구조보강날개", "document_type": "B1"}, {"updateDate": "20220608", "LLno": "C", "SSno": "25112", "Stext": "구조용 금속제품 제조업", "SStext": "구조용 금속 판제품 및 공작물 제조업", "Mtext": "구조용 금속제품, 탱크 및 증기발생기 제조업", "Lno": "25", "ipc_main": "E04F-013/12", "Mno": "251", "country_code": "KR", "Sno": "2511", "LLtext": "제조업(10~34)", "documentId": "kr20180135967a", "application_number": "1020180135967", "Ltext": "금속 가공제품 제조업; 기계 및 가구 제외", "keyword": "패널제조/구조물용금속제패널가공품제조/마감패널/방부/방화/내습성/장치/금속판부/석고보드/절곡", "document_type": "A"}, {"updateDate": "20220608", "LLno": "C", "SSno": "25112", "Stext": "구조용 금속제품 제조업", "SStext": "구조용 금속 판제품 및 공작물 제조업", "Mtext": "구조용 금속제품, 탱크 및 증기발생기 제조업", "Lno": "25", "ipc_main": "B21D-037/08", "Mno": "251", "country_code": "KR", "Sno": "2511", "LLtext": "제조업(10~34)", "documentId": "kr20180166152b1", "application_number": "1020180166152", "Ltext": "금속 가공제품 제조업; 기계 및 가구 제외", "keyword": "구조용금속판가공품제조/구조물용금속제패널가공품제조/프레스가공/지지몸체/프레스부/비용/장치/메인배출롤/금형부/타단가이드", "document_type": "B1"}, {"updateDate": "20220608", "LLno": "C", "SSno": "25112", "Stext": "구조용 금속제품 제조업", "SStext": "구조용 금속 판제품 및 공작물 제조업", "Mtext": "구조용 금속제품, 탱크 및 증기발생기 제조업", "Lno": "25", "ipc_main": "E04F-013/08", "Mno": "251", "country_code": "KR", "Sno": "2511", "LLtext": "제조업(10~34)", "documentId": "kr20187005417a", "application_number": "1020187005417", "Ltext": "금속 가공제품 제조업; 기계 및 가구 제외", "keyword": "건축용금속공작물제조/건물부착용금속조립공작물제조/빌딩용파사드/내부커버층/코어/지지구조/장치/공정영역/복합요소/폴리머폼층", "document_type": "A"}, {"updateDate": "20220608", "LLno": "C", "SSno": "25112", "Stext": "구조용 금속제품 제조업", "SStext": "구조용 금속 판제품 및 공작물 제조업", "Mtext": "구조용 금속제품, 탱크 및 증기발생기 제조업", "Lno": "25", "ipc_main": "B21D-022/20", "Mno": "251", "country_code": "KR", "Sno": "2511", "LLtext": "제조업(10~34)", "documentId": "kr20187010723b1", "application_number": "1020187010723", "Ltext": "금속 가공제품 제조업; 기계 및 가구 제외", "keyword": "패널제조/구조물용금속제패널가공품제조/패널형성형품/블랭크재/프레스/핫스탬핑/방법/천판부/세로벽부/블랭크홀더", "document_type": "B1"}, {"updateDate": "20220608", "LLno": "C", "SSno": "25112", "Stext": "구조용 금속제품 제조업", "SStext": "구조용 금속 판제품 및 공작물 제조업", "Mtext": "구조용 금속제품, 탱크 및 증기발생기 제조업", "Lno": "25", "ipc_main": "E04D-001/30", "Mno": "251", "country_code": "KR", "Sno": "2511", "LLtext": "제조업(10~34)", "documentId": "kr20190027890a", "application_number": "1020190027890", "Ltext": "금속 가공제품 제조업; 기계 및 가구 제외", "keyword": "지붕재제조/금속지붕제조/용마루/누수차단/사고방지/단열/방법/꼭지부/안착부/걸림고리", "document_type": "A"}, {"updateDate": "20220608", "LLno": "C", "SSno": "25112", "Stext": "구조용 금속제품 제조업", "SStext": "구조용 금속 판제품 및 공작물 제조업", "Mtext": "구조용 금속제품, 탱크 및 증기발생기 제조업", "Lno": "25", "ipc_main": "E04H-017/22", "Mno": "251", "country_code": "KR", "Sno": "2511", "LLtext": "제조업(10~34)", "documentId": "kr20190033528b1", "application_number": "1020190033528", "Ltext": "금속 가공제품 제조업; 기계 및 가구 제외", "keyword": "울타리제조/구조용금속난간제조/펜스기둥/기둥몸체/앙카볼트/견고성/장치/플레이트끼움공/캡/가이드부", "document_type": "B1"}, {"updateDate": "20220608", "LLno": "C", "SSno": "25112", "Stext": "구조용 금속제품 제조업", "SStext": "구조용 금속 판제품 및 공작물 제조업", "Mtext": "구조용 금속제품, 탱크 및 증기발생기 제조업", "Lno": "25", "ipc_main": "E04F-013/12", "Mno": "251", "country_code": "KR", "Sno": "2511", "LLtext": "제조업(10~34)", "documentId": "kr20190037635a", "application_number": "1020190037635", "Ltext": "금속 가공제품 제조업; 기계 및 가구 제외", "keyword": "금속제장식공작물제조/건축용금속공작물제조/내장재/소지/유약/내충격성/장치/자기질/도기질/도포", "document_type": "A"}, {"updateDate": "20220608", "LLno": "C", "SSno": "25112", "Stext": "구조용 금속제품 제조업", "SStext": "구조용 금속 판제품 및 공작물 제조업", "Mtext": "구조용 금속제품, 탱크 및 증기발생기 제조업", "Lno": "25", "ipc_main": "E04F-013/08", "Mno": "251", "country_code": "KR", "Sno": "2511", "LLtext": "제조업(10~34)", "documentId": "kr20190042086b1", "application_number": "1020190042086", "Ltext": "금속 가공제품 제조업; 기계 및 가구 제외", "keyword": "패널제조/구조물용금속제패널가공품제조/외장패널/조립식/고정홈/징크패널/장치/지지프레임/연결프레임/연결바", "document_type": "B1"}, {"updateDate": "20220608", "LLno": "C", "SSno": "25112", "Stext": "구조용 금속제품 제조업", "SStext": "구조용 금속 판제품 및 공작물 제조업", "Mtext": "구조용 금속제품, 탱크 및 증기발생기 제조업", "Lno": "25", "ipc_main": "B21D-005/01", "Mno": "251", "country_code": "KR", "Sno": "2511", "LLtext": "제조업(10~34)", "documentId": "kr20190047327b1", "application_number": "1020190047327", "Ltext": "금속 가공제품 제조업; 기계 및 가구 제외", "keyword": "패널제조/구조물용금속제패널가공품제조/절곡장치/금속패널/지그부/고정부/장치/펀치부/센서부/가이드모듈", "document_type": "B1"}, {"updateDate": "20220608", "LLno": "C", "SSno": "25112", "Stext": "구조용 금속제품 제조업", "SStext": "구조용 금속 판제품 및 공작물 제조업", "Mtext": "구조용 금속제품, 탱크 및 증기발생기 제조업", "Lno": "25", "ipc_main": "E04D-011/02", "Mno": "251", "country_code": "KR", "Sno": "2511", "LLtext": "제조업(10~34)", "documentId": "kr20190050368b1", "application_number": "1020190050368", "Ltext": "금속 가공제품 제조업; 기계 및 가구 제외", "keyword": "지붕재제조/금속지붕제조/방수구조/합성수지/방근시트/단열/방법/갭하우징/조인트채널/탄성백업재", "document_type": "B1"}, {"updateDate": "20220608", "LLno": "C", "SSno": "25112", "Stext": "구조용 금속제품 제조업", "SStext": "구조용 금속 판제품 및 공작물 제조업", "Mtext": "구조용 금속제품, 탱크 및 증기발생기 제조업", "Lno": "25", "ipc_main": "E04D-013/00", "Mno": "251", "country_code": "KR", "Sno": "2511", "LLtext": "제조업(10~34)", "documentId": "kr20190064185b1", "application_number": "1020190064185", "Ltext": "금속 가공제품 제조업; 기계 및 가구 제외", "keyword": "금속지붕제조/지붕재제조/지붕/센서부/탄성부/안전성/장치/연결구/고정부/받침부", "document_type": "B1"}, {"updateDate": "20220608", "LLno": "C", "SSno": "25112", "Stext": "구조용 금속제품 제조업", "SStext": "구조용 금속 판제품 및 공작물 제조업", "Mtext": "구조용 금속제품, 탱크 및 증기발생기 제조업", "Lno": "25", "ipc_main": "E04F-013/08", "Mno": "251", "country_code": "KR", "Sno": "2511", "LLtext": "제조업(10~34)", "documentId": "kr20190074131a", "application_number": "1020190074131", "Ltext": "금속 가공제품 제조업; 기계 및 가구 제외", "keyword": "금속제장식공작물제조/구조물용금속제패널가공품제조/내장재/성형물/코팅층/운송편의/장치/베이스부/결합제/액상고무", "document_type": "A"}, {"updateDate": "20220608", "LLno": "C", "SSno": "25112", "Stext": "구조용 금속제품 제조업", "SStext": "구조용 금속 판제품 및 공작물 제조업", "Mtext": "구조용 금속제품, 탱크 및 증기발생기 제조업", "Lno": "25", "ipc_main": "E04D-015/00", "Mno": "251", "country_code": "KR", "Sno": "2511", "LLtext": "제조업(10~34)", "documentId": "kr20190132743b1", "application_number": "1020190132743", "Ltext": "금속 가공제품 제조업; 기계 및 가구 제외", "keyword": "건축용금속공작물제조/구조용금속판제품및금속공작물제조/공장구조물/지붕패널/미끄럼방지부재/추락방지/방법/돌출부/오목부/고정장치", "document_type": "B1"}, {"updateDate": "20220608", "LLno": "C", "SSno": "25112", "Stext": "구조용 금속제품 제조업", "SStext": "구조용 금속 판제품 및 공작물 제조업", "Mtext": "구조용 금속제품, 탱크 및 증기발생기 제조업", "Lno": "25", "ipc_main": "E04H-012/18", "Mno": "251", "country_code": "KR", "Sno": "2511", "LLtext": "제조업(10~34)", "documentId": "kr20190168934b1", "application_number": "1020190168934", "Ltext": "금속 가공제품 제조업; 기계 및 가구 제외", "keyword": "건축용금속공작물제조/금속제장식공작물제조/회전식폴/주기둥/회전기둥/윈치유닛/장치/지지홀/커버부/반원부", "document_type": "B1"}, {"updateDate": "20220608", "LLno": "C", "SSno": "25112", "Stext": "구조용 금속제품 제조업", "SStext": "구조용 금속 판제품 및 공작물 제조업", "Mtext": "구조용 금속제품, 탱크 및 증기발생기 제조업", "Lno": "25", "ipc_main": "E04F-013/08", "Mno": "251", "country_code": "KR", "Sno": "2511", "LLtext": "제조업(10~34)", "documentId": "kr20200009843b1", "application_number": "1020200009843", "Ltext": "금속 가공제품 제조업; 기계 및 가구 제외", "keyword": "구조물용금속제복합패널가공품제조/구조물용금속제패널가공품제조/마감패널/고정부재/벽면/견고함/장치/베이스판/고정클립/탄성지지부", "document_type": "B1"}, {"updateDate": "20220608", "LLno": "C", "SSno": "25112", "Stext": "구조용 금속제품 제조업", "SStext": "구조용 금속 판제품 및 공작물 제조업", "Mtext": "구조용 금속제품, 탱크 및 증기발생기 제조업", "Lno": "25", "ipc_main": "E04H-017/22", "Mno": "251", "country_code": "KR", "Sno": "2511", "LLtext": "제조업(10~34)", "documentId": "kr20200016983b1", "application_number": "1020200016983", "Ltext": "금속 가공제품 제조업; 기계 및 가구 제외", "keyword": "건축용금속공작물제조/건물부착용금속조립공작물제조/지주구조물/지주파이프/기둥프레임/마감부재/장치/연장부재/날개/지지플레이트", "document_type": "B1"}, {"updateDate": "20220608", "LLno": "C", "SSno": "25112", "Stext": "구조용 금속제품 제조업", "SStext": "구조용 금속 판제품 및 공작물 제조업", "Mtext": "구조용 금속제품, 탱크 및 증기발생기 제조업", "Lno": "25", "ipc_main": "E04F-013/12", "Mno": "251", "country_code": "KR", "Sno": "2511", "LLtext": "제조업(10~34)", "documentId": "kr20200049048b1", "application_number": "1020200049048", "Ltext": "금속 가공제품 제조업; 기계 및 가구 제외", "keyword": "구조물용금속제복합패널가공품제조/구조물용금속제패널가공품제조/금속패널/보강판/방청층/결합보강/장치/사이드판/고정용플랜지/중량부", "document_type": "B1"}, {"updateDate": "20220608", "LLno": "C", "SSno": "25112", "Stext": "구조용 금속제품 제조업", "SStext": "구조용 금속 판제품 및 공작물 제조업", "Mtext": "구조용 금속제품, 탱크 및 증기발생기 제조업", "Lno": "25", "ipc_main": "E04H-009/02", "Mno": "251", "country_code": "KR", "Sno": "2511", "LLtext": "제조업(10~34)", "documentId": "kr20200049402b1", "application_number": "1020200049402", "Ltext": "금속 가공제품 제조업; 기계 및 가구 제외", "keyword": "건축용금속공작물제조/건물부착용금속조립공작물제조/내진보강/철근콘크리트/밀착바/내진/장치/보강판/수평자/체결공", "document_type": "B1"}, {"updateDate": "20220608", "LLno": "C", "SSno": "25112", "Stext": "구조용 금속제품 제조업", "SStext": "구조용 금속 판제품 및 공작물 제조업", "Mtext": "구조용 금속제품, 탱크 및 증기발생기 제조업", "Lno": "25", "ipc_main": "E04D-003/36", "Mno": "251", "country_code": "KR", "Sno": "2511", "LLtext": "제조업(10~34)", "documentId": "kr20200066487b1", "application_number": "1020200066487", "Ltext": "금속 가공제품 제조업; 기계 및 가구 제외", "keyword": "금속지붕제조/지붕재제조/지붕/단열재/하부베이스/내진설계/장치/고정부재/체결부재/슬라이드레일", "document_type": "B1"}, {"updateDate": "20220608", "LLno": "C", "SSno": "25112", "Stext": "구조용 금속제품 제조업", "SStext": "구조용 금속 판제품 및 공작물 제조업", "Mtext": "구조용 금속제품, 탱크 및 증기발생기 제조업", "Lno": "25", "ipc_main": "E04D-003/35", "Mno": "251", "country_code": "KR", "Sno": "2511", "LLtext": "제조업(10~34)", "documentId": "kr20200091803b1", "application_number": "1020200091803", "Ltext": "금속 가공제품 제조업; 기계 및 가구 제외", "keyword": "금속지붕제조/지붕재제조/지붕패널/상부패널/하부패널/끼움부재/장치/프레임/플랜지부/탄성걸림부", "document_type": "B1"}, {"updateDate": "20220608", "LLno": "C", "SSno": "25112", "Stext": "구조용 금속제품 제조업", "SStext": "구조용 금속 판제품 및 공작물 제조업", "Mtext": "구조용 금속제품, 탱크 및 증기발생기 제조업", "Lno": "25", "ipc_main": "E04F-011/18", "Mno": "251", "country_code": "KR", "Sno": "2511", "LLtext": "제조업(10~34)", "documentId": "kr20200098288b1", "application_number": "1020200098288", "Ltext": "금속 가공제품 제조업; 기계 및 가구 제외", "keyword": "건축용금속공작물제조/건물부착용금속조립공작물제조/금속구조물/관부/홈부/견고함/장치/포스트/스프링핀/레일바", "document_type": "B1"}]}