{"dataset": [{"updateDate": "20220608", "LLno": "C", "SSno": "28909", "Stext": "기타 전기장비 제조업", "SStext": "그 외 기타 전기장비 제조업", "Mtext": "기타 전기장비 제조업", "Lno": "28", "ipc_main": "H01T-013/20", "Mno": "289", "country_code": "KR", "Sno": "2890", "LLtext": "제조업(10~34)", "documentId": "kr20080048937b1", "application_number": "1020080048937", "Ltext": "전기장비 제조업", "keyword": "전기식용접기제조/기타전기식용접기제조/전극팁용접방법/점화플러그/절연체/용융부/장치/금구/중심전극/전극팁", "document_type": "B1"}, {"updateDate": "20220608", "LLno": "C", "SSno": "28909", "Stext": "기타 전기장비 제조업", "SStext": "그 외 기타 전기장비 제조업", "Mtext": "기타 전기장비 제조업", "Lno": "28", "ipc_main": "B24B-037/00", "Mno": "289", "country_code": "KR", "Sno": "2890", "LLtext": "제조업(10~34)", "documentId": "kr20080094597a", "application_number": "1020080094597", "Ltext": "전기장비 제조업", "keyword": "전기식용접기제조/전자석제조/연마방법/비혼합방식/연마재/자기유변유체/장치/자기장형성/대상체/슬러리", "document_type": "A"}, {"updateDate": "20220608", "LLno": "C", "SSno": "28909", "Stext": "기타 전기장비 제조업", "SStext": "그 외 기타 전기장비 제조업", "Mtext": "기타 전기장비 제조업", "Lno": "28", "ipc_main": "H01T-013/20", "Mno": "289", "country_code": "KR", "Sno": "2890", "LLtext": "제조업(10~34)", "documentId": "kr20080096367b1", "application_number": "1020080096367", "Ltext": "전기장비 제조업", "keyword": "전기식용접기제조/점화플러그제조/접합방법/전극팁/중심전극/점화플러그/장치/측단부/홈형상/용접", "document_type": "B1"}, {"updateDate": "20220608", "LLno": "C", "SSno": "28909", "Stext": "기타 전기장비 제조업", "SStext": "그 외 기타 전기장비 제조업", "Mtext": "기타 전기장비 제조업", "Lno": "28", "ipc_main": "H05H-001/36", "Mno": "289", "country_code": "KR", "Sno": "2890", "LLtext": "제조업(10~34)", "documentId": "kr20080106741a", "application_number": "1020080106741", "Ltext": "전기장비 제조업", "keyword": "전기식용접기제조/금속플라즈마아크용접용기기제조/반응기/플라즈마/유도결합/고밀도/장치/반응챔버/메인안테나/제어회로", "document_type": "A"}, {"updateDate": "20220608", "LLno": "C", "SSno": "28909", "Stext": "기타 전기장비 제조업", "SStext": "그 외 기타 전기장비 제조업", "Mtext": "기타 전기장비 제조업", "Lno": "28", "ipc_main": "B23K-011/30", "Mno": "289", "country_code": "KR", "Sno": "2890", "LLtext": "제조업(10~34)", "documentId": "kr20080111812b1", "application_number": "1020080111812", "Ltext": "전기장비 제조업", "keyword": "전기식용접기제조/전자석제조/용접기/바이트/다이몬드/중간부/장치/용접공간실/용접케이스/전극부재", "document_type": "B1"}, {"updateDate": "20220608", "LLno": "C", "SSno": "28909", "Stext": "기타 전기장비 제조업", "SStext": "그 외 기타 전기장비 제조업", "Mtext": "기타 전기장비 제조업", "Lno": "28", "ipc_main": "B24B-055/06", "Mno": "289", "country_code": "KR", "Sno": "2890", "LLtext": "제조업(10~34)", "documentId": "kr20090017635a", "application_number": "1020090017635", "Ltext": "전기장비 제조업", "keyword": "전기식용접기제조/전자석제조/그라인더/탁상용/비산물/포집기능/장치/모터/안전커버/전원버튼", "document_type": "A"}, {"updateDate": "20220608", "LLno": "C", "SSno": "28909", "Stext": "기타 전기장비 제조업", "SStext": "그 외 기타 전기장비 제조업", "Mtext": "기타 전기장비 제조업", "Lno": "28", "ipc_main": "H05H-005/00", "Mno": "289", "country_code": "KR", "Sno": "2890", "LLtext": "제조업(10~34)", "documentId": "kr20090019320b1", "application_number": "1020090019320", "Ltext": "전기장비 제조업", "keyword": "전기식용접기제조/전자석제조/구동장치/거울챔버/검출부/조절모터/장치/검출부/주파수변환부/산출부", "document_type": "B1"}, {"updateDate": "20220608", "LLno": "C", "SSno": "28909", "Stext": "기타 전기장비 제조업", "SStext": "그 외 기타 전기장비 제조업", "Mtext": "기타 전기장비 제조업", "Lno": "28", "ipc_main": "H01F-027/29", "Mno": "289", "country_code": "KR", "Sno": "2890", "LLtext": "제조업(10~34)", "documentId": "kr20090049087a", "application_number": "1020090049087", "Ltext": "전기장비 제조업", "keyword": "전기식용접기제조/전자석제조/제작공법/리드터미날/트랜스포커/용접기용/장치/공법/권선공정/리드베이스공정", "document_type": "A"}, {"updateDate": "20220608", "LLno": "C", "SSno": "28909", "Stext": "기타 전기장비 제조업", "SStext": "그 외 기타 전기장비 제조업", "Mtext": "기타 전기장비 제조업", "Lno": "28", "ipc_main": "B23K-037/00", "Mno": "289", "country_code": "KR", "Sno": "2890", "LLtext": "제조업(10~34)", "documentId": "kr20090088153a", "application_number": "1020090088153", "Ltext": "전기장비 제조업", "keyword": "전기식용접기제조/전자석제조/자동용접방법/자동용접시스템/피용접물/용접이음부/장치/안착대/대기부/왕복주행", "document_type": "A"}, {"updateDate": "20220608", "LLno": "C", "SSno": "28909", "Stext": "기타 전기장비 제조업", "SStext": "그 외 기타 전기장비 제조업", "Mtext": "기타 전기장비 제조업", "Lno": "28", "ipc_main": "H01T-013/00", "Mno": "289", "country_code": "KR", "Sno": "2890", "LLtext": "제조업(10~34)", "documentId": "kr20090097694b1", "application_number": "1020090097694", "Ltext": "전기장비 제조업", "keyword": "전기식용접기제조/점화플러그제조/점화플러그/내연기관/중심전극/보조분출공/장치/본체/절연체/형성셀", "document_type": "B1"}, {"updateDate": "20220608", "LLno": "C", "SSno": "28909", "Stext": "기타 전기장비 제조업", "SStext": "그 외 기타 전기장비 제조업", "Mtext": "기타 전기장비 제조업", "Lno": "28", "ipc_main": "H05H-005/00", "Mno": "289", "country_code": "KR", "Sno": "2890", "LLtext": "제조업(10~34)", "documentId": "kr20090111636b1", "application_number": "1020090111636", "Ltext": "전기장비 제조업", "keyword": "전기식용접기제조/입자가속기제조/감쇠기/진동/냉각수/리턴라인/장치/공급측/저전도성/워터", "document_type": "B1"}, {"updateDate": "20220608", "LLno": "C", "SSno": "28909", "Stext": "기타 전기장비 제조업", "SStext": "그 외 기타 전기장비 제조업", "Mtext": "기타 전기장비 제조업", "Lno": "28", "ipc_main": "H01T-013/20", "Mno": "289", "country_code": "KR", "Sno": "2890", "LLtext": "제조업(10~34)", "documentId": "kr20097020574b1", "application_number": "1020097020574", "Ltext": "전기장비 제조업", "keyword": "전기식용접기제조/점화플러그제조/제조방법/스파크/플러그/귀금식팁/장치/베이스부재/레이저/용접", "document_type": "B1"}, {"updateDate": "20220608", "LLno": "C", "SSno": "28909", "Stext": "기타 전기장비 제조업", "SStext": "그 외 기타 전기장비 제조업", "Mtext": "기타 전기장비 제조업", "Lno": "28", "ipc_main": "B24B-019/00", "Mno": "289", "country_code": "KR", "Sno": "2890", "LLtext": "제조업(10~34)", "documentId": "kr20100012533u", "application_number": "2020100012533", "Ltext": "전기장비 제조업", "keyword": "전기식용접기제조/전자석제조/연마장치/타이어/시편용/전자석/장치/시편/고정용체인/연마석", "document_type": "U"}, {"updateDate": "20220608", "LLno": "C", "SSno": "28909", "Stext": "기타 전기장비 제조업", "SStext": "그 외 기타 전기장비 제조업", "Mtext": "기타 전기장비 제조업", "Lno": "28", "ipc_main": "B23K-037/02", "Mno": "289", "country_code": "KR", "Sno": "2890", "LLtext": "제조업(10~34)", "documentId": "kr20100013588b1", "application_number": "1020100013588", "Ltext": "전기장비 제조업", "keyword": "전기식용접기제조/전자석제조/용접방법/회전운동/카메라/터치센서/장치/대차/승강유닛/용접토치", "document_type": "B1"}, {"updateDate": "20220608", "LLno": "C", "SSno": "28909", "Stext": "기타 전기장비 제조업", "SStext": "그 외 기타 전기장비 제조업", "Mtext": "기타 전기장비 제조업", "Lno": "28", "ipc_main": "H05H-013/00", "Mno": "289", "country_code": "KR", "Sno": "2890", "LLtext": "제조업(10~34)", "documentId": "kr20100017808b1", "application_number": "1020100017808", "Ltext": "전기장비 제조업", "keyword": "전기식용접기제조/전자석제조/사이클로트론/홀더조립체/양성자빔/황복이동/장치/박막/회전/일정간격", "document_type": "B1"}, {"updateDate": "20220608", "LLno": "C", "SSno": "28909", "Stext": "기타 전기장비 제조업", "SStext": "그 외 기타 전기장비 제조업", "Mtext": "기타 전기장비 제조업", "Lno": "28", "ipc_main": "B23K-037/02", "Mno": "289", "country_code": "KR", "Sno": "2890", "LLtext": "제조업(10~34)", "documentId": "kr20100020515a", "application_number": "1020100020515", "Ltext": "전기장비 제조업", "keyword": "전기식용접기제조/전자석제조/자동용접장치/가이드장치/용접용/캐리지/장치/피용접부재/가이드/레일부", "document_type": "A"}, {"updateDate": "20220608", "LLno": "C", "SSno": "28909", "Stext": "기타 전기장비 제조업", "SStext": "그 외 기타 전기장비 제조업", "Mtext": "기타 전기장비 제조업", "Lno": "28", "ipc_main": "B23K-009/18", "Mno": "289", "country_code": "KR", "Sno": "2890", "LLtext": "제조업(10~34)", "documentId": "kr20100024055a", "application_number": "1020100024055", "Ltext": "전기장비 제조업", "keyword": "전기식용접기제조/전자석제조/용접장치/이동바디/와이어공급/전력/장치/플럭스살포부/전원부/회수부", "document_type": "A"}, {"updateDate": "20220608", "LLno": "C", "SSno": "28909", "Stext": "기타 전기장비 제조업", "SStext": "그 외 기타 전기장비 제조업", "Mtext": "기타 전기장비 제조업", "Lno": "28", "ipc_main": "H05H-001/26", "Mno": "289", "country_code": "KR", "Sno": "2890", "LLtext": "제조업(10~34)", "documentId": "kr20100024946a", "application_number": "1020100024946", "Ltext": "전기장비 제조업", "keyword": "전기식용접기제조/금속플라즈마아크용접용기기제조/플라즈마토치/공동형/성능개선/영구자석/장치/아크방전/회전/전극침식", "document_type": "A"}, {"updateDate": "20220608", "LLno": "C", "SSno": "28909", "Stext": "기타 전기장비 제조업", "SStext": "그 외 기타 전기장비 제조업", "Mtext": "기타 전기장비 제조업", "Lno": "28", "ipc_main": "H01F-001/36", "Mno": "289", "country_code": "KR", "Sno": "2890", "LLtext": "제조업(10~34)", "documentId": "kr20100036769a", "application_number": "1020100036769", "Ltext": "전기장비 제조업", "keyword": "전기식용접기제조/전자석제조/제조방법/구조물/자성축/조절/장치/나노입자/자기장/정렬", "document_type": "A"}, {"updateDate": "20220608", "LLno": "C", "SSno": "28909", "Stext": "기타 전기장비 제조업", "SStext": "그 외 기타 전기장비 제조업", "Mtext": "기타 전기장비 제조업", "Lno": "28", "ipc_main": "H01F-001/18", "Mno": "289", "country_code": "KR", "Sno": "2890", "LLtext": "제조업(10~34)", "documentId": "kr20100090242a", "application_number": "1020100090242", "Ltext": "전기장비 제조업", "keyword": "전기식용접기제조/전자석제조/제조방법/투명전자석필름/단층/전도성전극/장치/절연막/투명전극/회전나선형", "document_type": "A"}, {"updateDate": "20220608", "LLno": "C", "SSno": "28909", "Stext": "기타 전기장비 제조업", "SStext": "그 외 기타 전기장비 제조업", "Mtext": "기타 전기장비 제조업", "Lno": "28", "ipc_main": "B23K-009/095", "Mno": "289", "country_code": "KR", "Sno": "2890", "LLtext": "제조업(10~34)", "documentId": "kr20100107981a", "application_number": "1020100107981", "Ltext": "전기장비 제조업", "keyword": "전기식용접기제조/전자석제조/아크용접시스템/탠덤/싱글아크/컨트롤러/장치/용접토치/전력공급/컨트롤러", "document_type": "A"}, {"updateDate": "20220608", "LLno": "C", "SSno": "28909", "Stext": "기타 전기장비 제조업", "SStext": "그 외 기타 전기장비 제조업", "Mtext": "기타 전기장비 제조업", "Lno": "28", "ipc_main": "H05H-001/46", "Mno": "289", "country_code": "KR", "Sno": "2890", "LLtext": "제조업(10~34)", "documentId": "kr20100125941b1", "application_number": "1020100125941", "Ltext": "전기장비 제조업", "keyword": "전기식용접기제조/금속플라즈마아크용접용기기제조/발생장치/플라즈마/고밀도/고주파전력/장치/반응챔버/영구자석/평면상", "document_type": "B1"}, {"updateDate": "20220608", "LLno": "C", "SSno": "28909", "Stext": "기타 전기장비 제조업", "SStext": "그 외 기타 전기장비 제조업", "Mtext": "기타 전기장비 제조업", "Lno": "28", "ipc_main": "B23K-026/26", "Mno": "289", "country_code": "KR", "Sno": "2890", "LLtext": "제조업(10~34)", "documentId": "kr20100137038b1", "application_number": "1020100137038", "Ltext": "전기장비 제조업", "keyword": "전기식용접기제조/전자석제조/용접장치/롤레이저/스크루하우징/안내슬롯/장치/레이저용접/양단부/안내단", "document_type": "B1"}, {"updateDate": "20220608", "LLno": "C", "SSno": "28909", "Stext": "기타 전기장비 제조업", "SStext": "그 외 기타 전기장비 제조업", "Mtext": "기타 전기장비 제조업", "Lno": "28", "ipc_main": "H05H-013/04", "Mno": "289", "country_code": "KR", "Sno": "2890", "LLtext": "제조업(10~34)", "documentId": "kr20107028788b1", "application_number": "1020107028788", "Ltext": "전기장비 제조업", "keyword": "전기식용접기제조/입자가속기제조/빔가속방법/하전입자/암치료/싱크로트론/장치/중심주위/벤딩자석/터닝부분", "document_type": "B1"}, {"updateDate": "20220608", "LLno": "C", "SSno": "28909", "Stext": "기타 전기장비 제조업", "SStext": "그 외 기타 전기장비 제조업", "Mtext": "기타 전기장비 제조업", "Lno": "28", "ipc_main": "H01F-007/06", "Mno": "289", "country_code": "KR", "Sno": "2890", "LLtext": "제조업(10~34)", "documentId": "kr20110000822a", "application_number": "1020110000822", "Ltext": "전기장비 제조업", "keyword": "전기식용접기제조/전자석제조/제어방법/합성자속/전기코일/권선/장치/부자속/영구자속/출력제어", "document_type": "A"}, {"updateDate": "20220608", "LLno": "C", "SSno": "28909", "Stext": "기타 전기장비 제조업", "SStext": "그 외 기타 전기장비 제조업", "Mtext": "기타 전기장비 제조업", "Lno": "28", "ipc_main": "H01T-021/02", "Mno": "289", "country_code": "KR", "Sno": "2890", "LLtext": "제조업(10~34)", "documentId": "kr20110063702b1", "application_number": "1020110063702", "Ltext": "전기장비 제조업", "keyword": "전기식용접기제조/점화플러그제조/가공방법/중심전극/점화플러그/불량유무판단/장치/이송/척킹/안착", "document_type": "B1"}, {"updateDate": "20220608", "LLno": "C", "SSno": "28909", "Stext": "기타 전기장비 제조업", "SStext": "그 외 기타 전기장비 제조업", "Mtext": "기타 전기장비 제조업", "Lno": "28", "ipc_main": "B23K-009/10", "Mno": "289", "country_code": "KR", "Sno": "2890", "LLtext": "제조업(10~34)", "documentId": "kr20110068547b1", "application_number": "1020110068547", "Ltext": "전기장비 제조업", "keyword": "전기식용접기제조/전자석제조/절전장치/전기용접기용/감지여부/전원차단/장치/전력케이블/외부전원입력단/절전제어부", "document_type": "B1"}, {"updateDate": "20220608", "LLno": "C", "SSno": "28909", "Stext": "기타 전기장비 제조업", "SStext": "그 외 기타 전기장비 제조업", "Mtext": "기타 전기장비 제조업", "Lno": "28", "ipc_main": "B23K-009/09", "Mno": "289", "country_code": "KR", "Sno": "2890", "LLtext": "제조업(10~34)", "documentId": "kr20110091908a", "application_number": "1020110091908", "Ltext": "전기장비 제조업", "keyword": "전기식용접기제조/전자석제조/아크용접방법/핫와이어/우회전류/부가용가재/장치/전극연결/용접부재/예열", "document_type": "A"}, {"updateDate": "20220608", "LLno": "C", "SSno": "28909", "Stext": "기타 전기장비 제조업", "SStext": "그 외 기타 전기장비 제조업", "Mtext": "기타 전기장비 제조업", "Lno": "28", "ipc_main": "H01F-007/20", "Mno": "289", "country_code": "KR", "Sno": "2890", "LLtext": "제조업(10~34)", "documentId": "kr20110133989b1", "application_number": "1020110133989", "Ltext": "전기장비 제조업", "keyword": "전기식용접기제조/전자석제조/전자석장치/탄성체/자기유변/효과증진/장치/유도체/파워컨트롤러/커풀링제", "document_type": "B1"}, {"updateDate": "20220608", "LLno": "C", "SSno": "28909", "Stext": "기타 전기장비 제조업", "SStext": "그 외 기타 전기장비 제조업", "Mtext": "기타 전기장비 제조업", "Lno": "28", "ipc_main": "B23K-028/02", "Mno": "289", "country_code": "KR", "Sno": "2890", "LLtext": "제조업(10~34)", "documentId": "kr20110144127a", "application_number": "1020110144127", "Ltext": "전기장비 제조업", "keyword": "전기식용접기제조/전자석제조/용접방법/스트립간/파라미터/텐션/장치/저장부/용접작업/제어부", "document_type": "A"}, {"updateDate": "20220608", "LLno": "C", "SSno": "28909", "Stext": "기타 전기장비 제조업", "SStext": "그 외 기타 전기장비 제조업", "Mtext": "기타 전기장비 제조업", "Lno": "28", "ipc_main": "H05H-003/06", "Mno": "289", "country_code": "KR", "Sno": "2890", "LLtext": "제조업(10~34)", "documentId": "kr20117004423a", "application_number": "1020117004423", "Ltext": "전기장비 제조업", "keyword": "전기식용접기제조/금속플라즈마아크용접용기기제조/생성기/중성입자/빈생성/중성자생성/장치/배향/음극/생성", "document_type": "A"}, {"updateDate": "20220608", "LLno": "C", "SSno": "28909", "Stext": "기타 전기장비 제조업", "SStext": "그 외 기타 전기장비 제조업", "Mtext": "기타 전기장비 제조업", "Lno": "28", "ipc_main": "B23K-037/00", "Mno": "289", "country_code": "KR", "Sno": "2890", "LLtext": "제조업(10~34)", "documentId": "kr20120001792u", "application_number": "2020120001792", "Ltext": "전기장비 제조업", "keyword": "전기식용접기제조/전자석제조/가이드레일/자동용접기/수평/바퀴/장치/조인트부/플레이트/클램프", "document_type": "U"}, {"updateDate": "20220608", "LLno": "C", "SSno": "28909", "Stext": "기타 전기장비 제조업", "SStext": "그 외 기타 전기장비 제조업", "Mtext": "기타 전기장비 제조업", "Lno": "28", "ipc_main": "B23K-009/32", "Mno": "289", "country_code": "KR", "Sno": "2890", "LLtext": "제조업(10~34)", "documentId": "kr20120005806u", "application_number": "2020120005806", "Ltext": "전기장비 제조업", "keyword": "전기식용접기제조/전자석제조/용접장치/전력입력소켓/싱글케이블/수리작업/장치/출력단자/전력공급/신호표시수단", "document_type": "U"}, {"updateDate": "20220608", "LLno": "C", "SSno": "28909", "Stext": "기타 전기장비 제조업", "SStext": "그 외 기타 전기장비 제조업", "Mtext": "기타 전기장비 제조업", "Lno": "28", "ipc_main": "B23K-037/02", "Mno": "289", "country_code": "KR", "Sno": "2890", "LLtext": "제조업(10~34)", "documentId": "kr20120005915u", "application_number": "2020120005915", "Ltext": "전기장비 제조업", "keyword": "전기식용접기제조/전자석제조/이동장치/용접기/케이블/능률향상/장치/케이블/수행홀더/바퀴", "document_type": "U"}, {"updateDate": "20220608", "LLno": "C", "SSno": "28909", "Stext": "기타 전기장비 제조업", "SStext": "그 외 기타 전기장비 제조업", "Mtext": "기타 전기장비 제조업", "Lno": "28", "ipc_main": "B23K-009/095", "Mno": "289", "country_code": "KR", "Sno": "2890", "LLtext": "제조업(10~34)", "documentId": "kr20120026483a", "application_number": "1020120026483", "Ltext": "전기장비 제조업", "keyword": "전기식용접기제조/전자석제조/SCR용접기/광통신/케이블/용접토치/장치/전류검출/송급모터/와이어피더", "document_type": "A"}, {"updateDate": "20220608", "LLno": "C", "SSno": "28909", "Stext": "기타 전기장비 제조업", "SStext": "그 외 기타 전기장비 제조업", "Mtext": "기타 전기장비 제조업", "Lno": "28", "ipc_main": "H01F-007/06", "Mno": "289", "country_code": "KR", "Sno": "2890", "LLtext": "제조업(10~34)", "documentId": "kr20120028079a", "application_number": "1020120028079", "Ltext": "전기장비 제조업", "keyword": "전기식용접기제조/전자석제조/전자석/극전환/분리전극/이용/장치/전자석/권선/홈", "document_type": "A"}, {"updateDate": "20220608", "LLno": "C", "SSno": "28909", "Stext": "기타 전기장비 제조업", "SStext": "그 외 기타 전기장비 제조업", "Mtext": "기타 전기장비 제조업", "Lno": "28", "ipc_main": "B23K-009/32", "Mno": "289", "country_code": "KR", "Sno": "2890", "LLtext": "제조업(10~34)", "documentId": "kr20120056529a", "application_number": "1020120056529", "Ltext": "전기장비 제조업", "keyword": "전기식용접기제조/전자석제조/종단신호처리장치/용접케이블/니플/커넥터/장치/종단커버/신호처리장치/관통구멍", "document_type": "A"}, {"updateDate": "20220608", "LLno": "C", "SSno": "28909", "Stext": "기타 전기장비 제조업", "SStext": "그 외 기타 전기장비 제조업", "Mtext": "기타 전기장비 제조업", "Lno": "28", "ipc_main": "B23K-011/11", "Mno": "289", "country_code": "KR", "Sno": "2890", "LLtext": "제조업(10~34)", "documentId": "kr20120097072b1", "application_number": "1020120097072", "Ltext": "전기장비 제조업", "keyword": "전기식용접기제조/전자석제조/스폿용접방법/보조가열전극/부착/통전/장치/용접금속판/원주형용접전극팁/코일스프링", "document_type": "B1"}, {"updateDate": "20220608", "LLno": "C", "SSno": "28909", "Stext": "기타 전기장비 제조업", "SStext": "그 외 기타 전기장비 제조업", "Mtext": "기타 전기장비 제조업", "Lno": "28", "ipc_main": "B23K-037/00", "Mno": "289", "country_code": "KR", "Sno": "2890", "LLtext": "제조업(10~34)", "documentId": "kr20120097110b1", "application_number": "1020120097110", "Ltext": "전기장비 제조업", "keyword": "전기식용접기제조/전자석제조/안전교육설비/용접/연장로드/필터/장치/그리퍼부/연기수집부/유동파이프", "document_type": "B1"}, {"updateDate": "20220608", "LLno": "C", "SSno": "28909", "Stext": "기타 전기장비 제조업", "SStext": "그 외 기타 전기장비 제조업", "Mtext": "기타 전기장비 제조업", "Lno": "28", "ipc_main": "B23K-009/20", "Mno": "289", "country_code": "KR", "Sno": "2890", "LLtext": "제조업(10~34)", "documentId": "kr20120109512b1", "application_number": "1020120109512", "Ltext": "전기장비 제조업", "keyword": "전기식용접기제조/전자석제조/방지장치/그을음/용접기용/스터드/장치/캡홀더/고정로드/탄성력", "document_type": "B1"}, {"updateDate": "20220608", "LLno": "C", "SSno": "28909", "Stext": "기타 전기장비 제조업", "SStext": "그 외 기타 전기장비 제조업", "Mtext": "기타 전기장비 제조업", "Lno": "28", "ipc_main": "B23K-009/095", "Mno": "289", "country_code": "KR", "Sno": "2890", "LLtext": "제조업(10~34)", "documentId": "kr20120129677a", "application_number": "1020120129677", "Ltext": "전기장비 제조업", "keyword": "전기식용접기제조/전자석제조/전원공급장치/용접장치용/용접토치/표시램프/장치/용접케이블/어스라인연장/스위치", "document_type": "A"}, {"updateDate": "20220608", "LLno": "C", "SSno": "28909", "Stext": "기타 전기장비 제조업", "SStext": "그 외 기타 전기장비 제조업", "Mtext": "기타 전기장비 제조업", "Lno": "28", "ipc_main": "B23K-037/00", "Mno": "289", "country_code": "KR", "Sno": "2890", "LLtext": "제조업(10~34)", "documentId": "kr20120158047a", "application_number": "1020120158047", "Ltext": "전기장비 제조업", "keyword": "전기식용접기제조/전자석제조/용접장치/3차원/열처리부/제어/장치/본체/갠트리부/작동제어", "document_type": "A"}, {"updateDate": "20220608", "LLno": "C", "SSno": "28909", "Stext": "기타 전기장비 제조업", "SStext": "그 외 기타 전기장비 제조업", "Mtext": "기타 전기장비 제조업", "Lno": "28", "ipc_main": "B23K-020/10", "Mno": "289", "country_code": "KR", "Sno": "2890", "LLtext": "제조업(10~34)", "documentId": "kr20127008582a", "application_number": "1020127008582", "Ltext": "전기장비 제조업", "keyword": "전기식용접기제조/전자석제조/용접장치/초음파/금속/더블헤드/장치/2세트/프레임/스톱로드", "document_type": "A"}, {"updateDate": "20220608", "LLno": "C", "SSno": "28909", "Stext": "기타 전기장비 제조업", "SStext": "그 외 기타 전기장비 제조업", "Mtext": "기타 전기장비 제조업", "Lno": "28", "ipc_main": "H01F-001/11", "Mno": "289", "country_code": "KR", "Sno": "2890", "LLtext": "제조업(10~34)", "documentId": "kr20127009902a", "application_number": "1020127009902", "Ltext": "전기장비 제조업", "keyword": "전기식용접기제조/전자석제조/제조법/본드자석/이방성자석/강자성/장치/입자분말/단상/특징", "document_type": "A"}, {"updateDate": "20220608", "LLno": "C", "SSno": "28909", "Stext": "기타 전기장비 제조업", "SStext": "그 외 기타 전기장비 제조업", "Mtext": "기타 전기장비 제조업", "Lno": "28", "ipc_main": "H01F-006/00", "Mno": "289", "country_code": "KR", "Sno": "2890", "LLtext": "제조업(10~34)", "documentId": "kr20130033518b1", "application_number": "1020130033518", "Ltext": "전기장비 제조업", "keyword": "전기식용접기제조/전자석제조/스위칭장치/침입방지/전도열/전류도입선/장치/초전도코일/접촉편/구동전자석", "document_type": "B1"}, {"updateDate": "20220608", "LLno": "C", "SSno": "28909", "Stext": "기타 전기장비 제조업", "SStext": "그 외 기타 전기장비 제조업", "Mtext": "기타 전기장비 제조업", "Lno": "28", "ipc_main": "B23K-011/11", "Mno": "289", "country_code": "KR", "Sno": "2890", "LLtext": "제조업(10~34)", "documentId": "kr20130036501b1", "application_number": "1020130036501", "Ltext": "전기장비 제조업", "keyword": "전기식용접기제조/전자석제조/스폿용접장치/장착부/가이드플레이트/슬라이드이동/장치/고정용접기/구동모터/용접피치", "document_type": "B1"}, {"updateDate": "20220608", "LLno": "C", "SSno": "28909", "Stext": "기타 전기장비 제조업", "SStext": "그 외 기타 전기장비 제조업", "Mtext": "기타 전기장비 제조업", "Lno": "28", "ipc_main": "B23K-009/025", "Mno": "289", "country_code": "KR", "Sno": "2890", "LLtext": "제조업(10~34)", "documentId": "kr20130067192a", "application_number": "1020130067192", "Ltext": "전기장비 제조업", "keyword": "전기식용접기제조/전자석제조/용접장치/연속/강판/절삭부/장치/진행방향/연결부/후열기", "document_type": "A"}, {"updateDate": "20220608", "LLno": "C", "SSno": "28909", "Stext": "기타 전기장비 제조업", "SStext": "그 외 기타 전기장비 제조업", "Mtext": "기타 전기장비 제조업", "Lno": "28", "ipc_main": "H05H-009/00", "Mno": "289", "country_code": "KR", "Sno": "2890", "LLtext": "제조업(10~34)", "documentId": "kr20130067849b1", "application_number": "1020130067849", "Ltext": "전기장비 제조업", "keyword": "전기식용접기제조/입자가속기제조/전환장치/X선/선형가속기/전자선/장치/컨버터모듈/직접활용/정위치", "document_type": "B1"}, {"updateDate": "20220608", "LLno": "C", "SSno": "28909", "Stext": "기타 전기장비 제조업", "SStext": "그 외 기타 전기장비 제조업", "Mtext": "기타 전기장비 제조업", "Lno": "28", "ipc_main": "B23K-009/00", "Mno": "289", "country_code": "KR", "Sno": "2890", "LLtext": "제조업(10~34)", "documentId": "kr20130070823b1", "application_number": "1020130070823", "Ltext": "전기장비 제조업", "keyword": "전기식용접기제조/전자석제조/로봇용접방법/무티칭/연료탱크/이동용발전기/장치/측판/파레트/내부모서리", "document_type": "B1"}, {"updateDate": "20220608", "LLno": "C", "SSno": "28909", "Stext": "기타 전기장비 제조업", "SStext": "그 외 기타 전기장비 제조업", "Mtext": "기타 전기장비 제조업", "Lno": "28", "ipc_main": "B23K-037/06", "Mno": "289", "country_code": "KR", "Sno": "2890", "LLtext": "제조업(10~34)", "documentId": "kr20130087510a", "application_number": "1020130087510", "Ltext": "전기장비 제조업", "keyword": "전기식용접기제조/전자석제조/용접장치/수직개선부/주행/동담금/장치/타면/용융풀/지지아암", "document_type": "A"}, {"updateDate": "20220608", "LLno": "C", "SSno": "28909", "Stext": "기타 전기장비 제조업", "SStext": "그 외 기타 전기장비 제조업", "Mtext": "기타 전기장비 제조업", "Lno": "28", "ipc_main": "B23K-011/25", "Mno": "289", "country_code": "KR", "Sno": "2890", "LLtext": "제조업(10~34)", "documentId": "kr20130096002a", "application_number": "1020130096002", "Ltext": "전기장비 제조업", "keyword": "전기식용접기제조/전자석제조/판정장치/용접불량/용접온도/용접캡/장치/일부관통/온도센서/케이블연장", "document_type": "A"}, {"updateDate": "20220608", "LLno": "C", "SSno": "28909", "Stext": "기타 전기장비 제조업", "SStext": "그 외 기타 전기장비 제조업", "Mtext": "기타 전기장비 제조업", "Lno": "28", "ipc_main": "B23K-009/20", "Mno": "289", "country_code": "KR", "Sno": "2890", "LLtext": "제조업(10~34)", "documentId": "kr20130103776b1", "application_number": "1020130103776", "Ltext": "전기장비 제조업", "keyword": "전기식용접기제조/전자석제조/용접건/자동용접장치용/스터드/인건비절감/장치/이송장치/픽업실린더/리프트", "document_type": "B1"}, {"updateDate": "20220608", "LLno": "C", "SSno": "28909", "Stext": "기타 전기장비 제조업", "SStext": "그 외 기타 전기장비 제조업", "Mtext": "기타 전기장비 제조업", "Lno": "28", "ipc_main": "H05H-007/18", "Mno": "289", "country_code": "KR", "Sno": "2890", "LLtext": "제조업(10~34)", "documentId": "kr20130124342a", "application_number": "1020130124342", "Ltext": "전기장비 제조업", "keyword": "전기식용접기제조/입자가속기제조/선형가속기/공진기/비대칭돌출부/가속동공/장치/입력돌출부/출력개구/포함", "document_type": "A"}, {"updateDate": "20220608", "LLno": "C", "SSno": "28909", "Stext": "기타 전기장비 제조업", "SStext": "그 외 기타 전기장비 제조업", "Mtext": "기타 전기장비 제조업", "Lno": "28", "ipc_main": "B23K-011/11", "Mno": "289", "country_code": "KR", "Sno": "2890", "LLtext": "제조업(10~34)", "documentId": "kr20130168498a", "application_number": "1020130168498", "Ltext": "전기장비 제조업", "keyword": "전기식용접기제조/전자석제조/교환장치/용접팁/스폿용접용/슬라이드이동/장치/베이스프레임/장착플레이트/피딩유닛", "document_type": "A"}, {"updateDate": "20220608", "LLno": "C", "SSno": "28909", "Stext": "기타 전기장비 제조업", "SStext": "그 외 기타 전기장비 제조업", "Mtext": "기타 전기장비 제조업", "Lno": "28", "ipc_main": "B23K-009/133", "Mno": "289", "country_code": "KR", "Sno": "2890", "LLtext": "제조업(10~34)", "documentId": "kr20140007412b1", "application_number": "1020140007412", "Ltext": "전기장비 제조업", "keyword": "전기식용접기제조/전자석제조/용접헤드/내면용접/소구경/강관/장치/돌출붐/강관/감속기", "document_type": "B1"}, {"updateDate": "20220608", "LLno": "C", "SSno": "28909", "Stext": "기타 전기장비 제조업", "SStext": "그 외 기타 전기장비 제조업", "Mtext": "기타 전기장비 제조업", "Lno": "28", "ipc_main": "B23K-009/133", "Mno": "289", "country_code": "KR", "Sno": "2890", "LLtext": "제조업(10~34)", "documentId": "kr20140010272a", "application_number": "1020140010272", "Ltext": "전기장비 제조업", "keyword": "전기식용접기제조/전자석제조/인성향상방법/와이어사용/저온상변태/일렉트로/장치/아크가스용접/EGW용접/용접재료", "document_type": "A"}, {"updateDate": "20220608", "LLno": "C", "SSno": "28909", "Stext": "기타 전기장비 제조업", "SStext": "그 외 기타 전기장비 제조업", "Mtext": "기타 전기장비 제조업", "Lno": "28", "ipc_main": "H01F-007/06", "Mno": "289", "country_code": "KR", "Sno": "2890", "LLtext": "제조업(10~34)", "documentId": "kr20140049064b1", "application_number": "1020140049064", "Ltext": "전기장비 제조업", "keyword": "전기식용접기제조/전자석제조/전자석/보빈/자기장발생/실리콘단결정/장치/직사각형띠/링모양/전도성선재", "document_type": "B1"}, {"updateDate": "20220608", "LLno": "C", "SSno": "28909", "Stext": "기타 전기장비 제조업", "SStext": "그 외 기타 전기장비 제조업", "Mtext": "기타 전기장비 제조업", "Lno": "28", "ipc_main": "B23K-009/18", "Mno": "289", "country_code": "KR", "Sno": "2890", "LLtext": "제조업(10~34)", "documentId": "kr20140116908b1", "application_number": "1020140116908", "Ltext": "전기장비 제조업", "keyword": "전기식용접기제조/전자석제조/FGB용접방법/모재개선/탭피스/작업공수절감/장치/전류/용접/풀용접", "document_type": "B1"}, {"updateDate": "20220608", "LLno": "C", "SSno": "28909", "Stext": "기타 전기장비 제조업", "SStext": "그 외 기타 전기장비 제조업", "Mtext": "기타 전기장비 제조업", "Lno": "28", "ipc_main": "B23K-009/073", "Mno": "289", "country_code": "KR", "Sno": "2890", "LLtext": "제조업(10~34)", "documentId": "kr20140117393b1", "application_number": "1020140117393", "Ltext": "전기장비 제조업", "keyword": "전기식용접기제조/전자석제조/용접기/모듈형/전원모듈/소형화/장치/통합형/전원모듈/다이오드", "document_type": "B1"}, {"updateDate": "20220608", "LLno": "C", "SSno": "28909", "Stext": "기타 전기장비 제조업", "SStext": "그 외 기타 전기장비 제조업", "Mtext": "기타 전기장비 제조업", "Lno": "28", "ipc_main": "H05H-009/00", "Mno": "289", "country_code": "KR", "Sno": "2890", "LLtext": "제조업(10~34)", "documentId": "kr20140120902b1", "application_number": "1020140120902", "Ltext": "전기장비 제조업", "keyword": "전기식용접기제조/입자가속기제조/저온유지장치/HWR/중이온가속기/서포트모듈/장치/파이프/리저버/헬륨", "document_type": "B1"}, {"updateDate": "20220608", "LLno": "C", "SSno": "28909", "Stext": "기타 전기장비 제조업", "SStext": "그 외 기타 전기장비 제조업", "Mtext": "기타 전기장비 제조업", "Lno": "28", "ipc_main": "B23K-011/25", "Mno": "289", "country_code": "KR", "Sno": "2890", "LLtext": "제조업(10~34)", "documentId": "kr20140128669a", "application_number": "1020140128669", "Ltext": "전기장비 제조업", "keyword": "전기식용접기제조/전자석제조/감지장치/용접누락/스폿/투입감지부/장치/스틸재질/신호출력/검출부", "document_type": "A"}, {"updateDate": "20220608", "LLno": "C", "SSno": "28909", "Stext": "기타 전기장비 제조업", "SStext": "그 외 기타 전기장비 제조업", "Mtext": "기타 전기장비 제조업", "Lno": "28", "ipc_main": "B23K-009/12", "Mno": "289", "country_code": "KR", "Sno": "2890", "LLtext": "제조업(10~34)", "documentId": "kr20140140672b1", "application_number": "1020140140672", "Ltext": "전기장비 제조업", "keyword": "전기식용접기제조/전자석제조/슬립방지방법/용접재료/용접기/가압롤/장치/피더기/공급전동기/전동기", "document_type": "B1"}, {"updateDate": "20220608", "LLno": "C", "SSno": "28909", "Stext": "기타 전기장비 제조업", "SStext": "그 외 기타 전기장비 제조업", "Mtext": "기타 전기장비 제조업", "Lno": "28", "ipc_main": "H01F-006/06", "Mno": "289", "country_code": "KR", "Sno": "2890", "LLtext": "제조업(10~34)", "documentId": "kr20140141766a", "application_number": "1020140141766", "Ltext": "전기장비 제조업", "keyword": "전기식용접기제조/전자석제조/제조방법/초전도코일/부분절연권선/지연현상/장치/보빈/초전도선재/절연물질", "document_type": "A"}, {"updateDate": "20220608", "LLno": "C", "SSno": "28909", "Stext": "기타 전기장비 제조업", "SStext": "그 외 기타 전기장비 제조업", "Mtext": "기타 전기장비 제조업", "Lno": "28", "ipc_main": "B23K-011/00", "Mno": "289", "country_code": "KR", "Sno": "2890", "LLtext": "제조업(10~34)", "documentId": "kr20140151594b1", "application_number": "1020140151594", "Ltext": "전기장비 제조업", "keyword": "전기식용접기제조/전자석제조/시임용접기/전기저항용접/하부헤더/위치편차/장치/후행재/오차수정부/편차보정", "document_type": "B1"}, {"updateDate": "20220608", "LLno": "C", "SSno": "28909", "Stext": "기타 전기장비 제조업", "SStext": "그 외 기타 전기장비 제조업", "Mtext": "기타 전기장비 제조업", "Lno": "28", "ipc_main": "H05H-009/00", "Mno": "289", "country_code": "KR", "Sno": "2890", "LLtext": "제조업(10~34)", "documentId": "kr20140155958b1", "application_number": "1020140155958", "Ltext": "전기장비 제조업", "keyword": "전기식용접기제조/입자가속기제조/저온유지장치/SSR1중이온/가속기/파이프하우징/장치/진공베셀/외부관/파이프모듈", "document_type": "B1"}, {"updateDate": "20220608", "LLno": "C", "SSno": "28909", "Stext": "기타 전기장비 제조업", "SStext": "그 외 기타 전기장비 제조업", "Mtext": "기타 전기장비 제조업", "Lno": "28", "ipc_main": "B23K-011/36", "Mno": "289", "country_code": "KR", "Sno": "2890", "LLtext": "제조업(10~34)", "documentId": "kr20140174322b1", "application_number": "1020140174322", "Ltext": "전기장비 제조업", "keyword": "전기식용접기제조/전자석제조/탈거장치/용접팁/스폿용접/클램핑패드/장치/베이스플레이트/슬라이더/지지유닛", "document_type": "B1"}, {"updateDate": "20220608", "LLno": "C", "SSno": "28909", "Stext": "기타 전기장비 제조업", "SStext": "그 외 기타 전기장비 제조업", "Mtext": "기타 전기장비 제조업", "Lno": "28", "ipc_main": "B23K-009/18", "Mno": "289", "country_code": "KR", "Sno": "2890", "LLtext": "제조업(10~34)", "documentId": "kr20150006842y1", "application_number": "2020150006842", "Ltext": "전기장비 제조업", "keyword": "전기식용접기제조/전자석제조/공급장치/플럭스/아크용접용/서브머지드/장치/끼움부/공급튜브/회전부", "document_type": "Y1"}, {"updateDate": "20220608", "LLno": "C", "SSno": "28909", "Stext": "기타 전기장비 제조업", "SStext": "그 외 기타 전기장비 제조업", "Mtext": "기타 전기장비 제조업", "Lno": "28", "ipc_main": "H01F-007/02", "Mno": "289", "country_code": "KR", "Sno": "2890", "LLtext": "제조업(10~34)", "documentId": "kr20150007899u", "application_number": "2020150007899", "Ltext": "전기장비 제조업", "keyword": "전기식용접기제조/전자석제조/자석/밀폐형/케이스/충격/장치/자력/수용/보호", "document_type": "U"}, {"updateDate": "20220608", "LLno": "C", "SSno": "28909", "Stext": "기타 전기장비 제조업", "SStext": "그 외 기타 전기장비 제조업", "Mtext": "기타 전기장비 제조업", "Lno": "28", "ipc_main": "H05H-007/02", "Mno": "289", "country_code": "KR", "Sno": "2890", "LLtext": "제조업(10~34)", "documentId": "kr20150018272b1", "application_number": "1020150018272", "Ltext": "전기장비 제조업", "keyword": "전기식용접기제조/입자가속기제조/제어방법/시스템/가속기/고주파/장치/ADC/모듈레이터/가속공동", "document_type": "B1"}, {"updateDate": "20220608", "LLno": "C", "SSno": "28909", "Stext": "기타 전기장비 제조업", "SStext": "그 외 기타 전기장비 제조업", "Mtext": "기타 전기장비 제조업", "Lno": "28", "ipc_main": "B23K-037/02", "Mno": "289", "country_code": "KR", "Sno": "2890", "LLtext": "제조업(10~34)", "documentId": "kr20150035243b1", "application_number": "1020150035243", "Ltext": "전기장비 제조업", "keyword": "전기식용접기제조/전자석제조/용접장치/수평/수직/이동/장치/로울러/하판/플레이트", "document_type": "B1"}, {"updateDate": "20220608", "LLno": "C", "SSno": "28909", "Stext": "기타 전기장비 제조업", "SStext": "그 외 기타 전기장비 제조업", "Mtext": "기타 전기장비 제조업", "Lno": "28", "ipc_main": "H01F-007/20", "Mno": "289", "country_code": "KR", "Sno": "2890", "LLtext": "제조업(10~34)", "documentId": "kr20150036199b1", "application_number": "1020150036199", "Ltext": "전기장비 제조업", "keyword": "전기식용접기제조/전자석제조/홀딩장치/자성체/폴피스/어셈블리/장치/접촉/배치/포함", "document_type": "B1"}, {"updateDate": "20220608", "LLno": "C", "SSno": "28909", "Stext": "기타 전기장비 제조업", "SStext": "그 외 기타 전기장비 제조업", "Mtext": "기타 전기장비 제조업", "Lno": "28", "ipc_main": "B23K-020/12", "Mno": "289", "country_code": "KR", "Sno": "2890", "LLtext": "제조업(10~34)", "documentId": "kr20150038632b1", "application_number": "1020150038632", "Ltext": "전기장비 제조업", "keyword": "전기식용접기제조/전자석제조/마찰용접기/감속기/고나성장치/서보모터/장치/테이블부/구동력/회전축수단", "document_type": "B1"}, {"updateDate": "20220608", "LLno": "C", "SSno": "28909", "Stext": "기타 전기장비 제조업", "SStext": "그 외 기타 전기장비 제조업", "Mtext": "기타 전기장비 제조업", "Lno": "28", "ipc_main": "B23K-020/12", "Mno": "289", "country_code": "KR", "Sno": "2890", "LLtext": "제조업(10~34)", "documentId": "kr20150059893b1", "application_number": "1020150059893", "Ltext": "전기장비 제조업", "keyword": "전기식용접기제조/전자석제조/지그/마찰교반용접용/클램프/구비/장치/상호교차/부재/지지패널", "document_type": "B1"}, {"updateDate": "20220608", "LLno": "C", "SSno": "28909", "Stext": "기타 전기장비 제조업", "SStext": "그 외 기타 전기장비 제조업", "Mtext": "기타 전기장비 제조업", "Lno": "28", "ipc_main": "B23K-020/12", "Mno": "289", "country_code": "KR", "Sno": "2890", "LLtext": "제조업(10~34)", "documentId": "kr20150059895b1", "application_number": "1020150059895", "Ltext": "전기장비 제조업", "keyword": "전기식용접기제조/전자석제조/마찰교반용접/지그/이젝터/구비/장치/지지패널/지지봉체/결합공", "document_type": "B1"}, {"updateDate": "20220608", "LLno": "C", "SSno": "28909", "Stext": "기타 전기장비 제조업", "SStext": "그 외 기타 전기장비 제조업", "Mtext": "기타 전기장비 제조업", "Lno": "28", "ipc_main": "B23K-011/11", "Mno": "289", "country_code": "KR", "Sno": "2890", "LLtext": "제조업(10~34)", "documentId": "kr20150106704b1", "application_number": "1020150106704", "Ltext": "전기장비 제조업", "keyword": "전기식용접기제조/전자석제조/스폿용접장치/건전지용/전력공급부/건전지/장치/손잡이본체부/타이머회로부재/제어수단", "document_type": "B1"}, {"updateDate": "20220608", "LLno": "C", "SSno": "28909", "Stext": "기타 전기장비 제조업", "SStext": "그 외 기타 전기장비 제조업", "Mtext": "기타 전기장비 제조업", "Lno": "28", "ipc_main": "B23K-009/18", "Mno": "289", "country_code": "KR", "Sno": "2890", "LLtext": "제조업(10~34)", "documentId": "kr20150159752b1", "application_number": "1020150159752", "Ltext": "전기장비 제조업", "keyword": "전기식용접기제조/전자석제조/용접방법/서브머지드/토치유닛/회전유닛/장치/캐리지/콘트롤/연결붐", "document_type": "B1"}, {"updateDate": "20220608", "LLno": "C", "SSno": "28909", "Stext": "기타 전기장비 제조업", "SStext": "그 외 기타 전기장비 제조업", "Mtext": "기타 전기장비 제조업", "Lno": "28", "ipc_main": "B23K-035/02", "Mno": "289", "country_code": "KR", "Sno": "2890", "LLtext": "제조업(10~34)", "documentId": "kr20150160515a", "application_number": "1020150160515", "Ltext": "전기장비 제조업", "keyword": "전기식용접기제조/전자석제조/제조방법/와이어/아크용접/플럭스코어드/장치/본딩플럭스/조관파이프/합금분말", "document_type": "A"}, {"updateDate": "20220608", "LLno": "C", "SSno": "28909", "Stext": "기타 전기장비 제조업", "SStext": "그 외 기타 전기장비 제조업", "Mtext": "기타 전기장비 제조업", "Lno": "28", "ipc_main": "B24B-055/02", "Mno": "289", "country_code": "KR", "Sno": "2890", "LLtext": "제조업(10~34)", "documentId": "kr20157007683b1", "application_number": "1020157007683", "Ltext": "전기장비 제조업", "keyword": "전기식용접기제조/전자석제조/형성공정/오일필름/커플링/워크벤치/장치/그라인더/유체분무/항자성층", "document_type": "B1"}, {"updateDate": "20220608", "LLno": "C", "SSno": "28909", "Stext": "기타 전기장비 제조업", "SStext": "그 외 기타 전기장비 제조업", "Mtext": "기타 전기장비 제조업", "Lno": "28", "ipc_main": "B23K-035/362", "Mno": "289", "country_code": "KR", "Sno": "2890", "LLtext": "제조업(10~34)", "documentId": "kr20160001120b1", "application_number": "1020160001120", "Ltext": "전기장비 제조업", "keyword": "전기식용접기제조/전자석제조/제조방법/플럭스/아크용접/서브머지드/장치/확산성수소/발생저감/테트라에틸", "document_type": "B1"}, {"updateDate": "20220608", "LLno": "C", "SSno": "28909", "Stext": "기타 전기장비 제조업", "SStext": "그 외 기타 전기장비 제조업", "Mtext": "기타 전기장비 제조업", "Lno": "28", "ipc_main": "B23K-009/167", "Mno": "289", "country_code": "KR", "Sno": "2890", "LLtext": "제조업(10~34)", "documentId": "kr20160005516b1", "application_number": "1020160005516", "Ltext": "전기장비 제조업", "keyword": "전기식용접기제조/전자석제조/용접장치/틸팅구조/회동구조/텅스텐전극봉/장치/장치바디/각도조절부/토치부", "document_type": "B1"}, {"updateDate": "20220608", "LLno": "C", "SSno": "28909", "Stext": "기타 전기장비 제조업", "SStext": "그 외 기타 전기장비 제조업", "Mtext": "기타 전기장비 제조업", "Lno": "28", "ipc_main": "H01F-007/02", "Mno": "289", "country_code": "KR", "Sno": "2890", "LLtext": "제조업(10~34)", "documentId": "kr20160028415a", "application_number": "1020160028415", "Ltext": "전기장비 제조업", "keyword": "전기식용접기제조/전자석제조/제어장치/자기흐름/외측폴피스/접촉/장치/어셈블리/코일/이격", "document_type": "A"}, {"updateDate": "20220608", "LLno": "C", "SSno": "28909", "Stext": "기타 전기장비 제조업", "SStext": "그 외 기타 전기장비 제조업", "Mtext": "기타 전기장비 제조업", "Lno": "28", "ipc_main": "B24B-019/02", "Mno": "289", "country_code": "KR", "Sno": "2890", "LLtext": "제조업(10~34)", "documentId": "kr20160033255b1", "application_number": "1020160033255", "Ltext": "전기장비 제조업", "keyword": "전기식용접기제조/기타전기식용접기제조/플레이트/커플링/전자가속기/블록/방법/고리형상/캐비티/연마", "document_type": "B1"}, {"updateDate": "20220608", "LLno": "C", "SSno": "28909", "Stext": "기타 전기장비 제조업", "SStext": "그 외 기타 전기장비 제조업", "Mtext": "기타 전기장비 제조업", "Lno": "28", "ipc_main": "B23K-009/32", "Mno": "289", "country_code": "KR", "Sno": "2890", "LLtext": "제조업(10~34)", "documentId": "kr20160048735a", "application_number": "1020160048735", "Ltext": "전기장비 제조업", "keyword": "전기식용접기제조/전자석제조/전극변환장치/통합용접기/토치접속포트/콤팩트/장치/접지포트/극성전환/조작수단", "document_type": "A"}, {"updateDate": "20220608", "LLno": "C", "SSno": "28909", "Stext": "기타 전기장비 제조업", "SStext": "그 외 기타 전기장비 제조업", "Mtext": "기타 전기장비 제조업", "Lno": "28", "ipc_main": "B23K-037/02", "Mno": "289", "country_code": "KR", "Sno": "2890", "LLtext": "제조업(10~34)", "documentId": "kr20160048815b1", "application_number": "1020160048815", "Ltext": "전기장비 제조업", "keyword": "전기식용접기제조/전자석제조/가이드레일/자동용접기용/레일레그/신속설치/장치/자석/관통/회전체", "document_type": "B1"}, {"updateDate": "20220608", "LLno": "C", "SSno": "28909", "Stext": "기타 전기장비 제조업", "SStext": "그 외 기타 전기장비 제조업", "Mtext": "기타 전기장비 제조업", "Lno": "28", "ipc_main": "H01F-041/02", "Mno": "289", "country_code": "KR", "Sno": "2890", "LLtext": "제조업(10~34)", "documentId": "kr20160066574b1", "application_number": "1020160066574", "Ltext": "전기장비 제조업", "keyword": "전기식용접기제조/전자석제조/제조방법/희토류/소결체/입계확산/장치/수소화합물/습식도포/포함", "document_type": "B1"}, {"updateDate": "20220608", "LLno": "C", "SSno": "28909", "Stext": "기타 전기장비 제조업", "SStext": "그 외 기타 전기장비 제조업", "Mtext": "기타 전기장비 제조업", "Lno": "28", "ipc_main": "B23K-005/02", "Mno": "289", "country_code": "KR", "Sno": "2890", "LLtext": "제조업(10~34)", "documentId": "kr20160081196b1", "application_number": "1020160081196", "Ltext": "전기장비 제조업", "keyword": "전기식용접기제조/전자석제조/용접장치/베이스프레임/파지수단/위치이동수단/장치/용접수단/제어부/파지가이드봉", "document_type": "B1"}, {"updateDate": "20220608", "LLno": "C", "SSno": "28909", "Stext": "기타 전기장비 제조업", "SStext": "그 외 기타 전기장비 제조업", "Mtext": "기타 전기장비 제조업", "Lno": "28", "ipc_main": "H01F-007/18", "Mno": "289", "country_code": "KR", "Sno": "2890", "LLtext": "제조업(10~34)", "documentId": "kr20160099015a", "application_number": "1020160099015", "Ltext": "전기장비 제조업", "keyword": "전기식용접기제조/전자석제조/전자장치/구동회로/전자석/구동전류/장치/전압제어부/스위치/전환", "document_type": "A"}, {"updateDate": "20220608", "LLno": "C", "SSno": "28909", "Stext": "기타 전기장비 제조업", "SStext": "그 외 기타 전기장비 제조업", "Mtext": "기타 전기장비 제조업", "Lno": "28", "ipc_main": "B23K-037/04", "Mno": "289", "country_code": "KR", "Sno": "2890", "LLtext": "제조업(10~34)", "documentId": "kr20160104637a", "application_number": "1020160104637", "Ltext": "전기장비 제조업", "keyword": "전기식용접기제조/전자석제조/지그/용접용/다수관/몸체부/장치/양측/배치/플레이트", "document_type": "A"}, {"updateDate": "20220608", "LLno": "C", "SSno": "28909", "Stext": "기타 전기장비 제조업", "SStext": "그 외 기타 전기장비 제조업", "Mtext": "기타 전기장비 제조업", "Lno": "28", "ipc_main": "H01F-001/153", "Mno": "289", "country_code": "KR", "Sno": "2890", "LLtext": "제조업(10~34)", "documentId": "kr20160111370a", "application_number": "1020160111370", "Ltext": "전기장비 제조업", "keyword": "전기식용접기제조/전자석제조/자성부품/합금/연자성/Fe계/장치/실험식/원소간/형성", "document_type": "A"}, {"updateDate": "20220608", "LLno": "C", "SSno": "28909", "Stext": "기타 전기장비 제조업", "SStext": "그 외 기타 전기장비 제조업", "Mtext": "기타 전기장비 제조업", "Lno": "28", "ipc_main": "H05H-001/34", "Mno": "289", "country_code": "KR", "Sno": "2890", "LLtext": "제조업(10~34)", "documentId": "kr20160150475a", "application_number": "1020160150475", "Ltext": "전기장비 제조업", "keyword": "전기식용접기제조/금속플라즈마아크용접용기기제조/토치/플라즈마/자기장/다중극/장치/전극/길이방향/방전공간", "document_type": "A"}, {"updateDate": "20220608", "LLno": "C", "SSno": "28909", "Stext": "기타 전기장비 제조업", "SStext": "그 외 기타 전기장비 제조업", "Mtext": "기타 전기장비 제조업", "Lno": "28", "ipc_main": "B24B-021/04", "Mno": "289", "country_code": "KR", "Sno": "2890", "LLtext": "제조업(10~34)", "documentId": "kr20160152554b1", "application_number": "1020160152554", "Ltext": "전기장비 제조업", "keyword": "전기식용접기제조/전자석제조/조립체/연마벨트/기판처리/롤러/장치/순환회전/슬립/외표면", "document_type": "B1"}, {"updateDate": "20220608", "LLno": "C", "SSno": "28909", "Stext": "기타 전기장비 제조업", "SStext": "그 외 기타 전기장비 제조업", "Mtext": "기타 전기장비 제조업", "Lno": "28", "ipc_main": "B23K-037/02", "Mno": "289", "country_code": "KR", "Sno": "2890", "LLtext": "제조업(10~34)", "documentId": "kr20160156160b1", "application_number": "1020160156160", "Ltext": "전기장비 제조업", "keyword": "전기식용접기제조/전자석제조/횡이송장치/자동용접기용/용접품질향상/비숙련자/장치/주행대차/토치이동부/감지부", "document_type": "B1"}, {"updateDate": "20220608", "LLno": "C", "SSno": "28909", "Stext": "기타 전기장비 제조업", "SStext": "그 외 기타 전기장비 제조업", "Mtext": "기타 전기장비 제조업", "Lno": "28", "ipc_main": "H01F-041/04", "Mno": "289", "country_code": "KR", "Sno": "2890", "LLtext": "제조업(10~34)", "documentId": "kr20160164319b1", "application_number": "1020160164319", "Ltext": "전기장비 제조업", "keyword": "전기식용접기제조/전자석제조/제조장치/MSO코일/단위코일층/연결/장치/절곡면/프레싱단계/결합구조", "document_type": "B1"}, {"updateDate": "20220608", "LLno": "C", "SSno": "28909", "Stext": "기타 전기장비 제조업", "SStext": "그 외 기타 전기장비 제조업", "Mtext": "기타 전기장비 제조업", "Lno": "28", "ipc_main": "B23K-020/12", "Mno": "289", "country_code": "KR", "Sno": "2890", "LLtext": "제조업(10~34)", "documentId": "kr20160167423a", "application_number": "1020160167423", "Ltext": "전기장비 제조업", "keyword": "전기식용접기제조/전자석제조/마찰교반용접기/보정방법/용접툴/피접합재/장치/지지/변형정도측정/인가", "document_type": "A"}, {"updateDate": "20220608", "LLno": "C", "SSno": "28909", "Stext": "기타 전기장비 제조업", "SStext": "그 외 기타 전기장비 제조업", "Mtext": "기타 전기장비 제조업", "Lno": "28", "ipc_main": "B23K-011/11", "Mno": "289", "country_code": "KR", "Sno": "2890", "LLtext": "제조업(10~34)", "documentId": "kr20167008925b1", "application_number": "1020167008925", "Ltext": "전기장비 제조업", "keyword": "전기식용접기제조/전자석제조/저항스폿용접/시간변화곡선/누적발열량/통전경로/장치/너깃형성/통전량제어/휴지시간", "document_type": "B1"}, {"updateDate": "20220608", "LLno": "C", "SSno": "28909", "Stext": "기타 전기장비 제조업", "SStext": "그 외 기타 전기장비 제조업", "Mtext": "기타 전기장비 제조업", "Lno": "28", "ipc_main": "B23K-028/02", "Mno": "289", "country_code": "KR", "Sno": "2890", "LLtext": "제조업(10~34)", "documentId": "kr20170001332a", "application_number": "1020170001332", "Ltext": "전기장비 제조업", "keyword": "전기식용접기제조/전자석제조/용접장치/자동/파이프/외주면/장치/베이스프레임/이동부/동력발생부", "document_type": "A"}, {"updateDate": "20220608", "LLno": "C", "SSno": "28909", "Stext": "기타 전기장비 제조업", "SStext": "그 외 기타 전기장비 제조업", "Mtext": "기타 전기장비 제조업", "Lno": "28", "ipc_main": "H01F-041/02", "Mno": "289", "country_code": "KR", "Sno": "2890", "LLtext": "제조업(10~34)", "documentId": "kr20170036811a", "application_number": "1020170036811", "Ltext": "전기장비 제조업", "keyword": "전기식용접기제조/전자석제조/제조방치/면상체/기능성선재/자기력/장치/면상체배치장치/면상체배치부/기능성선재", "document_type": "A"}, {"updateDate": "20220608", "LLno": "C", "SSno": "28909", "Stext": "기타 전기장비 제조업", "SStext": "그 외 기타 전기장비 제조업", "Mtext": "기타 전기장비 제조업", "Lno": "28", "ipc_main": "H01F-007/02", "Mno": "289", "country_code": "KR", "Sno": "2890", "LLtext": "제조업(10~34)", "documentId": "kr20170049377b1", "application_number": "1020170049377", "Ltext": "전기장비 제조업", "keyword": "전기식용접기제조/전자석제조/홀더/마그네틱/로드케이스/로드홀/장치/영구자석/작동실린더/내부배치", "document_type": "B1"}, {"updateDate": "20220608", "LLno": "C", "SSno": "28909", "Stext": "기타 전기장비 제조업", "SStext": "그 외 기타 전기장비 제조업", "Mtext": "기타 전기장비 제조업", "Lno": "28", "ipc_main": "H01F-007/08", "Mno": "289", "country_code": "KR", "Sno": "2890", "LLtext": "제조업(10~34)", "documentId": "kr20170132641b1", "application_number": "1020170132641", "Ltext": "전기장비 제조업", "keyword": "전기식용접기제조/전자석제조/전자석장치/코일어셈블리/보빈/터미널블록/장치/중심샤프트/냉매공급/코어봉", "document_type": "B1"}, {"updateDate": "20220608", "LLno": "C", "SSno": "28909", "Stext": "기타 전기장비 제조업", "SStext": "그 외 기타 전기장비 제조업", "Mtext": "기타 전기장비 제조업", "Lno": "28", "ipc_main": "H01F-041/02", "Mno": "289", "country_code": "KR", "Sno": "2890", "LLtext": "제조업(10~34)", "documentId": "kr20170159401a", "application_number": "1020170159401", "Ltext": "전기장비 제조업", "keyword": "전기식용접기제조/전자석제조/제조방법/영구자석/희토류/소결자석/장치/준비/분쇄/성형", "document_type": "A"}, {"updateDate": "20220608", "LLno": "C", "SSno": "28909", "Stext": "기타 전기장비 제조업", "SStext": "그 외 기타 전기장비 제조업", "Mtext": "기타 전기장비 제조업", "Lno": "28", "ipc_main": "H01F-001/053", "Mno": "289", "country_code": "KR", "Sno": "2890", "LLtext": "제조업(10~34)", "documentId": "kr20177002330a", "application_number": "1020177002330", "Ltext": "전기장비 제조업", "keyword": "전기식용접기제조/전자석제조/발전기/영구자석/결정립/장치/희토류/원소/주상", "document_type": "A"}, {"updateDate": "20220608", "LLno": "C", "SSno": "28909", "Stext": "기타 전기장비 제조업", "SStext": "그 외 기타 전기장비 제조업", "Mtext": "기타 전기장비 제조업", "Lno": "28", "ipc_main": "H01F-007/17", "Mno": "289", "country_code": "KR", "Sno": "2890", "LLtext": "제조업(10~34)", "documentId": "kr20177011127a", "application_number": "1020177011127", "Ltext": "전기장비 제조업", "keyword": "전기식용접기제조/전자석제조/자석장치/병진이동자/고정자/기하학적형상/장치/선형적/작용선/교차점", "document_type": "A"}, {"updateDate": "20220608", "LLno": "C", "SSno": "28909", "Stext": "기타 전기장비 제조업", "SStext": "그 외 기타 전기장비 제조업", "Mtext": "기타 전기장비 제조업", "Lno": "28", "ipc_main": "H05H-009/00", "Mno": "289", "country_code": "KR", "Sno": "2890", "LLtext": "제조업(10~34)", "documentId": "kr20177015667b1", "application_number": "1020177015667", "Ltext": "전기장비 제조업", "keyword": "전기식용접기제조/입자가속기제조/가속기/초전도/냉매조/와이어/장치/가속공동/장력조정부/지지블록부", "document_type": "B1"}, {"updateDate": "20220608", "LLno": "C", "SSno": "28909", "Stext": "기타 전기장비 제조업", "SStext": "그 외 기타 전기장비 제조업", "Mtext": "기타 전기장비 제조업", "Lno": "28", "ipc_main": "H01F-041/071", "Mno": "289", "country_code": "KR", "Sno": "2890", "LLtext": "제조업(10~34)", "documentId": "kr20180015666b1", "application_number": "1020180015666", "Ltext": "전기장비 제조업", "keyword": "전기식용접기제조/전자석제조/자동제조장치/코일어셈블리모듈/액츄에이터/터미널단자퓨징/장치/테이블본체/중심축/터미널단자", "document_type": "B1"}, {"updateDate": "20220608", "LLno": "C", "SSno": "28909", "Stext": "기타 전기장비 제조업", "SStext": "그 외 기타 전기장비 제조업", "Mtext": "기타 전기장비 제조업", "Lno": "28", "ipc_main": "B23K-001/005", "Mno": "289", "country_code": "KR", "Sno": "2890", "LLtext": "제조업(10~34)", "documentId": "kr20180023976b1", "application_number": "1020180023976", "Ltext": "전기장비 제조업", "keyword": "전기식용접기제조/전자석제조/용접방법/레이저/유동성/젤타입/장치/모재/도포/증발", "document_type": "B1"}, {"updateDate": "20220608", "LLno": "C", "SSno": "28909", "Stext": "기타 전기장비 제조업", "SStext": "그 외 기타 전기장비 제조업", "Mtext": "기타 전기장비 제조업", "Lno": "28", "ipc_main": "H01F-007/16", "Mno": "289", "country_code": "KR", "Sno": "2890", "LLtext": "제조업(10~34)", "documentId": "kr20180034756b1", "application_number": "1020180034756", "Ltext": "전기장비 제조업", "keyword": "전기식용접기제조/전자석제조/레이저가공장치/선형이동/시스템/공압조절부/장치/이동자/반발력/보상부", "document_type": "B1"}, {"updateDate": "20220608", "LLno": "C", "SSno": "28909", "Stext": "기타 전기장비 제조업", "SStext": "그 외 기타 전기장비 제조업", "Mtext": "기타 전기장비 제조업", "Lno": "28", "ipc_main": "H01F-041/02", "Mno": "289", "country_code": "KR", "Sno": "2890", "LLtext": "제조업(10~34)", "documentId": "kr20180050000b1", "application_number": "1020180050000", "Ltext": "전기장비 제조업", "keyword": "전기식용접기제조/전자석제조/제조방법/영구자석/희토류/중희토/장치/분쇄/금속합금/자화", "document_type": "B1"}, {"updateDate": "20220608", "LLno": "C", "SSno": "28909", "Stext": "기타 전기장비 제조업", "SStext": "그 외 기타 전기장비 제조업", "Mtext": "기타 전기장비 제조업", "Lno": "28", "ipc_main": "H01F-001/153", "Mno": "289", "country_code": "KR", "Sno": "2890", "LLtext": "제조업(10~34)", "documentId": "kr20180077115a", "application_number": "1020180077115", "Ltext": "전기장비 제조업", "keyword": "전기식용접기제조/전자석제조/자성부품/합금/연자성/Fe계/장치/원소간/형성/실험식", "document_type": "A"}, {"updateDate": "20220608", "LLno": "C", "SSno": "28909", "Stext": "기타 전기장비 제조업", "SStext": "그 외 기타 전기장비 제조업", "Mtext": "기타 전기장비 제조업", "Lno": "28", "ipc_main": "H01F-001/44", "Mno": "289", "country_code": "KR", "Sno": "2890", "LLtext": "제조업(10~34)", "documentId": "kr20180081467b1", "application_number": "1020180081467", "Ltext": "전기장비 제조업", "keyword": "전기식용접기제조/전자석제조/제조방법/나노입자/자성/기능화/장치/녹말용액/중량부/혼합", "document_type": "B1"}, {"updateDate": "20220608", "LLno": "C", "SSno": "28909", "Stext": "기타 전기장비 제조업", "SStext": "그 외 기타 전기장비 제조업", "Mtext": "기타 전기장비 제조업", "Lno": "28", "ipc_main": "B23K-011/20", "Mno": "289", "country_code": "KR", "Sno": "2890", "LLtext": "제조업(10~34)", "documentId": "kr20180084883b1", "application_number": "1020180084883", "Ltext": "전기장비 제조업", "keyword": "전기식용접기제조/전자석제조/스폿용접기/전기저항/다중가압/유도가열/장치/금속판재/스폿용접봉/봉형태", "document_type": "B1"}, {"updateDate": "20220608", "LLno": "C", "SSno": "28909", "Stext": "기타 전기장비 제조업", "SStext": "그 외 기타 전기장비 제조업", "Mtext": "기타 전기장비 제조업", "Lno": "28", "ipc_main": "B23K-011/11", "Mno": "289", "country_code": "KR", "Sno": "2890", "LLtext": "제조업(10~34)", "documentId": "kr20180100395b1", "application_number": "1020180100395", "Ltext": "전기장비 제조업", "keyword": "전기식용접기제조/전자석제조/용접방법/저항/스폿/목표입열량/장치/전류/시간/설정", "document_type": "B1"}, {"updateDate": "20220608", "LLno": "C", "SSno": "28909", "Stext": "기타 전기장비 제조업", "SStext": "그 외 기타 전기장비 제조업", "Mtext": "기타 전기장비 제조업", "Lno": "28", "ipc_main": "H01T-013/05", "Mno": "289", "country_code": "KR", "Sno": "2890", "LLtext": "제조업(10~34)", "documentId": "kr20180109636b1", "application_number": "1020180109636", "Ltext": "전기장비 제조업", "keyword": "전기식용접기제조/점화플러그제조/가속기/점화/배치부/플러그/장치/차폐도전성/자성부재/전기아크", "document_type": "B1"}, {"updateDate": "20220608", "LLno": "C", "SSno": "28909", "Stext": "기타 전기장비 제조업", "SStext": "그 외 기타 전기장비 제조업", "Mtext": "기타 전기장비 제조업", "Lno": "28", "ipc_main": "H01F-041/02", "Mno": "289", "country_code": "KR", "Sno": "2890", "LLtext": "제조업(10~34)", "documentId": "kr20180129613b1", "application_number": "1020180129613", "Ltext": "전기장비 제조업", "keyword": "전기식용접기제조/전자석제조/제조방치/적층코어/접착식/코팅방식/장치/상부금형/라미나부재/블랭킹펀칭부", "document_type": "B1"}, {"updateDate": "20220608", "LLno": "C", "SSno": "28909", "Stext": "기타 전기장비 제조업", "SStext": "그 외 기타 전기장비 제조업", "Mtext": "기타 전기장비 제조업", "Lno": "28", "ipc_main": "B23K-009/10", "Mno": "289", "country_code": "KR", "Sno": "2890", "LLtext": "제조업(10~34)", "documentId": "kr20180158801a", "application_number": "1020180158801", "Ltext": "전기장비 제조업", "keyword": "전기식용접기제조/전자석제조/용접기/일면배치/디스플레이/열제어/장치/본체/디스플레이/전기적연결", "document_type": "A"}, {"updateDate": "20220608", "LLno": "C", "SSno": "28909", "Stext": "기타 전기장비 제조업", "SStext": "그 외 기타 전기장비 제조업", "Mtext": "기타 전기장비 제조업", "Lno": "28", "ipc_main": "H05H-007/18", "Mno": "289", "country_code": "KR", "Sno": "2890", "LLtext": "제조업(10~34)", "documentId": "kr20187017907b1", "application_number": "1020187017907", "Ltext": "전기장비 제조업", "keyword": "전기식용접기제조/입자가속기제조/가속기/가속공동/고주파/원통부/장치/하우징/전도성/복수셀", "document_type": "B1"}, {"updateDate": "20220608", "LLno": "C", "SSno": "28909", "Stext": "기타 전기장비 제조업", "SStext": "그 외 기타 전기장비 제조업", "Mtext": "기타 전기장비 제조업", "Lno": "28", "ipc_main": "H01F-007/127", "Mno": "289", "country_code": "KR", "Sno": "2890", "LLtext": "제조업(10~34)", "documentId": "kr20190003072y1", "application_number": "2020190003072", "Ltext": "전기장비 제조업", "keyword": "전기식용접기제조/전자석제조/코일장치/전자석/버클고정홈/고정자케이스/장치/팽창밸브/고정부/용접부", "document_type": "Y1"}, {"updateDate": "20220608", "LLno": "C", "SSno": "28909", "Stext": "기타 전기장비 제조업", "SStext": "그 외 기타 전기장비 제조업", "Mtext": "기타 전기장비 제조업", "Lno": "28", "ipc_main": "B23K-037/04", "Mno": "289", "country_code": "KR", "Sno": "2890", "LLtext": "제조업(10~34)", "documentId": "kr20190024664a", "application_number": "1020190024664", "Ltext": "전기장비 제조업", "keyword": "전기식용접기제조/전자석제조/지게/이송용/용접기/배터리/장치/수평판재/수납부/조명부", "document_type": "A"}, {"updateDate": "20220608", "LLno": "C", "SSno": "28909", "Stext": "기타 전기장비 제조업", "SStext": "그 외 기타 전기장비 제조업", "Mtext": "기타 전기장비 제조업", "Lno": "28", "ipc_main": "B23K-009/025", "Mno": "289", "country_code": "KR", "Sno": "2890", "LLtext": "제조업(10~34)", "documentId": "kr20190035660b1", "application_number": "1020190035660", "Ltext": "전기장비 제조업", "keyword": "전기식용접기제조/전자석제조/용접헤드/자동용접캐리지/진행각/조절/장치/외부면/사하좌우/각도변경", "document_type": "B1"}, {"updateDate": "20220608", "LLno": "C", "SSno": "28909", "Stext": "기타 전기장비 제조업", "SStext": "그 외 기타 전기장비 제조업", "Mtext": "기타 전기장비 제조업", "Lno": "28", "ipc_main": "H01F-041/02", "Mno": "289", "country_code": "KR", "Sno": "2890", "LLtext": "제조업(10~34)", "documentId": "kr20190039473b1", "application_number": "1020190039473", "Ltext": "전기장비 제조업", "keyword": "전기식용접기제조/전자석제조/제조방법/희토류/영구자석/중희토금속/장치/분쇄/소결/세정", "document_type": "B1"}, {"updateDate": "20220608", "LLno": "C", "SSno": "28909", "Stext": "기타 전기장비 제조업", "SStext": "그 외 기타 전기장비 제조업", "Mtext": "기타 전기장비 제조업", "Lno": "28", "ipc_main": "B23K-011/14", "Mno": "289", "country_code": "KR", "Sno": "2890", "LLtext": "제조업(10~34)", "documentId": "kr20190040437b1", "application_number": "1020190040437", "Ltext": "전기장비 제조업", "keyword": "전기식용접기제조/전자석제조/너트용접장치/3축제어/프로젝션/수직이동/장치/지지부재/패널부재/수평이동", "document_type": "B1"}, {"updateDate": "20220608", "LLno": "C", "SSno": "28909", "Stext": "기타 전기장비 제조업", "SStext": "그 외 기타 전기장비 제조업", "Mtext": "기타 전기장비 제조업", "Lno": "28", "ipc_main": "H01F-013/00", "Mno": "289", "country_code": "KR", "Sno": "2890", "LLtext": "제조업(10~34)", "documentId": "kr20190043470b1", "application_number": "1020190043470", "Ltext": "전기장비 제조업", "keyword": "전기식용접기제조/전자석제조/중자화장치/영구자석형/철심사이/대상물/장치/회전체/안착부재/어셈블리", "document_type": "B1"}, {"updateDate": "20220608", "LLno": "C", "SSno": "28909", "Stext": "기타 전기장비 제조업", "SStext": "그 외 기타 전기장비 제조업", "Mtext": "기타 전기장비 제조업", "Lno": "28", "ipc_main": "B23K-026/18", "Mno": "289", "country_code": "KR", "Sno": "2890", "LLtext": "제조업(10~34)", "documentId": "kr20190081149a", "application_number": "1020190081149", "Ltext": "전기장비 제조업", "keyword": "전기식용접기제조/전자석제조/용접장치/흄제거기능/레이저/효율적/장치/본체부/조명부/용접부", "document_type": "A"}, {"updateDate": "20220608", "LLno": "C", "SSno": "28909", "Stext": "기타 전기장비 제조업", "SStext": "그 외 기타 전기장비 제조업", "Mtext": "기타 전기장비 제조업", "Lno": "28", "ipc_main": "B24B-007/22", "Mno": "289", "country_code": "KR", "Sno": "2890", "LLtext": "제조업(10~34)", "documentId": "kr20190082013a", "application_number": "1020190082013", "Ltext": "전기장비 제조업", "keyword": "전기식용접기제조/전자석제조/연마장치/화학기계적/회전체모듈/구비/장치/고정부/회전샤프트/구동부재", "document_type": "A"}, {"updateDate": "20220608", "LLno": "C", "SSno": "28909", "Stext": "기타 전기장비 제조업", "SStext": "그 외 기타 전기장비 제조업", "Mtext": "기타 전기장비 제조업", "Lno": "28", "ipc_main": "H05H-007/02", "Mno": "289", "country_code": "KR", "Sno": "2890", "LLtext": "제조업(10~34)", "documentId": "kr20190088575a", "application_number": "1020190088575", "Ltext": "전기장비 제조업", "keyword": "전기식용접기제조/입자가속기제조/제어방법/입자가속기/기계학습/모듈/장치/데이터/획득부/제어명령", "document_type": "A"}, {"updateDate": "20220608", "LLno": "C", "SSno": "28909", "Stext": "기타 전기장비 제조업", "SStext": "그 외 기타 전기장비 제조업", "Mtext": "기타 전기장비 제조업", "Lno": "28", "ipc_main": "B23K-037/02", "Mno": "289", "country_code": "KR", "Sno": "2890", "LLtext": "제조업(10~34)", "documentId": "kr20190179175b1", "application_number": "1020190179175", "Ltext": "전기장비 제조업", "keyword": "전기식용접기제조/전자석제조/탭용접장치/배터리/무정지/운전제어/장치/이송유닛/동기화/리니어", "document_type": "B1"}, {"updateDate": "20220608", "LLno": "C", "SSno": "28909", "Stext": "기타 전기장비 제조업", "SStext": "그 외 기타 전기장비 제조업", "Mtext": "기타 전기장비 제조업", "Lno": "28", "ipc_main": "H05H-006/00", "Mno": "289", "country_code": "KR", "Sno": "2890", "LLtext": "제조업(10~34)", "documentId": "kr20197009742a", "application_number": "1020197009742", "Ltext": "전기장비 제조업", "keyword": "전기식용접기제조/입자가속기제조/방사광원/천이/나노튜브/광생성/장치/빔경로/주입기/나노시트", "document_type": "A"}, {"updateDate": "20220608", "LLno": "C", "SSno": "28909", "Stext": "기타 전기장비 제조업", "SStext": "그 외 기타 전기장비 제조업", "Mtext": "기타 전기장비 제조업", "Lno": "28", "ipc_main": "H05H-003/06", "Mno": "289", "country_code": "KR", "Sno": "2890", "LLtext": "제조업(10~34)", "documentId": "kr20197024061a", "application_number": "1020197024061", "Ltext": "전기장비 제조업", "keyword": "전기식용접기제조/전자석제조/시스템/고출력/이온빔/발생기/장치/근접단부/외벽/도파관", "document_type": "A"}, {"updateDate": "20220608", "LLno": "C", "SSno": "28909", "Stext": "기타 전기장비 제조업", "SStext": "그 외 기타 전기장비 제조업", "Mtext": "기타 전기장비 제조업", "Lno": "28", "ipc_main": "H01F-007/16", "Mno": "289", "country_code": "KR", "Sno": "2890", "LLtext": "제조업(10~34)", "documentId": "kr20200017283b1", "application_number": "1020200017283", "Ltext": "전기장비 제조업", "keyword": "전기식용접기제조/전자석제조/액츄에이터/영구자석/저자력/전자석/장치/첩촉부/이격유지부/고정위치", "document_type": "B1"}, {"updateDate": "20220608", "LLno": "C", "SSno": "28909", "Stext": "기타 전기장비 제조업", "SStext": "그 외 기타 전기장비 제조업", "Mtext": "기타 전기장비 제조업", "Lno": "28", "ipc_main": "H01F-007/20", "Mno": "289", "country_code": "KR", "Sno": "2890", "LLtext": "제조업(10~34)", "documentId": "kr20200059545b1", "application_number": "1020200059545", "Ltext": "전기장비 제조업", "keyword": "전기식용접기제조/기타전기식용접기제조/제조방법/진공용/전자석장치/접촉면/장치/상판부/비자성패턴/배출공", "document_type": "B1"}, {"updateDate": "20220608", "LLno": "C", "SSno": "28909", "Stext": "기타 전기장비 제조업", "SStext": "그 외 기타 전기장비 제조업", "Mtext": "기타 전기장비 제조업", "Lno": "28", "ipc_main": "B23K-009/32", "Mno": "289", "country_code": "KR", "Sno": "2890", "LLtext": "제조업(10~34)", "documentId": "kr20200142671b1", "application_number": "1020200142671", "Ltext": "전기장비 제조업", "keyword": "전기식용접기제조/전자석제조/용접장치/압력용기/용접부/와이어공급기/장치/수직지지부/작업자/모재받침부", "document_type": "B1"}, {"updateDate": "20220608", "LLno": "C", "SSno": "28909", "Stext": "기타 전기장비 제조업", "SStext": "그 외 기타 전기장비 제조업", "Mtext": "기타 전기장비 제조업", "Lno": "28", "ipc_main": "H01F-007/02", "Mno": "289", "country_code": "KR", "Sno": "2890", "LLtext": "제조업(10~34)", "documentId": "kr20207000546a", "application_number": "1020207000546", "Ltext": "전기장비 제조업", "keyword": "전기식용접기제조/전자석제조/디바이스/영구자석/전자석/전환/장치/적층관계/레벨자속/자기장", "document_type": "A"}, {"updateDate": "20220608", "LLno": "C", "SSno": "28909", "Stext": "기타 전기장비 제조업", "SStext": "그 외 기타 전기장비 제조업", "Mtext": "기타 전기장비 제조업", "Lno": "28", "ipc_main": "H01F-027/28", "Mno": "289", "country_code": "KR", "Sno": "2890", "LLtext": "제조업(10~34)", "documentId": "kr20207021346a", "application_number": "1020207021346", "Ltext": "전기장비 제조업", "keyword": "전기식용접기제조/전자석제조/트랜스/용접/권선/직교방향/장치/폭방향/띠형상도체/방향", "document_type": "A"}, {"updateDate": "20220608", "LLno": "C", "SSno": "28909", "Stext": "기타 전기장비 제조업", "SStext": "그 외 기타 전기장비 제조업", "Mtext": "기타 전기장비 제조업", "Lno": "28", "ipc_main": "H05H-009/04", "Mno": "289", "country_code": "KR", "Sno": "2890", "LLtext": "제조업(10~34)", "documentId": "kr20207022084a", "application_number": "1020207022084", "Ltext": "전기장비 제조업", "keyword": "전기식용접기제조/입자가속기제조/시스템/가속공동/제어수단/고주파전력/장치/가속갭/복수/이온빔", "document_type": "A"}, {"updateDate": "20220608", "LLno": "C", "SSno": "28909", "Stext": "기타 전기장비 제조업", "SStext": "그 외 기타 전기장비 제조업", "Mtext": "기타 전기장비 제조업", "Lno": "28", "ipc_main": "H01F-006/02", "Mno": "289", "country_code": "KR", "Sno": "2890", "LLtext": "제조업(10~34)", "documentId": "kr20207025288a", "application_number": "1020207025288", "Ltext": "전기장비 제조업", "keyword": "전기식용접기제조/전자석제조/코일/초전도성/부분절연/오프셋/장치/필드코일/턴들/절연층", "document_type": "A"}, {"updateDate": "20220608", "LLno": "C", "SSno": "28909", "Stext": "기타 전기장비 제조업", "SStext": "그 외 기타 전기장비 제조업", "Mtext": "기타 전기장비 제조업", "Lno": "28", "ipc_main": "B23K-011/11", "Mno": "289", "country_code": "KR", "Sno": "2890", "LLtext": "제조업(10~34)", "documentId": "kr20207026155a", "application_number": "1020207026155", "Ltext": "전기장비 제조업", "keyword": "전기식용접기제조/전자석제조/제조방법/용접부재/저항스폿용접/통전량/장치/접합/실행/가압", "document_type": "A"}, {"updateDate": "20220608", "LLno": "C", "SSno": "28909", "Stext": "기타 전기장비 제조업", "SStext": "그 외 기타 전기장비 제조업", "Mtext": "기타 전기장비 제조업", "Lno": "28", "ipc_main": "H05H-007/02", "Mno": "289", "country_code": "KR", "Sno": "2890", "LLtext": "제조업(10~34)", "documentId": "kr20207036598a", "application_number": "1020207036598", "Ltext": "전기장비 제조업", "keyword": "전기식용접기제조/입자가속기제조/시스템/트리거/가속기/선형/장치/제어로직/구성가능/입자전원", "document_type": "A"}, {"updateDate": "20220608", "LLno": "C", "SSno": "28909", "Stext": "기타 전기장비 제조업", "SStext": "그 외 기타 전기장비 제조업", "Mtext": "기타 전기장비 제조업", "Lno": "28", "ipc_main": "B23K-037/04", "Mno": "289", "country_code": "KR", "Sno": "2890", "LLtext": "제조업(10~34)", "documentId": "kr20210023735a", "application_number": "1020210023735", "Ltext": "전기장비 제조업", "keyword": "전기식용접기제조/전자석제조/지그/용접기용/수동레이져/측부/장치/몸체부/출력팁/가공대상물", "document_type": "A"}, {"updateDate": "20220608", "LLno": "C", "SSno": "28909", "Stext": "기타 전기장비 제조업", "SStext": "그 외 기타 전기장비 제조업", "Mtext": "기타 전기장비 제조업", "Lno": "28", "ipc_main": "B23K-011/11", "Mno": "289", "country_code": "KR", "Sno": "2890", "LLtext": "제조업(10~34)", "documentId": "kr20217002037a", "application_number": "1020217002037", "Ltext": "전기장비 제조업", "keyword": "전기식용접기제조/전자석제조/제조방법/용접부재/저항스폿용접/정전류/장치/후통전/순시발열량/체적당", "document_type": "A"}, {"updateDate": "20220608", "LLno": "C", "SSno": "28909", "Stext": "기타 전기장비 제조업", "SStext": "그 외 기타 전기장비 제조업", "Mtext": "기타 전기장비 제조업", "Lno": "28", "ipc_main": "H05H-007/04", "Mno": "289", "country_code": "KR", "Sno": "2890", "LLtext": "제조업(10~34)", "documentId": "kr20217003548a", "application_number": "1020217003548", "Ltext": "전기장비 제조업", "keyword": "전기식용접기제조/입자가속기제조/거치방법/수송/시스템/하전입자/장치/플레이트/삽입/맞춤구멍", "document_type": "A"}, {"updateDate": "20220608", "LLno": "C", "SSno": "28909", "Stext": "기타 전기장비 제조업", "SStext": "그 외 기타 전기장비 제조업", "Mtext": "기타 전기장비 제조업", "Lno": "28", "ipc_main": "H01F-027/245", "Mno": "289", "country_code": "KR", "Sno": "2890", "LLtext": "제조업(10~34)", "documentId": "kr20217014127a", "application_number": "1020217014127", "Ltext": "전기장비 제조업", "keyword": "전기식용접기제조/전자석제조/회전전기기계/적층코어/전자강판/고정/장치/인접/일부조/접착", "document_type": "A"}, {"updateDate": "20220608", "LLno": "C", "SSno": "28909", "Stext": "기타 전기장비 제조업", "SStext": "그 외 기타 전기장비 제조업", "Mtext": "기타 전기장비 제조업", "Lno": "28", "ipc_main": "H01F-027/245", "Mno": "289", "country_code": "KR", "Sno": "2890", "LLtext": "제조업(10~34)", "documentId": "kr20217015790a", "application_number": "1020217015790", "Ltext": "전기장비 제조업", "keyword": "전기식용접기제조/전자석제조/회전전기기기/적층코어/전자강판/접착부/장치/사이배치/부분접착/평면시", "document_type": "A"}]}