{"dataset": [{"updateDate": "20220608", "LLno": "C", "SSno": "24229", "Stext": "비철금속 압연, 압출 및 연신제품 제조업", "SStext": "기타 비철금속 압연, 압출 및 연신제품 제조업", "Mtext": "1차 비철금속 제조업", "Lno": "24", "ipc_main": "C22C-038/54", "Mno": "242", "country_code": "KR", "Sno": "2422", "LLtext": "제조업(10~34)", "documentId": "kr19980019105b1", "application_number": "1019980019105", "Ltext": "1차 금속 제조업", "keyword": "압연제품제조//고크롬페라이트계/내열합금/압력용기/제조/장치/탄소/텅스텐/비금속게재물", "document_type": "B1"}, {"updateDate": "20220608", "LLno": "C", "SSno": "24229", "Stext": "비철금속 압연, 압출 및 연신제품 제조업", "SStext": "기타 비철금속 압연, 압출 및 연신제품 제조업", "Mtext": "1차 비철금속 제조업", "Lno": "24", "ipc_main": "C22C-038/18", "Mno": "242", "country_code": "KR", "Sno": "2422", "LLtext": "제조업(10~34)", "documentId": "kr19980056359b1", "application_number": "1019980056359", "Ltext": "1차 금속 제조업", "keyword": "압연제품제조//페라이트계/스테인레스강/알루미늄량/제조/장치/티타늄/합금강/등축결정", "document_type": "B1"}, {"updateDate": "20220608", "LLno": "C", "SSno": "24229", "Stext": "비철금속 압연, 압출 및 연신제품 제조업", "SStext": "기타 비철금속 압연, 압출 및 연신제품 제조업", "Mtext": "1차 비철금속 제조업", "Lno": "24", "ipc_main": "B21B-001/22", "Mno": "242", "country_code": "KR", "Sno": "2422", "LLtext": "제조업(10~34)", "documentId": "kr19980057101a", "application_number": "1019980057101", "Ltext": "1차 금속 제조업", "keyword": "압연제품제조//고망간강열연강판/성형성/오스테나이트계/제조/방법/연주기/코일박스/미니밀공정", "document_type": "A"}, {"updateDate": "20220608", "LLno": "C", "SSno": "24229", "Stext": "비철금속 압연, 압출 및 연신제품 제조업", "SStext": "기타 비철금속 압연, 압출 및 연신제품 제조업", "Mtext": "1차 비철금속 제조업", "Lno": "24", "ipc_main": "B22F-009/02", "Mno": "242", "country_code": "KR", "Sno": "2422", "LLtext": "제조업(10~34)", "documentId": "kr19990003401a", "application_number": "1019990003401", "Ltext": "1차 금속 제조업", "keyword": "압연제품제조//마그네슘합금/진공가스분무장치/질화붕소/제조/장치/용해로/열공급수단/진공실", "document_type": "A"}, {"updateDate": "20220608", "LLno": "C", "SSno": "24229", "Stext": "비철금속 압연, 압출 및 연신제품 제조업", "SStext": "기타 비철금속 압연, 압출 및 연신제품 제조업", "Mtext": "1차 비철금속 제조업", "Lno": "24", "ipc_main": "F16L-039/00", "Mno": "242", "country_code": "KR", "Sno": "2422", "LLtext": "제조업(10~34)", "documentId": "kr19990028229y1", "application_number": "2019990028229", "Ltext": "1차 금속 제조업", "keyword": "압연제품제조//비철금속관/이음부분/커플링/제조/장치/돌기/절연코팅/접속링", "document_type": "Y1"}, {"updateDate": "20220608", "LLno": "C", "SSno": "24229", "Stext": "비철금속 압연, 압출 및 연신제품 제조업", "SStext": "기타 비철금속 압연, 압출 및 연신제품 제조업", "Mtext": "1차 비철금속 제조업", "Lno": "24", "ipc_main": "F16L-017/00", "Mno": "242", "country_code": "KR", "Sno": "2422", "LLtext": "제조업(10~34)", "documentId": "kr19990029133y1", "application_number": "2019990029133", "Ltext": "1차 금속 제조업", "keyword": "압연제품제조//비철금속관/이음부분/커플링/제조/장치/접속링/소켓/삽입홈", "document_type": "Y1"}, {"updateDate": "20220608", "LLno": "C", "SSno": "24229", "Stext": "비철금속 압연, 압출 및 연신제품 제조업", "SStext": "기타 비철금속 압연, 압출 및 연신제품 제조업", "Mtext": "1차 비철금속 제조업", "Lno": "24", "ipc_main": "C21D-008/02", "Mno": "242", "country_code": "KR", "Sno": "2422", "LLtext": "제조업(10~34)", "documentId": "kr19990032742a", "application_number": "1019990032742", "Ltext": "1차 금속 제조업", "keyword": "압연제품제조//크롬몰리브덴강/강도/직접소입법/제조/방법/강소재/압하율/경압하압연", "document_type": "A"}, {"updateDate": "20220608", "LLno": "C", "SSno": "24229", "Stext": "비철금속 압연, 압출 및 연신제품 제조업", "SStext": "기타 비철금속 압연, 압출 및 연신제품 제조업", "Mtext": "1차 비철금속 제조업", "Lno": "24", "ipc_main": "C23C-002/08", "Mno": "242", "country_code": "KR", "Sno": "2422", "LLtext": "제조업(10~34)", "documentId": "kr19990052019a", "application_number": "1019990052019", "Ltext": "1차 금속 제조업", "keyword": "압연제품제조//냉간압연강판/캔/주석도금강판/제조/장치/평균조도/조도피크치/", "document_type": "A"}, {"updateDate": "20220608", "LLno": "C", "SSno": "24229", "Stext": "비철금속 압연, 압출 및 연신제품 제조업", "SStext": "기타 비철금속 압연, 압출 및 연신제품 제조업", "Mtext": "1차 비철금속 제조업", "Lno": "24", "ipc_main": "C22C-009/04", "Mno": "242", "country_code": "KR", "Sno": "2422", "LLtext": "제조업(10~34)", "documentId": "kr20000042760a", "application_number": "1020000042760", "Ltext": "1차 금속 제조업", "keyword": "압연제품제조//방전가공기전극선용/동/아연/제조/장치/세리움/란탄/니오디미움", "document_type": "A"}, {"updateDate": "20220608", "LLno": "C", "SSno": "24229", "Stext": "비철금속 압연, 압출 및 연신제품 제조업", "SStext": "기타 비철금속 압연, 압출 및 연신제품 제조업", "Mtext": "1차 비철금속 제조업", "Lno": "24", "ipc_main": "C22C-009/06", "Mno": "242", "country_code": "KR", "Sno": "2422", "LLtext": "제조업(10~34)", "documentId": "kr20000042761a", "application_number": "1020000042761", "Ltext": "1차 금속 제조업", "keyword": "압연제품제조//고강도선재/판재용구리/니켈/제조/방법/알루미늄/실리콘/티타늄", "document_type": "A"}, {"updateDate": "20220608", "LLno": "C", "SSno": "24229", "Stext": "비철금속 압연, 압출 및 연신제품 제조업", "SStext": "기타 비철금속 압연, 압출 및 연신제품 제조업", "Mtext": "1차 비철금속 제조업", "Lno": "24", "ipc_main": "B21C-051/00", "Mno": "242", "country_code": "KR", "Sno": "2422", "LLtext": "제조업(10~34)", "documentId": "kr20000080020a", "application_number": "1020000080020", "Ltext": "1차 금속 제조업", "keyword": "압연제품제조//시험재인발장치/시험공정/스퀴즈/제조/장치/시편/개재물/표면결함", "document_type": "A"}, {"updateDate": "20220608", "LLno": "C", "SSno": "24229", "Stext": "비철금속 압연, 압출 및 연신제품 제조업", "SStext": "기타 비철금속 압연, 압출 및 연신제품 제조업", "Mtext": "1차 비철금속 제조업", "Lno": "24", "ipc_main": "C21D-008/00", "Mno": "242", "country_code": "KR", "Sno": "2422", "LLtext": "제조업(10~34)", "documentId": "kr20010041542a", "application_number": "1020010041542", "Ltext": "1차 금속 제조업", "keyword": "압연제품제조//철니켈계합금재/내낙하충격변형성/저열팽창성/제조/방법/불순물/열간압연/압연패스", "document_type": "A"}, {"updateDate": "20220608", "LLno": "C", "SSno": "24229", "Stext": "비철금속 압연, 압출 및 연신제품 제조업", "SStext": "기타 비철금속 압연, 압출 및 연신제품 제조업", "Mtext": "1차 비철금속 제조업", "Lno": "24", "ipc_main": "C21D-008/02", "Mno": "242", "country_code": "KR", "Sno": "2422", "LLtext": "제조업(10~34)", "documentId": "kr20010054770b1", "application_number": "1020010054770", "Ltext": "1차 금속 제조업", "keyword": "압연제품제조//피오강판/슬라브/가열로/제조/방법/열간압연/도유처리/가열로", "document_type": "B1"}, {"updateDate": "20220608", "LLno": "C", "SSno": "24229", "Stext": "비철금속 압연, 압출 및 연신제품 제조업", "SStext": "기타 비철금속 압연, 압출 및 연신제품 제조업", "Mtext": "1차 비철금속 제조업", "Lno": "24", "ipc_main": "B22D-011/10", "Mno": "242", "country_code": "KR", "Sno": "2422", "LLtext": "제조업(10~34)", "documentId": "kr20020013026y1", "application_number": "2020020013026", "Ltext": "1차 금속 제조업", "keyword": "압연제품제조//비철금속판재/주조성형/주입솬/비용절감/장치/주입관/불활성가스/금형휠", "document_type": "Y1"}, {"updateDate": "20220608", "LLno": "C", "SSno": "24229", "Stext": "비철금속 압연, 압출 및 연신제품 제조업", "SStext": "기타 비철금속 압연, 압출 및 연신제품 제조업", "Mtext": "1차 비철금속 제조업", "Lno": "24", "ipc_main": "C22C-038/08", "Mno": "242", "country_code": "KR", "Sno": "2422", "LLtext": "제조업(10~34)", "documentId": "kr20020067911b1", "application_number": "1020020067911", "Ltext": "1차 금속 제조업", "keyword": "니켈압연제품제조/니켈관연결구류제조/철니켈계합금/섀도우마스크용/합금스트립/제조/장치/불순물/판두께/에칭", "document_type": "B1"}, {"updateDate": "20220608", "LLno": "C", "SSno": "24229", "Stext": "비철금속 압연, 압출 및 연신제품 제조업", "SStext": "기타 비철금속 압연, 압출 및 연신제품 제조업", "Mtext": "1차 비철금속 제조업", "Lno": "24", "ipc_main": "B21B-003/00", "Mno": "242", "country_code": "KR", "Sno": "2422", "LLtext": "제조업(10~34)", "documentId": "kr20030012258b1", "application_number": "1020030012258", "Ltext": "1차 금속 제조업", "keyword": "압연제품제조//알루미늄합금판재/리징발생/압연롤/억제/방법/슬라브/열간압연/마찰계수", "document_type": "B1"}, {"updateDate": "20220608", "LLno": "C", "SSno": "24229", "Stext": "비철금속 압연, 압출 및 연신제품 제조업", "SStext": "기타 비철금속 압연, 압출 및 연신제품 제조업", "Mtext": "1차 비철금속 제조업", "Lno": "24", "ipc_main": "B23K-035/40", "Mno": "242", "country_code": "KR", "Sno": "2422", "LLtext": "제조업(10~34)", "documentId": "kr20030016096b1", "application_number": "1020030016096", "Ltext": "1차 금속 제조업", "keyword": "압연제품제조//비철금속/환형용접봉/플럭스/제조/장치/모재공급수단/히터수단/용접봉모재", "document_type": "B1"}, {"updateDate": "20220608", "LLno": "C", "SSno": "24229", "Stext": "비철금속 압연, 압출 및 연신제품 제조업", "SStext": "기타 비철금속 압연, 압출 및 연신제품 제조업", "Mtext": "1차 비철금속 제조업", "Lno": "24", "ipc_main": "B21B-003/00", "Mno": "242", "country_code": "KR", "Sno": "2422", "LLtext": "제조업(10~34)", "documentId": "kr20030057759b1", "application_number": "1020030057759", "Ltext": "1차 금속 제조업", "keyword": "압연제품제조//실리콘합금판재/리징발생/표면결함/제조/방법/열간압연/합금슬라브/냉간압연", "document_type": "B1"}, {"updateDate": "20220608", "LLno": "C", "SSno": "24229", "Stext": "비철금속 압연, 압출 및 연신제품 제조업", "SStext": "기타 비철금속 압연, 압출 및 연신제품 제조업", "Mtext": "1차 비철금속 제조업", "Lno": "24", "ipc_main": "C22C-023/04", "Mno": "242", "country_code": "KR", "Sno": "2422", "LLtext": "제조업(10~34)", "documentId": "kr20030068648a", "application_number": "1020030068648", "Ltext": "1차 금속 제조업", "keyword": "압연제품제조//마그네슘합금/지르코늄/준결정상/제조/장치/준결정상/금속고용체/이상영역", "document_type": "A"}, {"updateDate": "20220608", "LLno": "C", "SSno": "24229", "Stext": "비철금속 압연, 압출 및 연신제품 제조업", "SStext": "기타 비철금속 압연, 압출 및 연신제품 제조업", "Mtext": "1차 비철금속 제조업", "Lno": "24", "ipc_main": "H01B-012/00", "Mno": "242", "country_code": "KR", "Sno": "2422", "LLtext": "제조업(10~34)", "documentId": "kr20030087912a", "application_number": "1020030087912", "Ltext": "1차 금속 제조업", "keyword": "압연제품제조//붕화마그네슘/튜브구조체/초전도선재/제조/방법/초전도분말/와이어형태/등축심형태", "document_type": "A"}, {"updateDate": "20220608", "LLno": "C", "SSno": "24229", "Stext": "비철금속 압연, 압출 및 연신제품 제조업", "SStext": "기타 비철금속 압연, 압출 및 연신제품 제조업", "Mtext": "1차 비철금속 제조업", "Lno": "24", "ipc_main": "B21B-001/04", "Mno": "242", "country_code": "KR", "Sno": "2422", "LLtext": "제조업(10~34)", "documentId": "kr20040017678a", "application_number": "1020040017678", "Ltext": "1차 금속 제조업", "keyword": "니켈압연제품제조/니켈관연결구류제조/고니켈강재/연속주조/슬래브/크랙제거/방법/압연/전파/", "document_type": "A"}, {"updateDate": "20220608", "LLno": "C", "SSno": "24229", "Stext": "비철금속 압연, 압출 및 연신제품 제조업", "SStext": "기타 비철금속 압연, 압출 및 연신제품 제조업", "Mtext": "1차 비철금속 제조업", "Lno": "24", "ipc_main": "F16L-021/08", "Mno": "242", "country_code": "KR", "Sno": "2422", "LLtext": "제조업(10~34)", "documentId": "kr20040061289a", "application_number": "1020040061289", "Ltext": "1차 금속 제조업", "keyword": "압연제품제조//비철금속재관/철재소켓/소켓내주연/제조/장치/결속홈/결속돌기/합성수지재링", "document_type": "A"}, {"updateDate": "20220608", "LLno": "C", "SSno": "24229", "Stext": "비철금속 압연, 압출 및 연신제품 제조업", "SStext": "기타 비철금속 압연, 압출 및 연신제품 제조업", "Mtext": "1차 비철금속 제조업", "Lno": "24", "ipc_main": "F16L-021/08", "Mno": "242", "country_code": "KR", "Sno": "2422", "LLtext": "제조업(10~34)", "documentId": "kr20040061289b1", "application_number": "1020040061289", "Ltext": "1차 금속 제조업", "keyword": "압연제품제조//비철금속재관/철재소켓/소켓내주연/제조/장치/결속홈/결속돌기/합성수지재링", "document_type": "B1"}, {"updateDate": "20220608", "LLno": "C", "SSno": "24229", "Stext": "비철금속 압연, 압출 및 연신제품 제조업", "SStext": "기타 비철금속 압연, 압출 및 연신제품 제조업", "Mtext": "1차 비철금속 제조업", "Lno": "24", "ipc_main": "B21B-013/16", "Mno": "242", "country_code": "KR", "Sno": "2422", "LLtext": "제조업(10~34)", "documentId": "kr20040081203b1", "application_number": "1020040081203", "Ltext": "1차 금속 제조업", "keyword": "압연제품제조//알루미늄합금/리징발생/냉간압연/억제/방법/슬라브/열간압연/냉간압연", "document_type": "B1"}, {"updateDate": "20220608", "LLno": "C", "SSno": "24229", "Stext": "비철금속 압연, 압출 및 연신제품 제조업", "SStext": "기타 비철금속 압연, 압출 및 연신제품 제조업", "Mtext": "1차 비철금속 제조업", "Lno": "24", "ipc_main": "C22C-023/04", "Mno": "242", "country_code": "KR", "Sno": "2422", "LLtext": "제조업(10~34)", "documentId": "kr20050005733b1", "application_number": "1020050005733", "Ltext": "1차 금속 제조업", "keyword": "압연제품제조//마그네슘합금/준결정상/고용체/제조/장치/첨가원소/미쉬메탈/고강도", "document_type": "B1"}, {"updateDate": "20220608", "LLno": "C", "SSno": "24229", "Stext": "비철금속 압연, 압출 및 연신제품 제조업", "SStext": "기타 비철금속 압연, 압출 및 연신제품 제조업", "Mtext": "1차 비철금속 제조업", "Lno": "24", "ipc_main": "A61L-009/04", "Mno": "242", "country_code": "KR", "Sno": "2422", "LLtext": "제조업(10~34)", "documentId": "kr20050015455y1", "application_number": "2020050015455", "Ltext": "1차 금속 제조업", "keyword": "압연제품제조//은나노계향균제/에어플로우라인/마스터배치/제조/장치/분말형향균제/저밀도폴리에틸렌/폴리프로필렌", "document_type": "Y1"}, {"updateDate": "20220608", "LLno": "C", "SSno": "24229", "Stext": "비철금속 압연, 압출 및 연신제품 제조업", "SStext": "기타 비철금속 압연, 압출 및 연신제품 제조업", "Mtext": "1차 비철금속 제조업", "Lno": "24", "ipc_main": "C22C-023/00", "Mno": "242", "country_code": "KR", "Sno": "2422", "LLtext": "제조업(10~34)", "documentId": "kr20050019242a", "application_number": "1020050019242", "Ltext": "1차 금속 제조업", "keyword": "압연제품제조//마그네슘합금/고강도유지/크리프저항력/제조/장치/고온구조용/합금/조성물", "document_type": "A"}, {"updateDate": "20220608", "LLno": "C", "SSno": "24229", "Stext": "비철금속 압연, 압출 및 연신제품 제조업", "SStext": "기타 비철금속 압연, 압출 및 연신제품 제조업", "Mtext": "1차 비철금속 제조업", "Lno": "24", "ipc_main": "C22C-023/00", "Mno": "242", "country_code": "KR", "Sno": "2422", "LLtext": "제조업(10~34)", "documentId": "kr20050027811a", "application_number": "1020050027811", "Ltext": "1차 금속 제조업", "keyword": "압연제품제조//마그네슘합금/가공재/고용한도/제조/장치/미그네슘기지/합금/", "document_type": "A"}, {"updateDate": "20220608", "LLno": "C", "SSno": "24229", "Stext": "비철금속 압연, 압출 및 연신제품 제조업", "SStext": "기타 비철금속 압연, 압출 및 연신제품 제조업", "Mtext": "1차 비철금속 제조업", "Lno": "24", "ipc_main": "C10M-125/12", "Mno": "242", "country_code": "KR", "Sno": "2422", "LLtext": "제조업(10~34)", "documentId": "kr20050033698a", "application_number": "1020050033698", "Ltext": "1차 금속 제조업", "keyword": "압연제품제조//마그네슘합금/윤활제/내하중성/제조/방법/유기화합물/금속비누/질화붕소", "document_type": "A"}, {"updateDate": "20220608", "LLno": "C", "SSno": "24229", "Stext": "비철금속 압연, 압출 및 연신제품 제조업", "SStext": "기타 비철금속 압연, 압출 및 연신제품 제조업", "Mtext": "1차 비철금속 제조업", "Lno": "24", "ipc_main": "D01F-001/10", "Mno": "242", "country_code": "KR", "Sno": "2422", "LLtext": "제조업(10~34)", "documentId": "kr20050045406b1", "application_number": "1020050045406", "Ltext": "1차 금속 제조업", "keyword": "압연제품제조//은나노향균중공섬유/중공섬유/은나노/제조/장치/액상체/정수/", "document_type": "B1"}, {"updateDate": "20220608", "LLno": "C", "SSno": "24229", "Stext": "비철금속 압연, 압출 및 연신제품 제조업", "SStext": "기타 비철금속 압연, 압출 및 연신제품 제조업", "Mtext": "1차 비철금속 제조업", "Lno": "24", "ipc_main": "C22C-038/00", "Mno": "242", "country_code": "KR", "Sno": "2422", "LLtext": "제조업(10~34)", "documentId": "kr20050078433b1", "application_number": "1020050078433", "Ltext": "1차 금속 제조업", "keyword": "아연압연제품제조/아연관련결구류제조/아연도금용강판/초심가공용연질/고강도/제조/장치/불순물/농화물/인장강도", "document_type": "B1"}, {"updateDate": "20220608", "LLno": "C", "SSno": "24229", "Stext": "비철금속 압연, 압출 및 연신제품 제조업", "SStext": "기타 비철금속 압연, 압출 및 연신제품 제조업", "Mtext": "1차 비철금속 제조업", "Lno": "24", "ipc_main": "B21B-003/00", "Mno": "242", "country_code": "KR", "Sno": "2422", "LLtext": "제조업(10~34)", "documentId": "kr20060132199b1", "application_number": "1020060132199", "Ltext": "1차 금속 제조업", "keyword": "압연제품제조//마그네슘압연장치/압연롤러/온도측정유닛/제조/장치/유도가열코일/전원공급비/콘트롤로부", "document_type": "B1"}, {"updateDate": "20220608", "LLno": "C", "SSno": "24229", "Stext": "비철금속 압연, 압출 및 연신제품 제조업", "SStext": "기타 비철금속 압연, 압출 및 연신제품 제조업", "Mtext": "1차 비철금속 제조업", "Lno": "24", "ipc_main": "C22C-038/00", "Mno": "242", "country_code": "KR", "Sno": "2422", "LLtext": "제조업(10~34)", "documentId": "kr20067018302b1", "application_number": "1020067018302", "Ltext": "1차 금속 제조업", "keyword": "아연압연제품제조/아연관련결구류제조/용융아연도금/성형성/구멍확장성/제조/장치/페라이트/템퍼링마르텐사이트/불순물", "document_type": "B1"}, {"updateDate": "20220608", "LLno": "C", "SSno": "24229", "Stext": "비철금속 압연, 압출 및 연신제품 제조업", "SStext": "기타 비철금속 압연, 압출 및 연신제품 제조업", "Mtext": "1차 비철금속 제조업", "Lno": "24", "ipc_main": "G21C-021/02", "Mno": "242", "country_code": "KR", "Sno": "2422", "LLtext": "제조업(10~34)", "documentId": "kr20070003261b1", "application_number": "1020070003261", "Ltext": "1차 금속 제조업", "keyword": "압연제품제조//지르코늄합금/니오븀/핵연료피복관/제조/방법/용해/열처리/열간가공", "document_type": "B1"}, {"updateDate": "20220608", "LLno": "C", "SSno": "24229", "Stext": "비철금속 압연, 압출 및 연신제품 제조업", "SStext": "기타 비철금속 압연, 압출 및 연신제품 제조업", "Mtext": "1차 비철금속 제조업", "Lno": "24", "ipc_main": "B21D-005/12", "Mno": "242", "country_code": "KR", "Sno": "2422", "LLtext": "제조업(10~34)", "documentId": "kr20070133953a", "application_number": "1020070133953", "Ltext": "1차 금속 제조업", "keyword": "압연제품제조//마그네슘합금/파이프/언코일러/제조/장치/레벨러/가열대/성형부", "document_type": "A"}, {"updateDate": "20220608", "LLno": "C", "SSno": "24229", "Stext": "비철금속 압연, 압출 및 연신제품 제조업", "SStext": "기타 비철금속 압연, 압출 및 연신제품 제조업", "Mtext": "1차 비철금속 제조업", "Lno": "24", "ipc_main": "B21B-045/02", "Mno": "242", "country_code": "KR", "Sno": "2422", "LLtext": "제조업(10~34)", "documentId": "kr20070137922a", "application_number": "1020070137922", "Ltext": "1차 금속 제조업", "keyword": "압연제품제조//마그네슘압연판재/후처리고정/마그네슘판재/제조/장치/압연성/소성변형/부산물", "document_type": "A"}, {"updateDate": "20220608", "LLno": "C", "SSno": "24229", "Stext": "비철금속 압연, 압출 및 연신제품 제조업", "SStext": "기타 비철금속 압연, 압출 및 연신제품 제조업", "Mtext": "1차 비철금속 제조업", "Lno": "24", "ipc_main": "C22C-009/04", "Mno": "242", "country_code": "KR", "Sno": "2422", "LLtext": "제조업(10~34)", "documentId": "kr20077007251b1", "application_number": "1020077007251", "Ltext": "1차 금속 제조업", "keyword": "압연제품제조//구리합금/합금/기계적성질/제조/장치/아연/잔여량/혼합물", "document_type": "B1"}, {"updateDate": "20220608", "LLno": "C", "SSno": "24229", "Stext": "비철금속 압연, 압출 및 연신제품 제조업", "SStext": "기타 비철금속 압연, 압출 및 연신제품 제조업", "Mtext": "1차 비철금속 제조업", "Lno": "24", "ipc_main": "H01M-004/12", "Mno": "242", "country_code": "KR", "Sno": "2422", "LLtext": "제조업(10~34)", "documentId": "kr20077010012b1", "application_number": "1020077010012", "Ltext": "1차 금속 제조업", "keyword": "아연압연제품제조/아연관련결구류제조/아연재료/망간건전지/음극/제조/방법/비스무스/원소/합금조정공정", "document_type": "B1"}, {"updateDate": "20220608", "LLno": "C", "SSno": "24229", "Stext": "비철금속 압연, 압출 및 연신제품 제조업", "SStext": "기타 비철금속 압연, 압출 및 연신제품 제조업", "Mtext": "1차 비철금속 제조업", "Lno": "24", "ipc_main": "H01B-001/22", "Mno": "242", "country_code": "KR", "Sno": "2422", "LLtext": "제조업(10~34)", "documentId": "kr20077022435a", "application_number": "1020077022435", "Ltext": "1차 금속 제조업", "keyword": "압연제품제조//도전성페이스트/금속분말/무기바인더/제조/장치/유기비히클/비등점/배합량", "document_type": "A"}, {"updateDate": "20220608", "LLno": "C", "SSno": "24229", "Stext": "비철금속 압연, 압출 및 연신제품 제조업", "SStext": "기타 비철금속 압연, 압출 및 연신제품 제조업", "Mtext": "1차 비철금속 제조업", "Lno": "24", "ipc_main": "H01B-003/00", "Mno": "242", "country_code": "KR", "Sno": "2422", "LLtext": "제조업(10~34)", "documentId": "kr20080005663u", "application_number": "2020080005663", "Ltext": "1차 금속 제조업", "keyword": "압연제품제조//난연전선케이블/주석디핑/편조층/제조/장치/금속집합선/도체/실리콘고무", "document_type": "U"}, {"updateDate": "20220608", "LLno": "C", "SSno": "24229", "Stext": "비철금속 압연, 압출 및 연신제품 제조업", "SStext": "기타 비철금속 압연, 압출 및 연신제품 제조업", "Mtext": "1차 비철금속 제조업", "Lno": "24", "ipc_main": "C22C-001/04", "Mno": "242", "country_code": "KR", "Sno": "2422", "LLtext": "제조업(10~34)", "documentId": "kr20080058957a", "application_number": "1020080058957", "Ltext": "1차 금속 제조업", "keyword": "압연제품제조//마그네슘합금/복합분말야금/몰드/제조/방법/압분체/펄스전류소결장치/압축", "document_type": "A"}, {"updateDate": "20220608", "LLno": "C", "SSno": "24229", "Stext": "비철금속 압연, 압출 및 연신제품 제조업", "SStext": "기타 비철금속 압연, 압출 및 연신제품 제조업", "Mtext": "1차 비철금속 제조업", "Lno": "24", "ipc_main": "C22C-038/00", "Mno": "242", "country_code": "KR", "Sno": "2422", "LLtext": "제조업(10~34)", "documentId": "kr20080061192a", "application_number": "1020080061192", "Ltext": "1차 금속 제조업", "keyword": "아연압연제품제조/아연관련결구류제조/용융아연도금강판/초고강도/알루미늄/제조/장치/합금조성/페라이트/성형성", "document_type": "A"}, {"updateDate": "20220608", "LLno": "C", "SSno": "24229", "Stext": "비철금속 압연, 압출 및 연신제품 제조업", "SStext": "기타 비철금속 압연, 압출 및 연신제품 제조업", "Mtext": "1차 비철금속 제조업", "Lno": "24", "ipc_main": "C22C-038/18", "Mno": "242", "country_code": "KR", "Sno": "2422", "LLtext": "제조업(10~34)", "documentId": "kr20080132356a", "application_number": "1020080132356", "Ltext": "1차 금속 제조업", "keyword": "압연제품제조//페라이트계/스테인리스강/연마/제공/방법/고크롬/냉연/압연", "document_type": "A"}, {"updateDate": "20220608", "LLno": "C", "SSno": "24229", "Stext": "비철금속 압연, 압출 및 연신제품 제조업", "SStext": "기타 비철금속 압연, 압출 및 연신제품 제조업", "Mtext": "1차 비철금속 제조업", "Lno": "24", "ipc_main": "B22F-003/12", "Mno": "242", "country_code": "KR", "Sno": "2422", "LLtext": "제조업(10~34)", "documentId": "kr20080133924b1", "application_number": "1020080133924", "Ltext": "1차 금속 제조업", "keyword": "텅스텐압연제품제조//텅스텐이트리아로드/텅스텐분말/이트리아분말/제조/방법/성형/환원/불순물제거", "document_type": "B1"}, {"updateDate": "20220608", "LLno": "C", "SSno": "24229", "Stext": "비철금속 압연, 압출 및 연신제품 제조업", "SStext": "기타 비철금속 압연, 압출 및 연신제품 제조업", "Mtext": "1차 비철금속 제조업", "Lno": "24", "ipc_main": "C22C-038/00", "Mno": "242", "country_code": "KR", "Sno": "2422", "LLtext": "제조업(10~34)", "documentId": "kr20087002426a", "application_number": "1020087002426", "Ltext": "1차 금속 제조업", "keyword": "압연제품제조//연질주석도금강판/제강/연속주조/제조/장치/불순물원소//", "document_type": "A"}, {"updateDate": "20220608", "LLno": "C", "SSno": "24229", "Stext": "비철금속 압연, 압출 및 연신제품 제조업", "SStext": "기타 비철금속 압연, 압출 및 연신제품 제조업", "Mtext": "1차 비철금속 제조업", "Lno": "24", "ipc_main": "C21D-008/02", "Mno": "242", "country_code": "KR", "Sno": "2422", "LLtext": "제조업(10~34)", "documentId": "kr20090057892b1", "application_number": "1020090057892", "Ltext": "1차 금속 제조업", "keyword": "아연압연제품제조/아연관련결구류제조/용융아연도금/슬라브/재가열/제조/방법/불순물/열간압연/도금처리", "document_type": "B1"}, {"updateDate": "20220608", "LLno": "C", "SSno": "24229", "Stext": "비철금속 압연, 압출 및 연신제품 제조업", "SStext": "기타 비철금속 압연, 압출 및 연신제품 제조업", "Mtext": "1차 비철금속 제조업", "Lno": "24", "ipc_main": "C22C-038/12", "Mno": "242", "country_code": "KR", "Sno": "2422", "LLtext": "제조업(10~34)", "documentId": "kr20090063486b1", "application_number": "1020090063486", "Ltext": "1차 금속 제조업", "keyword": "압연제품제조//오스테나이트계/스테인리스강/고강도/제조/장치/몰리브덴/불순물/", "document_type": "B1"}, {"updateDate": "20220608", "LLno": "C", "SSno": "24229", "Stext": "비철금속 압연, 압출 및 연신제품 제조업", "SStext": "기타 비철금속 압연, 압출 및 연신제품 제조업", "Mtext": "1차 비철금속 제조업", "Lno": "24", "ipc_main": "C21D-008/02", "Mno": "242", "country_code": "KR", "Sno": "2422", "LLtext": "제조업(10~34)", "documentId": "kr20090085604b1", "application_number": "1020090085604", "Ltext": "1차 금속 제조업", "keyword": "아연압연제품제조/아연관연결구류제조/용융아연도금강판/고성형성/페라이트/제조/방법/슬라브가열온도/재가열/열간압연", "document_type": "B1"}, {"updateDate": "20220608", "LLno": "C", "SSno": "24229", "Stext": "비철금속 압연, 압출 및 연신제품 제조업", "SStext": "기타 비철금속 압연, 압출 및 연신제품 제조업", "Mtext": "1차 비철금속 제조업", "Lno": "24", "ipc_main": "B22F-003/20", "Mno": "242", "country_code": "KR", "Sno": "2422", "LLtext": "제조업(10~34)", "documentId": "kr20090122442a", "application_number": "1020090122442", "Ltext": "1차 금속 제조업", "keyword": "압연제품제조//이종금속복합체/공압출법/지르코늄계/제조/방법/코어물질/벌크/비정질금속", "document_type": "A"}, {"updateDate": "20220608", "LLno": "C", "SSno": "24229", "Stext": "비철금속 압연, 압출 및 연신제품 제조업", "SStext": "기타 비철금속 압연, 압출 및 연신제품 제조업", "Mtext": "1차 비철금속 제조업", "Lno": "24", "ipc_main": "A01N-059/16", "Mno": "242", "country_code": "KR", "Sno": "2422", "LLtext": "제조업(10~34)", "documentId": "kr20090129413a", "application_number": "1020090129413", "Ltext": "1차 금속 제조업", "keyword": "압연제품제조//플라스틱은나노입자/플라스틱칩/향균/압출/방법/소립분쇄/과산화수소/전해질", "document_type": "A"}, {"updateDate": "20220608", "LLno": "C", "SSno": "24229", "Stext": "비철금속 압연, 압출 및 연신제품 제조업", "SStext": "기타 비철금속 압연, 압출 및 연신제품 제조업", "Mtext": "1차 비철금속 제조업", "Lno": "24", "ipc_main": "B21B-003/00", "Mno": "242", "country_code": "KR", "Sno": "2422", "LLtext": "제조업(10~34)", "documentId": "kr20100031134b1", "application_number": "1020100031134", "Ltext": "1차 금속 제조업", "keyword": "압연제품제조//마그네슘합금판재/크로스롤압연/압연/제조/방법/교차롤러/롤러유닛/인입방향", "document_type": "B1"}, {"updateDate": "20220608", "LLno": "C", "SSno": "24229", "Stext": "비철금속 압연, 압출 및 연신제품 제조업", "SStext": "기타 비철금속 압연, 압출 및 연신제품 제조업", "Mtext": "1차 비철금속 제조업", "Lno": "24", "ipc_main": "C22C-038/00", "Mno": "242", "country_code": "KR", "Sno": "2422", "LLtext": "제조업(10~34)", "documentId": "kr20100038904a", "application_number": "1020100038904", "Ltext": "1차 금속 제조업", "keyword": "아연압연제품제조/아연관연결구류제조/아연도금강판/자동차판넬부품/복합조직/고강도/장치/불순물/냉연강판/", "document_type": "A"}, {"updateDate": "20220608", "LLno": "C", "SSno": "24229", "Stext": "비철금속 압연, 압출 및 연신제품 제조업", "SStext": "기타 비철금속 압연, 압출 및 연신제품 제조업", "Mtext": "1차 비철금속 제조업", "Lno": "24", "ipc_main": "C21D-001/18", "Mno": "242", "country_code": "KR", "Sno": "2422", "LLtext": "제조업(10~34)", "documentId": "kr20100061559b1", "application_number": "1020100061559", "Ltext": "1차 금속 제조업", "keyword": "아연압연제품제조/아연관연결구류제조/용융아연도금/용기/판재/제조/방법/재가열/급냉공정/템퍼링", "document_type": "B1"}, {"updateDate": "20220608", "LLno": "C", "SSno": "24229", "Stext": "비철금속 압연, 압출 및 연신제품 제조업", "SStext": "기타 비철금속 압연, 압출 및 연신제품 제조업", "Mtext": "1차 비철금속 제조업", "Lno": "24", "ipc_main": "B23K-020/04", "Mno": "242", "country_code": "KR", "Sno": "2422", "LLtext": "제조업(10~34)", "documentId": "kr20100067737b1", "application_number": "1020100067737", "Ltext": "1차 금속 제조업", "keyword": "압연제품제조//정밀층상복합소재/구리/니켈/제조/방법/베이스메탈/오버레이어메탈/하우징", "document_type": "B1"}, {"updateDate": "20220608", "LLno": "C", "SSno": "24229", "Stext": "비철금속 압연, 압출 및 연신제품 제조업", "SStext": "기타 비철금속 압연, 압출 및 연신제품 제조업", "Mtext": "1차 비철금속 제조업", "Lno": "24", "ipc_main": "C22C-023/00", "Mno": "242", "country_code": "KR", "Sno": "2422", "LLtext": "제조업(10~34)", "documentId": "kr20107016702b1", "application_number": "1020107016702", "Ltext": "1차 금속 제조업", "keyword": "압연제품제조//마그네슘합금판/압연방향/인장방향/제조/장치/소성변형비/회철강도/합금판", "document_type": "B1"}, {"updateDate": "20220608", "LLno": "C", "SSno": "24229", "Stext": "비철금속 압연, 압출 및 연신제품 제조업", "SStext": "기타 비철금속 압연, 압출 및 연신제품 제조업", "Mtext": "1차 비철금속 제조업", "Lno": "24", "ipc_main": "C22C-023/02", "Mno": "242", "country_code": "KR", "Sno": "2422", "LLtext": "제조업(10~34)", "documentId": "kr20107016703b1", "application_number": "1020107016703", "Ltext": "1차 금속 제조업", "keyword": "압연제품제조//마그네슘합금판/압연방향/인장방향/제조/장치/소성변형비/회철강도/합금판", "document_type": "B1"}, {"updateDate": "20220608", "LLno": "C", "SSno": "24229", "Stext": "비철금속 압연, 압출 및 연신제품 제조업", "SStext": "기타 비철금속 압연, 압출 및 연신제품 제조업", "Mtext": "1차 비철금속 제조업", "Lno": "24", "ipc_main": "B21C-003/04", "Mno": "242", "country_code": "KR", "Sno": "2422", "LLtext": "제조업(10~34)", "documentId": "kr20110070135a", "application_number": "1020110070135", "Ltext": "1차 금속 제조업", "keyword": "압연제품제조//금속재료/신선가공/다이스/강도향상/장치/선재/어프로치부/베어링부", "document_type": "A"}, {"updateDate": "20220608", "LLno": "C", "SSno": "24229", "Stext": "비철금속 압연, 압출 및 연신제품 제조업", "SStext": "기타 비철금속 압연, 압출 및 연신제품 제조업", "Mtext": "1차 비철금속 제조업", "Lno": "24", "ipc_main": "B22D-011/16", "Mno": "242", "country_code": "KR", "Sno": "2422", "LLtext": "제조업(10~34)", "documentId": "kr20110076586a", "application_number": "1020110076586", "Ltext": "1차 금속 제조업", "keyword": "압연제품제조//산화인듐/형상제어장치/융해/제어/장치/도가니/탱크/커터", "document_type": "A"}, {"updateDate": "20220608", "LLno": "C", "SSno": "24229", "Stext": "비철금속 압연, 압출 및 연신제품 제조업", "SStext": "기타 비철금속 압연, 압출 및 연신제품 제조업", "Mtext": "1차 비철금속 제조업", "Lno": "24", "ipc_main": "B23P-019/02", "Mno": "242", "country_code": "KR", "Sno": "2422", "LLtext": "제조업(10~34)", "documentId": "kr20110081413b1", "application_number": "1020110081413", "Ltext": "1차 금속 제조업", "keyword": "압연제품제조//마그네슘시트백/주조성형/프레임/고정/장치/돌출부/너트홈/컨베이어부", "document_type": "B1"}, {"updateDate": "20220608", "LLno": "C", "SSno": "24229", "Stext": "비철금속 압연, 압출 및 연신제품 제조업", "SStext": "기타 비철금속 압연, 압출 및 연신제품 제조업", "Mtext": "1차 비철금속 제조업", "Lno": "24", "ipc_main": "F21V-029/00", "Mno": "242", "country_code": "KR", "Sno": "2422", "LLtext": "제조업(10~34)", "documentId": "kr20110116342b1", "application_number": "1020110116342", "Ltext": "1차 금속 제조업", "keyword": "압연제품제조//마그네슘합금/LED칩/히트싱크/제조/장치/외부다이/압출판/내부다이", "document_type": "B1"}, {"updateDate": "20220608", "LLno": "C", "SSno": "24229", "Stext": "비철금속 압연, 압출 및 연신제품 제조업", "SStext": "기타 비철금속 압연, 압출 및 연신제품 제조업", "Mtext": "1차 비철금속 제조업", "Lno": "24", "ipc_main": "C23C-002/06", "Mno": "242", "country_code": "KR", "Sno": "2422", "LLtext": "제조업(10~34)", "documentId": "kr20110143889b1", "application_number": "1020110143889", "Ltext": "1차 금속 제조업", "keyword": "아연압연제품제조/아연관련결구류제조/아연도금강판/고망간/열연강판/도금성향상/장치/아연도금층/산화물층/", "document_type": "B1"}, {"updateDate": "20220608", "LLno": "C", "SSno": "24229", "Stext": "비철금속 압연, 압출 및 연신제품 제조업", "SStext": "기타 비철금속 압연, 압출 및 연신제품 제조업", "Mtext": "1차 비철금속 제조업", "Lno": "24", "ipc_main": "C22C-019/05", "Mno": "242", "country_code": "KR", "Sno": "2422", "LLtext": "제조업(10~34)", "documentId": "kr20120030182a", "application_number": "1020120030182", "Ltext": "1차 금속 제조업", "keyword": "니켈관련결구류제조/니켈압연제품제조/니켈크롬계합금/치과도재소부용/니켈/제조/장치/타이타늄/크롬/몰리브덴", "document_type": "A"}, {"updateDate": "20220608", "LLno": "C", "SSno": "24229", "Stext": "비철금속 압연, 압출 및 연신제품 제조업", "SStext": "기타 비철금속 압연, 압출 및 연신제품 제조업", "Mtext": "1차 비철금속 제조업", "Lno": "24", "ipc_main": "B22F-003/12", "Mno": "242", "country_code": "KR", "Sno": "2422", "LLtext": "제조업(10~34)", "documentId": "kr20120142192a", "application_number": "1020120142192", "Ltext": "1차 금속 제조업", "keyword": "압연제품제조//백금합금판재/고밀도/산화물/제조/방법/합금원소/잉곳/산화열처리", "document_type": "A"}, {"updateDate": "20220608", "LLno": "C", "SSno": "24229", "Stext": "비철금속 압연, 압출 및 연신제품 제조업", "SStext": "기타 비철금속 압연, 압출 및 연신제품 제조업", "Mtext": "1차 비철금속 제조업", "Lno": "24", "ipc_main": "F21V-029/00", "Mno": "242", "country_code": "KR", "Sno": "2422", "LLtext": "제조업(10~34)", "documentId": "kr20120142674a", "application_number": "1020120142674", "Ltext": "1차 금속 제조업", "keyword": "압연제품제조//마그네슘압출물/LED조명장치/방열량/극대화/장치/LED소자/방열핀/히트싱크", "document_type": "A"}, {"updateDate": "20220608", "LLno": "C", "SSno": "24229", "Stext": "비철금속 압연, 압출 및 연신제품 제조업", "SStext": "기타 비철금속 압연, 압출 및 연신제품 제조업", "Mtext": "1차 비철금속 제조업", "Lno": "24", "ipc_main": "C21D-008/02", "Mno": "242", "country_code": "KR", "Sno": "2422", "LLtext": "제조업(10~34)", "documentId": "kr20120153955b1", "application_number": "1020120153955", "Ltext": "1차 금속 제조업", "keyword": "아연압연제품제조/아연관련결구류제조/용융아연도금/건자재용/열연강판/제조/방법/불순물/열간압연/이슬점온도", "document_type": "B1"}, {"updateDate": "20220608", "LLno": "C", "SSno": "24229", "Stext": "비철금속 압연, 압출 및 연신제품 제조업", "SStext": "기타 비철금속 압연, 압출 및 연신제품 제조업", "Mtext": "1차 비철금속 제조업", "Lno": "24", "ipc_main": "C22C-038/00", "Mno": "242", "country_code": "KR", "Sno": "2422", "LLtext": "제조업(10~34)", "documentId": "kr20127012690b1", "application_number": "1020127012690", "Ltext": "1차 금속 제조업", "keyword": "아연압연제품제조/아연관연결구류제조/용융아연도금/성형성/연속소둔공정/고강도/장치/불순물/페라이트상/마르텐사이트", "document_type": "B1"}, {"updateDate": "20220608", "LLno": "C", "SSno": "24229", "Stext": "비철금속 압연, 압출 및 연신제품 제조업", "SStext": "기타 비철금속 압연, 압출 및 연신제품 제조업", "Mtext": "1차 비철금속 제조업", "Lno": "24", "ipc_main": "C22C-038/00", "Mno": "242", "country_code": "KR", "Sno": "2422", "LLtext": "제조업(10~34)", "documentId": "kr20127020267b1", "application_number": "1020127020267", "Ltext": "1차 금속 제조업", "keyword": "아연압연제품제조/아연관연결구류제조/용융아연도금/가공성/강판/고강도/장치/페라이트상/마텐자이트/펄라이트", "document_type": "B1"}, {"updateDate": "20220608", "LLno": "C", "SSno": "24229", "Stext": "비철금속 압연, 압출 및 연신제품 제조업", "SStext": "기타 비철금속 압연, 압출 및 연신제품 제조업", "Mtext": "1차 비철금속 제조업", "Lno": "24", "ipc_main": "C22C-038/38", "Mno": "242", "country_code": "KR", "Sno": "2422", "LLtext": "제조업(10~34)", "documentId": "kr20127025745b1", "application_number": "1020127025745", "Ltext": "1차 금속 제조업", "keyword": "아연압연제품제조/아연관연결구류제조/용융아연도금/레이저가공/신장플랜지성/고강도/장치/미크로조직/페라이트/마텐자이트", "document_type": "B1"}, {"updateDate": "20220608", "LLno": "C", "SSno": "24229", "Stext": "비철금속 압연, 압출 및 연신제품 제조업", "SStext": "기타 비철금속 압연, 압출 및 연신제품 제조업", "Mtext": "1차 비철금속 제조업", "Lno": "24", "ipc_main": "H01B-001/22", "Mno": "242", "country_code": "KR", "Sno": "2422", "LLtext": "제조업(10~34)", "documentId": "kr20127032833b1", "application_number": "1020127032833", "Ltext": "1차 금속 제조업", "keyword": "압연제품제조//금속나노입자페이스트/저온소결/기계적강도/베선형성/장치/보호막/카르복시산류/금속나노입자", "document_type": "B1"}, {"updateDate": "20220608", "LLno": "C", "SSno": "24229", "Stext": "비철금속 압연, 압출 및 연신제품 제조업", "SStext": "기타 비철금속 압연, 압출 및 연신제품 제조업", "Mtext": "1차 비철금속 제조업", "Lno": "24", "ipc_main": "B21B-027/02", "Mno": "242", "country_code": "KR", "Sno": "2422", "LLtext": "제조업(10~34)", "documentId": "kr20130033937b1", "application_number": "1020130033937", "Ltext": "1차 금속 제조업", "keyword": "아연압연제품제조/아연관련결구류제조/용융아연도금강판/조질압연/롤/결함제거/장치/상호회전/강판/가공패턴", "document_type": "B1"}, {"updateDate": "20220608", "LLno": "C", "SSno": "24229", "Stext": "비철금속 압연, 압출 및 연신제품 제조업", "SStext": "기타 비철금속 압연, 압출 및 연신제품 제조업", "Mtext": "1차 비철금속 제조업", "Lno": "24", "ipc_main": "C22F-001/06", "Mno": "242", "country_code": "KR", "Sno": "2422", "LLtext": "제조업(10~34)", "documentId": "kr20130083597b1", "application_number": "1020130083597", "Ltext": "1차 금속 제조업", "keyword": "압연제품제조//마그네슘합금/압출재/용융/제조/방법/빌렛/균질화/냉각단조", "document_type": "B1"}, {"updateDate": "20220608", "LLno": "C", "SSno": "24229", "Stext": "비철금속 압연, 압출 및 연신제품 제조업", "SStext": "기타 비철금속 압연, 압출 및 연신제품 제조업", "Mtext": "1차 비철금속 제조업", "Lno": "24", "ipc_main": "C22C-038/00", "Mno": "242", "country_code": "KR", "Sno": "2422", "LLtext": "제조업(10~34)", "documentId": "kr20130131281b1", "application_number": "1020130131281", "Ltext": "1차 금속 제조업", "keyword": "아연압연제품제조/아연관련결구류제조/용융아연도금강판/자동차부품용/연성/표면우수/장치/불순물/미세조직/오스테나이트", "document_type": "B1"}, {"updateDate": "20220608", "LLno": "C", "SSno": "24229", "Stext": "비철금속 압연, 압출 및 연신제품 제조업", "SStext": "기타 비철금속 압연, 압출 및 연신제품 제조업", "Mtext": "1차 비철금속 제조업", "Lno": "24", "ipc_main": "C22C-038/04", "Mno": "242", "country_code": "KR", "Sno": "2422", "LLtext": "제조업(10~34)", "documentId": "kr20130160796a", "application_number": "1020130160796", "Ltext": "1차 금속 제조업", "keyword": "아연압연제품제조/아연관련결구류제조/아연도금강판/오스테나이트계/저장매체/고온성형성/장치/소지강판/도금층/알루미늄", "document_type": "A"}, {"updateDate": "20220608", "LLno": "C", "SSno": "24229", "Stext": "비철금속 압연, 압출 및 연신제품 제조업", "SStext": "기타 비철금속 압연, 압출 및 연신제품 제조업", "Mtext": "1차 비철금속 제조업", "Lno": "24", "ipc_main": "B21D-037/16", "Mno": "242", "country_code": "KR", "Sno": "2422", "LLtext": "제조업(10~34)", "documentId": "kr20137013415b1", "application_number": "1020137013415", "Ltext": "1차 금속 제조업", "keyword": "압연제품제조//시트마그네슘/반제품/블랭크형태/제조/방법/성형/다이/홀더", "document_type": "B1"}, {"updateDate": "20220608", "LLno": "C", "SSno": "24229", "Stext": "비철금속 압연, 압출 및 연신제품 제조업", "SStext": "기타 비철금속 압연, 압출 및 연신제품 제조업", "Mtext": "1차 비철금속 제조업", "Lno": "24", "ipc_main": "C22C-019/05", "Mno": "242", "country_code": "KR", "Sno": "2422", "LLtext": "제조업(10~34)", "documentId": "kr20137014831a", "application_number": "1020137014831", "Ltext": "1차 금속 제조업", "keyword": "압연제품제조//니켈합금/크롬/철/몰리브덴/장치/합금//", "document_type": "A"}, {"updateDate": "20220608", "LLno": "C", "SSno": "24229", "Stext": "비철금속 압연, 압출 및 연신제품 제조업", "SStext": "기타 비철금속 압연, 압출 및 연신제품 제조업", "Mtext": "1차 비철금속 제조업", "Lno": "24", "ipc_main": "B21B-003/00", "Mno": "242", "country_code": "KR", "Sno": "2422", "LLtext": "제조업(10~34)", "documentId": "kr20137026349b1", "application_number": "1020137026349", "Ltext": "1차 금속 제조업", "keyword": "압연제품제조//마그네슘압연기/시트/압연/제조/장치/역전식압연기/최종치수/노즐", "document_type": "B1"}, {"updateDate": "20220608", "LLno": "C", "SSno": "24229", "Stext": "비철금속 압연, 압출 및 연신제품 제조업", "SStext": "기타 비철금속 압연, 압출 및 연신제품 제조업", "Mtext": "1차 비철금속 제조업", "Lno": "24", "ipc_main": "B21C-023/04", "Mno": "242", "country_code": "KR", "Sno": "2422", "LLtext": "제조업(10~34)", "documentId": "kr20137026801a", "application_number": "1020137026801", "Ltext": "1차 금속 제조업", "keyword": "압연제품제조//비철금속압출/고온성형/아치형통로/제조/장치/취화/휠/맞댐부", "document_type": "A"}, {"updateDate": "20220608", "LLno": "C", "SSno": "24229", "Stext": "비철금속 압연, 압출 및 연신제품 제조업", "SStext": "기타 비철금속 압연, 압출 및 연신제품 제조업", "Mtext": "1차 비철금속 제조업", "Lno": "24", "ipc_main": "C22F-001/10", "Mno": "242", "country_code": "KR", "Sno": "2422", "LLtext": "제조업(10~34)", "documentId": "kr20137031369b1", "application_number": "1020137031369", "Ltext": "1차 금속 제조업", "keyword": "니켈관련결구류제조/니켈압연제품제조/니켈계합금/열기계적처리공정/워크피스/제조/장치/가열/단조/합금", "document_type": "B1"}, {"updateDate": "20220608", "LLno": "C", "SSno": "24229", "Stext": "비철금속 압연, 압출 및 연신제품 제조업", "SStext": "기타 비철금속 압연, 압출 및 연신제품 제조업", "Mtext": "1차 비철금속 제조업", "Lno": "24", "ipc_main": "C23C-002/02", "Mno": "242", "country_code": "KR", "Sno": "2422", "LLtext": "제조업(10~34)", "documentId": "kr20137033480b1", "application_number": "1020137033480", "Ltext": "1차 금속 제조업", "keyword": "아연압연제품제조/아연관련결구류제조/용융아연도금/도금층/외관균일성/고내식성/장치/화합물/불순물/", "document_type": "B1"}, {"updateDate": "20220608", "LLno": "C", "SSno": "24229", "Stext": "비철금속 압연, 압출 및 연신제품 제조업", "SStext": "기타 비철금속 압연, 압출 및 연신제품 제조업", "Mtext": "1차 비철금속 제조업", "Lno": "24", "ipc_main": "B21B-001/46", "Mno": "242", "country_code": "KR", "Sno": "2422", "LLtext": "제조업(10~34)", "documentId": "kr20140085245a", "application_number": "1020140085245", "Ltext": "1차 금속 제조업", "keyword": "압연제품제조//마그네슘합금/압연재/쌍롤주조기/제조/방법/용체화/압연재/합금판재", "document_type": "A"}, {"updateDate": "20220608", "LLno": "C", "SSno": "24229", "Stext": "비철금속 압연, 압출 및 연신제품 제조업", "SStext": "기타 비철금속 압연, 압출 및 연신제품 제조업", "Mtext": "1차 비철금속 제조업", "Lno": "24", "ipc_main": "H01B-001/22", "Mno": "242", "country_code": "KR", "Sno": "2422", "LLtext": "제조업(10~34)", "documentId": "kr20140097417a", "application_number": "1020140097417", "Ltext": "1차 금속 제조업", "keyword": "압연제품제조//이방성도전필름/단분산성/NiP미소입자/제조/장치/절연성수지필름/이방성/배선접속", "document_type": "A"}, {"updateDate": "20220608", "LLno": "C", "SSno": "24229", "Stext": "비철금속 압연, 압출 및 연신제품 제조업", "SStext": "기타 비철금속 압연, 압출 및 연신제품 제조업", "Mtext": "1차 비철금속 제조업", "Lno": "24", "ipc_main": "C22C-038/38", "Mno": "242", "country_code": "KR", "Sno": "2422", "LLtext": "제조업(10~34)", "documentId": "kr20140178371b1", "application_number": "1020140178371", "Ltext": "1차 금속 제조업", "keyword": "압연제품제조//오스테나이트계/스테인리스강/니켈저감형/강도우수/장치/불순물/인성/저원가", "document_type": "B1"}, {"updateDate": "20220608", "LLno": "C", "SSno": "24229", "Stext": "비철금속 압연, 압출 및 연신제품 제조업", "SStext": "기타 비철금속 압연, 압출 및 연신제품 제조업", "Mtext": "1차 비철금속 제조업", "Lno": "24", "ipc_main": "C21D-008/02", "Mno": "242", "country_code": "KR", "Sno": "2422", "LLtext": "제조업(10~34)", "documentId": "kr20140181735a", "application_number": "1020140181735", "Ltext": "1차 금속 제조업", "keyword": "아연압연제품제조/아연관련결구류제조/아연도금강판/열연강판/압연장치/열처리/방법/불순물/아연도금/냉각", "document_type": "A"}, {"updateDate": "20220608", "LLno": "C", "SSno": "24229", "Stext": "비철금속 압연, 압출 및 연신제품 제조업", "SStext": "기타 비철금속 압연, 압출 및 연신제품 제조업", "Mtext": "1차 비철금속 제조업", "Lno": "24", "ipc_main": "C22C-038/58", "Mno": "242", "country_code": "KR", "Sno": "2422", "LLtext": "제조업(10~34)", "documentId": "kr20140187631b1", "application_number": "1020140187631", "Ltext": "1차 금속 제조업", "keyword": "아연압연제품제조/아연관련결구류제조/용융아연도금/합금화도금층/내파우더링성/고강도/장치/냉연강판/불순물/", "document_type": "B1"}, {"updateDate": "20220608", "LLno": "C", "SSno": "24229", "Stext": "비철금속 압연, 압출 및 연신제품 제조업", "SStext": "기타 비철금속 압연, 압출 및 연신제품 제조업", "Mtext": "1차 비철금속 제조업", "Lno": "24", "ipc_main": "C22C-038/00", "Mno": "242", "country_code": "KR", "Sno": "2422", "LLtext": "제조업(10~34)", "documentId": "kr20147003572b1", "application_number": "1020147003572", "Ltext": "1차 금속 제조업", "keyword": "아연압연제품제조/아연관련결구류제조/아연도금강판/모재강판/합금화/제조/장치/아연도금층/측정영역/비커스경도", "document_type": "B1"}, {"updateDate": "20220608", "LLno": "C", "SSno": "24229", "Stext": "비철금속 압연, 압출 및 연신제품 제조업", "SStext": "기타 비철금속 압연, 압출 및 연신제품 제조업", "Mtext": "1차 비철금속 제조업", "Lno": "24", "ipc_main": "C22C-038/00", "Mno": "242", "country_code": "KR", "Sno": "2422", "LLtext": "제조업(10~34)", "documentId": "kr20147006464b1", "application_number": "1020147006464", "Ltext": "1차 금속 제조업", "keyword": "아연압연제품제조/아연관련결구류제조/용융아연도금/딥드로잉성/페라이트/제조/장치/강판조직/마텐자이트/압연방향", "document_type": "B1"}, {"updateDate": "20220608", "LLno": "C", "SSno": "24229", "Stext": "비철금속 압연, 압출 및 연신제품 제조업", "SStext": "기타 비철금속 압연, 압출 및 연신제품 제조업", "Mtext": "1차 비철금속 제조업", "Lno": "24", "ipc_main": "C23C-002/06", "Mno": "242", "country_code": "KR", "Sno": "2422", "LLtext": "제조업(10~34)", "documentId": "kr20147007330b1", "application_number": "1020147007330", "Ltext": "1차 금속 제조업", "keyword": "아연압연제품제조/아연관련결구류제조/용융아연도금/체적분율/베이나이트/제조/장치/마르텐사이트/합금화/도금층", "document_type": "B1"}, {"updateDate": "20220608", "LLno": "C", "SSno": "24229", "Stext": "비철금속 압연, 압출 및 연신제품 제조업", "SStext": "기타 비철금속 압연, 압출 및 연신제품 제조업", "Mtext": "1차 비철금속 제조업", "Lno": "24", "ipc_main": "C22C-038/00", "Mno": "242", "country_code": "KR", "Sno": "2422", "LLtext": "제조업(10~34)", "documentId": "kr20147008001b1", "application_number": "1020147008001", "Ltext": "1차 금속 제조업", "keyword": "아연압연제품제조/아연관련결구류제조/용융아연도금/고강도/강판/제조/장치/불순물/오스테나이트/가공경화계수", "document_type": "B1"}, {"updateDate": "20220608", "LLno": "C", "SSno": "24229", "Stext": "비철금속 압연, 압출 및 연신제품 제조업", "SStext": "기타 비철금속 압연, 압출 및 연신제품 제조업", "Mtext": "1차 비철금속 제조업", "Lno": "24", "ipc_main": "C22C-038/58", "Mno": "242", "country_code": "KR", "Sno": "2422", "LLtext": "제조업(10~34)", "documentId": "kr20147008134b1", "application_number": "1020147008134", "Ltext": "1차 금속 제조업", "keyword": "아연압연제품제조/아연관련결구류제조/용융아연도금/도금층/오스테나이트상/제조/장치/페라이트/마르텐사이트/결정립", "document_type": "B1"}, {"updateDate": "20220608", "LLno": "C", "SSno": "24229", "Stext": "비철금속 압연, 압출 및 연신제품 제조업", "SStext": "기타 비철금속 압연, 압출 및 연신제품 제조업", "Mtext": "1차 비철금속 제조업", "Lno": "24", "ipc_main": "C23C-002/06", "Mno": "242", "country_code": "KR", "Sno": "2422", "LLtext": "제조업(10~34)", "documentId": "kr20147031981b1", "application_number": "1020147031981", "Ltext": "1차 금속 제조업", "keyword": "아연압연제품제조/아연관련결구류제조/용융아연도금강판/아연도금층/도금부착량/제조/장치/불순물/탄화물/도금층", "document_type": "B1"}, {"updateDate": "20220608", "LLno": "C", "SSno": "24229", "Stext": "비철금속 압연, 압출 및 연신제품 제조업", "SStext": "기타 비철금속 압연, 압출 및 연신제품 제조업", "Mtext": "1차 비철금속 제조업", "Lno": "24", "ipc_main": "B21B-001/40", "Mno": "242", "country_code": "KR", "Sno": "2422", "LLtext": "제조업(10~34)", "documentId": "kr20150001011b1", "application_number": "1020150001011", "Ltext": "1차 금속 제조업", "keyword": "압연제품제조//마그네슘박판/워크롤/압연장치/제조/방법/압연/압하율/박판", "document_type": "B1"}, {"updateDate": "20220608", "LLno": "C", "SSno": "24229", "Stext": "비철금속 압연, 압출 및 연신제품 제조업", "SStext": "기타 비철금속 압연, 압출 및 연신제품 제조업", "Mtext": "1차 비철금속 제조업", "Lno": "24", "ipc_main": "B21B-001/22", "Mno": "242", "country_code": "KR", "Sno": "2422", "LLtext": "제조업(10~34)", "documentId": "kr20150012681a", "application_number": "1020150012681", "Ltext": "1차 금속 제조업", "keyword": "압연제품제조//마그네슘합금/회전속도비/합금판재/제조/방법/이속압연공정//", "document_type": "A"}, {"updateDate": "20220608", "LLno": "C", "SSno": "24229", "Stext": "비철금속 압연, 압출 및 연신제품 제조업", "SStext": "기타 비철금속 압연, 압출 및 연신제품 제조업", "Mtext": "1차 비철금속 제조업", "Lno": "24", "ipc_main": "C22C-023/04", "Mno": "242", "country_code": "KR", "Sno": "2422", "LLtext": "제조업(10~34)", "documentId": "kr20150026497b1", "application_number": "1020150026497", "Ltext": "1차 금속 제조업", "keyword": "압연제품제조//마그네슘합금/마그네슘/소성가공/난연성우수/방법/마그네슘지금/이트륨/연속주조장치", "document_type": "B1"}, {"updateDate": "20220608", "LLno": "C", "SSno": "24229", "Stext": "비철금속 압연, 압출 및 연신제품 제조업", "SStext": "기타 비철금속 압연, 압출 및 연신제품 제조업", "Mtext": "1차 비철금속 제조업", "Lno": "24", "ipc_main": "C22C-038/38", "Mno": "242", "country_code": "KR", "Sno": "2422", "LLtext": "제조업(10~34)", "documentId": "kr20150064056b1", "application_number": "1020150064056", "Ltext": "1차 금속 제조업", "keyword": "아연압연제품제조/아연관련결구류제조/용융아연도금/구멍확장능/합금화/제조/장치/도금층/알루미늄/몰리브덴", "document_type": "B1"}, {"updateDate": "20220608", "LLno": "C", "SSno": "24229", "Stext": "비철금속 압연, 압출 및 연신제품 제조업", "SStext": "기타 비철금속 압연, 압출 및 연신제품 제조업", "Mtext": "1차 비철금속 제조업", "Lno": "24", "ipc_main": "H01H-011/04", "Mno": "242", "country_code": "KR", "Sno": "2422", "LLtext": "제조업(10~34)", "documentId": "kr20150071076a", "application_number": "1020150071076", "Ltext": "1차 금속 제조업", "keyword": "압연제품제조//전기접점/은분말/니켈분말/제조/방법/혼합분말/예비성형체/빌렛", "document_type": "A"}, {"updateDate": "20220608", "LLno": "C", "SSno": "24229", "Stext": "비철금속 압연, 압출 및 연신제품 제조업", "SStext": "기타 비철금속 압연, 압출 및 연신제품 제조업", "Mtext": "1차 비철금속 제조업", "Lno": "24", "ipc_main": "C22C-023/00", "Mno": "242", "country_code": "KR", "Sno": "2422", "LLtext": "제조업(10~34)", "documentId": "kr20150150015b1", "application_number": "1020150150015", "Ltext": "1차 금속 제조업", "keyword": "압연제품제조//마그네슘합금/압출용/아연/고열전도도/장치/불순물/열전도도/인장강도", "document_type": "B1"}, {"updateDate": "20220608", "LLno": "C", "SSno": "24229", "Stext": "비철금속 압연, 압출 및 연신제품 제조업", "SStext": "기타 비철금속 압연, 압출 및 연신제품 제조업", "Mtext": "1차 비철금속 제조업", "Lno": "24", "ipc_main": "C22C-023/00", "Mno": "242", "country_code": "KR", "Sno": "2422", "LLtext": "제조업(10~34)", "documentId": "kr20150163262b1", "application_number": "1020150163262", "Ltext": "1차 금속 제조업", "keyword": "압연제품제조//마그네슘합금/아연합금/모합금/열전도성/장치/고융점/산화막/알루미늄", "document_type": "B1"}, {"updateDate": "20220608", "LLno": "C", "SSno": "24229", "Stext": "비철금속 압연, 압출 및 연신제품 제조업", "SStext": "기타 비철금속 압연, 압출 및 연신제품 제조업", "Mtext": "1차 비철금속 제조업", "Lno": "24", "ipc_main": "B22D-011/04", "Mno": "242", "country_code": "KR", "Sno": "2422", "LLtext": "제조업(10~34)", "documentId": "kr20150171326a", "application_number": "1020150171326", "Ltext": "1차 금속 제조업", "keyword": "압연제품제조//마그네슘합금/압출용/빌렛/제조/방법/합금용탕/차폐가스/냉각", "document_type": "A"}, {"updateDate": "20220608", "LLno": "C", "SSno": "24229", "Stext": "비철금속 압연, 압출 및 연신제품 제조업", "SStext": "기타 비철금속 압연, 압출 및 연신제품 제조업", "Mtext": "1차 비철금속 제조업", "Lno": "24", "ipc_main": "C22C-038/14", "Mno": "242", "country_code": "KR", "Sno": "2422", "LLtext": "제조업(10~34)", "documentId": "kr20150179185b1", "application_number": "1020150179185", "Ltext": "1차 금속 제조업", "keyword": "아연압연제품제조/아연관련결구류/용융아연도금/자동차차제구조용/표면품질/용접성/장치/도금층/미세조직/마르텐사이트", "document_type": "B1"}, {"updateDate": "20220608", "LLno": "C", "SSno": "24229", "Stext": "비철금속 압연, 압출 및 연신제품 제조업", "SStext": "기타 비철금속 압연, 압출 및 연신제품 제조업", "Mtext": "1차 비철금속 제조업", "Lno": "24", "ipc_main": "B21B-027/03", "Mno": "242", "country_code": "KR", "Sno": "2422", "LLtext": "제조업(10~34)", "documentId": "kr20157035207b1", "application_number": "1020157035207", "Ltext": "1차 금속 제조업", "keyword": "압연제품제조//마그네슘시트/롤링디바이스/스트립/제조/방법/역회전작업롤러/롤잎/가열소자", "document_type": "B1"}, {"updateDate": "20220608", "LLno": "C", "SSno": "24229", "Stext": "비철금속 압연, 압출 및 연신제품 제조업", "SStext": "기타 비철금속 압연, 압출 및 연신제품 제조업", "Mtext": "1차 비철금속 제조업", "Lno": "24", "ipc_main": "C22C-021/06", "Mno": "242", "country_code": "KR", "Sno": "2422", "LLtext": "제조업(10~34)", "documentId": "kr20157037244a", "application_number": "1020157037244", "Ltext": "1차 금속 제조업", "keyword": "압연제품제조//마그네슘합금/알루미늄합금/스트립/제조/방법/슬라브/열간압연/어닐링", "document_type": "A"}, {"updateDate": "20220608", "LLno": "C", "SSno": "24229", "Stext": "비철금속 압연, 압출 및 연신제품 제조업", "SStext": "기타 비철금속 압연, 압출 및 연신제품 제조업", "Mtext": "1차 비철금속 제조업", "Lno": "24", "ipc_main": "C22C-038/18", "Mno": "242", "country_code": "KR", "Sno": "2422", "LLtext": "제조업(10~34)", "documentId": "kr20160027834b1", "application_number": "1020160027834", "Ltext": "1차 금속 제조업", "keyword": "아연압연제품제조/아연관련결구류/용융아연계도금/마르텐사이트/페라이트/제조/장치/냉연강판/도금층/불순물", "document_type": "B1"}, {"updateDate": "20220608", "LLno": "C", "SSno": "24229", "Stext": "비철금속 압연, 압출 및 연신제품 제조업", "SStext": "기타 비철금속 압연, 압출 및 연신제품 제조업", "Mtext": "1차 비철금속 제조업", "Lno": "24", "ipc_main": "B29D-023/00", "Mno": "242", "country_code": "KR", "Sno": "2422", "LLtext": "제조업(10~34)", "documentId": "kr20160032560b1", "application_number": "1020160032560", "Ltext": "1차 금속 제조업", "keyword": "압연제품제조//항균성하수관/은/옥/내충격/장치/폴리염화비닐수지/탄산칼슘/조성물", "document_type": "B1"}, {"updateDate": "20220608", "LLno": "C", "SSno": "24229", "Stext": "비철금속 압연, 압출 및 연신제품 제조업", "SStext": "기타 비철금속 압연, 압출 및 연신제품 제조업", "Mtext": "1차 비철금속 제조업", "Lno": "24", "ipc_main": "E03F-003/04", "Mno": "242", "country_code": "KR", "Sno": "2422", "LLtext": "제조업(10~34)", "documentId": "kr20160036863b1", "application_number": "1020160036863", "Ltext": "1차 금속 제조업", "keyword": "압연제품제조//항균성하수관/은/옥/내충격/방법/압출기/폴리염화수지/성형금형", "document_type": "B1"}, {"updateDate": "20220608", "LLno": "C", "SSno": "24229", "Stext": "비철금속 압연, 압출 및 연신제품 제조업", "SStext": "기타 비철금속 압연, 압출 및 연신제품 제조업", "Mtext": "1차 비철금속 제조업", "Lno": "24", "ipc_main": "C22C-023/00", "Mno": "242", "country_code": "KR", "Sno": "2422", "LLtext": "제조업(10~34)", "documentId": "kr20160050439b1", "application_number": "1020160050439", "Ltext": "1차 금속 제조업", "keyword": "압연제품제조//마그네슘합금/기계적특성/주석함유/연신율/장치/석출상/용체화/시효처리", "document_type": "B1"}, {"updateDate": "20220608", "LLno": "C", "SSno": "24229", "Stext": "비철금속 압연, 압출 및 연신제품 제조업", "SStext": "기타 비철금속 압연, 압출 및 연신제품 제조업", "Mtext": "1차 비철금속 제조업", "Lno": "24", "ipc_main": "C22C-038/60", "Mno": "242", "country_code": "KR", "Sno": "2422", "LLtext": "제조업(10~34)", "documentId": "kr20160173006b1", "application_number": "1020160173006", "Ltext": "1차 금속 제조업", "keyword": "아연압연제품제조/아연관련결구류/용융아연도금/항복강도/구멍확장성/고강도/장치/미세조직/불순물/베이나이트", "document_type": "B1"}, {"updateDate": "20220608", "LLno": "C", "SSno": "24229", "Stext": "비철금속 압연, 압출 및 연신제품 제조업", "SStext": "기타 비철금속 압연, 압출 및 연신제품 제조업", "Mtext": "1차 비철금속 제조업", "Lno": "24", "ipc_main": "B01J-023/42", "Mno": "242", "country_code": "KR", "Sno": "2422", "LLtext": "제조업(10~34)", "documentId": "kr20167014177a", "application_number": "1020167014177", "Ltext": "1차 금속 제조업", "keyword": "압연제품제조//제올라이트기판/쓰리웨이촉매/은함유/촉매/장치/촉매층/백금족금속/산화물", "document_type": "A"}, {"updateDate": "20220608", "LLno": "C", "SSno": "24229", "Stext": "비철금속 압연, 압출 및 연신제품 제조업", "SStext": "기타 비철금속 압연, 압출 및 연신제품 제조업", "Mtext": "1차 비철금속 제조업", "Lno": "24", "ipc_main": "C22C-023/00", "Mno": "242", "country_code": "KR", "Sno": "2422", "LLtext": "제조업(10~34)", "documentId": "kr20170090349a", "application_number": "1020170090349", "Ltext": "1차 금속 제조업", "keyword": "압연제품제조//마그네슘합금/쌍롤식박판/열처리/성형성개선/장치/합금원소/집합조직/집합강도", "document_type": "A"}, {"updateDate": "20220608", "LLno": "C", "SSno": "24229", "Stext": "비철금속 압연, 압출 및 연신제품 제조업", "SStext": "기타 비철금속 압연, 압출 및 연신제품 제조업", "Mtext": "1차 비철금속 제조업", "Lno": "24", "ipc_main": "B22D-011/06", "Mno": "242", "country_code": "KR", "Sno": "2422", "LLtext": "제조업(10~34)", "documentId": "kr20170111342b1", "application_number": "1020170111342", "Ltext": "1차 금속 제조업", "keyword": "니켈압연제품제조/니켈관연결구류제조/니켈강박판/주조롤/스트립/제조/방법/리더스트립/냉각속도/주조롤길이", "document_type": "B1"}, {"updateDate": "20220608", "LLno": "C", "SSno": "24229", "Stext": "비철금속 압연, 압출 및 연신제품 제조업", "SStext": "기타 비철금속 압연, 압출 및 연신제품 제조업", "Mtext": "1차 비철금속 제조업", "Lno": "24", "ipc_main": "C23C-014/06", "Mno": "242", "country_code": "KR", "Sno": "2422", "LLtext": "제조업(10~34)", "documentId": "kr20177026567a", "application_number": "1020177026567", "Ltext": "1차 금속 제조업", "keyword": "압연제품제조//금속스트립/크롬질화물/스테인레스강/제조/장치/금속스트립/피복층/기판", "document_type": "A"}, {"updateDate": "20220608", "LLno": "C", "SSno": "24229", "Stext": "비철금속 압연, 압출 및 연신제품 제조업", "SStext": "기타 비철금속 압연, 압출 및 연신제품 제조업", "Mtext": "1차 비철금속 제조업", "Lno": "24", "ipc_main": "C23C-002/06", "Mno": "242", "country_code": "KR", "Sno": "2422", "LLtext": "제조업(10~34)", "documentId": "kr20177034172a", "application_number": "1020177034172", "Ltext": "1차 금속 제조업", "keyword": "아연압연제품제조/아연관련결구류/아연도금강스트립/용융침지/강스트립/고강도/장치/불순물/질량/", "document_type": "A"}, {"updateDate": "20220608", "LLno": "C", "SSno": "24229", "Stext": "비철금속 압연, 압출 및 연신제품 제조업", "SStext": "기타 비철금속 압연, 압출 및 연신제품 제조업", "Mtext": "1차 비철금속 제조업", "Lno": "24", "ipc_main": "H01M-004/86", "Mno": "242", "country_code": "KR", "Sno": "2422", "LLtext": "제조업(10~34)", "documentId": "kr20180008453b1", "application_number": "1020180008453", "Ltext": "1차 금속 제조업", "keyword": "연판제조//리튬공기전지용/니켈코발트/산화물/수명향상/장치/나노시트/산화팔라듐층/나노입자층", "document_type": "B1"}, {"updateDate": "20220608", "LLno": "C", "SSno": "24229", "Stext": "비철금속 압연, 압출 및 연신제품 제조업", "SStext": "기타 비철금속 압연, 압출 및 연신제품 제조업", "Mtext": "1차 비철금속 제조업", "Lno": "24", "ipc_main": "H01B-013/24", "Mno": "242", "country_code": "KR", "Sno": "2422", "LLtext": "제조업(10~34)", "documentId": "kr20180088968b1", "application_number": "1020180088968", "Ltext": "1차 금속 제조업", "keyword": "연판제조//매설배관/탐지용전선/배관본체/열융착/방법/탄소섬유/수지압출/냉각", "document_type": "B1"}, {"updateDate": "20220608", "LLno": "C", "SSno": "24229", "Stext": "비철금속 압연, 압출 및 연신제품 제조업", "SStext": "기타 비철금속 압연, 압출 및 연신제품 제조업", "Mtext": "1차 비철금속 제조업", "Lno": "24", "ipc_main": "C22C-023/02", "Mno": "242", "country_code": "KR", "Sno": "2422", "LLtext": "제조업(10~34)", "documentId": "kr20180090818b1", "application_number": "1020180090818", "Ltext": "1차 금속 제조업", "keyword": "연판제조//마그네슘합금/판재/중간소둔/제공/방법/주조재/압연재/소둔", "document_type": "B1"}, {"updateDate": "20220608", "LLno": "C", "SSno": "24229", "Stext": "비철금속 압연, 압출 및 연신제품 제조업", "SStext": "기타 비철금속 압연, 압출 및 연신제품 제조업", "Mtext": "1차 비철금속 제조업", "Lno": "24", "ipc_main": "H01B-011/22", "Mno": "242", "country_code": "KR", "Sno": "2422", "LLtext": "제조업(10~34)", "documentId": "kr20180133593b1", "application_number": "1020180133593", "Ltext": "1차 금속 제조업", "keyword": "연판제조//직매케이블/가요성/직접포설/배관일체형/장치/광섬유다발/피복층/광다발유닛", "document_type": "B1"}, {"updateDate": "20220608", "LLno": "C", "SSno": "24229", "Stext": "비철금속 압연, 압출 및 연신제품 제조업", "SStext": "기타 비철금속 압연, 압출 및 연신제품 제조업", "Mtext": "1차 비철금속 제조업", "Lno": "24", "ipc_main": "H01J-029/04", "Mno": "242", "country_code": "KR", "Sno": "2422", "LLtext": "제조업(10~34)", "documentId": "kr20180154086a", "application_number": "1020180154086", "Ltext": "1차 금속 제조업", "keyword": "텅스텐압연제품제조//텅스텐필라멘트/정전기제거/공진공/제조/장치/무기금속산화물/코팅/이오나이저용", "document_type": "A"}, {"updateDate": "20220608", "LLno": "C", "SSno": "24229", "Stext": "비철금속 압연, 압출 및 연신제품 제조업", "SStext": "기타 비철금속 압연, 압출 및 연신제품 제조업", "Mtext": "1차 비철금속 제조업", "Lno": "24", "ipc_main": "C22C-023/02", "Mno": "242", "country_code": "KR", "Sno": "2422", "LLtext": "제조업(10~34)", "documentId": "kr20180156154b1", "application_number": "1020180156154", "Ltext": "1차 금속 제조업", "keyword": "연판제조//마그네슘합금/삽입다이캐스팅/압출재/제조/장치/알루미늄/아연/지르코늄", "document_type": "B1"}, {"updateDate": "20220608", "LLno": "C", "SSno": "24229", "Stext": "비철금속 압연, 압출 및 연신제품 제조업", "SStext": "기타 비철금속 압연, 압출 및 연신제품 제조업", "Mtext": "1차 비철금속 제조업", "Lno": "24", "ipc_main": "C23C-002/06", "Mno": "242", "country_code": "KR", "Sno": "2422", "LLtext": "제조업(10~34)", "documentId": "kr20180164821a", "application_number": "1020180164821", "Ltext": "1차 금속 제조업", "keyword": "아연압연제품/아연관연결구류/아연도금강판/소지강판/도금층/점용접성/장치/탈산율/표층부/", "document_type": "A"}, {"updateDate": "20220608", "LLno": "C", "SSno": "24229", "Stext": "비철금속 압연, 압출 및 연신제품 제조업", "SStext": "기타 비철금속 압연, 압출 및 연신제품 제조업", "Mtext": "1차 비철금속 제조업", "Lno": "24", "ipc_main": "C07F-011/00", "Mno": "242", "country_code": "KR", "Sno": "2422", "LLtext": "제조업(10~34)", "documentId": "kr20190141124a", "application_number": "1020190141124", "Ltext": "1차 금속 제조업", "keyword": "텅스텐압연제품제조//텅스텐박막/증착막/유기금속/형성/장치/카보닐/화합물/리간드", "document_type": "A"}, {"updateDate": "20220608", "LLno": "C", "SSno": "24229", "Stext": "비철금속 압연, 압출 및 연신제품 제조업", "SStext": "기타 비철금속 압연, 압출 및 연신제품 제조업", "Mtext": "1차 비철금속 제조업", "Lno": "24", "ipc_main": "B21B-035/00", "Mno": "242", "country_code": "KR", "Sno": "2422", "LLtext": "제조업(10~34)", "documentId": "kr20207005128a", "application_number": "1020207005128", "Ltext": "1차 금속 제조업", "keyword": "연판제조//직접구동장치/금속가공/스트립형금속/샤프트/장치/롤링부재/롤러/원치", "document_type": "A"}, {"updateDate": "20220608", "LLno": "C", "SSno": "24229", "Stext": "비철금속 압연, 압출 및 연신제품 제조업", "SStext": "기타 비철금속 압연, 압출 및 연신제품 제조업", "Mtext": "1차 비철금속 제조업", "Lno": "24", "ipc_main": "C23C-002/26", "Mno": "242", "country_code": "KR", "Sno": "2422", "LLtext": "제조업(10~34)", "documentId": "kr20207027831a", "application_number": "1020207027831", "Ltext": "1차 금속 제조업", "keyword": "아연압연제품/아연관연결구류/고강도아연도금/고강도강판/도금층/제조/방법/압연공정/가열처리공정/도금강판", "document_type": "A"}, {"updateDate": "20220608", "LLno": "C", "SSno": "24229", "Stext": "비철금속 압연, 압출 및 연신제품 제조업", "SStext": "기타 비철금속 압연, 압출 및 연신제품 제조업", "Mtext": "1차 비철금속 제조업", "Lno": "24", "ipc_main": "C22C-038/04", "Mno": "242", "country_code": "KR", "Sno": "2422", "LLtext": "제조업(10~34)", "documentId": "kr20217011163a", "application_number": "1020217011163", "Ltext": "1차 금속 제조업", "keyword": "아연압연제품/아연관연결구류/전기아연계/탄화물/마르텐사이트/굽힘성우수/장치/고연성/고강도/강판", "document_type": "A"}, {"updateDate": "20220608", "LLno": "C", "SSno": "24229", "Stext": "비철금속 압연, 압출 및 연신제품 제조업", "SStext": "기타 비철금속 압연, 압출 및 연신제품 제조업", "Mtext": "1차 비철금속 제조업", "Lno": "24", "ipc_main": "C22C-038/02", "Mno": "242", "country_code": "KR", "Sno": "2422", "LLtext": "제조업(10~34)", "documentId": "kr20217019656a", "application_number": "1020217019656", "Ltext": "1차 금속 제조업", "keyword": "아연압연제품/아연관연결구류/용융아연도금/내지연파괴/마르텐사이트/고강도/장치/불순물/베이나이트/구오스테나이트", "document_type": "A"}, {"updateDate": "20220608", "LLno": "C", "SSno": "24229", "Stext": "비철금속 압연, 압출 및 연신제품 제조업", "SStext": "기타 비철금속 압연, 압출 및 연신제품 제조업", "Mtext": "1차 비철금속 제조업", "Lno": "24", "ipc_main": "C22C-038/04", "Mno": "242", "country_code": "KR", "Sno": "2422", "LLtext": "제조업(10~34)", "documentId": "kr20217019657a", "application_number": "1020217019657", "Ltext": "1차 금속 제조업", "keyword": "아연압연제품/아연관연결구류/용융아연도금/내지연파괴/마르텐사이트/고강도/장치/불순물/베이나이트/구오스테나이트", "document_type": "A"}, {"updateDate": "20220608", "LLno": "C", "SSno": "24229", "Stext": "비철금속 압연, 압출 및 연신제품 제조업", "SStext": "기타 비철금속 압연, 압출 및 연신제품 제조업", "Mtext": "1차 비철금속 제조업", "Lno": "24", "ipc_main": "C22C-038/58", "Mno": "242", "country_code": "KR", "Sno": "2422", "LLtext": "제조업(10~34)", "documentId": "kr20217024030a", "application_number": "1020217024030", "Ltext": "1차 금속 제조업", "keyword": "아연압연제품/아연관연결구류/용융아연도금/모재강판/펄라이트/제조/장치/페라이트/잔부조직/구오스테나이트", "document_type": "A"}]}