{"dataset": [{"updateDate": "20220608", "LLno": "C", "SSno": "20411", "Stext": "잉크, 페인트, 코팅제 및 유사제품 제조업", "SStext": "일반용 도료 및 관련제품 제조업", "Mtext": "기타 화학제품 제조업", "Lno": "20", "ipc_main": "C09D-001/00", "Mno": "204", "country_code": "KR", "Sno": "2041", "LLtext": "제조업(10~34)", "documentId": "kr20040019621a", "application_number": "1020040019621", "Ltext": "화학 물질 및 화학제품 제조업; 의약품 제외", "keyword": "도료관련제품제조/도료제조/페인트/헥토라이트/코팅/스프레이/조성물/점토/포스포네이트/물", "document_type": "A"}, {"updateDate": "20220608", "LLno": "C", "SSno": "20411", "Stext": "잉크, 페인트, 코팅제 및 유사제품 제조업", "SStext": "일반용 도료 및 관련제품 제조업", "Mtext": "기타 화학제품 제조업", "Lno": "20", "ipc_main": "C09D-133/04", "Mno": "204", "country_code": "KR", "Sno": "2041", "LLtext": "제조업(10~34)", "documentId": "kr20040048378a", "application_number": "1020040048378", "Ltext": "화학 물질 및 화학제품 제조업; 의약품 제외", "keyword": "도료관련제품제조/도료제조/페인트/타이어/수리/실리케이트/조성물/흑색/폴리에스테르/카본", "document_type": "A"}, {"updateDate": "20220608", "LLno": "C", "SSno": "20411", "Stext": "잉크, 페인트, 코팅제 및 유사제품 제조업", "SStext": "일반용 도료 및 관련제품 제조업", "Mtext": "기타 화학제품 제조업", "Lno": "20", "ipc_main": "C09D-005/24", "Mno": "204", "country_code": "KR", "Sno": "2041", "LLtext": "제조업(10~34)", "documentId": "kr20040118127b1", "application_number": "1020040118127", "Ltext": "화학 물질 및 화학제품 제조업; 의약품 제외", "keyword": "도료관련제품제조/도료제조/페인트/전자파/RFI/도전성/조성물/금속분말/용매/폴리우레탄", "document_type": "B1"}, {"updateDate": "20220608", "LLno": "C", "SSno": "20411", "Stext": "잉크, 페인트, 코팅제 및 유사제품 제조업", "SStext": "일반용 도료 및 관련제품 제조업", "Mtext": "기타 화학제품 제조업", "Lno": "20", "ipc_main": "C09D-005/33", "Mno": "204", "country_code": "KR", "Sno": "2041", "LLtext": "제조업(10~34)", "documentId": "kr20050006903a", "application_number": "1020050006903", "Ltext": "화학 물질 및 화학제품 제조업; 의약품 제외", "keyword": "도료관련제품제조/도료제조/도포제/페인트/수용성/게르마늄/조성물/은/음이온/실리카겔", "document_type": "A"}, {"updateDate": "20220608", "LLno": "C", "SSno": "20411", "Stext": "잉크, 페인트, 코팅제 및 유사제품 제조업", "SStext": "일반용 도료 및 관련제품 제조업", "Mtext": "기타 화학제품 제조업", "Lno": "20", "ipc_main": "C09D-011/00", "Mno": "204", "country_code": "KR", "Sno": "2041", "LLtext": "제조업(10~34)", "documentId": "kr20050013197b1", "application_number": "1020050013197", "Ltext": "화학 물질 및 화학제품 제조업; 의약품 제외", "keyword": "도료관련제품제조/도료제조/현탁액/가스블랙/물/페인트/조성물/수소/공여체/수용체", "document_type": "B1"}, {"updateDate": "20220608", "LLno": "C", "SSno": "20411", "Stext": "잉크, 페인트, 코팅제 및 유사제품 제조업", "SStext": "일반용 도료 및 관련제품 제조업", "Mtext": "기타 화학제품 제조업", "Lno": "20", "ipc_main": "C09D-005/00", "Mno": "204", "country_code": "KR", "Sno": "2041", "LLtext": "제조업(10~34)", "documentId": "kr20050024973a", "application_number": "1020050024973", "Ltext": "화학 물질 및 화학제품 제조업; 의약품 제외", "keyword": "도료관련제품제조/도료제조/페인트/천연재질/향기/환경친화적/조성물/버섯/팽창제/초본식물", "document_type": "A"}, {"updateDate": "20220608", "LLno": "C", "SSno": "20411", "Stext": "잉크, 페인트, 코팅제 및 유사제품 제조업", "SStext": "일반용 도료 및 관련제품 제조업", "Mtext": "기타 화학제품 제조업", "Lno": "20", "ipc_main": "C09D-001/00", "Mno": "204", "country_code": "KR", "Sno": "2041", "LLtext": "제조업(10~34)", "documentId": "kr20050031918b1", "application_number": "1020050031918", "Ltext": "화학 물질 및 화학제품 제조업; 의약품 제외", "keyword": "도료관련제품제조/도료제조/도료/크랙/이산화티타늄/황토도료/방법/황토/물/석회석", "document_type": "B1"}, {"updateDate": "20220608", "LLno": "C", "SSno": "20411", "Stext": "잉크, 페인트, 코팅제 및 유사제품 제조업", "SStext": "일반용 도료 및 관련제품 제조업", "Mtext": "기타 화학제품 제조업", "Lno": "20", "ipc_main": "C09D-001/00", "Mno": "204", "country_code": "KR", "Sno": "2041", "LLtext": "제조업(10~34)", "documentId": "kr20050036155a", "application_number": "1020050036155", "Ltext": "화학 물질 및 화학제품 제조업; 의약품 제외", "keyword": "도료관련제품제조/도료제조/도료/수성도료/바탕도료/친환경적/방법/물/무기질첨가제/연화도", "document_type": "A"}, {"updateDate": "20220608", "LLno": "C", "SSno": "20411", "Stext": "잉크, 페인트, 코팅제 및 유사제품 제조업", "SStext": "일반용 도료 및 관련제품 제조업", "Mtext": "기타 화학제품 제조업", "Lno": "20", "ipc_main": "C09D-005/24", "Mno": "204", "country_code": "KR", "Sno": "2041", "LLtext": "제조업(10~34)", "documentId": "kr20050070188b1", "application_number": "1020050070188", "Ltext": "화학 물질 및 화학제품 제조업; 의약품 제외", "keyword": "도료관련제품제조/도료제조/페인트/전자기기/도전막/디스펄젼/조성물/금속분말/용매/레올로지콘트롤제", "document_type": "B1"}, {"updateDate": "20220608", "LLno": "C", "SSno": "20411", "Stext": "잉크, 페인트, 코팅제 및 유사제품 제조업", "SStext": "일반용 도료 및 관련제품 제조업", "Mtext": "기타 화학제품 제조업", "Lno": "20", "ipc_main": "C09D-175/04", "Mno": "204", "country_code": "KR", "Sno": "2041", "LLtext": "제조업(10~34)", "documentId": "kr20050097478b1", "application_number": "1020050097478", "Ltext": "화학 물질 및 화학제품 제조업; 의약품 제외", "keyword": "도료관련제품제조/도료제조/페인트/플라스틱/우레탄/환경친화/조성물/게르마늄/생광석/자수정", "document_type": "B1"}, {"updateDate": "20220608", "LLno": "C", "SSno": "20411", "Stext": "잉크, 페인트, 코팅제 및 유사제품 제조업", "SStext": "일반용 도료 및 관련제품 제조업", "Mtext": "기타 화학제품 제조업", "Lno": "20", "ipc_main": "C09D-005/33", "Mno": "204", "country_code": "KR", "Sno": "2041", "LLtext": "제조업(10~34)", "documentId": "kr20050097479a", "application_number": "1020050097479", "Ltext": "화학 물질 및 화학제품 제조업; 의약품 제외", "keyword": "도료관련제품제조/도료제조/페인트/도장/자외선경화/환경친화/조성물/플라스틱/올리고머/모노머", "document_type": "A"}, {"updateDate": "20220608", "LLno": "C", "SSno": "20411", "Stext": "잉크, 페인트, 코팅제 및 유사제품 제조업", "SStext": "일반용 도료 및 관련제품 제조업", "Mtext": "기타 화학제품 제조업", "Lno": "20", "ipc_main": "C09D-001/02", "Mno": "204", "country_code": "KR", "Sno": "2041", "LLtext": "제조업(10~34)", "documentId": "kr20060024066a", "application_number": "1020060024066", "Ltext": "화학 물질 및 화학제품 제조업; 의약품 제외", "keyword": "도료관련제품제조/도료제조/도료/난연성/무기도료/MDF/방법/팽창질석/귀양석/규산나트륨", "document_type": "A"}, {"updateDate": "20220608", "LLno": "C", "SSno": "20411", "Stext": "잉크, 페인트, 코팅제 및 유사제품 제조업", "SStext": "일반용 도료 및 관련제품 제조업", "Mtext": "기타 화학제품 제조업", "Lno": "20", "ipc_main": "C09D-163/02", "Mno": "204", "country_code": "KR", "Sno": "2041", "LLtext": "제조업(10~34)", "documentId": "kr20060047610b1", "application_number": "1020060047610", "Ltext": "화학 물질 및 화학제품 제조업; 의약품 제외", "keyword": "도료관련제품제조/도료제조/도료/세라믹/금속/내화학성/조성물/에폭시/폴리아민/에어로실", "document_type": "B1"}, {"updateDate": "20220608", "LLno": "C", "SSno": "20411", "Stext": "잉크, 페인트, 코팅제 및 유사제품 제조업", "SStext": "일반용 도료 및 관련제품 제조업", "Mtext": "기타 화학제품 제조업", "Lno": "20", "ipc_main": "C09D-001/00", "Mno": "204", "country_code": "KR", "Sno": "2041", "LLtext": "제조업(10~34)", "documentId": "kr20060050652b1", "application_number": "1020060050652", "Ltext": "화학 물질 및 화학제품 제조업; 의약품 제외", "keyword": "도료관련제품제조/도료제조/도료/무기질도료/도막/비용절감/방법/포타슘실리케이트/발수제/용매제", "document_type": "B1"}, {"updateDate": "20220608", "LLno": "C", "SSno": "20411", "Stext": "잉크, 페인트, 코팅제 및 유사제품 제조업", "SStext": "일반용 도료 및 관련제품 제조업", "Mtext": "기타 화학제품 제조업", "Lno": "20", "ipc_main": "C09D-001/10", "Mno": "204", "country_code": "KR", "Sno": "2041", "LLtext": "제조업(10~34)", "documentId": "kr20060074992a", "application_number": "1020060074992", "Ltext": "화학 물질 및 화학제품 제조업; 의약품 제외", "keyword": "도료관련제품제조/도료제조/도료/석회/친환경/항균/조성물/소석회/폴리비닐알콜/이산화티탄", "document_type": "A"}, {"updateDate": "20220608", "LLno": "C", "SSno": "20411", "Stext": "잉크, 페인트, 코팅제 및 유사제품 제조업", "SStext": "일반용 도료 및 관련제품 제조업", "Mtext": "기타 화학제품 제조업", "Lno": "20", "ipc_main": "C09D-175/04", "Mno": "204", "country_code": "KR", "Sno": "2041", "LLtext": "제조업(10~34)", "documentId": "kr20060128268a", "application_number": "1020060128268", "Ltext": "화학 물질 및 화학제품 제조업; 의약품 제외", "keyword": "도료관련제품제조/도료제조/페인트/전자파/도전막/차폐/조성물/금속산화물/도전성분말/디스펄젼", "document_type": "A"}, {"updateDate": "20220608", "LLno": "C", "SSno": "20411", "Stext": "잉크, 페인트, 코팅제 및 유사제품 제조업", "SStext": "일반용 도료 및 관련제품 제조업", "Mtext": "기타 화학제품 제조업", "Lno": "20", "ipc_main": "C09D-183/04", "Mno": "204", "country_code": "KR", "Sno": "2041", "LLtext": "제조업(10~34)", "documentId": "kr20067009403a", "application_number": "1020067009403", "Ltext": "화학 물질 및 화학제품 제조업; 의약품 제외", "keyword": "도료관련제품제조/도료제조/피막/결합제/내스크래치성/무기첨가제/조성물/유기필름/알콜레이트/할라이드", "document_type": "A"}, {"updateDate": "20220608", "LLno": "C", "SSno": "20411", "Stext": "잉크, 페인트, 코팅제 및 유사제품 제조업", "SStext": "일반용 도료 및 관련제품 제조업", "Mtext": "기타 화학제품 제조업", "Lno": "20", "ipc_main": "C09D-127/12", "Mno": "204", "country_code": "KR", "Sno": "2041", "LLtext": "제조업(10~34)", "documentId": "kr20067026823a", "application_number": "1020067026823", "Ltext": "화학 물질 및 화학제품 제조업; 의약품 제외", "keyword": "도료관련제품제조/도료제조/도료/방오도료/수분제거제/오가노실리케이트/조성물/플루오르중합체/가사시간연장/내후성", "document_type": "A"}, {"updateDate": "20220608", "LLno": "C", "SSno": "20411", "Stext": "잉크, 페인트, 코팅제 및 유사제품 제조업", "SStext": "일반용 도료 및 관련제품 제조업", "Mtext": "기타 화학제품 제조업", "Lno": "20", "ipc_main": "C09D-001/00", "Mno": "204", "country_code": "KR", "Sno": "2041", "LLtext": "제조업(10~34)", "documentId": "kr20070036891a", "application_number": "1020070036891", "Ltext": "화학 물질 및 화학제품 제조업; 의약품 제외", "keyword": "도료관련제품제조/도료제조/페인트/황토/원적외선/피부질환/방법/소나무잎/향나무/규산소다", "document_type": "A"}, {"updateDate": "20220608", "LLno": "C", "SSno": "20411", "Stext": "잉크, 페인트, 코팅제 및 유사제품 제조업", "SStext": "일반용 도료 및 관련제품 제조업", "Mtext": "기타 화학제품 제조업", "Lno": "20", "ipc_main": "C09D-005/02", "Mno": "204", "country_code": "KR", "Sno": "2041", "LLtext": "제조업(10~34)", "documentId": "kr20070041208b1", "application_number": "1020070041208", "Ltext": "화학 물질 및 화학제품 제조업; 의약품 제외", "keyword": "도료관련제품제조/도료제조/도료/수성도료/웨트온웨트/복층도막/조성물/수지고형분/바이닐모노머/우레탄에멀전", "document_type": "B1"}, {"updateDate": "20220608", "LLno": "C", "SSno": "20411", "Stext": "잉크, 페인트, 코팅제 및 유사제품 제조업", "SStext": "일반용 도료 및 관련제품 제조업", "Mtext": "기타 화학제품 제조업", "Lno": "20", "ipc_main": "C09D-004/02", "Mno": "204", "country_code": "KR", "Sno": "2041", "LLtext": "제조업(10~34)", "documentId": "kr20070139202b1", "application_number": "1020070139202", "Ltext": "화학 물질 및 화학제품 제조업; 의약품 제외", "keyword": "도료관련제품제조/도료제조/도료/방오도료/수용성/친환경/방법/아크릴에멀젼/알콜/산화철", "document_type": "B1"}, {"updateDate": "20220608", "LLno": "C", "SSno": "20411", "Stext": "잉크, 페인트, 코팅제 및 유사제품 제조업", "SStext": "일반용 도료 및 관련제품 제조업", "Mtext": "기타 화학제품 제조업", "Lno": "20", "ipc_main": "C09D-133/00", "Mno": "204", "country_code": "KR", "Sno": "2041", "LLtext": "제조업(10~34)", "documentId": "kr20070141566a", "application_number": "1020070141566", "Ltext": "화학 물질 및 화학제품 제조업; 의약품 제외", "keyword": "도료관련제품제조/도료제조/도료/자동차보수/퍼티도료/후막/방법/아크릴레이트/모노머/체질안료", "document_type": "A"}, {"updateDate": "20220608", "LLno": "C", "SSno": "20411", "Stext": "잉크, 페인트, 코팅제 및 유사제품 제조업", "SStext": "일반용 도료 및 관련제품 제조업", "Mtext": "기타 화학제품 제조업", "Lno": "20", "ipc_main": "C09D-005/32", "Mno": "204", "country_code": "KR", "Sno": "2041", "LLtext": "제조업(10~34)", "documentId": "kr20077015637b1", "application_number": "1020077015637", "Ltext": "화학 물질 및 화학제품 제조업; 의약품 제외", "keyword": "도료관련제품제조/도료제조/페인트/수성페인트/분산액/염기/조성물/콜로이드/모노카르복실산/단량체", "document_type": "B1"}, {"updateDate": "20220608", "LLno": "C", "SSno": "20411", "Stext": "잉크, 페인트, 코팅제 및 유사제품 제조업", "SStext": "일반용 도료 및 관련제품 제조업", "Mtext": "기타 화학제품 제조업", "Lno": "20", "ipc_main": "C09D-007/12", "Mno": "204", "country_code": "KR", "Sno": "2041", "LLtext": "제조업(10~34)", "documentId": "kr20080030890b1", "application_number": "1020080030890", "Ltext": "화학 물질 및 화학제품 제조업; 의약품 제외", "keyword": "도료관련제품제조/도료제조/페인트/항균/헌집증후군/천연페인트/방법/이산화티타늄/탈크/아크릴수지", "document_type": "B1"}, {"updateDate": "20220608", "LLno": "C", "SSno": "20411", "Stext": "잉크, 페인트, 코팅제 및 유사제품 제조업", "SStext": "일반용 도료 및 관련제품 제조업", "Mtext": "기타 화학제품 제조업", "Lno": "20", "ipc_main": "C09D-005/33", "Mno": "204", "country_code": "KR", "Sno": "2041", "LLtext": "제조업(10~34)", "documentId": "kr20080032977b1", "application_number": "1020080032977", "Ltext": "화학 물질 및 화학제품 제조업; 의약품 제외", "keyword": "도료관련제품제조/도료제조/도료/친환경/음이온/항균성/조성물/이산화티탄/세라믹/일라이트", "document_type": "B1"}, {"updateDate": "20220608", "LLno": "C", "SSno": "20411", "Stext": "잉크, 페인트, 코팅제 및 유사제품 제조업", "SStext": "일반용 도료 및 관련제품 제조업", "Mtext": "기타 화학제품 제조업", "Lno": "20", "ipc_main": "C09D-133/08", "Mno": "204", "country_code": "KR", "Sno": "2041", "LLtext": "제조업(10~34)", "documentId": "kr20080039270a", "application_number": "1020080039270", "Ltext": "화학 물질 및 화학제품 제조업; 의약품 제외", "keyword": "도료관련제품제조/도료제조/도료/보강/보수/드라이비트/조성물/방수제/이산화티탄/증점제", "document_type": "A"}, {"updateDate": "20220608", "LLno": "C", "SSno": "20411", "Stext": "잉크, 페인트, 코팅제 및 유사제품 제조업", "SStext": "일반용 도료 및 관련제품 제조업", "Mtext": "기타 화학제품 제조업", "Lno": "20", "ipc_main": "C09D-007/12", "Mno": "204", "country_code": "KR", "Sno": "2041", "LLtext": "제조업(10~34)", "documentId": "kr20080059536a", "application_number": "1020080059536", "Ltext": "화학 물질 및 화학제품 제조업; 의약품 제외", "keyword": "도료관련제품제조/도료제조/도료/광촉매도료/아파타이트/복사열방지장치/조성물/광촉매/바인더/에멀젼", "document_type": "A"}, {"updateDate": "20220608", "LLno": "C", "SSno": "20411", "Stext": "잉크, 페인트, 코팅제 및 유사제품 제조업", "SStext": "일반용 도료 및 관련제품 제조업", "Mtext": "기타 화학제품 제조업", "Lno": "20", "ipc_main": "C09D-175/06", "Mno": "204", "country_code": "KR", "Sno": "2041", "LLtext": "제조업(10~34)", "documentId": "kr20080060490b1", "application_number": "1020080060490", "Ltext": "화학 물질 및 화학제품 제조업; 의약품 제외", "keyword": "도료관련제품제조/도료제조/도료/아민기/수산기/도막경도개선/조성물/메톡시/실란올/폴리실록산", "document_type": "B1"}, {"updateDate": "20220608", "LLno": "C", "SSno": "20411", "Stext": "잉크, 페인트, 코팅제 및 유사제품 제조업", "SStext": "일반용 도료 및 관련제품 제조업", "Mtext": "기타 화학제품 제조업", "Lno": "20", "ipc_main": "C09D-007/12", "Mno": "204", "country_code": "KR", "Sno": "2041", "LLtext": "제조업(10~34)", "documentId": "kr20080087144b1", "application_number": "1020080087144", "Ltext": "화학 물질 및 화학제품 제조업; 의약품 제외", "keyword": "도료관련제품제조/도료제조/페인트/수성페인트/친환경/백운모/방법/편백나무/구연산/식이유황", "document_type": "B1"}, {"updateDate": "20220608", "LLno": "C", "SSno": "20411", "Stext": "잉크, 페인트, 코팅제 및 유사제품 제조업", "SStext": "일반용 도료 및 관련제품 제조업", "Mtext": "기타 화학제품 제조업", "Lno": "20", "ipc_main": "C09D-175/06", "Mno": "204", "country_code": "KR", "Sno": "2041", "LLtext": "제조업(10~34)", "documentId": "kr20080112119b1", "application_number": "1020080112119", "Ltext": "화학 물질 및 화학제품 제조업; 의약품 제외", "keyword": "도료관련제품제조/도료제조/도료/폴리올/투명도료/물성향상/조성물/아크릴/에폭시/폴리카보네이트", "document_type": "B1"}, {"updateDate": "20220608", "LLno": "C", "SSno": "20411", "Stext": "잉크, 페인트, 코팅제 및 유사제품 제조업", "SStext": "일반용 도료 및 관련제품 제조업", "Mtext": "기타 화학제품 제조업", "Lno": "20", "ipc_main": "C09D-175/04", "Mno": "204", "country_code": "KR", "Sno": "2041", "LLtext": "제조업(10~34)", "documentId": "kr20080126491b1", "application_number": "1020080126491", "Ltext": "화학 물질 및 화학제품 제조업; 의약품 제외", "keyword": "도료관련제품제조/도료제조/도료/수용성/베이스코트/VOC/조성물/에멀젼/카르복실기/믹싱바인더", "document_type": "B1"}, {"updateDate": "20220608", "LLno": "C", "SSno": "20411", "Stext": "잉크, 페인트, 코팅제 및 유사제품 제조업", "SStext": "일반용 도료 및 관련제품 제조업", "Mtext": "기타 화학제품 제조업", "Lno": "20", "ipc_main": "C09D-004/00", "Mno": "204", "country_code": "KR", "Sno": "2041", "LLtext": "제조업(10~34)", "documentId": "kr20087008213a", "application_number": "1020087008213", "Ltext": "화학 물질 및 화학제품 제조업; 의약품 제외", "keyword": "도료관련제품제조/도료제조/도료/환상분자/직쇄상분자/상도도료/조성물/수계/상온건조/봉쇄기", "document_type": "A"}, {"updateDate": "20220608", "LLno": "C", "SSno": "20411", "Stext": "잉크, 페인트, 코팅제 및 유사제품 제조업", "SStext": "일반용 도료 및 관련제품 제조업", "Mtext": "기타 화학제품 제조업", "Lno": "20", "ipc_main": "C09D-183/02", "Mno": "204", "country_code": "KR", "Sno": "2041", "LLtext": "제조업(10~34)", "documentId": "kr20090003084a", "application_number": "1020090003084", "Ltext": "화학 물질 및 화학제품 제조업; 의약품 제외", "keyword": "도료관련제품제조/도료제조/도료/콜로이드/내오염성/비용절감/조성물/실리카입자/수성분산체/무수규산", "document_type": "A"}, {"updateDate": "20220608", "LLno": "C", "SSno": "20411", "Stext": "잉크, 페인트, 코팅제 및 유사제품 제조업", "SStext": "일반용 도료 및 관련제품 제조업", "Mtext": "기타 화학제품 제조업", "Lno": "20", "ipc_main": "C09D-193/00", "Mno": "204", "country_code": "KR", "Sno": "2041", "LLtext": "제조업(10~34)", "documentId": "kr20090036421a", "application_number": "1020090036421", "Ltext": "화학 물질 및 화학제품 제조업; 의약품 제외", "keyword": "도료관련제품제조/도료제조/도료/천연도료/천연방부제/소나무/방법/광솔/해초/화산석", "document_type": "A"}, {"updateDate": "20220608", "LLno": "C", "SSno": "20411", "Stext": "잉크, 페인트, 코팅제 및 유사제품 제조업", "SStext": "일반용 도료 및 관련제품 제조업", "Mtext": "기타 화학제품 제조업", "Lno": "20", "ipc_main": "C09D-005/18", "Mno": "204", "country_code": "KR", "Sno": "2041", "LLtext": "제조업(10~34)", "documentId": "kr20090038042b1", "application_number": "1020090038042", "Ltext": "화학 물질 및 화학제품 제조업; 의약품 제외", "keyword": "도장재료제조/도료제조/도장재/불연효과/도료/도장강판/조성물/건축물/내장재/무수실리카", "document_type": "B1"}, {"updateDate": "20220608", "LLno": "C", "SSno": "20411", "Stext": "잉크, 페인트, 코팅제 및 유사제품 제조업", "SStext": "일반용 도료 및 관련제품 제조업", "Mtext": "기타 화학제품 제조업", "Lno": "20", "ipc_main": "C09D-193/00", "Mno": "204", "country_code": "KR", "Sno": "2041", "LLtext": "제조업(10~34)", "documentId": "kr20090044128b1", "application_number": "1020090044128", "Ltext": "화학 물질 및 화학제품 제조업; 의약품 제외", "keyword": "도료관련제품제조/도료제조/도료/기능성/천연/항균기능/방법/시츄러스유/대두유/패각류", "document_type": "B1"}, {"updateDate": "20220608", "LLno": "C", "SSno": "20411", "Stext": "잉크, 페인트, 코팅제 및 유사제품 제조업", "SStext": "일반용 도료 및 관련제품 제조업", "Mtext": "기타 화학제품 제조업", "Lno": "20", "ipc_main": "C09D-005/22", "Mno": "204", "country_code": "KR", "Sno": "2041", "LLtext": "제조업(10~34)", "documentId": "kr20090070753b1", "application_number": "1020090070753", "Ltext": "화학 물질 및 화학제품 제조업; 의약품 제외", "keyword": "도료관련제품제조/도료제조/도료/백색축광발광도료/용제/심미감/방법/축광안료/첨가제/발광시트", "document_type": "B1"}, {"updateDate": "20220608", "LLno": "C", "SSno": "20411", "Stext": "잉크, 페인트, 코팅제 및 유사제품 제조업", "SStext": "일반용 도료 및 관련제품 제조업", "Mtext": "기타 화학제품 제조업", "Lno": "20", "ipc_main": "C09D-133/04", "Mno": "204", "country_code": "KR", "Sno": "2041", "LLtext": "제조업(10~34)", "documentId": "kr20090129484a", "application_number": "1020090129484", "Ltext": "화학 물질 및 화학제품 제조업; 의약품 제외", "keyword": "도료관련제품제조/도료제조/도료/자전거/모노머/차열성능/조성물/아크릴에멀젼수지/차열안료/중공안료", "document_type": "A"}, {"updateDate": "20220608", "LLno": "C", "SSno": "20411", "Stext": "잉크, 페인트, 코팅제 및 유사제품 제조업", "SStext": "일반용 도료 및 관련제품 제조업", "Mtext": "기타 화학제품 제조업", "Lno": "20", "ipc_main": "C09D-183/10", "Mno": "204", "country_code": "KR", "Sno": "2041", "LLtext": "제조업(10~34)", "documentId": "kr20097003738b1", "application_number": "1020097003738", "Ltext": "화학 물질 및 화학제품 제조업; 의약품 제외", "keyword": "도료관련제품제조/도료제조/도료/광촉매/수성/경화성도료/방법/산기/폴리실록산/복합수지", "document_type": "B1"}, {"updateDate": "20220608", "LLno": "C", "SSno": "20411", "Stext": "잉크, 페인트, 코팅제 및 유사제품 제조업", "SStext": "일반용 도료 및 관련제품 제조업", "Mtext": "기타 화학제품 제조업", "Lno": "20", "ipc_main": "C09D-179/08", "Mno": "204", "country_code": "KR", "Sno": "2041", "LLtext": "제조업(10~34)", "documentId": "kr20097015268a", "application_number": "1020097015268", "Ltext": "화학 물질 및 화학제품 제조업; 의약품 제외", "keyword": "도료관련제품제조/도료제조/에나멜/자체접합성/코팅/재연화온도/조성물/카르복실레이트/진핵성/폴리우레탄", "document_type": "A"}, {"updateDate": "20220608", "LLno": "C", "SSno": "20411", "Stext": "잉크, 페인트, 코팅제 및 유사제품 제조업", "SStext": "일반용 도료 및 관련제품 제조업", "Mtext": "기타 화학제품 제조업", "Lno": "20", "ipc_main": "C09D-005/00", "Mno": "204", "country_code": "KR", "Sno": "2041", "LLtext": "제조업(10~34)", "documentId": "kr20100010271b1", "application_number": "1020100010271", "Ltext": "화학 물질 및 화학제품 제조업; 의약품 제외", "keyword": "도료관련제품제조/도료제조/도료/토목건축/저장안정성/마감재도료/방법/테트라오르토실리케이트/퓸드실리카/질산알루미늄", "document_type": "B1"}, {"updateDate": "20220608", "LLno": "C", "SSno": "20411", "Stext": "잉크, 페인트, 코팅제 및 유사제품 제조업", "SStext": "일반용 도료 및 관련제품 제조업", "Mtext": "기타 화학제품 제조업", "Lno": "20", "ipc_main": "C09D-009/04", "Mno": "204", "country_code": "KR", "Sno": "2041", "LLtext": "제조업(10~34)", "documentId": "kr20100018117b1", "application_number": "1020100018117", "Ltext": "화학 물질 및 화학제품 제조업; 의약품 제외", "keyword": "도료관련제품제조/도료제조/페인트/박리제/분산제/생산수율/조성물/금속/유화제/용해제", "document_type": "B1"}, {"updateDate": "20220608", "LLno": "C", "SSno": "20411", "Stext": "잉크, 페인트, 코팅제 및 유사제품 제조업", "SStext": "일반용 도료 및 관련제품 제조업", "Mtext": "기타 화학제품 제조업", "Lno": "20", "ipc_main": "C09D-001/00", "Mno": "204", "country_code": "KR", "Sno": "2041", "LLtext": "제조업(10~34)", "documentId": "kr20100022902a", "application_number": "1020100022902", "Ltext": "화학 물질 및 화학제품 제조업; 의약품 제외", "keyword": "도료관련제품제조/도료제조/페인트/휘발성유기화합물/화산석/도료/조성물/실리케이트/계면활성제/디포머", "document_type": "A"}, {"updateDate": "20220608", "LLno": "C", "SSno": "20411", "Stext": "잉크, 페인트, 코팅제 및 유사제품 제조업", "SStext": "일반용 도료 및 관련제품 제조업", "Mtext": "기타 화학제품 제조업", "Lno": "20", "ipc_main": "C09D-133/08", "Mno": "204", "country_code": "KR", "Sno": "2041", "LLtext": "제조업(10~34)", "documentId": "kr20100094767b1", "application_number": "1020100094767", "Ltext": "화학 물질 및 화학제품 제조업; 의약품 제외", "keyword": "도료관련제품제조/도료제조/페인트/건축구조물/친환경/환경오염/조성물/티탄산염/폴리머수지/충전제", "document_type": "B1"}, {"updateDate": "20220608", "LLno": "C", "SSno": "20411", "Stext": "잉크, 페인트, 코팅제 및 유사제품 제조업", "SStext": "일반용 도료 및 관련제품 제조업", "Mtext": "기타 화학제품 제조업", "Lno": "20", "ipc_main": "C09D-163/00", "Mno": "204", "country_code": "KR", "Sno": "2041", "LLtext": "제조업(10~34)", "documentId": "kr20107007309a", "application_number": "1020107007309", "Ltext": "화학 물질 및 화학제품 제조업; 의약품 제외", "keyword": "도료관련제품제조/도료제조/도료/수성도료/에폭시/아민류/조성물/카르복실기/비닐단량체/반응생성물", "document_type": "A"}, {"updateDate": "20220608", "LLno": "C", "SSno": "20411", "Stext": "잉크, 페인트, 코팅제 및 유사제품 제조업", "SStext": "일반용 도료 및 관련제품 제조업", "Mtext": "기타 화학제품 제조업", "Lno": "20", "ipc_main": "C09D-167/08", "Mno": "204", "country_code": "KR", "Sno": "2041", "LLtext": "제조업(10~34)", "documentId": "kr20107024133a", "application_number": "1020107024133", "Ltext": "화학 물질 및 화학제품 제조업; 의약품 제외", "keyword": "도료관련제품제조/도료제조/표면/페인트/재활용/프라이밍/조성물/실러/알키드/표면보수", "document_type": "A"}, {"updateDate": "20220608", "LLno": "C", "SSno": "20411", "Stext": "잉크, 페인트, 코팅제 및 유사제품 제조업", "SStext": "일반용 도료 및 관련제품 제조업", "Mtext": "기타 화학제품 제조업", "Lno": "20", "ipc_main": "C09D-183/02", "Mno": "204", "country_code": "KR", "Sno": "2041", "LLtext": "제조업(10~34)", "documentId": "kr20110011697a", "application_number": "1020110011697", "Ltext": "화학 물질 및 화학제품 제조업; 의약품 제외", "keyword": "도료관련제품제조/도료제조/페인트/마그네슘/내부식방지/휴대폰케이스/방법/유기도료/테트라에톡시실란/표면처리액", "document_type": "A"}, {"updateDate": "20220608", "LLno": "C", "SSno": "20411", "Stext": "잉크, 페인트, 코팅제 및 유사제품 제조업", "SStext": "일반용 도료 및 관련제품 제조업", "Mtext": "기타 화학제품 제조업", "Lno": "20", "ipc_main": "C09D-005/29", "Mno": "204", "country_code": "KR", "Sno": "2041", "LLtext": "제조업(10~34)", "documentId": "kr20110023006b1", "application_number": "1020110023006", "Ltext": "화학 물질 및 화학제품 제조업; 의약품 제외", "keyword": "도료관련제품제조/도료제조/도료/다채무늬/내오염성/항균성/조성물/우레탄수지/에폭시수지/나노은", "document_type": "B1"}, {"updateDate": "20220608", "LLno": "C", "SSno": "20411", "Stext": "잉크, 페인트, 코팅제 및 유사제품 제조업", "SStext": "일반용 도료 및 관련제품 제조업", "Mtext": "기타 화학제품 제조업", "Lno": "20", "ipc_main": "C09D-005/16", "Mno": "204", "country_code": "KR", "Sno": "2041", "LLtext": "제조업(10~34)", "documentId": "kr20110024883a", "application_number": "1020110024883", "Ltext": "화학 물질 및 화학제품 제조업; 의약품 제외", "keyword": "도료관련제품제조/도료제조/도료/방오도료/선저도료/첨가제/조성물/마이너스이온/테라헤르츠파/규산염", "document_type": "A"}, {"updateDate": "20220608", "LLno": "C", "SSno": "20411", "Stext": "잉크, 페인트, 코팅제 및 유사제품 제조업", "SStext": "일반용 도료 및 관련제품 제조업", "Mtext": "기타 화학제품 제조업", "Lno": "20", "ipc_main": "C09D-183/04", "Mno": "204", "country_code": "KR", "Sno": "2041", "LLtext": "제조업(10~34)", "documentId": "kr20110048262a", "application_number": "1020110048262", "Ltext": "화학 물질 및 화학제품 제조업; 의약품 제외", "keyword": "도료관련제품제조/도료제조/도료/천연광물/물/중화합물/조성물/실리콘/일라이트/바인더", "document_type": "A"}, {"updateDate": "20220608", "LLno": "C", "SSno": "20411", "Stext": "잉크, 페인트, 코팅제 및 유사제품 제조업", "SStext": "일반용 도료 및 관련제품 제조업", "Mtext": "기타 화학제품 제조업", "Lno": "20", "ipc_main": "C09D-007/12", "Mno": "204", "country_code": "KR", "Sno": "2041", "LLtext": "제조업(10~34)", "documentId": "kr20110049446a", "application_number": "1020110049446", "Ltext": "화학 물질 및 화학제품 제조업; 의약품 제외", "keyword": "도료관련제품제조/도료제조/페인트/수성페인트/생석회/어패류/방법/유기물질/자연분해/소멸", "document_type": "A"}, {"updateDate": "20220608", "LLno": "C", "SSno": "20411", "Stext": "잉크, 페인트, 코팅제 및 유사제품 제조업", "SStext": "일반용 도료 및 관련제품 제조업", "Mtext": "기타 화학제품 제조업", "Lno": "20", "ipc_main": "C09D-193/00", "Mno": "204", "country_code": "KR", "Sno": "2041", "LLtext": "제조업(10~34)", "documentId": "kr20110134055a", "application_number": "1020110134055", "Ltext": "화학 물질 및 화학제품 제조업; 의약품 제외", "keyword": "도료관련제품제조/도료제조/도료/천연도료/목재전용/엉겅퀴/조성물/쌀겨기름/동유/다시마", "document_type": "A"}, {"updateDate": "20220608", "LLno": "C", "SSno": "20411", "Stext": "잉크, 페인트, 코팅제 및 유사제품 제조업", "SStext": "일반용 도료 및 관련제품 제조업", "Mtext": "기타 화학제품 제조업", "Lno": "20", "ipc_main": "C09D-004/02", "Mno": "204", "country_code": "KR", "Sno": "2041", "LLtext": "제조업(10~34)", "documentId": "kr20117010893a", "application_number": "1020117010893", "Ltext": "화학 물질 및 화학제품 제조업; 의약품 제외", "keyword": "바니시제조/도료제조/바니시/아크릴레이트/경화/코팅조성물/조성물/우레탄/멜라민/화학선", "document_type": "A"}, {"updateDate": "20220608", "LLno": "C", "SSno": "20411", "Stext": "잉크, 페인트, 코팅제 및 유사제품 제조업", "SStext": "일반용 도료 및 관련제품 제조업", "Mtext": "기타 화학제품 제조업", "Lno": "20", "ipc_main": "C09D-009/00", "Mno": "204", "country_code": "KR", "Sno": "2041", "LLtext": "제조업(10~34)", "documentId": "kr20117017337a", "application_number": "1020117017337", "Ltext": "화학 물질 및 화학제품 제조업; 의약품 제외", "keyword": "도료관련제품제조/도료제조/스트리핑/페인트/디카르복실산/디에스테르/조성물/용매/계면활성제/증점제", "document_type": "A"}, {"updateDate": "20220608", "LLno": "C", "SSno": "20411", "Stext": "잉크, 페인트, 코팅제 및 유사제품 제조업", "SStext": "일반용 도료 및 관련제품 제조업", "Mtext": "기타 화학제품 제조업", "Lno": "20", "ipc_main": "C09D-175/04", "Mno": "204", "country_code": "KR", "Sno": "2041", "LLtext": "제조업(10~34)", "documentId": "kr20117025046a", "application_number": "1020117025046", "Ltext": "화학 물질 및 화학제품 제조업; 의약품 제외", "keyword": "도료관련제품제조/도료제조/도료/상온/경화형도료/저오염성/조성물/수산기함유수지/경화제/친수화제", "document_type": "A"}, {"updateDate": "20220608", "LLno": "C", "SSno": "20411", "Stext": "잉크, 페인트, 코팅제 및 유사제품 제조업", "SStext": "일반용 도료 및 관련제품 제조업", "Mtext": "기타 화학제품 제조업", "Lno": "20", "ipc_main": "C09D-163/00", "Mno": "204", "country_code": "KR", "Sno": "2041", "LLtext": "제조업(10~34)", "documentId": "kr20117027737b1", "application_number": "1020117027737", "Ltext": "화학 물질 및 화학제품 제조업; 의약품 제외", "keyword": "도료관련제품제조/도료제조/페인트/다중코트/베이스코트/클리어코트/시스템/설폰산/탄소/에폭시", "document_type": "B1"}, {"updateDate": "20220608", "LLno": "C", "SSno": "20411", "Stext": "잉크, 페인트, 코팅제 및 유사제품 제조업", "SStext": "일반용 도료 및 관련제품 제조업", "Mtext": "기타 화학제품 제조업", "Lno": "20", "ipc_main": "C09D-193/00", "Mno": "204", "country_code": "KR", "Sno": "2041", "LLtext": "제조업(10~34)", "documentId": "kr20120003169a", "application_number": "1020120003169", "Ltext": "화학 물질 및 화학제품 제조업; 의약품 제외", "keyword": "도료관련제품제조/도료제조/도료/천연수지/천연도료/검/방법/마늘추출물/오일류/충진제", "document_type": "A"}, {"updateDate": "20220608", "LLno": "C", "SSno": "20411", "Stext": "잉크, 페인트, 코팅제 및 유사제품 제조업", "SStext": "일반용 도료 및 관련제품 제조업", "Mtext": "기타 화학제품 제조업", "Lno": "20", "ipc_main": "C09D-133/04", "Mno": "204", "country_code": "KR", "Sno": "2041", "LLtext": "제조업(10~34)", "documentId": "kr20120005662b1", "application_number": "1020120005662", "Ltext": "화학 물질 및 화학제품 제조업; 의약품 제외", "keyword": "도료관련제품제조/도료제조/도료/방수도료/적외선/열유출/조성물/유색안료/수지바인더/충진안료", "document_type": "B1"}, {"updateDate": "20220608", "LLno": "C", "SSno": "20411", "Stext": "잉크, 페인트, 코팅제 및 유사제품 제조업", "SStext": "일반용 도료 및 관련제품 제조업", "Mtext": "기타 화학제품 제조업", "Lno": "20", "ipc_main": "C09D-005/16", "Mno": "204", "country_code": "KR", "Sno": "2041", "LLtext": "제조업(10~34)", "documentId": "kr20120008753b1", "application_number": "1020120008753", "Ltext": "화학 물질 및 화학제품 제조업; 의약품 제외", "keyword": "도료관련제품제조/도료제조/도료/방오도료/무기염/방수성/조성물/증류수/불화마그네슘/이산화규소", "document_type": "B1"}, {"updateDate": "20220608", "LLno": "C", "SSno": "20411", "Stext": "잉크, 페인트, 코팅제 및 유사제품 제조업", "SStext": "일반용 도료 및 관련제품 제조업", "Mtext": "기타 화학제품 제조업", "Lno": "20", "ipc_main": "C09D-007/12", "Mno": "204", "country_code": "KR", "Sno": "2041", "LLtext": "제조업(10~34)", "documentId": "kr20120011750u", "application_number": "2020120011750", "Ltext": "화학 물질 및 화학제품 제조업; 의약품 제외", "keyword": "도료관련제품제조/도료제조/도료/차음용도료/소음/반사율/조성물/바니시/페인트/미세점토", "document_type": "U"}, {"updateDate": "20220608", "LLno": "C", "SSno": "20411", "Stext": "잉크, 페인트, 코팅제 및 유사제품 제조업", "SStext": "일반용 도료 및 관련제품 제조업", "Mtext": "기타 화학제품 제조업", "Lno": "20", "ipc_main": "C09D-004/00", "Mno": "204", "country_code": "KR", "Sno": "2041", "LLtext": "제조업(10~34)", "documentId": "kr20120066204a", "application_number": "1020120066204", "Ltext": "화학 물질 및 화학제품 제조업; 의약품 제외", "keyword": "도료관련제품제조/도료제조/도료/엘피앰/UV도료/부착력/조성물/올리고머/광개시제/모노머", "document_type": "A"}, {"updateDate": "20220608", "LLno": "C", "SSno": "20411", "Stext": "잉크, 페인트, 코팅제 및 유사제품 제조업", "SStext": "일반용 도료 및 관련제품 제조업", "Mtext": "기타 화학제품 제조업", "Lno": "20", "ipc_main": "C09D-001/00", "Mno": "204", "country_code": "KR", "Sno": "2041", "LLtext": "제조업(10~34)", "documentId": "kr20120087781b1", "application_number": "1020120087781", "Ltext": "화학 물질 및 화학제품 제조업; 의약품 제외", "keyword": "도료관련제품제조/도료제조/도료/자연경화/무기도료/도장/조성물/무기바인더/무기광물/알코올", "document_type": "B1"}, {"updateDate": "20220608", "LLno": "C", "SSno": "20411", "Stext": "잉크, 페인트, 코팅제 및 유사제품 제조업", "SStext": "일반용 도료 및 관련제품 제조업", "Mtext": "기타 화학제품 제조업", "Lno": "20", "ipc_main": "C09D-129/04", "Mno": "204", "country_code": "KR", "Sno": "2041", "LLtext": "제조업(10~34)", "documentId": "kr20120126712b1", "application_number": "1020120126712", "Ltext": "화학 물질 및 화학제품 제조업; 의약품 제외", "keyword": "도료관련제품제조/도료제조/도료/세라믹/마감바름재/수성도료/방법/팽윤토/올리고당/소포제", "document_type": "B1"}, {"updateDate": "20220608", "LLno": "C", "SSno": "20411", "Stext": "잉크, 페인트, 코팅제 및 유사제품 제조업", "SStext": "일반용 도료 및 관련제품 제조업", "Mtext": "기타 화학제품 제조업", "Lno": "20", "ipc_main": "C09D-004/02", "Mno": "204", "country_code": "KR", "Sno": "2041", "LLtext": "제조업(10~34)", "documentId": "kr20120137776b1", "application_number": "1020120137776", "Ltext": "화학 물질 및 화학제품 제조업; 의약품 제외", "keyword": "도료관련제품제조/도료제조/도료/게르마늄/친환경/단열성/조성물/아크릴모노머/에폭시화대두유/전기석", "document_type": "B1"}, {"updateDate": "20220608", "LLno": "C", "SSno": "20411", "Stext": "잉크, 페인트, 코팅제 및 유사제품 제조업", "SStext": "일반용 도료 및 관련제품 제조업", "Mtext": "기타 화학제품 제조업", "Lno": "20", "ipc_main": "C09D-175/04", "Mno": "204", "country_code": "KR", "Sno": "2041", "LLtext": "제조업(10~34)", "documentId": "kr20120155664a", "application_number": "1020120155664", "Ltext": "화학 물질 및 화학제품 제조업; 의약품 제외", "keyword": "도료관련제품제조/도료제조/도료/자동차/보수/서페이서/조성물/스티렌/프라이머/아나타제", "document_type": "A"}, {"updateDate": "20220608", "LLno": "C", "SSno": "20411", "Stext": "잉크, 페인트, 코팅제 및 유사제품 제조업", "SStext": "일반용 도료 및 관련제품 제조업", "Mtext": "기타 화학제품 제조업", "Lno": "20", "ipc_main": "C09D-005/16", "Mno": "204", "country_code": "KR", "Sno": "2041", "LLtext": "제조업(10~34)", "documentId": "kr20127020673b1", "application_number": "1020127020673", "Ltext": "화학 물질 및 화학제품 제조업; 의약품 제외", "keyword": "도료관련제품제조/도료제조/도막/방오도료/착색/건조막/방법/안료/알콕시기/페닐기", "document_type": "B1"}, {"updateDate": "20220608", "LLno": "C", "SSno": "20411", "Stext": "잉크, 페인트, 코팅제 및 유사제품 제조업", "SStext": "일반용 도료 및 관련제품 제조업", "Mtext": "기타 화학제품 제조업", "Lno": "20", "ipc_main": "C09D-133/04", "Mno": "204", "country_code": "KR", "Sno": "2041", "LLtext": "제조업(10~34)", "documentId": "kr20130019741b1", "application_number": "1020130019741", "Ltext": "화학 물질 및 화학제품 제조업; 의약품 제외", "keyword": "도료관련제품제조/도료제조/페인트/압광페인트/균열탐지/투명페인트/조성물/바인더/압광분말/아크릴레진", "document_type": "B1"}, {"updateDate": "20220608", "LLno": "C", "SSno": "20411", "Stext": "잉크, 페인트, 코팅제 및 유사제품 제조업", "SStext": "일반용 도료 및 관련제품 제조업", "Mtext": "기타 화학제품 제조업", "Lno": "20", "ipc_main": "C09D-175/02", "Mno": "204", "country_code": "KR", "Sno": "2041", "LLtext": "제조업(10~34)", "documentId": "kr20130064138b1", "application_number": "1020130064138", "Ltext": "화학 물질 및 화학제품 제조업; 의약품 제외", "keyword": "도료용제제조/도료제조/도료/수작업/폴리우레아/방수성/조성물/주제부/경화제부/페닐포름아미딘", "document_type": "B1"}, {"updateDate": "20220608", "LLno": "C", "SSno": "20411", "Stext": "잉크, 페인트, 코팅제 및 유사제품 제조업", "SStext": "일반용 도료 및 관련제품 제조업", "Mtext": "기타 화학제품 제조업", "Lno": "20", "ipc_main": "C09D-009/00", "Mno": "204", "country_code": "KR", "Sno": "2041", "LLtext": "제조업(10~34)", "documentId": "kr20130128626b1", "application_number": "1020130128626", "Ltext": "화학 물질 및 화학제품 제조업; 의약품 제외", "keyword": "도료관련제품제조/도료제조/페인트/박리제/페놀/친환경/조성물/디메틸설폭사이드/디베이직에스테르/증점제", "document_type": "B1"}, {"updateDate": "20220608", "LLno": "C", "SSno": "20411", "Stext": "잉크, 페인트, 코팅제 및 유사제품 제조업", "SStext": "일반용 도료 및 관련제품 제조업", "Mtext": "기타 화학제품 제조업", "Lno": "20", "ipc_main": "C09D-133/16", "Mno": "204", "country_code": "KR", "Sno": "2041", "LLtext": "제조업(10~34)", "documentId": "kr20137023733b1", "application_number": "1020137023733", "Ltext": "화학 물질 및 화학제품 제조업; 의약품 제외", "keyword": "도료관련제품제조/도료제조/페인트/이펙트/멀티코트칼라/베이스코트/방법/기판/폴리머막/클리어코트", "document_type": "B1"}, {"updateDate": "20220608", "LLno": "C", "SSno": "20411", "Stext": "잉크, 페인트, 코팅제 및 유사제품 제조업", "SStext": "일반용 도료 및 관련제품 제조업", "Mtext": "기타 화학제품 제조업", "Lno": "20", "ipc_main": "C09D-127/12", "Mno": "204", "country_code": "KR", "Sno": "2041", "LLtext": "제조업(10~34)", "documentId": "kr20137034060a", "application_number": "1020137034060", "Ltext": "화학 물질 및 화학제품 제조업; 의약품 제외", "keyword": "도료관련제품제조/도료제조/도료/유기용매/저장안정성/수성도료/조성물/카르복시기/에스테르화공정/불소", "document_type": "A"}, {"updateDate": "20220608", "LLno": "C", "SSno": "20411", "Stext": "잉크, 페인트, 코팅제 및 유사제품 제조업", "SStext": "일반용 도료 및 관련제품 제조업", "Mtext": "기타 화학제품 제조업", "Lno": "20", "ipc_main": "C09D-183/02", "Mno": "204", "country_code": "KR", "Sno": "2041", "LLtext": "제조업(10~34)", "documentId": "kr20140054543a", "application_number": "1020140054543", "Ltext": "화학 물질 및 화학제품 제조업; 의약품 제외", "keyword": "도료관련제품제조/도료제조/도료/오염방지/물/염산/조성물/에폭시실란/비닐실란/아세트산", "document_type": "A"}, {"updateDate": "20220608", "LLno": "C", "SSno": "20411", "Stext": "잉크, 페인트, 코팅제 및 유사제품 제조업", "SStext": "일반용 도료 및 관련제품 제조업", "Mtext": "기타 화학제품 제조업", "Lno": "20", "ipc_main": "C09D-167/02", "Mno": "204", "country_code": "KR", "Sno": "2041", "LLtext": "제조업(10~34)", "documentId": "kr20140152156a", "application_number": "1020140152156", "Ltext": "화학 물질 및 화학제품 제조업; 의약품 제외", "keyword": "도료관련제품제조/도료제조/페인트/산화아연입자/무독성/내부식성/조성물/안료/결합제/증점제", "document_type": "A"}, {"updateDate": "20220608", "LLno": "C", "SSno": "20411", "Stext": "잉크, 페인트, 코팅제 및 유사제품 제조업", "SStext": "일반용 도료 및 관련제품 제조업", "Mtext": "기타 화학제품 제조업", "Lno": "20", "ipc_main": "C09D-005/02", "Mno": "204", "country_code": "KR", "Sno": "2041", "LLtext": "제조업(10~34)", "documentId": "kr20147003154a", "application_number": "1020147003154", "Ltext": "화학 물질 및 화학제품 제조업; 의약품 제외", "keyword": "도료관련제품제조/도료제조/페인트/베이스코트/폴리머막/수성코트/방법/멀티코트/에틸/이소프로필", "document_type": "A"}, {"updateDate": "20220608", "LLno": "C", "SSno": "20411", "Stext": "잉크, 페인트, 코팅제 및 유사제품 제조업", "SStext": "일반용 도료 및 관련제품 제조업", "Mtext": "기타 화학제품 제조업", "Lno": "20", "ipc_main": "C09D-183/16", "Mno": "204", "country_code": "KR", "Sno": "2041", "LLtext": "제조업(10~34)", "documentId": "kr20150037203b1", "application_number": "1020150037203", "Ltext": "화학 물질 및 화학제품 제조업; 의약품 제외", "keyword": "도료관련제품제조/도료제조/코팅제/유리막/폴리실라잔/광택도/조성물/부틸아세테이트/경나프타/유기용제", "document_type": "B1"}, {"updateDate": "20220608", "LLno": "C", "SSno": "20411", "Stext": "잉크, 페인트, 코팅제 및 유사제품 제조업", "SStext": "일반용 도료 및 관련제품 제조업", "Mtext": "기타 화학제품 제조업", "Lno": "20", "ipc_main": "C09D-175/04", "Mno": "204", "country_code": "KR", "Sno": "2041", "LLtext": "제조업(10~34)", "documentId": "kr20150037285a", "application_number": "1020150037285", "Ltext": "화학 물질 및 화학제품 제조업; 의약품 제외", "keyword": "도료관련제품제조/도료제조/도료/자동차/보수/투명도료/조성물/아크릴폴리올/폴리에스테르디올/용제", "document_type": "A"}, {"updateDate": "20220608", "LLno": "C", "SSno": "20411", "Stext": "잉크, 페인트, 코팅제 및 유사제품 제조업", "SStext": "일반용 도료 및 관련제품 제조업", "Mtext": "기타 화학제품 제조업", "Lno": "20", "ipc_main": "C09D-175/04", "Mno": "204", "country_code": "KR", "Sno": "2041", "LLtext": "제조업(10~34)", "documentId": "kr20150061071a", "application_number": "1020150061071", "Ltext": "화학 물질 및 화학제품 제조업; 의약품 제외", "keyword": "도료관련제품제조/도료제조/페인트/방수페인트/음이온/원적외선/조성물/우레탄/합성제올라이트/파라핀왁스", "document_type": "A"}, {"updateDate": "20220608", "LLno": "C", "SSno": "20411", "Stext": "잉크, 페인트, 코팅제 및 유사제품 제조업", "SStext": "일반용 도료 및 관련제품 제조업", "Mtext": "기타 화학제품 제조업", "Lno": "20", "ipc_main": "C09D-005/32", "Mno": "204", "country_code": "KR", "Sno": "2041", "LLtext": "제조업(10~34)", "documentId": "kr20150110453b1", "application_number": "1020150110453", "Ltext": "화학 물질 및 화학제품 제조업; 의약품 제외", "keyword": "도료관련제품제조/도료제조/페인트/수맥파/제거/한약재/조성물/용골/약재/고량강", "document_type": "B1"}, {"updateDate": "20220608", "LLno": "C", "SSno": "20411", "Stext": "잉크, 페인트, 코팅제 및 유사제품 제조업", "SStext": "일반용 도료 및 관련제품 제조업", "Mtext": "기타 화학제품 제조업", "Lno": "20", "ipc_main": "C09D-004/06", "Mno": "204", "country_code": "KR", "Sno": "2041", "LLtext": "제조업(10~34)", "documentId": "kr20157007706a", "application_number": "1020157007706", "Ltext": "화학 물질 및 화학제품 제조업; 의약품 제외", "keyword": "도료관련제품제조/도료제조/페인트/멀티코트/포스파이트/결함수리/방법/베이스코트/클리어코트/필름", "document_type": "A"}, {"updateDate": "20220608", "LLno": "C", "SSno": "20411", "Stext": "잉크, 페인트, 코팅제 및 유사제품 제조업", "SStext": "일반용 도료 및 관련제품 제조업", "Mtext": "기타 화학제품 제조업", "Lno": "20", "ipc_main": "C09D-125/08", "Mno": "204", "country_code": "KR", "Sno": "2041", "LLtext": "제조업(10~34)", "documentId": "kr20160048283a", "application_number": "1020160048283", "Ltext": "화학 물질 및 화학제품 제조업; 의약품 제외", "keyword": "도료관련제품제조/도료제조/페인트/선재/흠표시/마킹작업성/조성물/아세톤/톨루엔/사이클로헥사논", "document_type": "A"}, {"updateDate": "20220608", "LLno": "C", "SSno": "20411", "Stext": "잉크, 페인트, 코팅제 및 유사제품 제조업", "SStext": "일반용 도료 및 관련제품 제조업", "Mtext": "기타 화학제품 제조업", "Lno": "20", "ipc_main": "C09D-001/00", "Mno": "204", "country_code": "KR", "Sno": "2041", "LLtext": "제조업(10~34)", "documentId": "kr20160096044b1", "application_number": "1020160096044", "Ltext": "화학 물질 및 화학제품 제조업; 의약품 제외", "keyword": "도료관련제품제조/도료제조/도료/세라믹/친환경/건조시간단축/조성물/실리카퓸/세라믹도기분말/게르마늄분말", "document_type": "B1"}, {"updateDate": "20220608", "LLno": "C", "SSno": "20411", "Stext": "잉크, 페인트, 코팅제 및 유사제품 제조업", "SStext": "일반용 도료 및 관련제품 제조업", "Mtext": "기타 화학제품 제조업", "Lno": "20", "ipc_main": "C09D-005/23", "Mno": "204", "country_code": "KR", "Sno": "2041", "LLtext": "제조업(10~34)", "documentId": "kr20160135880b1", "application_number": "1020160135880", "Ltext": "화학 물질 및 화학제품 제조업; 의약품 제외", "keyword": "도료관련제품제조/도료제조/도료/자성스크린보드/보드마카/빔프로젝터/조성물/자성금속입자/소광제/용제", "document_type": "B1"}, {"updateDate": "20220608", "LLno": "C", "SSno": "20411", "Stext": "잉크, 페인트, 코팅제 및 유사제품 제조업", "SStext": "일반용 도료 및 관련제품 제조업", "Mtext": "기타 화학제품 제조업", "Lno": "20", "ipc_main": "C09D-005/18", "Mno": "204", "country_code": "KR", "Sno": "2041", "LLtext": "제조업(10~34)", "documentId": "kr20160160117a", "application_number": "1020160160117", "Ltext": "화학 물질 및 화학제품 제조업; 의약품 제외", "keyword": "도료관련제품제조/도료제조/도료/이산화물/항균도료/비용절감/조성물/비스아연/이산화물/방염도료", "document_type": "A"}, {"updateDate": "20220608", "LLno": "C", "SSno": "20411", "Stext": "잉크, 페인트, 코팅제 및 유사제품 제조업", "SStext": "일반용 도료 및 관련제품 제조업", "Mtext": "기타 화학제품 제조업", "Lno": "20", "ipc_main": "C09D-005/44", "Mno": "204", "country_code": "KR", "Sno": "2041", "LLtext": "제조업(10~34)", "documentId": "kr20167015939a", "application_number": "1020167015939", "Ltext": "화학 물질 및 화학제품 제조업; 의약품 제외", "keyword": "도료관련제품제조/도료제조/페인트/침지페인트/전기영동/코팅/조성물/전기코트/기판/가교제", "document_type": "A"}, {"updateDate": "20220608", "LLno": "C", "SSno": "20411", "Stext": "잉크, 페인트, 코팅제 및 유사제품 제조업", "SStext": "일반용 도료 및 관련제품 제조업", "Mtext": "기타 화학제품 제조업", "Lno": "20", "ipc_main": "C09D-167/00", "Mno": "204", "country_code": "KR", "Sno": "2041", "LLtext": "제조업(10~34)", "documentId": "kr20167031550a", "application_number": "1020167031550", "Ltext": "화학 물질 및 화학제품 제조업; 의약품 제외", "keyword": "도료관련제품제조/도료제조/코팅제/충전제/래커/유기용매/조성물/광기전모듈/가교제/광안정화제", "document_type": "A"}, {"updateDate": "20220608", "LLno": "C", "SSno": "20411", "Stext": "잉크, 페인트, 코팅제 및 유사제품 제조업", "SStext": "일반용 도료 및 관련제품 제조업", "Mtext": "기타 화학제품 제조업", "Lno": "20", "ipc_main": "C09D-133/00", "Mno": "204", "country_code": "KR", "Sno": "2041", "LLtext": "제조업(10~34)", "documentId": "kr20170051730b1", "application_number": "1020170051730", "Ltext": "화학 물질 및 화학제품 제조업; 의약품 제외", "keyword": "도료관련제품제조/도료제조/도료/친환경/세균/녹방지/조성물/아크릴/에폭시수지/에틸렌글리콜", "document_type": "B1"}, {"updateDate": "20220608", "LLno": "C", "SSno": "20411", "Stext": "잉크, 페인트, 코팅제 및 유사제품 제조업", "SStext": "일반용 도료 및 관련제품 제조업", "Mtext": "기타 화학제품 제조업", "Lno": "20", "ipc_main": "C09D-125/06", "Mno": "204", "country_code": "KR", "Sno": "2041", "LLtext": "제조업(10~34)", "documentId": "kr20170066942a", "application_number": "1020170066942", "Ltext": "화학 물질 및 화학제품 제조업; 의약품 제외", "keyword": "도료관련제품제조/도료제조/도료/페인트/폴리스타이렌/단열성/조성물/메탄올/에나멜/산화액", "document_type": "A"}, {"updateDate": "20220608", "LLno": "C", "SSno": "20411", "Stext": "잉크, 페인트, 코팅제 및 유사제품 제조업", "SStext": "일반용 도료 및 관련제품 제조업", "Mtext": "기타 화학제품 제조업", "Lno": "20", "ipc_main": "C09D-133/00", "Mno": "204", "country_code": "KR", "Sno": "2041", "LLtext": "제조업(10~34)", "documentId": "kr20170121181b1", "application_number": "1020170121181", "Ltext": "화학 물질 및 화학제품 제조업; 의약품 제외", "keyword": "도료관련제품제조/도료제조/도료/차열도료/접착력/표면온도상승방지/조성물/수용성아크릴수지/글라스비드/중공세라믹", "document_type": "B1"}, {"updateDate": "20220608", "LLno": "C", "SSno": "20411", "Stext": "잉크, 페인트, 코팅제 및 유사제품 제조업", "SStext": "일반용 도료 및 관련제품 제조업", "Mtext": "기타 화학제품 제조업", "Lno": "20", "ipc_main": "C09D-121/00", "Mno": "204", "country_code": "KR", "Sno": "2041", "LLtext": "제조업(10~34)", "documentId": "kr20170134244b1", "application_number": "1020170134244", "Ltext": "화학 물질 및 화학제품 제조업; 의약품 제외", "keyword": "도료관련제품제조/도료제조/페인트/타이어/색선페인트/외관품질향상/조성물/합성고무/안료/점증제", "document_type": "B1"}, {"updateDate": "20220608", "LLno": "C", "SSno": "20411", "Stext": "잉크, 페인트, 코팅제 및 유사제품 제조업", "SStext": "일반용 도료 및 관련제품 제조업", "Mtext": "기타 화학제품 제조업", "Lno": "20", "ipc_main": "C09D-171/12", "Mno": "204", "country_code": "KR", "Sno": "2041", "LLtext": "제조업(10~34)", "documentId": "kr20177013301a", "application_number": "1020177013301", "Ltext": "화학 물질 및 화학제품 제조업; 의약품 제외", "keyword": "바니시제조/도료제조/바니시/케톤/경화성/점도/조성물/아세톤/메틸에틸케톤/미립자", "document_type": "A"}, {"updateDate": "20220608", "LLno": "C", "SSno": "20411", "Stext": "잉크, 페인트, 코팅제 및 유사제품 제조업", "SStext": "일반용 도료 및 관련제품 제조업", "Mtext": "기타 화학제품 제조업", "Lno": "20", "ipc_main": "C09D-133/04", "Mno": "204", "country_code": "KR", "Sno": "2041", "LLtext": "제조업(10~34)", "documentId": "kr20177017646b1", "application_number": "1020177017646", "Ltext": "화학 물질 및 화학제품 제조업; 의약품 제외", "keyword": "도료관련제품제조/도료제조/코팅제/금속미립자/분산매/바인더/조성물/모노머/올리고머/카복실기", "document_type": "B1"}, {"updateDate": "20220608", "LLno": "C", "SSno": "20411", "Stext": "잉크, 페인트, 코팅제 및 유사제품 제조업", "SStext": "일반용 도료 및 관련제품 제조업", "Mtext": "기타 화학제품 제조업", "Lno": "20", "ipc_main": "C09D-163/00", "Mno": "204", "country_code": "KR", "Sno": "2041", "LLtext": "제조업(10~34)", "documentId": "kr20177025177a", "application_number": "1020177025177", "Ltext": "화학 물질 및 화학제품 제조업; 의약품 제외", "keyword": "도료관련제품제조/도료제조/도료/2액형/도막/선박/조성물/에폭시/비스페놀/모노에폭사이드", "document_type": "A"}, {"updateDate": "20220608", "LLno": "C", "SSno": "20411", "Stext": "잉크, 페인트, 코팅제 및 유사제품 제조업", "SStext": "일반용 도료 및 관련제품 제조업", "Mtext": "기타 화학제품 제조업", "Lno": "20", "ipc_main": "C09D-005/16", "Mno": "204", "country_code": "KR", "Sno": "2041", "LLtext": "제조업(10~34)", "documentId": "kr20177025730a", "application_number": "1020177025730", "Ltext": "화학 물질 및 화학제품 제조업; 의약품 제외", "keyword": "도료관련제품제조/도료제조/페인트/오손방지금속산화물/발연실리카/점도/시스템/BET표면적/탬핑밀도/증점", "document_type": "A"}, {"updateDate": "20220608", "LLno": "C", "SSno": "20411", "Stext": "잉크, 페인트, 코팅제 및 유사제품 제조업", "SStext": "일반용 도료 및 관련제품 제조업", "Mtext": "기타 화학제품 제조업", "Lno": "20", "ipc_main": "C09D-007/00", "Mno": "204", "country_code": "KR", "Sno": "2041", "LLtext": "제조업(10~34)", "documentId": "kr20177030372a", "application_number": "1020177030372", "Ltext": "화학 물질 및 화학제품 제조업; 의약품 제외", "keyword": "도료관련제품제조/도료제조/페인트/수성액체/용매/수계/조성물/유기성분/금속염/다이알데하이드", "document_type": "A"}, {"updateDate": "20220608", "LLno": "C", "SSno": "20411", "Stext": "잉크, 페인트, 코팅제 및 유사제품 제조업", "SStext": "일반용 도료 및 관련제품 제조업", "Mtext": "기타 화학제품 제조업", "Lno": "20", "ipc_main": "C09D-143/04", "Mno": "204", "country_code": "KR", "Sno": "2041", "LLtext": "제조업(10~34)", "documentId": "kr20177030890a", "application_number": "1020177030890", "Ltext": "화학 물질 및 화학제품 제조업; 의약품 제외", "keyword": "도료관련제품제조/도료제조/도료/방오도료/메데토미딘/단량체/조성물/실릴에스테르/헤테로원자/탄소수", "document_type": "A"}, {"updateDate": "20220608", "LLno": "C", "SSno": "20411", "Stext": "잉크, 페인트, 코팅제 및 유사제품 제조업", "SStext": "일반용 도료 및 관련제품 제조업", "Mtext": "기타 화학제품 제조업", "Lno": "20", "ipc_main": "C09D-175/04", "Mno": "204", "country_code": "KR", "Sno": "2041", "LLtext": "제조업(10~34)", "documentId": "kr20180012283a", "application_number": "1020180012283", "Ltext": "화학 물질 및 화학제품 제조업; 의약품 제외", "keyword": "도료관련제품제조/도료제조/도료/1액형/인테리어/인체친화적/조성물/펩타이드/단량체/공중합체", "document_type": "A"}, {"updateDate": "20220608", "LLno": "C", "SSno": "20411", "Stext": "잉크, 페인트, 코팅제 및 유사제품 제조업", "SStext": "일반용 도료 및 관련제품 제조업", "Mtext": "기타 화학제품 제조업", "Lno": "20", "ipc_main": "C09D-133/08", "Mno": "204", "country_code": "KR", "Sno": "2041", "LLtext": "제조업(10~34)", "documentId": "kr20180019773b1", "application_number": "1020180019773", "Ltext": "화학 물질 및 화학제품 제조업; 의약품 제외", "keyword": "도료관련제품제조/도료제조/도료/세라믹도료/도장재/바닥재/조성물/아크릴레이트/계면활성제/칼라샌드", "document_type": "B1"}, {"updateDate": "20220608", "LLno": "C", "SSno": "20411", "Stext": "잉크, 페인트, 코팅제 및 유사제품 제조업", "SStext": "일반용 도료 및 관련제품 제조업", "Mtext": "기타 화학제품 제조업", "Lno": "20", "ipc_main": "C09D-163/00", "Mno": "204", "country_code": "KR", "Sno": "2041", "LLtext": "제조업(10~34)", "documentId": "kr20180045543a", "application_number": "1020180045543", "Ltext": "화학 물질 및 화학제품 제조업; 의약품 제외", "keyword": "도료관련제품제조/도료제조/도료/단열방진/박막코팅/접착력/조성물/비스페놀/에폭시/충진제", "document_type": "A"}, {"updateDate": "20220608", "LLno": "C", "SSno": "20411", "Stext": "잉크, 페인트, 코팅제 및 유사제품 제조업", "SStext": "일반용 도료 및 관련제품 제조업", "Mtext": "기타 화학제품 제조업", "Lno": "20", "ipc_main": "C09D-005/08", "Mno": "204", "country_code": "KR", "Sno": "2041", "LLtext": "제조업(10~34)", "documentId": "kr20180055993a", "application_number": "1020180055993", "Ltext": "화학 물질 및 화학제품 제조업; 의약품 제외", "keyword": "도료관련제품제조/도료제조/페인트/부식방지/테프론탑코팅제/전처리프라이머/조성물/그래핀/코팅제/그래핀필러", "document_type": "A"}, {"updateDate": "20220608", "LLno": "C", "SSno": "20411", "Stext": "잉크, 페인트, 코팅제 및 유사제품 제조업", "SStext": "일반용 도료 및 관련제품 제조업", "Mtext": "기타 화학제품 제조업", "Lno": "20", "ipc_main": "C09D-175/04", "Mno": "204", "country_code": "KR", "Sno": "2041", "LLtext": "제조업(10~34)", "documentId": "kr20180076972b1", "application_number": "1020180076972", "Ltext": "화학 물질 및 화학제품 제조업; 의약품 제외", "keyword": "도료관련제품제조/도료제조/폴리우레아/방수/유기용제/프라이머/방법/폴리우레탄/바닥조정층/이소시아네이트", "document_type": "B1"}, {"updateDate": "20220608", "LLno": "C", "SSno": "20411", "Stext": "잉크, 페인트, 코팅제 및 유사제품 제조업", "SStext": "일반용 도료 및 관련제품 제조업", "Mtext": "기타 화학제품 제조업", "Lno": "20", "ipc_main": "C09D-175/04", "Mno": "204", "country_code": "KR", "Sno": "2041", "LLtext": "제조업(10~34)", "documentId": "kr20180091492a", "application_number": "1020180091492", "Ltext": "화학 물질 및 화학제품 제조업; 의약품 제외", "keyword": "도료관련제품제조/도료제조/도료/차폐열도료/반사율/차폐성능/조성물/에폭시/폴리우레탄/차폐필러", "document_type": "A"}, {"updateDate": "20220608", "LLno": "C", "SSno": "20411", "Stext": "잉크, 페인트, 코팅제 및 유사제품 제조업", "SStext": "일반용 도료 및 관련제품 제조업", "Mtext": "기타 화학제품 제조업", "Lno": "20", "ipc_main": "C09D-001/00", "Mno": "204", "country_code": "KR", "Sno": "2041", "LLtext": "제조업(10~34)", "documentId": "kr20180110492b1", "application_number": "1020180110492", "Ltext": "화학 물질 및 화학제품 제조업; 의약품 제외", "keyword": "도료관련제품제조/도료제조/페인트/흙/허브/분말/방법/백토/옥/노량토", "document_type": "B1"}, {"updateDate": "20220608", "LLno": "C", "SSno": "20411", "Stext": "잉크, 페인트, 코팅제 및 유사제품 제조업", "SStext": "일반용 도료 및 관련제품 제조업", "Mtext": "기타 화학제품 제조업", "Lno": "20", "ipc_main": "C09D-163/00", "Mno": "204", "country_code": "KR", "Sno": "2041", "LLtext": "제조업(10~34)", "documentId": "kr20180166026b1", "application_number": "1020180166026", "Ltext": "화학 물질 및 화학제품 제조업; 의약품 제외", "keyword": "도료관련제품제조/도료제조/도료/유성도료/내약품성/방균성/조성물/자이렌/부틸셀로솔브/이소부탄올", "document_type": "B1"}, {"updateDate": "20220608", "LLno": "C", "SSno": "20411", "Stext": "잉크, 페인트, 코팅제 및 유사제품 제조업", "SStext": "일반용 도료 및 관련제품 제조업", "Mtext": "기타 화학제품 제조업", "Lno": "20", "ipc_main": "C09D-175/04", "Mno": "204", "country_code": "KR", "Sno": "2041", "LLtext": "제조업(10~34)", "documentId": "kr20187006425a", "application_number": "1020187006425", "Ltext": "화학 물질 및 화학제품 제조업; 의약품 제외", "keyword": "도료관련제품제조/도료제조/코팅/히드록시/아미노/가교제/조성물/폴리이소시아네이트/촉매/보조제", "document_type": "A"}, {"updateDate": "20220608", "LLno": "C", "SSno": "20411", "Stext": "잉크, 페인트, 코팅제 및 유사제품 제조업", "SStext": "일반용 도료 및 관련제품 제조업", "Mtext": "기타 화학제품 제조업", "Lno": "20", "ipc_main": "C09D-005/44", "Mno": "204", "country_code": "KR", "Sno": "2041", "LLtext": "제조업(10~34)", "documentId": "kr20187017392a", "application_number": "1020187017392", "Ltext": "화학 물질 및 화학제품 제조업; 의약품 제외", "keyword": "도료관련제품제조/도료제조/전착액/폴리머/유기용매/염기성화합물/조성물/폴리아미드이미드/절연피막/수분산형", "document_type": "A"}, {"updateDate": "20220608", "LLno": "C", "SSno": "20411", "Stext": "잉크, 페인트, 코팅제 및 유사제품 제조업", "SStext": "일반용 도료 및 관련제품 제조업", "Mtext": "기타 화학제품 제조업", "Lno": "20", "ipc_main": "C09D-005/16", "Mno": "204", "country_code": "KR", "Sno": "2041", "LLtext": "제조업(10~34)", "documentId": "kr20187037348a", "application_number": "1020187037348", "Ltext": "화학 물질 및 화학제품 제조업; 의약품 제외", "keyword": "도료관련제품제조/도료제조/도료/고속수류/방오도막/슬라임/조성물/아산화구리/구리피리싸이온/메데토미딘", "document_type": "A"}, {"updateDate": "20220608", "LLno": "C", "SSno": "20411", "Stext": "잉크, 페인트, 코팅제 및 유사제품 제조업", "SStext": "일반용 도료 및 관련제품 제조업", "Mtext": "기타 화학제품 제조업", "Lno": "20", "ipc_main": "C09D-001/00", "Mno": "204", "country_code": "KR", "Sno": "2041", "LLtext": "제조업(10~34)", "documentId": "kr20190002970b1", "application_number": "1020190002970", "Ltext": "화학 물질 및 화학제품 제조업; 의약품 제외", "keyword": "도료관련제품제조/도료제조/페인트/공기정화/친환경/항균성/방법/바인더/증점제/소포제", "document_type": "B1"}, {"updateDate": "20220608", "LLno": "C", "SSno": "20411", "Stext": "잉크, 페인트, 코팅제 및 유사제품 제조업", "SStext": "일반용 도료 및 관련제품 제조업", "Mtext": "기타 화학제품 제조업", "Lno": "20", "ipc_main": "C09D-175/14", "Mno": "204", "country_code": "KR", "Sno": "2041", "LLtext": "제조업(10~34)", "documentId": "kr20190006325a", "application_number": "1020190006325", "Ltext": "화학 물질 및 화학제품 제조업; 의약품 제외", "keyword": "도료관련제품제조/도료제조/도료/코팅도료/공중합체/트리메틸이소부테닐시클로헥센카르복실산/조성물/모노머/선박평형수/실릴메타크릴레이트", "document_type": "A"}, {"updateDate": "20220608", "LLno": "C", "SSno": "20411", "Stext": "잉크, 페인트, 코팅제 및 유사제품 제조업", "SStext": "일반용 도료 및 관련제품 제조업", "Mtext": "기타 화학제품 제조업", "Lno": "20", "ipc_main": "C09D-133/16", "Mno": "204", "country_code": "KR", "Sno": "2041", "LLtext": "제조업(10~34)", "documentId": "kr20190012783a", "application_number": "1020190012783", "Ltext": "화학 물질 및 화학제품 제조업; 의약품 제외", "keyword": "도료관련제품제조/도료제조/도료/노면표지/우천/시인성/조성물/착색안료/분산제/미분실리카", "document_type": "A"}, {"updateDate": "20220608", "LLno": "C", "SSno": "20411", "Stext": "잉크, 페인트, 코팅제 및 유사제품 제조업", "SStext": "일반용 도료 및 관련제품 제조업", "Mtext": "기타 화학제품 제조업", "Lno": "20", "ipc_main": "C09D-007/61", "Mno": "204", "country_code": "KR", "Sno": "2041", "LLtext": "제조업(10~34)", "documentId": "kr20190034065b1", "application_number": "1020190034065", "Ltext": "화학 물질 및 화학제품 제조업; 의약품 제외", "keyword": "도료관련제품제조/도료제조/도료/알루미늄실리케이트/방열성/분체도료/조성물/폴리에스터/에폭시/이산화규소", "document_type": "B1"}, {"updateDate": "20220608", "LLno": "C", "SSno": "20411", "Stext": "잉크, 페인트, 코팅제 및 유사제품 제조업", "SStext": "일반용 도료 및 관련제품 제조업", "Mtext": "기타 화학제품 제조업", "Lno": "20", "ipc_main": "C09D-133/08", "Mno": "204", "country_code": "KR", "Sno": "2041", "LLtext": "제조업(10~34)", "documentId": "kr20190041396b1", "application_number": "1020190041396", "Ltext": "화학 물질 및 화학제품 제조업; 의약품 제외", "keyword": "도료관련제품제조/도료제조/도료/탄성퍼티/아크릴수지/유리전이온도/조성물/케톤구조/광개시제/에멀젼", "document_type": "B1"}, {"updateDate": "20220608", "LLno": "C", "SSno": "20411", "Stext": "잉크, 페인트, 코팅제 및 유사제품 제조업", "SStext": "일반용 도료 및 관련제품 제조업", "Mtext": "기타 화학제품 제조업", "Lno": "20", "ipc_main": "C09D-007/62", "Mno": "204", "country_code": "KR", "Sno": "2041", "LLtext": "제조업(10~34)", "documentId": "kr20190050702a", "application_number": "1020190050702", "Ltext": "화학 물질 및 화학제품 제조업; 의약품 제외", "keyword": "도료관련제품제조/도료제조/도료/수소이온/감응/입자/조성물/무기계입자/표면개질제/지지체", "document_type": "A"}, {"updateDate": "20220608", "LLno": "C", "SSno": "20411", "Stext": "잉크, 페인트, 코팅제 및 유사제품 제조업", "SStext": "일반용 도료 및 관련제품 제조업", "Mtext": "기타 화학제품 제조업", "Lno": "20", "ipc_main": "C09D-197/02", "Mno": "204", "country_code": "KR", "Sno": "2041", "LLtext": "제조업(10~34)", "documentId": "kr20190056430a", "application_number": "1020190056430", "Ltext": "화학 물질 및 화학제품 제조업; 의약품 제외", "keyword": "도료관련제품제조/도료제조/페인트/한지질감/내장마감조성물/찹쌀분말/조성물/닥펄프/송진분말/무기안료", "document_type": "A"}, {"updateDate": "20220608", "LLno": "C", "SSno": "20411", "Stext": "잉크, 페인트, 코팅제 및 유사제품 제조업", "SStext": "일반용 도료 및 관련제품 제조업", "Mtext": "기타 화학제품 제조업", "Lno": "20", "ipc_main": "C09D-007/20", "Mno": "204", "country_code": "KR", "Sno": "2041", "LLtext": "제조업(10~34)", "documentId": "kr20190073858b1", "application_number": "1020190073858", "Ltext": "화학 물질 및 화학제품 제조업; 의약품 제외", "keyword": "도료관련제품제조/도료제조/도료/수지/용해력/상용성/조성물/톨루엔/아닐린점/포화탄화수소", "document_type": "B1"}, {"updateDate": "20220608", "LLno": "C", "SSno": "20411", "Stext": "잉크, 페인트, 코팅제 및 유사제품 제조업", "SStext": "일반용 도료 및 관련제품 제조업", "Mtext": "기타 화학제품 제조업", "Lno": "20", "ipc_main": "C09D-133/26", "Mno": "204", "country_code": "KR", "Sno": "2041", "LLtext": "제조업(10~34)", "documentId": "kr20190077724a", "application_number": "1020190077724", "Ltext": "화학 물질 및 화학제품 제조업; 의약품 제외", "keyword": "도료관련제품제조/도료제조/페인트/가교아크릴/도료/도막/방법/수계아크릴수지/실리카코어쉘구조체/1급아민", "document_type": "A"}, {"updateDate": "20220608", "LLno": "C", "SSno": "20411", "Stext": "잉크, 페인트, 코팅제 및 유사제품 제조업", "SStext": "일반용 도료 및 관련제품 제조업", "Mtext": "기타 화학제품 제조업", "Lno": "20", "ipc_main": "C09D-125/14", "Mno": "204", "country_code": "KR", "Sno": "2041", "LLtext": "제조업(10~34)", "documentId": "kr20190087849b1", "application_number": "1020190087849", "Ltext": "화학 물질 및 화학제품 제조업; 의약품 제외", "keyword": "도료관련제품제조/도료제조/도료/건축물/열교환/차열도료/조성물/공중합물/물/코발트", "document_type": "B1"}, {"updateDate": "20220608", "LLno": "C", "SSno": "20411", "Stext": "잉크, 페인트, 코팅제 및 유사제품 제조업", "SStext": "일반용 도료 및 관련제품 제조업", "Mtext": "기타 화학제품 제조업", "Lno": "20", "ipc_main": "C09D-133/10", "Mno": "204", "country_code": "KR", "Sno": "2041", "LLtext": "제조업(10~34)", "documentId": "kr20190089833b1", "application_number": "1020190089833", "Ltext": "화학 물질 및 화학제품 제조업; 의약품 제외", "keyword": "도료관련제품제조/도료제조/도료/광촉매/메타크릴레이트/유기용매/조성물/에스테르/철산화물/광활성", "document_type": "B1"}, {"updateDate": "20220608", "LLno": "C", "SSno": "20411", "Stext": "잉크, 페인트, 코팅제 및 유사제품 제조업", "SStext": "일반용 도료 및 관련제품 제조업", "Mtext": "기타 화학제품 제조업", "Lno": "20", "ipc_main": "C09D-183/06", "Mno": "204", "country_code": "KR", "Sno": "2041", "LLtext": "제조업(10~34)", "documentId": "kr20190126238b1", "application_number": "1020190126238", "Ltext": "화학 물질 및 화학제품 제조업; 의약품 제외", "keyword": "도료관련제품제조/도료제조/도료/에어로겔/불연도료/열전도율/조성물/실란화합물/실리카/충진제", "document_type": "B1"}, {"updateDate": "20220608", "LLno": "C", "SSno": "20411", "Stext": "잉크, 페인트, 코팅제 및 유사제품 제조업", "SStext": "일반용 도료 및 관련제품 제조업", "Mtext": "기타 화학제품 제조업", "Lno": "20", "ipc_main": "C09D-004/06", "Mno": "204", "country_code": "KR", "Sno": "2041", "LLtext": "제조업(10~34)", "documentId": "kr20190144042b1", "application_number": "1020190144042", "Ltext": "화학 물질 및 화학제품 제조업; 의약품 제외", "keyword": "도료관련제품제조/도료제조/도료/바닥재/무광도료/광경화형/조성물/아크릴레이트모노머/소광제/광개시제", "document_type": "B1"}, {"updateDate": "20220608", "LLno": "C", "SSno": "20411", "Stext": "잉크, 페인트, 코팅제 및 유사제품 제조업", "SStext": "일반용 도료 및 관련제품 제조업", "Mtext": "기타 화학제품 제조업", "Lno": "20", "ipc_main": "C09D-005/18", "Mno": "204", "country_code": "KR", "Sno": "2041", "LLtext": "제조업(10~34)", "documentId": "kr20190171662a", "application_number": "1020190171662", "Ltext": "화학 물질 및 화학제품 제조업; 의약품 제외", "keyword": "도료관련제품제조/도료제조/페인트/단열/방염/실링제/조성물/탈크/분산제/증점제", "document_type": "A"}, {"updateDate": "20220608", "LLno": "C", "SSno": "20411", "Stext": "잉크, 페인트, 코팅제 및 유사제품 제조업", "SStext": "일반용 도료 및 관련제품 제조업", "Mtext": "기타 화학제품 제조업", "Lno": "20", "ipc_main": "C09D-179/08", "Mno": "204", "country_code": "KR", "Sno": "2041", "LLtext": "제조업(10~34)", "documentId": "kr20197000277a", "application_number": "1020197000277", "Ltext": "화학 물질 및 화학제품 제조업; 의약품 제외", "keyword": "도료관련제품제조/도료제조/코팅/용매/폴리아미드이미드/용액/조성물/포르밀모르폴린/PAI화합물/에틸렌글리콜", "document_type": "A"}, {"updateDate": "20220608", "LLno": "C", "SSno": "20411", "Stext": "잉크, 페인트, 코팅제 및 유사제품 제조업", "SStext": "일반용 도료 및 관련제품 제조업", "Mtext": "기타 화학제품 제조업", "Lno": "20", "ipc_main": "C09D-143/02", "Mno": "204", "country_code": "KR", "Sno": "2041", "LLtext": "제조업(10~34)", "documentId": "kr20197004651a", "application_number": "1020197004651", "Ltext": "화학 물질 및 화학제품 제조업; 의약품 제외", "keyword": "도료관련제품제조/도료제조/코팅막/부착억제능/광학측정/공중합체/조성물/수소/탄소/알킬기", "document_type": "A"}, {"updateDate": "20220608", "LLno": "C", "SSno": "20411", "Stext": "잉크, 페인트, 코팅제 및 유사제품 제조업", "SStext": "일반용 도료 및 관련제품 제조업", "Mtext": "기타 화학제품 제조업", "Lno": "20", "ipc_main": "C09D-127/12", "Mno": "204", "country_code": "KR", "Sno": "2041", "LLtext": "제조업(10~34)", "documentId": "kr20197017481a", "application_number": "1020197017481", "Ltext": "화학 물질 및 화학제품 제조업; 의약품 제외", "keyword": "도료관련제품제조/도료제조/도료/함불소공중합체/용제/수지미립자/조성물/압축강도/막/부하력", "document_type": "A"}, {"updateDate": "20220608", "LLno": "C", "SSno": "20411", "Stext": "잉크, 페인트, 코팅제 및 유사제품 제조업", "SStext": "일반용 도료 및 관련제품 제조업", "Mtext": "기타 화학제품 제조업", "Lno": "20", "ipc_main": "C09D-183/06", "Mno": "204", "country_code": "KR", "Sno": "2041", "LLtext": "제조업(10~34)", "documentId": "kr20197028523b1", "application_number": "1020197028523", "Ltext": "화학 물질 및 화학제품 제조업; 의약품 제외", "keyword": "도료관련제품제조/도료제조/도료/보존안정성/도장금속판/실리콘레진/조성물/바인더수지/유기용제/화염처리", "document_type": "B1"}, {"updateDate": "20220608", "LLno": "C", "SSno": "20411", "Stext": "잉크, 페인트, 코팅제 및 유사제품 제조업", "SStext": "일반용 도료 및 관련제품 제조업", "Mtext": "기타 화학제품 제조업", "Lno": "20", "ipc_main": "C09D-127/06", "Mno": "204", "country_code": "KR", "Sno": "2041", "LLtext": "제조업(10~34)", "documentId": "kr20200093206b1", "application_number": "1020200093206", "Ltext": "화학 물질 및 화학제품 제조업; 의약품 제외", "keyword": "도료관련제품제조/도료제조/도료/도막층/박리/내구성/조성물/증점제/안료/소포제", "document_type": "B1"}, {"updateDate": "20220608", "LLno": "C", "SSno": "20411", "Stext": "잉크, 페인트, 코팅제 및 유사제품 제조업", "SStext": "일반용 도료 및 관련제품 제조업", "Mtext": "기타 화학제품 제조업", "Lno": "20", "ipc_main": "C09D-175/00", "Mno": "204", "country_code": "KR", "Sno": "2041", "LLtext": "제조업(10~34)", "documentId": "kr20207014392a", "application_number": "1020207014392", "Ltext": "화학 물질 및 화학제품 제조업; 의약품 제외", "keyword": "도료관련제품제조/도료제조/작용제/코팅/플라스틱/기판/시스템/프라이머/이소시아네이트/충전제", "document_type": "A"}, {"updateDate": "20220608", "LLno": "C", "SSno": "20411", "Stext": "잉크, 페인트, 코팅제 및 유사제품 제조업", "SStext": "일반용 도료 및 관련제품 제조업", "Mtext": "기타 화학제품 제조업", "Lno": "20", "ipc_main": "C09D-005/18", "Mno": "204", "country_code": "KR", "Sno": "2041", "LLtext": "제조업(10~34)", "documentId": "kr20210019067b1", "application_number": "1020210019067", "Ltext": "화학 물질 및 화학제품 제조업; 의약품 제외", "keyword": "도료관련제품제조/도료제조/페인트/내열/내화/바인더/조성물/실란아민/이산화티타늄/질화붕소", "document_type": "B1"}]}