{"dataset": [{"updateDate": "20220608", "LLno": "C", "SSno": "24311", "Stext": "철강 주조업", "SStext": "선철 주물 주조업", "Mtext": "금속 주조업", "Lno": "24", "ipc_main": "F24C-003/00", "Mno": "243", "country_code": "KR", "Sno": "2431", "LLtext": "제조업(10~34)", "documentId": "kr19950003947u", "application_number": "2019950003947", "Ltext": "1차 금속 제조업", "keyword": "선철주물제조/선철주물주조품제조/로스타그릴/가스로스터그릴/하우징/버너고정핀/장치/스파크플러그/점화장치/중판", "document_type": "U"}, {"updateDate": "20220608", "LLno": "C", "SSno": "24311", "Stext": "철강 주조업", "SStext": "선철 주물 주조업", "Mtext": "금속 주조업", "Lno": "24", "ipc_main": "A47J-037/06", "Mno": "243", "country_code": "KR", "Sno": "2431", "LLtext": "제조업(10~34)", "documentId": "kr19950007083u", "application_number": "2019950007083", "Ltext": "1차 금속 제조업", "keyword": "기계용가단주철주물제조/선철주물주조품제조/고기구이판/주철재/구이판/제적용이/방법/돌기/테두리부/구멍", "document_type": "U"}, {"updateDate": "20220608", "LLno": "C", "SSno": "24311", "Stext": "철강 주조업", "SStext": "선철 주물 주조업", "Mtext": "금속 주조업", "Lno": "24", "ipc_main": "B09B-001/00", "Mno": "243", "country_code": "KR", "Sno": "2431", "LLtext": "제조업(10~34)", "documentId": "kr19950013660y1", "application_number": "2019950013660", "Ltext": "1차 금속 제조업", "keyword": "기계용가단주철주물제조/가단주철주물제조/파쇄기/잔반/회전판/하우징/장치/내접톱니/벨트풀리/회전축", "document_type": "Y1"}, {"updateDate": "20220608", "LLno": "C", "SSno": "24311", "Stext": "철강 주조업", "SStext": "선철 주물 주조업", "Mtext": "금속 주조업", "Lno": "24", "ipc_main": "C22C-037/04", "Mno": "243", "country_code": "KR", "Sno": "2431", "LLtext": "제조업(10~34)", "documentId": "kr19950017410b1", "application_number": "1019950017410", "Ltext": "1차 금속 제조업", "keyword": "합금철주물주조/구상흑연주철주물제조/실린더라이너/기조합금/구상흑연/퍼얼라이트계주철/방법/구상퍼얼라이트침전물/시멘타이트/조직부", "document_type": "B1"}, {"updateDate": "20220608", "LLno": "C", "SSno": "24311", "Stext": "철강 주조업", "SStext": "선철 주물 주조업", "Mtext": "금속 주조업", "Lno": "24", "ipc_main": "F01N-007/18", "Mno": "243", "country_code": "KR", "Sno": "2431", "LLtext": "제조업(10~34)", "documentId": "kr19950025643a", "application_number": "1019950025643", "Ltext": "1차 금속 제조업", "keyword": "합금철주물주조/구상흑연주철주물제조/배기매니폴드/배기파이프/구상흑염주철/유해배기가스배출저감/방법/실린더/냉간압연강판/티타늄합금", "document_type": "A"}, {"updateDate": "20220608", "LLno": "C", "SSno": "24311", "Stext": "철강 주조업", "SStext": "선철 주물 주조업", "Mtext": "금속 주조업", "Lno": "24", "ipc_main": "C21C-005/46", "Mno": "243", "country_code": "KR", "Sno": "2431", "LLtext": "제조업(10~34)", "documentId": "kr19960021709u", "application_number": "2019960021709", "Ltext": "1차 금속 제조업", "keyword": "합금철주물주조/정밀합금철주물주조/전로합금철/합금철/전로/용강품질향상/장치/투입슈트/지지프레임/실린더", "document_type": "U"}, {"updateDate": "20220608", "LLno": "C", "SSno": "24311", "Stext": "철강 주조업", "SStext": "선철 주물 주조업", "Mtext": "금속 주조업", "Lno": "24", "ipc_main": "C22C-033/08", "Mno": "243", "country_code": "KR", "Sno": "2431", "LLtext": "제조업(10~34)", "documentId": "kr19970016503a", "application_number": "1019970016503", "Ltext": "1차 금속 제조업", "keyword": "합금철주물주조/회색선철주물제조/디스크플레이트/브레이크장치/합금회주철/제진성강화/방법/가열단계/급냉단계/공냉단계", "document_type": "A"}, {"updateDate": "20220608", "LLno": "C", "SSno": "24311", "Stext": "철강 주조업", "SStext": "선철 주물 주조업", "Mtext": "금속 주조업", "Lno": "24", "ipc_main": "B22D-017/00", "Mno": "243", "country_code": "KR", "Sno": "2431", "LLtext": "제조업(10~34)", "documentId": "kr19970031567a", "application_number": "1019970031567", "Ltext": "1차 금속 제조업", "keyword": "선철주물제조/기계용선철주물부품제조/조향너클/가압성형법/알루미늄주물성형체/주조불량개선/방법/빌렛/금형/알루미늄용해", "document_type": "A"}, {"updateDate": "20220608", "LLno": "C", "SSno": "24311", "Stext": "철강 주조업", "SStext": "선철 주물 주조업", "Mtext": "금속 주조업", "Lno": "24", "ipc_main": "F16D-051/00", "Mno": "243", "country_code": "KR", "Sno": "2431", "LLtext": "제조업(10~34)", "documentId": "kr19970064820b1", "application_number": "1019970064820", "Ltext": "1차 금속 제조업", "keyword": "기계용가단주철주물제조/기계용선철주물부품제조/브레이크드럼용재료/브레이크드럼/주철/마찰열흡수/방법/특수원소/원소/접촉부", "document_type": "B1"}, {"updateDate": "20220608", "LLno": "C", "SSno": "24311", "Stext": "철강 주조업", "SStext": "선철 주물 주조업", "Mtext": "금속 주조업", "Lno": "24", "ipc_main": "A47J-037/06", "Mno": "243", "country_code": "KR", "Sno": "2431", "LLtext": "제조업(10~34)", "documentId": "kr19980004612y1", "application_number": "2019980004612", "Ltext": "1차 금속 제조업", "keyword": "가단주철주물제조/선철주물제조/고기구이판/난로/화염통과공/스텐레스판/장치/구면돌출부/주연부/주철주물구이판", "document_type": "Y1"}, {"updateDate": "20220608", "LLno": "C", "SSno": "24311", "Stext": "철강 주조업", "SStext": "선철 주물 주조업", "Mtext": "금속 주조업", "Lno": "24", "ipc_main": "A47J-037/10", "Mno": "243", "country_code": "KR", "Sno": "2431", "LLtext": "제조업(10~34)", "documentId": "kr19980004623u", "application_number": "2019980004623", "Ltext": "1차 금속 제조업", "keyword": "기계용가단주철주물제조/가단주철주물제조/프라이팬/다층바닥프라이팬/바닥/열전도율/방법/수열금속판/중간층/저열금속판", "document_type": "U"}, {"updateDate": "20220608", "LLno": "C", "SSno": "24311", "Stext": "철강 주조업", "SStext": "선철 주물 주조업", "Mtext": "금속 주조업", "Lno": "24", "ipc_main": "F24B-001/182", "Mno": "243", "country_code": "KR", "Sno": "2431", "LLtext": "제조업(10~34)", "documentId": "kr19980009015a", "application_number": "1019980009015", "Ltext": "1차 금속 제조업", "keyword": "가단주철주물제조/난로부분품제조/목재용난로/젖은나무/난로/배기관/장치/내외체/망체형바구니/공기유통구", "document_type": "A"}, {"updateDate": "20220608", "LLno": "C", "SSno": "24311", "Stext": "철강 주조업", "SStext": "선철 주물 주조업", "Mtext": "금속 주조업", "Lno": "24", "ipc_main": "A47J-037/06", "Mno": "243", "country_code": "KR", "Sno": "2431", "LLtext": "제조업(10~34)", "documentId": "kr19980017777y1", "application_number": "2019980017777", "Ltext": "1차 금속 제조업", "keyword": "선철주물제조/선철주물주조품제조/고기구이판/구이판부/경사구조/기름배출/장치/외곽테두리부/기름배출홈/기름유출공", "document_type": "Y1"}, {"updateDate": "20220608", "LLno": "C", "SSno": "24311", "Stext": "철강 주조업", "SStext": "선철 주물 주조업", "Mtext": "금속 주조업", "Lno": "24", "ipc_main": "C22C-037/04", "Mno": "243", "country_code": "KR", "Sno": "2431", "LLtext": "제조업(10~34)", "documentId": "kr19980041934b1", "application_number": "1019980041934", "Ltext": "1차 금속 제조업", "keyword": "합금철주물주조/구상흑연주철주물제조/구상흑연주철/오스템퍼드/염욕로/냉각속도제어/방법/오스테나이트화/등온유지/공냉단계", "document_type": "B1"}, {"updateDate": "20220608", "LLno": "C", "SSno": "24311", "Stext": "철강 주조업", "SStext": "선철 주물 주조업", "Mtext": "금속 주조업", "Lno": "24", "ipc_main": "B22D-011/04", "Mno": "243", "country_code": "KR", "Sno": "2431", "LLtext": "제조업(10~34)", "documentId": "kr19980056862b1", "application_number": "1019980056862", "Ltext": "1차 금속 제조업", "keyword": "구상흑연주철주물제조/공작기계용선철주물부품제조/구상흑연주철재/제철소설비부품/선박용부품/생산효율/방법/흑연/용해로/구리몰드", "document_type": "B1"}, {"updateDate": "20220608", "LLno": "C", "SSno": "24311", "Stext": "철강 주조업", "SStext": "선철 주물 주조업", "Mtext": "금속 주조업", "Lno": "24", "ipc_main": "B23Q-015/00", "Mno": "243", "country_code": "KR", "Sno": "2431", "LLtext": "제조업(10~34)", "documentId": "kr19990003188a", "application_number": "1019990003188", "Ltext": "1차 금속 제조업", "keyword": "선철주물주조품제조/정밀선철주물주조품제조/피스톤/바이트/컴팩스바이트/정밀도향상/장치/실린더하우징/바이트홀더/밀봉링", "document_type": "A"}, {"updateDate": "20220608", "LLno": "C", "SSno": "24311", "Stext": "철강 주조업", "SStext": "선철 주물 주조업", "Mtext": "금속 주조업", "Lno": "24", "ipc_main": "A47J-037/06", "Mno": "243", "country_code": "KR", "Sno": "2431", "LLtext": "제조업(10~34)", "documentId": "kr19990004604u", "application_number": "2019990004604", "Ltext": "1차 금속 제조업", "keyword": "선철주물제조/선철주물주조품제조/구이판/구이부/후라이팬활용부/세라믹코팅/장치/돌기/양념구이부/테프론코팅층", "document_type": "U"}, {"updateDate": "20220608", "LLno": "C", "SSno": "24311", "Stext": "철강 주조업", "SStext": "선철 주물 주조업", "Mtext": "금속 주조업", "Lno": "24", "ipc_main": "C21D-005/00", "Mno": "243", "country_code": "KR", "Sno": "2431", "LLtext": "제조업(10~34)", "documentId": "kr19990021444a", "application_number": "1019990021444", "Ltext": "1차 금속 제조업", "keyword": "기계용가단주철주물제조/가단주철주물제조/특수주철의열처리방법/특수주철/내열특수주철/불량방지/방법/주물/열처리로속/온도구배", "document_type": "A"}, {"updateDate": "20220608", "LLno": "C", "SSno": "24311", "Stext": "철강 주조업", "SStext": "선철 주물 주조업", "Mtext": "금속 주조업", "Lno": "24", "ipc_main": "C22C-037/04", "Mno": "243", "country_code": "KR", "Sno": "2431", "LLtext": "제조업(10~34)", "documentId": "kr19990057777b1", "application_number": "1019990057777", "Ltext": "1차 금속 제조업", "keyword": "구상흑연주철주물제조/합금철주물주조/구상흑연주철/오스템퍼드/합금/경량화/방법/항온처리/오스테나이트화/열처리공정", "document_type": "B1"}, {"updateDate": "20220608", "LLno": "C", "SSno": "24311", "Stext": "철강 주조업", "SStext": "선철 주물 주조업", "Mtext": "금속 주조업", "Lno": "24", "ipc_main": "C22C-033/08", "Mno": "243", "country_code": "KR", "Sno": "2431", "LLtext": "제조업(10~34)", "documentId": "kr19990060345a", "application_number": "1019990060345", "Ltext": "1차 금속 제조업", "keyword": "구상흑연주철주물제조/회색선철주물제조/흑연주철/엔진용재료/회주철/경량화/방법/철/주철/몰드", "document_type": "A"}, {"updateDate": "20220608", "LLno": "C", "SSno": "24311", "Stext": "철강 주조업", "SStext": "선철 주물 주조업", "Mtext": "금속 주조업", "Lno": "24", "ipc_main": "B23P-006/02", "Mno": "243", "country_code": "KR", "Sno": "2431", "LLtext": "제조업(10~34)", "documentId": "kr20000001504a", "application_number": "1020000001504", "Ltext": "1차 금속 제조업", "keyword": "기계용가단주철주물제조/정밀합금철주물주조/실린더라이너/선박디젤엔진/주철/엔진실린더라이너/방법/위치고정공정/상온냉각공정/스프레이수축공정", "document_type": "A"}, {"updateDate": "20220608", "LLno": "C", "SSno": "24311", "Stext": "철강 주조업", "SStext": "선철 주물 주조업", "Mtext": "금속 주조업", "Lno": "24", "ipc_main": "E04G-009/10", "Mno": "243", "country_code": "KR", "Sno": "2431", "LLtext": "제조업(10~34)", "documentId": "kr20000003402a", "application_number": "1020000003402", "Ltext": "1차 금속 제조업", "keyword": "기계용선철주물부품제조/공작기계용선철주물부품제조/거푸집/목재/무쇠/노출콘크리트판넬/방법/석고주형/석고제주형/그라파이트", "document_type": "A"}, {"updateDate": "20220608", "LLno": "C", "SSno": "24311", "Stext": "철강 주조업", "SStext": "선철 주물 주조업", "Mtext": "금속 주조업", "Lno": "24", "ipc_main": "A47J-037/06", "Mno": "243", "country_code": "KR", "Sno": "2431", "LLtext": "제조업(10~34)", "documentId": "kr20000028147y1", "application_number": "2020000028147", "Ltext": "1차 금속 제조업", "keyword": "선철주물제조/가마솥제조/가마솥뚜껑/구이판/가마솥/기름배출용이/장치/손잡이/천공/금속판재", "document_type": "Y1"}, {"updateDate": "20220608", "LLno": "C", "SSno": "24311", "Stext": "철강 주조업", "SStext": "선철 주물 주조업", "Mtext": "금속 주조업", "Lno": "24", "ipc_main": "E03D-011/16", "Mno": "243", "country_code": "KR", "Sno": "2431", "LLtext": "제조업(10~34)", "documentId": "kr20000028533y1", "application_number": "2020000028533", "Ltext": "1차 금속 제조업", "keyword": "기계용가단주철주물제조/정밀선철주물주조품제조/슬리브/양변기/주철관/소음최소화/장치/배수관로/패킹/돌출부", "document_type": "Y1"}, {"updateDate": "20220608", "LLno": "C", "SSno": "24311", "Stext": "철강 주조업", "SStext": "선철 주물 주조업", "Mtext": "금속 주조업", "Lno": "24", "ipc_main": "A47J-027/00", "Mno": "243", "country_code": "KR", "Sno": "2431", "LLtext": "제조업(10~34)", "documentId": "kr20000033370y1", "application_number": "2020000033370", "Ltext": "1차 금속 제조업", "keyword": "선철주물주조품제조/가마솥제조/복합솥/바닥판부재/무쇠/결합력보강/장치/원판/벽면부재/솥귀부분", "document_type": "Y1"}, {"updateDate": "20220608", "LLno": "C", "SSno": "24311", "Stext": "철강 주조업", "SStext": "선철 주물 주조업", "Mtext": "금속 주조업", "Lno": "24", "ipc_main": "B23K-020/00", "Mno": "243", "country_code": "KR", "Sno": "2431", "LLtext": "제조업(10~34)", "documentId": "kr20000035809a", "application_number": "1020000035809", "Ltext": "1차 금속 제조업", "keyword": "기계용가단주철주물제조/가단주철주물제조/주철재/주철/용융접합/결함수정/방법/모재/접합부/용융소재", "document_type": "A"}, {"updateDate": "20220608", "LLno": "C", "SSno": "24311", "Stext": "철강 주조업", "SStext": "선철 주물 주조업", "Mtext": "금속 주조업", "Lno": "24", "ipc_main": "F16D-065/02", "Mno": "243", "country_code": "KR", "Sno": "2431", "LLtext": "제조업(10~34)", "documentId": "kr20000059970a", "application_number": "1020000059970", "Ltext": "1차 금속 제조업", "keyword": "기계용가단주철주물제조/공작기계용선철주물부품제조/브레이크디스크/주철재/알루미늄재질/경량화/장치/디스크본체/페이싱/체결공", "document_type": "A"}, {"updateDate": "20220608", "LLno": "C", "SSno": "24311", "Stext": "철강 주조업", "SStext": "선철 주물 주조업", "Mtext": "금속 주조업", "Lno": "24", "ipc_main": "B21B-027/00", "Mno": "243", "country_code": "KR", "Sno": "2431", "LLtext": "제조업(10~34)", "documentId": "kr20000075662a", "application_number": "1020000075662", "Ltext": "1차 금속 제조업", "keyword": "구상흑연주철주물제조/선철주물주조품제조/압연롤/압연기/작업롤/내마모성/방법/구상흑연주철/쉘부/코아", "document_type": "A"}, {"updateDate": "20220608", "LLno": "C", "SSno": "24311", "Stext": "철강 주조업", "SStext": "선철 주물 주조업", "Mtext": "금속 주조업", "Lno": "24", "ipc_main": "B22D-015/00", "Mno": "243", "country_code": "KR", "Sno": "2431", "LLtext": "제조업(10~34)", "documentId": "kr20000083988b1", "application_number": "1020000083988", "Ltext": "1차 금속 제조업", "keyword": "가단주철주물제조/기계용가단주철주물제조/실린더블록/라이너/주철재/실린더블록주조/방법/헤드페이스코어/워터자켓코어/런너부", "document_type": "B1"}, {"updateDate": "20220608", "LLno": "C", "SSno": "24311", "Stext": "철강 주조업", "SStext": "선철 주물 주조업", "Mtext": "금속 주조업", "Lno": "24", "ipc_main": "C22B-007/02", "Mno": "243", "country_code": "KR", "Sno": "2431", "LLtext": "제조업(10~34)", "documentId": "kr20007005025b1", "application_number": "1020007005025", "Ltext": "1차 금속 제조업", "keyword": "선철주물제조/기계용선철주물부품제조/액체선철/환원철/플랜트/폐가스세정/방법/환원가스/해면철/탄소캐리어", "document_type": "B1"}, {"updateDate": "20220608", "LLno": "C", "SSno": "24311", "Stext": "철강 주조업", "SStext": "선철 주물 주조업", "Mtext": "금속 주조업", "Lno": "24", "ipc_main": "F16L-055/00", "Mno": "243", "country_code": "KR", "Sno": "2431", "LLtext": "제조업(10~34)", "documentId": "kr20010029527a", "application_number": "1020010029527", "Ltext": "1차 금속 제조업", "keyword": "가단주철주물제조/기계용가단주철주물제조/밴드조인트/주철/배수용주철관/소음저하/방법/수구/신축성있는소재/연결할도", "document_type": "A"}, {"updateDate": "20220608", "LLno": "C", "SSno": "24311", "Stext": "철강 주조업", "SStext": "선철 주물 주조업", "Mtext": "금속 주조업", "Lno": "24", "ipc_main": "B22C-009/00", "Mno": "243", "country_code": "KR", "Sno": "2431", "LLtext": "제조업(10~34)", "documentId": "kr20010033807b1", "application_number": "1020010033807", "Ltext": "1차 금속 제조업", "keyword": "선철주물주조품제조/정밀선철주물주조품제조/금형주조방법/다이부/제품형상부/주물/방법/주물패턴/주철용탕/주강용탕", "document_type": "B1"}, {"updateDate": "20220608", "LLno": "C", "SSno": "24311", "Stext": "철강 주조업", "SStext": "선철 주물 주조업", "Mtext": "금속 주조업", "Lno": "24", "ipc_main": "C23C-028/00", "Mno": "243", "country_code": "KR", "Sno": "2431", "LLtext": "제조업(10~34)", "documentId": "kr20020060930a", "application_number": "1020020060930", "Ltext": "1차 금속 제조업", "keyword": "합금철주물주조/선철주물주조품제조/주철제품/주철재제품/동합금/방식효과/방법/동도금/락카에나멜수지층/알킬아민화합물피막층", "document_type": "A"}, {"updateDate": "20220608", "LLno": "C", "SSno": "24311", "Stext": "철강 주조업", "SStext": "선철 주물 주조업", "Mtext": "금속 주조업", "Lno": "24", "ipc_main": "E03F-003/06", "Mno": "243", "country_code": "KR", "Sno": "2431", "LLtext": "제조업(10~34)", "documentId": "kr20030016891y1", "application_number": "2020030016891", "Ltext": "1차 금속 제조업", "keyword": "가단주철주물제조/선철주물주조품제조/단부거푸집/박스형수로/패널/연속시공/장치/각파이프/고정수단/주철근연결부재", "document_type": "Y1"}, {"updateDate": "20220608", "LLno": "C", "SSno": "24311", "Stext": "철강 주조업", "SStext": "선철 주물 주조업", "Mtext": "금속 주조업", "Lno": "24", "ipc_main": "E03C-001/12", "Mno": "243", "country_code": "KR", "Sno": "2431", "LLtext": "제조업(10~34)", "documentId": "kr20030022821y1", "application_number": "2020030022821", "Ltext": "1차 금속 제조업", "keyword": "기계용가단주철주물제조/가단주철주물제조/배수관/베란다/양변기/주철용배수관연결장치/장치/커플링/주철용배수관/배수라인", "document_type": "Y1"}, {"updateDate": "20220608", "LLno": "C", "SSno": "24311", "Stext": "철강 주조업", "SStext": "선철 주물 주조업", "Mtext": "금속 주조업", "Lno": "24", "ipc_main": "B23K-020/12", "Mno": "243", "country_code": "KR", "Sno": "2431", "LLtext": "제조업(10~34)", "documentId": "kr20030026716a", "application_number": "1020030026716", "Ltext": "1차 금속 제조업", "keyword": "기계용가단주철주물제조/기계용선철주물부품제조/실린더라이너/실린더블록/주철재라이너/엔진효율/방법/구동축/유압테이블/주철재", "document_type": "A"}, {"updateDate": "20220608", "LLno": "C", "SSno": "24311", "Stext": "철강 주조업", "SStext": "선철 주물 주조업", "Mtext": "금속 주조업", "Lno": "24", "ipc_main": "E03F-005/02", "Mno": "243", "country_code": "KR", "Sno": "2431", "LLtext": "제조업(10~34)", "documentId": "kr20030065301b1", "application_number": "1020030065301", "Ltext": "1차 금속 제조업", "keyword": "정밀선철주물주조품제조/기계용선철주물부품제조/연결소켓/맨홀/우수통/배수관/장치/맨홀구멍/브래킷/링홈", "document_type": "B1"}, {"updateDate": "20220608", "LLno": "C", "SSno": "24311", "Stext": "철강 주조업", "SStext": "선철 주물 주조업", "Mtext": "금속 주조업", "Lno": "24", "ipc_main": "E03F-005/06", "Mno": "243", "country_code": "KR", "Sno": "2431", "LLtext": "제조업(10~34)", "documentId": "kr20040002876y1", "application_number": "2020040002876", "Ltext": "1차 금속 제조업", "keyword": "가단주철주물제조/기계용선철주물부품제조/맨홀뚜껑/맨홀상판/배수로/해충유입방지/장치/경사로/게이트/축봉", "document_type": "Y1"}, {"updateDate": "20220608", "LLno": "C", "SSno": "24311", "Stext": "철강 주조업", "SStext": "선철 주물 주조업", "Mtext": "금속 주조업", "Lno": "24", "ipc_main": "A47J-037/06", "Mno": "243", "country_code": "KR", "Sno": "2431", "LLtext": "제조업(10~34)", "documentId": "kr20040010552y1", "application_number": "2020040010552", "Ltext": "1차 금속 제조업", "keyword": "선철주물제조/가단주철주물제조/불판/고기구이용불판/주철/미세한기공/장치/구이영역/비구이영역/석쇠", "document_type": "Y1"}, {"updateDate": "20220608", "LLno": "C", "SSno": "24311", "Stext": "철강 주조업", "SStext": "선철 주물 주조업", "Mtext": "금속 주조업", "Lno": "24", "ipc_main": "A47J-027/08", "Mno": "243", "country_code": "KR", "Sno": "2431", "LLtext": "제조업(10~34)", "documentId": "kr20040013724a", "application_number": "1020040013724", "Ltext": "1차 금속 제조업", "keyword": "기계용가단주철주물제조/기계용선철주물부품제조/공기차단고무패킹/플라스틱뚜껑손잡이/압력밥솥뚜껑/화상방지/방법/실리콘/고무패킹/무쇠철류", "document_type": "A"}, {"updateDate": "20220608", "LLno": "C", "SSno": "24311", "Stext": "철강 주조업", "SStext": "선철 주물 주조업", "Mtext": "금속 주조업", "Lno": "24", "ipc_main": "B25B-011/00", "Mno": "243", "country_code": "KR", "Sno": "2431", "LLtext": "제조업(10~34)", "documentId": "kr20040110789a", "application_number": "1020040110789", "Ltext": "1차 금속 제조업", "keyword": "정밀선철주물주조품제조/가단주철주물제조/실린더블록/고정용지그/주철/균일성/장치/베이스플레이트/보어/위치결정볼", "document_type": "A"}, {"updateDate": "20220608", "LLno": "C", "SSno": "24311", "Stext": "철강 주조업", "SStext": "선철 주물 주조업", "Mtext": "금속 주조업", "Lno": "24", "ipc_main": "A47J-037/06", "Mno": "243", "country_code": "KR", "Sno": "2431", "LLtext": "제조업(10~34)", "documentId": "kr20050021166y1", "application_number": "2020050021166", "Ltext": "1차 금속 제조업", "keyword": "선철주물주조품제조/기계용가단주철주물제조/황토구이판/불꽃/숯/직화구이기능/장치/황토/유통구멍/미네랄성분", "document_type": "Y1"}, {"updateDate": "20220608", "LLno": "C", "SSno": "24311", "Stext": "철강 주조업", "SStext": "선철 주물 주조업", "Mtext": "금속 주조업", "Lno": "24", "ipc_main": "E02D-029/12", "Mno": "243", "country_code": "KR", "Sno": "2431", "LLtext": "제조업(10~34)", "documentId": "kr20050031351y1", "application_number": "2020050031351", "Ltext": "1차 금속 제조업", "keyword": "선철주물주조품제조/기계용가단주철주물제조/맨홀/부스박스/하부체/방수밀폐효과/장치/조작기/상부톨로/상부체", "document_type": "Y1"}, {"updateDate": "20220608", "LLno": "C", "SSno": "24311", "Stext": "철강 주조업", "SStext": "선철 주물 주조업", "Mtext": "금속 주조업", "Lno": "24", "ipc_main": "E03F-003/04", "Mno": "243", "country_code": "KR", "Sno": "2431", "LLtext": "제조업(10~34)", "documentId": "kr20050118740a", "application_number": "1020050118740", "Ltext": "1차 금속 제조업", "keyword": "기계용가단주철주물제조/가단주철주물제조/파이프/주철관/보강구조/합성수지제/장치/지지리브/조립요홈/조임구", "document_type": "A"}, {"updateDate": "20220608", "LLno": "C", "SSno": "24311", "Stext": "철강 주조업", "SStext": "선철 주물 주조업", "Mtext": "금속 주조업", "Lno": "24", "ipc_main": "C21C-005/46", "Mno": "243", "country_code": "KR", "Sno": "2431", "LLtext": "제조업(10~34)", "documentId": "kr20057006329a", "application_number": "1020057006329", "Ltext": "1차 금속 제조업", "keyword": "선철주물제조/선철주물주조품제조/야금처리/간격/피벗핀/클램핑/장치/물림쇠/선철/지지링", "document_type": "A"}, {"updateDate": "20220608", "LLno": "C", "SSno": "24311", "Stext": "철강 주조업", "SStext": "선철 주물 주조업", "Mtext": "금속 주조업", "Lno": "24", "ipc_main": "A47J-027/58", "Mno": "243", "country_code": "KR", "Sno": "2431", "LLtext": "제조업(10~34)", "documentId": "kr20060032052y1", "application_number": "2020060032052", "Ltext": "1차 금속 제조업", "keyword": "가단주철주물제조/선철주물주조품제조/범람물/범람물처리장치/주철/범람물받이/장치/가열기구/배출구/홈통", "document_type": "Y1"}, {"updateDate": "20220608", "LLno": "C", "SSno": "24311", "Stext": "철강 주조업", "SStext": "선철 주물 주조업", "Mtext": "금속 주조업", "Lno": "24", "ipc_main": "B29B-017/00", "Mno": "243", "country_code": "KR", "Sno": "2431", "LLtext": "제조업(10~34)", "documentId": "kr20060035638b1", "application_number": "1020060035638", "Ltext": "1차 금속 제조업", "keyword": "맨홀뚜껑제조/구상흑연주철주물제조/맨홀뚜껑/하수도맨홀뚜껑/폐자재/합성수지조합/장치/본체프레임/미끄럼방지돌기/손잡이부", "document_type": "B1"}, {"updateDate": "20220608", "LLno": "C", "SSno": "24311", "Stext": "철강 주조업", "SStext": "선철 주물 주조업", "Mtext": "금속 주조업", "Lno": "24", "ipc_main": "C08L-027/06", "Mno": "243", "country_code": "KR", "Sno": "2431", "LLtext": "제조업(10~34)", "documentId": "kr20060065778b1", "application_number": "1020060065778", "Ltext": "1차 금속 제조업", "keyword": "기계용가단주철주물제조/합금철주물주조/배수관/파이프/합성주철/배수소음방지/조성물/합성수지/광물질/안정제", "document_type": "B1"}, {"updateDate": "20220608", "LLno": "C", "SSno": "24311", "Stext": "철강 주조업", "SStext": "선철 주물 주조업", "Mtext": "금속 주조업", "Lno": "24", "ipc_main": "E03F-005/10", "Mno": "243", "country_code": "KR", "Sno": "2431", "LLtext": "제조업(10~34)", "documentId": "kr20070088656b1", "application_number": "1020070088656", "Ltext": "1차 금속 제조업", "keyword": "기계용가단주철주물제조/선철주물주조품제조/저류조구조물/주철판넬/연결수단/저류조축조/방법/걸림턱/조립홈/조인트", "document_type": "B1"}, {"updateDate": "20220608", "LLno": "C", "SSno": "24311", "Stext": "철강 주조업", "SStext": "선철 주물 주조업", "Mtext": "금속 주조업", "Lno": "24", "ipc_main": "A47J-036/04", "Mno": "243", "country_code": "KR", "Sno": "2431", "LLtext": "제조업(10~34)", "documentId": "kr20070114065a", "application_number": "1020070114065", "Ltext": "1차 금속 제조업", "keyword": "냄비제조/구상흑연주철주물제조/탄소성형체냄비/석탄피치/코크스분말/열전도성/장치/몸체/손잡이/피막층", "document_type": "A"}, {"updateDate": "20220608", "LLno": "C", "SSno": "24311", "Stext": "철강 주조업", "SStext": "선철 주물 주조업", "Mtext": "금속 주조업", "Lno": "24", "ipc_main": "F16L-021/04", "Mno": "243", "country_code": "KR", "Sno": "2431", "LLtext": "제조업(10~34)", "documentId": "kr20070125458b1", "application_number": "1020070125458", "Ltext": "1차 금속 제조업", "keyword": "기계용선철주물부품제조/가단주철주물제조/관연결소켓/주철관/관연결구조/이탈방지수단/장치/밀폐링/경사링/조임링", "document_type": "B1"}, {"updateDate": "20220608", "LLno": "C", "SSno": "24311", "Stext": "철강 주조업", "SStext": "선철 주물 주조업", "Mtext": "금속 주조업", "Lno": "24", "ipc_main": "F16L-019/02", "Mno": "243", "country_code": "KR", "Sno": "2431", "LLtext": "제조업(10~34)", "documentId": "kr20080011103u", "application_number": "2020080011103", "Ltext": "1차 금속 제조업", "keyword": "기계용선철주물부품제조/기계용가단주철주물제조/관이음쇠/기계식주철제/분체코팅층/부식방지/장치/합성수지캡/너트/이음쇠", "document_type": "U"}, {"updateDate": "20220608", "LLno": "C", "SSno": "24311", "Stext": "철강 주조업", "SStext": "선철 주물 주조업", "Mtext": "금속 주조업", "Lno": "24", "ipc_main": "B65G-015/62", "Mno": "243", "country_code": "KR", "Sno": "2431", "LLtext": "제조업(10~34)", "documentId": "kr20080015034b1", "application_number": "1020080015034", "Ltext": "1차 금속 제조업", "keyword": "선철주물주조품제조/선철주물제조/롤러스탠드/선철/캐리어/롤러교체/장치/베어링/회전판/프레임", "document_type": "B1"}, {"updateDate": "20220608", "LLno": "C", "SSno": "24311", "Stext": "철강 주조업", "SStext": "선철 주물 주조업", "Mtext": "금속 주조업", "Lno": "24", "ipc_main": "B22D-029/00", "Mno": "243", "country_code": "KR", "Sno": "2431", "LLtext": "제조업(10~34)", "documentId": "kr20080039794a", "application_number": "1020080039794", "Ltext": "1차 금속 제조업", "keyword": "선철주물주조품제조/선철주물제조/실링시스템/수도관/주철관홈/미세공/시스템/함침탱크/진공펌프/충전제탱크", "document_type": "A"}, {"updateDate": "20220608", "LLno": "C", "SSno": "24311", "Stext": "철강 주조업", "SStext": "선철 주물 주조업", "Mtext": "금속 주조업", "Lno": "24", "ipc_main": "A47J-036/04", "Mno": "243", "country_code": "KR", "Sno": "2431", "LLtext": "제조업(10~34)", "documentId": "kr20080044526b1", "application_number": "1020080044526", "Ltext": "1차 금속 제조업", "keyword": "구상흑연주철주물제조/선철주물주조품제조/발열세라믹용기/세라믹분말/인상흑연/생산성향상/방법/세라믹접착제/유약층/백자토", "document_type": "B1"}, {"updateDate": "20220608", "LLno": "C", "SSno": "24311", "Stext": "철강 주조업", "SStext": "선철 주물 주조업", "Mtext": "금속 주조업", "Lno": "24", "ipc_main": "G01K-013/02", "Mno": "243", "country_code": "KR", "Sno": "2431", "LLtext": "제조업(10~34)", "documentId": "kr20080061169b1", "application_number": "1020080061169", "Ltext": "1차 금속 제조업", "keyword": "정밀선철주물주조품제조/선철주물주조품제조/적하온도계측방법/조도센서/선철/가시광선감지/방법/철광석/도가니/가열로", "document_type": "B1"}, {"updateDate": "20220608", "LLno": "C", "SSno": "24311", "Stext": "철강 주조업", "SStext": "선철 주물 주조업", "Mtext": "금속 주조업", "Lno": "24", "ipc_main": "C22C-037/04", "Mno": "243", "country_code": "KR", "Sno": "2431", "LLtext": "제조업(10~34)", "documentId": "kr20080076035a", "application_number": "1020080076035", "Ltext": "1차 금속 제조업", "keyword": "구상흑연주철주물제조/기계용선철주물부품제조/구상흑연주철/배기계부품/불순물/열균열억제/방법/탄소/규소/알루미늄", "document_type": "A"}, {"updateDate": "20220608", "LLno": "C", "SSno": "24311", "Stext": "철강 주조업", "SStext": "선철 주물 주조업", "Mtext": "금속 주조업", "Lno": "24", "ipc_main": "B23K-035/30", "Mno": "243", "country_code": "KR", "Sno": "2431", "LLtext": "제조업(10~34)", "documentId": "kr20080080809a", "application_number": "1020080080809", "Ltext": "1차 금속 제조업", "keyword": "기계용선철주물부품제조/선철주물주조품제조/용접와이어/주철/스테인리스강/접합용용접와이어/방법/주철스테인리스강/와이어/용접", "document_type": "A"}, {"updateDate": "20220608", "LLno": "C", "SSno": "24311", "Stext": "철강 주조업", "SStext": "선철 주물 주조업", "Mtext": "금속 주조업", "Lno": "24", "ipc_main": "B23K-020/06", "Mno": "243", "country_code": "KR", "Sno": "2431", "LLtext": "제조업(10~34)", "documentId": "kr20087010453a", "application_number": "1020087010453", "Ltext": "1차 금속 제조업", "keyword": "기계용가단주철주물제조/선철주물주조품제조/주철부재/피복층/블로우/결함발생저감/방법/레이저조사/담금질층/구리원소", "document_type": "A"}, {"updateDate": "20220608", "LLno": "C", "SSno": "24311", "Stext": "철강 주조업", "SStext": "선철 주물 주조업", "Mtext": "금속 주조업", "Lno": "24", "ipc_main": "F04C-018/02", "Mno": "243", "country_code": "KR", "Sno": "2431", "LLtext": "제조업(10~34)", "documentId": "kr20087022856a", "application_number": "1020087022856", "Ltext": "1차 금속 제조업", "keyword": "기계용선철주물부품제조/기계용가단주철주물제조/압축기/레이저용접/주철/용가재/방법/접동부품/구성부품/용접", "document_type": "A"}, {"updateDate": "20220608", "LLno": "C", "SSno": "24311", "Stext": "철강 주조업", "SStext": "선철 주물 주조업", "Mtext": "금속 주조업", "Lno": "24", "ipc_main": "A47J-036/02", "Mno": "243", "country_code": "KR", "Sno": "2431", "LLtext": "제조업(10~34)", "documentId": "kr20090002761u", "application_number": "2020090002761", "Ltext": "1차 금속 제조업", "keyword": "선철주물주조품제조/가단주철주물제조/이중벽밥솥/주철/비철금속제/스텐레스스틸/장치/스텔레스스틸판재/배수구멍/하향적곡부", "document_type": "U"}, {"updateDate": "20220608", "LLno": "C", "SSno": "24311", "Stext": "철강 주조업", "SStext": "선철 주물 주조업", "Mtext": "금속 주조업", "Lno": "24", "ipc_main": "B61F-005/32", "Mno": "243", "country_code": "KR", "Sno": "2431", "LLtext": "제조업(10~34)", "documentId": "kr20090037162a", "application_number": "1020090037162", "Ltext": "1차 금속 제조업", "keyword": "구상흑연주철주물제조/가단주철주물제조/트럭/철도차량트럭/프레임/볼스터구비/장치/베어링/스프링군/격리섹션", "document_type": "A"}, {"updateDate": "20220608", "LLno": "C", "SSno": "24311", "Stext": "철강 주조업", "SStext": "선철 주물 주조업", "Mtext": "금속 주조업", "Lno": "24", "ipc_main": "A47J-036/04", "Mno": "243", "country_code": "KR", "Sno": "2431", "LLtext": "제조업(10~34)", "documentId": "kr20090067522b1", "application_number": "1020090067522", "Ltext": "1차 금속 제조업", "keyword": "선철주물주조품제조/기계용가단주철주물제조/가열조리기구/주철/강철/원적외선방사/장치/세라믹코팅층/법랑유약/법랑층", "document_type": "B1"}, {"updateDate": "20220608", "LLno": "C", "SSno": "24311", "Stext": "철강 주조업", "SStext": "선철 주물 주조업", "Mtext": "금속 주조업", "Lno": "24", "ipc_main": "B23P-015/00", "Mno": "243", "country_code": "KR", "Sno": "2431", "LLtext": "제조업(10~34)", "documentId": "kr20100008882a", "application_number": "1020100008882", "Ltext": "1차 금속 제조업", "keyword": "정밀선철주물주조품제조/가단주철주물제조/압륜제조방법/압륜/주철관홈/이탈방지/방법/몸체/접촉면/조임볼트", "document_type": "A"}, {"updateDate": "20220608", "LLno": "C", "SSno": "24311", "Stext": "철강 주조업", "SStext": "선철 주물 주조업", "Mtext": "금속 주조업", "Lno": "24", "ipc_main": "B22D-019/04", "Mno": "243", "country_code": "KR", "Sno": "2431", "LLtext": "제조업(10~34)", "documentId": "kr20100076857b1", "application_number": "1020100076857", "Ltext": "1차 금속 제조업", "keyword": "합금철주물주조/회색선철주물제조/브레이크드럼/회주철/브레이크제동면/승차감증대/장치/하우징/합금재질/경량합금", "document_type": "B1"}, {"updateDate": "20220608", "LLno": "C", "SSno": "24311", "Stext": "철강 주조업", "SStext": "선철 주물 주조업", "Mtext": "금속 주조업", "Lno": "24", "ipc_main": "A23N-012/10", "Mno": "243", "country_code": "KR", "Sno": "2431", "LLtext": "제조업(10~34)", "documentId": "kr20100081783a", "application_number": "1020100081783", "Ltext": "1차 금속 제조업", "keyword": "선철주물제조/가마솥제조/커피로스터/무쇠솥/생두/직화형커피로스터/장치/덮개/수납드럼/챔버", "document_type": "A"}, {"updateDate": "20220608", "LLno": "C", "SSno": "24311", "Stext": "철강 주조업", "SStext": "선철 주물 주조업", "Mtext": "금속 주조업", "Lno": "24", "ipc_main": "C22C-037/00", "Mno": "243", "country_code": "KR", "Sno": "2431", "LLtext": "제조업(10~34)", "documentId": "kr20107001507a", "application_number": "1020107001507", "Ltext": "1차 금속 제조업", "keyword": "구상흑연주철주물제조/가단주철주물제조/편상흑연주철/내연기관/흑연/가공성/방법/흑연함유비율/화학조성/불순물", "document_type": "A"}, {"updateDate": "20220608", "LLno": "C", "SSno": "24311", "Stext": "철강 주조업", "SStext": "선철 주물 주조업", "Mtext": "금속 주조업", "Lno": "24", "ipc_main": "B22D-019/16", "Mno": "243", "country_code": "KR", "Sno": "2431", "LLtext": "제조업(10~34)", "documentId": "kr20107022340b1", "application_number": "1020107022340", "Ltext": "1차 금속 제조업", "keyword": "선철주물주조품제조/기계용선철주물부품제조/콤퍼지트/작동부품/회주철바디/주형공동부분/방법/분할평면/주형공동부분/덕트", "document_type": "B1"}, {"updateDate": "20220608", "LLno": "C", "SSno": "24311", "Stext": "철강 주조업", "SStext": "선철 주물 주조업", "Mtext": "금속 주조업", "Lno": "24", "ipc_main": "F16D-065/12", "Mno": "243", "country_code": "KR", "Sno": "2431", "LLtext": "제조업(10~34)", "documentId": "kr20110074382a", "application_number": "1020110074382", "Ltext": "1차 금속 제조업", "keyword": "선철주물주조품제조/회색선철주물제조/브레이크디스크/디스크부/햇부/이종재질구성/장치/숫나사부/암나사부/회주철", "document_type": "A"}, {"updateDate": "20220608", "LLno": "C", "SSno": "24311", "Stext": "철강 주조업", "SStext": "선철 주물 주조업", "Mtext": "금속 주조업", "Lno": "24", "ipc_main": "F16D-069/02", "Mno": "243", "country_code": "KR", "Sno": "2431", "LLtext": "제조업(10~34)", "documentId": "kr20110112712a", "application_number": "1020110112712", "Ltext": "1차 금속 제조업", "keyword": "구상흑연주철주물제조/합금철주물주조/브레이크디스크/흑연주철/디스크/알루미늄합금/장치/마찰디스크/디스크햇/접촉면", "document_type": "A"}, {"updateDate": "20220608", "LLno": "C", "SSno": "24311", "Stext": "철강 주조업", "SStext": "선철 주물 주조업", "Mtext": "금속 주조업", "Lno": "24", "ipc_main": "F16D-065/10", "Mno": "243", "country_code": "KR", "Sno": "2431", "LLtext": "제조업(10~34)", "documentId": "kr20120022705b1", "application_number": "1020120022705", "Ltext": "1차 금속 제조업", "keyword": "기계용가단주철주물제조/기계용선철주물부품제조/브레이크드럼/드럼브레이크/드럼/방열능력/장치/브레이크슈/돌출부/선단부", "document_type": "B1"}, {"updateDate": "20220608", "LLno": "C", "SSno": "24311", "Stext": "철강 주조업", "SStext": "선철 주물 주조업", "Mtext": "금속 주조업", "Lno": "24", "ipc_main": "C21D-005/02", "Mno": "243", "country_code": "KR", "Sno": "2431", "LLtext": "제조업(10~34)", "documentId": "kr20120043061a", "application_number": "1020120043061", "Ltext": "1차 금속 제조업", "keyword": "선철주물주조품제조/선철주물제조/회주철부품/회주철/잔류응력/잔류응력제거/장치/로파트/산질화열처리/가진파트", "document_type": "A"}, {"updateDate": "20220608", "LLno": "C", "SSno": "24311", "Stext": "철강 주조업", "SStext": "선철 주물 주조업", "Mtext": "금속 주조업", "Lno": "24", "ipc_main": "C21D-005/02", "Mno": "243", "country_code": "KR", "Sno": "2431", "LLtext": "제조업(10~34)", "documentId": "kr20120044304a", "application_number": "1020120044304", "Ltext": "1차 금속 제조업", "keyword": "선철주물주조품제조/기계용가단주철주물제조/표면거칠기/회주철재/다공층/변형저감/방법/회주철부품/정삭/플라즈마이온질화", "document_type": "A"}, {"updateDate": "20220608", "LLno": "C", "SSno": "24311", "Stext": "철강 주조업", "SStext": "선철 주물 주조업", "Mtext": "금속 주조업", "Lno": "24", "ipc_main": "C22C-037/04", "Mno": "243", "country_code": "KR", "Sno": "2431", "LLtext": "제조업(10~34)", "documentId": "kr20120054347b1", "application_number": "1020120054347", "Ltext": "1차 금속 제조업", "keyword": "구상흑연주철주물제조/기계용선철주물부품제조/구상흑연주철/배기계용페라이트계/흑연주철/내산화성/방법/실리콘/마그네슘/구상화처리제", "document_type": "B1"}, {"updateDate": "20220608", "LLno": "C", "SSno": "24311", "Stext": "철강 주조업", "SStext": "선철 주물 주조업", "Mtext": "금속 주조업", "Lno": "24", "ipc_main": "A47J-037/06", "Mno": "243", "country_code": "KR", "Sno": "2431", "LLtext": "제조업(10~34)", "documentId": "kr20120085624a", "application_number": "1020120085624", "Ltext": "1차 금속 제조업", "keyword": "구상흑연주철주물제조/가단주철주물제조/직화석쇠불판/대나무숯모르타르/금속재질/단열층/장치/밀폐식파이프/보호판/잔넬", "document_type": "A"}, {"updateDate": "20220608", "LLno": "C", "SSno": "24311", "Stext": "철강 주조업", "SStext": "선철 주물 주조업", "Mtext": "금속 주조업", "Lno": "24", "ipc_main": "A47J-037/06", "Mno": "243", "country_code": "KR", "Sno": "2431", "LLtext": "제조업(10~34)", "documentId": "kr20120126633a", "application_number": "1020120126633", "Ltext": "1차 금속 제조업", "keyword": "가단주철주물제조/가단주물제조/고기구이판/구이판/주철/코팅층/장치/바디/베이스층/샌드블라스트처리층", "document_type": "A"}, {"updateDate": "20220608", "LLno": "C", "SSno": "24311", "Stext": "철강 주조업", "SStext": "선철 주물 주조업", "Mtext": "금속 주조업", "Lno": "24", "ipc_main": "B23C-003/00", "Mno": "243", "country_code": "KR", "Sno": "2431", "LLtext": "제조업(10~34)", "documentId": "kr20127012208a", "application_number": "1020127012208", "Ltext": "1차 금속 제조업", "keyword": "선철주물주조품제조/기계용가단주철주물제조/난삭주철/주철/피가공물/절삭가공/방법/절삭공구/절삭팁/소결체", "document_type": "A"}, {"updateDate": "20220608", "LLno": "C", "SSno": "24311", "Stext": "철강 주조업", "SStext": "선철 주물 주조업", "Mtext": "금속 주조업", "Lno": "24", "ipc_main": "C22C-037/10", "Mno": "243", "country_code": "KR", "Sno": "2431", "LLtext": "제조업(10~34)", "documentId": "kr20130025256a", "application_number": "1020130025256", "Ltext": "1차 금속 제조업", "keyword": "구상흑연주철주물제조/합금철주물주조/고정스크롤/선회/흑연주철/고정스크롤용흑연주철/방법/잔부/불순물/주철", "document_type": "A"}, {"updateDate": "20220608", "LLno": "C", "SSno": "24311", "Stext": "철강 주조업", "SStext": "선철 주물 주조업", "Mtext": "금속 주조업", "Lno": "24", "ipc_main": "C22C-037/00", "Mno": "243", "country_code": "KR", "Sno": "2431", "LLtext": "제조업(10~34)", "documentId": "kr20130102983b1", "application_number": "1020130102983", "Ltext": "1차 금속 제조업", "keyword": "구상흑연주철주물제조/가단주철주물제조/실린더라이너/편상흑연주철/디젤엔진고출력화/고강도확보/장치/흑연주철/탄화물/주철", "document_type": "B1"}, {"updateDate": "20220608", "LLno": "C", "SSno": "24311", "Stext": "철강 주조업", "SStext": "선철 주물 주조업", "Mtext": "금속 주조업", "Lno": "24", "ipc_main": "C04B-018/04", "Mno": "243", "country_code": "KR", "Sno": "2431", "LLtext": "제조업(10~34)", "documentId": "kr20130143874b1", "application_number": "1020130143874", "Ltext": "1차 금속 제조업", "keyword": "선철주물주조품제조/정밀선철주물주조품제조/고로슬래그/친환경채움재/건축자재/에코채움재/방법/선철/제지슬러지소각재/포졸란반응", "document_type": "B1"}, {"updateDate": "20220608", "LLno": "C", "SSno": "24311", "Stext": "철강 주조업", "SStext": "선철 주물 주조업", "Mtext": "금속 주조업", "Lno": "24", "ipc_main": "C23C-028/00", "Mno": "243", "country_code": "KR", "Sno": "2431", "LLtext": "제조업(10~34)", "documentId": "kr20130161700a", "application_number": "1020130161700", "Ltext": "1차 금속 제조업", "keyword": "합금철주물주조/정밀합금철주물주조/난삭재/초경합금/모재/밀착력개선/방법/박막층/계면층/하부층", "document_type": "A"}, {"updateDate": "20220608", "LLno": "C", "SSno": "24311", "Stext": "철강 주조업", "SStext": "선철 주물 주조업", "Mtext": "금속 주조업", "Lno": "24", "ipc_main": "B22F-003/12", "Mno": "243", "country_code": "KR", "Sno": "2431", "LLtext": "제조업(10~34)", "documentId": "kr20137000179a", "application_number": "1020137000179", "Ltext": "1차 금속 제조업", "keyword": "구상흑연주철주물제조/기계용선철주물부품제조/소결강/소결콤포넌트/칠드주철/내마모성/방법/윤활제/기계가공향상제/압축물", "document_type": "A"}, {"updateDate": "20220608", "LLno": "C", "SSno": "24311", "Stext": "철강 주조업", "SStext": "선철 주물 주조업", "Mtext": "금속 주조업", "Lno": "24", "ipc_main": "F16D-065/10", "Mno": "243", "country_code": "KR", "Sno": "2431", "LLtext": "제조업(10~34)", "documentId": "kr20150018172b1", "application_number": "1020150018172", "Ltext": "1차 금속 제조업", "keyword": "구상흑연주철주물제조/합금철주물주조/드럼브레이크/브레이크드럼/회전캠/제동력발생/장치/제동부/허브/볼트체결부", "document_type": "B1"}, {"updateDate": "20220608", "LLno": "C", "SSno": "24311", "Stext": "철강 주조업", "SStext": "선철 주물 주조업", "Mtext": "금속 주조업", "Lno": "24", "ipc_main": "B22D-019/00", "Mno": "243", "country_code": "KR", "Sno": "2431", "LLtext": "제조업(10~34)", "documentId": "kr20150174491a", "application_number": "1020150174491", "Ltext": "1차 금속 제조업", "keyword": "구상흑연주철주물제조/기계용가단주철주물제조/브레이크디스크/주철/관통홀/주제동파트/방법/주조단계/햇파트/취출단계", "document_type": "A"}, {"updateDate": "20220608", "LLno": "C", "SSno": "24311", "Stext": "철강 주조업", "SStext": "선철 주물 주조업", "Mtext": "금속 주조업", "Lno": "24", "ipc_main": "C21B-007/16", "Mno": "243", "country_code": "KR", "Sno": "2431", "LLtext": "제조업(10~34)", "documentId": "kr20157006957b1", "application_number": "1020157006957", "Ltext": "1차 금속 제조업", "keyword": "선철주물주조품제조/기계용선철주물부품제조/블로우파이프/고로설비/블로우파이프구조/슬래그부착억제/장치/열풍/미분탄/인젝션랜스", "document_type": "B1"}, {"updateDate": "20220608", "LLno": "C", "SSno": "24311", "Stext": "철강 주조업", "SStext": "선철 주물 주조업", "Mtext": "금속 주조업", "Lno": "24", "ipc_main": "C21C-001/10", "Mno": "243", "country_code": "KR", "Sno": "2431", "LLtext": "제조업(10~34)", "documentId": "kr20157019343a", "application_number": "1020157019343", "Ltext": "1차 금속 제조업", "keyword": "구상흑연주철주물제조/기계용가단주철주물제조/구상흑연주철/흑연/구상화제/청키흑연정출/방법/용탕/구상화처리/불순물", "document_type": "A"}, {"updateDate": "20220608", "LLno": "C", "SSno": "24311", "Stext": "철강 주조업", "SStext": "선철 주물 주조업", "Mtext": "금속 주조업", "Lno": "24", "ipc_main": "C22C-037/04", "Mno": "243", "country_code": "KR", "Sno": "2431", "LLtext": "제조업(10~34)", "documentId": "kr20157036535a", "application_number": "1020157036535", "Ltext": "1차 금속 제조업", "keyword": "구상흑연주철주물제조/선철주물제조/구상흑연주철/흑연/주철/인장강도/방법/불순물/흑연주철/신장", "document_type": "A"}, {"updateDate": "20220608", "LLno": "C", "SSno": "24311", "Stext": "철강 주조업", "SStext": "선철 주물 주조업", "Mtext": "금속 주조업", "Lno": "24", "ipc_main": "E04C-003/34", "Mno": "243", "country_code": "KR", "Sno": "2431", "LLtext": "제조업(10~34)", "documentId": "kr20160008841b1", "application_number": "1020160008841", "Ltext": "1차 금속 제조업", "keyword": "기계용가단주철주물제조/기계용선철주물부품제조/선조립구조물/철근콘크리트/골조/결합력/방법/주철근/띠철근/마감패널", "document_type": "B1"}, {"updateDate": "20220608", "LLno": "C", "SSno": "24311", "Stext": "철강 주조업", "SStext": "선철 주물 주조업", "Mtext": "금속 주조업", "Lno": "24", "ipc_main": "A47J-037/10", "Mno": "243", "country_code": "KR", "Sno": "2431", "LLtext": "제조업(10~34)", "documentId": "kr20160098413a", "application_number": "1020160098413", "Ltext": "1차 금속 제조업", "keyword": "선철주물제조/선철주물주조품제조/무쇠팬조리기구/무쇠/무쇠팬조리기구/관통배관/장치/무쇠팬/중심축/관통", "document_type": "A"}, {"updateDate": "20220608", "LLno": "C", "SSno": "24311", "Stext": "철강 주조업", "SStext": "선철 주물 주조업", "Mtext": "금속 주조업", "Lno": "24", "ipc_main": "C21C-007/00", "Mno": "243", "country_code": "KR", "Sno": "2431", "LLtext": "제조업(10~34)", "documentId": "kr20160100251b1", "application_number": "1020160100251", "Ltext": "1차 금속 제조업", "keyword": "합금철주물주조/정밀합금철주물주조/합금강/합금철공급부/합금철용해/온도저하억제/장치/용융부/합금철저장기/레벨측정기", "document_type": "B1"}, {"updateDate": "20220608", "LLno": "C", "SSno": "24311", "Stext": "철강 주조업", "SStext": "선철 주물 주조업", "Mtext": "금속 주조업", "Lno": "24", "ipc_main": "B21B-027/02", "Mno": "243", "country_code": "KR", "Sno": "2431", "LLtext": "제조업(10~34)", "documentId": "kr20167008308a", "application_number": "1020167008308", "Ltext": "1차 금속 제조업", "keyword": "기계용가단주철주물제조/가단주철주물제조/복합롤/외층/덕타일주철/원심주조제/방법/열간압연용복합롤/탄화물/불순물", "document_type": "A"}, {"updateDate": "20220608", "LLno": "C", "SSno": "24311", "Stext": "철강 주조업", "SStext": "선철 주물 주조업", "Mtext": "금속 주조업", "Lno": "24", "ipc_main": "C21D-009/08", "Mno": "243", "country_code": "KR", "Sno": "2431", "LLtext": "제조업(10~34)", "documentId": "kr20170134629a", "application_number": "1020170134629", "Ltext": "1차 금속 제조업", "keyword": "기계용가단주철주물제조/가단주철주물제조/실린더라이너/내연기관/실린더블럭/피스톤접동/방법/고온가열단계/항온유지단계/냉각단계", "document_type": "A"}, {"updateDate": "20220608", "LLno": "C", "SSno": "24311", "Stext": "철강 주조업", "SStext": "선철 주물 주조업", "Mtext": "금속 주조업", "Lno": "24", "ipc_main": "F02F-007/00", "Mno": "243", "country_code": "KR", "Sno": "2431", "LLtext": "제조업(10~34)", "documentId": "kr20170181244a", "application_number": "1020170181244", "Ltext": "1차 금속 제조업", "keyword": "기계용가단주철주물제조/가단주철주물제조/주철인서트/쓰러스트베어링/엔진베드플레이트/함몰방지/방법/본체프레임/지지대/노출부", "document_type": "A"}, {"updateDate": "20220608", "LLno": "C", "SSno": "24311", "Stext": "철강 주조업", "SStext": "선철 주물 주조업", "Mtext": "금속 주조업", "Lno": "24", "ipc_main": "F16D-069/02", "Mno": "243", "country_code": "KR", "Sno": "2431", "LLtext": "제조업(10~34)", "documentId": "kr20177032460a", "application_number": "1020177032460", "Ltext": "1차 금속 제조업", "keyword": "선철주물주조품제조/기계용가단주철주물제조/브레이크패드/금속섬유/결합제/마찰개질제/방법/윤활제/충전제/연마제", "document_type": "A"}, {"updateDate": "20220608", "LLno": "C", "SSno": "24311", "Stext": "철강 주조업", "SStext": "선철 주물 주조업", "Mtext": "금속 주조업", "Lno": "24", "ipc_main": "C21C-001/10", "Mno": "243", "country_code": "KR", "Sno": "2431", "LLtext": "제조업(10~34)", "documentId": "kr20177035909b1", "application_number": "1020177035909", "Ltext": "1차 금속 제조업", "keyword": "기계용가단주철주물제조/가단주철주물제조/주철용탕처리방법/접종제/불순물/주철용탕처리/방법/용탕/접종처리/주철용탕", "document_type": "B1"}, {"updateDate": "20220608", "LLno": "C", "SSno": "24311", "Stext": "철강 주조업", "SStext": "선철 주물 주조업", "Mtext": "금속 주조업", "Lno": "24", "ipc_main": "C22C-037/08", "Mno": "243", "country_code": "KR", "Sno": "2431", "LLtext": "제조업(10~34)", "documentId": "kr20180002378a", "application_number": "1020180002378", "Ltext": "1차 금속 제조업", "keyword": "합금철주물주조/기계용가단주철주물제조/고크롬주철/주철/합금조성물/내마모성/방법/불순물/합금조성/고크롬", "document_type": "A"}, {"updateDate": "20220608", "LLno": "C", "SSno": "24311", "Stext": "철강 주조업", "SStext": "선철 주물 주조업", "Mtext": "금속 주조업", "Lno": "24", "ipc_main": "B22D-007/06", "Mno": "243", "country_code": "KR", "Sno": "2431", "LLtext": "제조업(10~34)", "documentId": "kr20180011716a", "application_number": "1020180011716", "Ltext": "1차 금속 제조업", "keyword": "구상흑연주철주물제조/회색선철주물제조/인고트/시브이인고트/흑연주철/수명향상/장치/탄소/규소/마그네슘", "document_type": "A"}, {"updateDate": "20220608", "LLno": "C", "SSno": "24311", "Stext": "철강 주조업", "SStext": "선철 주물 주조업", "Mtext": "금속 주조업", "Lno": "24", "ipc_main": "C25D-005/14", "Mno": "243", "country_code": "KR", "Sno": "2431", "LLtext": "제조업(10~34)", "documentId": "kr20180070733a", "application_number": "1020180070733", "Ltext": "1차 금속 제조업", "keyword": "선철주물주조품제조/기계용선철주물부품제조/자전거체인/도금/반광택니켈/내식성/장치/탄소강/광택니켈/크롬도금피막", "document_type": "A"}, {"updateDate": "20220608", "LLno": "C", "SSno": "24311", "Stext": "철강 주조업", "SStext": "선철 주물 주조업", "Mtext": "금속 주조업", "Lno": "24", "ipc_main": "F16D-065/12", "Mno": "243", "country_code": "KR", "Sno": "2431", "LLtext": "제조업(10~34)", "documentId": "kr20180074431a", "application_number": "1020180074431", "Ltext": "1차 금속 제조업", "keyword": "기계용가단주철주물제조/가단주철주물제조/브레이크디스크/디스크로터/디스크허브/체결력향상/장치/결합공/허브중앙홀/프랜지", "document_type": "A"}, {"updateDate": "20220608", "LLno": "C", "SSno": "24311", "Stext": "철강 주조업", "SStext": "선철 주물 주조업", "Mtext": "금속 주조업", "Lno": "24", "ipc_main": "B21D-011/06", "Mno": "243", "country_code": "KR", "Sno": "2431", "LLtext": "제조업(10~34)", "documentId": "kr20180086146b1", "application_number": "1020180086146", "Ltext": "1차 금속 제조업", "keyword": "건축용주철주물제품제조/기계용선철주물부품제조/콘크리트기둥/성형틀/장착부/제어부/장치/이동부/주철근/결속부", "document_type": "B1"}, {"updateDate": "20220608", "LLno": "C", "SSno": "24311", "Stext": "철강 주조업", "SStext": "선철 주물 주조업", "Mtext": "금속 주조업", "Lno": "24", "ipc_main": "C21B-005/00", "Mno": "243", "country_code": "KR", "Sno": "2431", "LLtext": "제조업(10~34)", "documentId": "kr20180146559a", "application_number": "1020180146559", "Ltext": "1차 금속 제조업", "keyword": "선철주물제조/선철주물주조품제조/선철제조방법/철광석/코크스/선철제조/방법/열보존대/고로/환원가스", "document_type": "A"}, {"updateDate": "20220608", "LLno": "C", "SSno": "24311", "Stext": "철강 주조업", "SStext": "선철 주물 주조업", "Mtext": "금속 주조업", "Lno": "24", "ipc_main": "A47J-027/14", "Mno": "243", "country_code": "KR", "Sno": "2431", "LLtext": "제조업(10~34)", "documentId": "kr20180158982b1", "application_number": "1020180158982", "Ltext": "1차 금속 제조업", "keyword": "가마솥제조/선철주물주조품제조/조임온도센서/주물/솥/온도측정/장치/주물내솥/버너제어부/센서헤드봉", "document_type": "B1"}, {"updateDate": "20220608", "LLno": "C", "SSno": "24311", "Stext": "철강 주조업", "SStext": "선철 주물 주조업", "Mtext": "금속 주조업", "Lno": "24", "ipc_main": "B22D-031/00", "Mno": "243", "country_code": "KR", "Sno": "2431", "LLtext": "제조업(10~34)", "documentId": "kr20180163820a", "application_number": "1020180163820", "Ltext": "1차 금속 제조업", "keyword": "정밀선철주물주조품제조/기계용가단주철주물제조/절삭장치/주조물/클램프장치/정밀절삭/장치/작업테이블/레일/승강함체", "document_type": "A"}, {"updateDate": "20220608", "LLno": "C", "SSno": "24311", "Stext": "철강 주조업", "SStext": "선철 주물 주조업", "Mtext": "금속 주조업", "Lno": "24", "ipc_main": "F21S-045/47", "Mno": "243", "country_code": "KR", "Sno": "2431", "LLtext": "제조업(10~34)", "documentId": "kr20180170178b1", "application_number": "1020180170178", "Ltext": "1차 금속 제조업", "keyword": "구상흑연주철주물제조/기계용선철주물부품제조/차량용램프/탄소계소재/방열구조체/열전도도/장치/전기전도층/절연본딩시트/표면부", "document_type": "B1"}, {"updateDate": "20220608", "LLno": "C", "SSno": "24311", "Stext": "철강 주조업", "SStext": "선철 주물 주조업", "Mtext": "금속 주조업", "Lno": "24", "ipc_main": "B22C-009/03", "Mno": "243", "country_code": "KR", "Sno": "2431", "LLtext": "제조업(10~34)", "documentId": "kr20187003443a", "application_number": "1020187003443", "Ltext": "1차 금속 제조업", "keyword": "가단주철주물제조/기계용가단주철주물제조/주철주물/주철/주물/법랑처리/방법/온도감지기/고정흡인장치/가동흡인장치", "document_type": "A"}, {"updateDate": "20220608", "LLno": "C", "SSno": "24311", "Stext": "철강 주조업", "SStext": "선철 주물 주조업", "Mtext": "금속 주조업", "Lno": "24", "ipc_main": "A47J-036/04", "Mno": "243", "country_code": "KR", "Sno": "2431", "LLtext": "제조업(10~34)", "documentId": "kr20187027386a", "application_number": "1020187027386", "Ltext": "1차 금속 제조업", "keyword": "구상흑연주철주물제조/기계용가단주철주물제조/흑연함유물품/조리기구/기판/흑연층/장치/중간층/물흡수/테이버강성도", "document_type": "A"}, {"updateDate": "20220608", "LLno": "C", "SSno": "24311", "Stext": "철강 주조업", "SStext": "선철 주물 주조업", "Mtext": "금속 주조업", "Lno": "24", "ipc_main": "F02F-001/00", "Mno": "243", "country_code": "KR", "Sno": "2431", "LLtext": "제조업(10~34)", "documentId": "kr20187028065b1", "application_number": "1020187028065", "Ltext": "1차 금속 제조업", "keyword": "합금철주물주조/기계용가단주철주물제조/원통부재/주철제/외주면/경계접합강도/방법/돌기/알루미늄합금/주철제원통부재", "document_type": "B1"}, {"updateDate": "20220608", "LLno": "C", "SSno": "24311", "Stext": "철강 주조업", "SStext": "선철 주물 주조업", "Mtext": "금속 주조업", "Lno": "24", "ipc_main": "C22C-037/04", "Mno": "243", "country_code": "KR", "Sno": "2431", "LLtext": "제조업(10~34)", "documentId": "kr20187029339a", "application_number": "1020187029339", "Ltext": "1차 금속 제조업", "keyword": "구상흑연주철주물제조/건축용주철주물제품제조/구상흑연주철/흑연입자/흑연입자수/흑연주철/방법/흑연/주철/단면", "document_type": "A"}, {"updateDate": "20220608", "LLno": "C", "SSno": "24311", "Stext": "철강 주조업", "SStext": "선철 주물 주조업", "Mtext": "금속 주조업", "Lno": "24", "ipc_main": "F16L-057/00", "Mno": "243", "country_code": "KR", "Sno": "2431", "LLtext": "제조업(10~34)", "documentId": "kr20190027957a", "application_number": "1020190027957", "Ltext": "1차 금속 제조업", "keyword": "기계용가단주철주물제조/공작기계용선철주물부품제조/연결부보강장치/배관/프랜지/누수차단/장치/하프파이프부/외경패킹/하프밴드부", "document_type": "A"}, {"updateDate": "20220608", "LLno": "C", "SSno": "24311", "Stext": "철강 주조업", "SStext": "선철 주물 주조업", "Mtext": "금속 주조업", "Lno": "24", "ipc_main": "A47J-027/00", "Mno": "243", "country_code": "KR", "Sno": "2431", "LLtext": "제조업(10~34)", "documentId": "kr20190030705b1", "application_number": "1020190030705", "Ltext": "1차 금속 제조업", "keyword": "선철주물제조/선철주물주조품제조/선철소재용기/뚜껑중앙부/관통공/열손실방지/장치/받침대/걸림턱/수용공간", "document_type": "B1"}, {"updateDate": "20220608", "LLno": "C", "SSno": "24311", "Stext": "철강 주조업", "SStext": "선철 주물 주조업", "Mtext": "금속 주조업", "Lno": "24", "ipc_main": "E01D-019/02", "Mno": "243", "country_code": "KR", "Sno": "2431", "LLtext": "제조업(10~34)", "documentId": "kr20190054855a", "application_number": "1020190054855", "Ltext": "1차 금속 제조업", "keyword": "건축용주철주물제품제조/가단주철주물제조/기둥구조물/프리캐스트세그먼트/주철근/모르타르충진/장치/콘크리트본체부/앵커트랜치/링부재", "document_type": "A"}, {"updateDate": "20220608", "LLno": "C", "SSno": "24311", "Stext": "철강 주조업", "SStext": "선철 주물 주조업", "Mtext": "금속 주조업", "Lno": "24", "ipc_main": "B22D-019/00", "Mno": "243", "country_code": "KR", "Sno": "2431", "LLtext": "제조업(10~34)", "documentId": "kr20190099861b1", "application_number": "1020190099861", "Ltext": "1차 금속 제조업", "keyword": "구상흑연주철주물제조/합금철주물주조/주철재인서트/이종금속부재/비철금속/용융접합/방법/편상흑연조직/흑연립/합금의도금층", "document_type": "B1"}, {"updateDate": "20220608", "LLno": "C", "SSno": "24311", "Stext": "철강 주조업", "SStext": "선철 주물 주조업", "Mtext": "금속 주조업", "Lno": "24", "ipc_main": "C22C-037/04", "Mno": "243", "country_code": "KR", "Sno": "2431", "LLtext": "제조업(10~34)", "documentId": "kr20190140892a", "application_number": "1020190140892", "Ltext": "1차 금속 제조업", "keyword": "구상흑연주철주물제조/기계용가단주철주물제조/자동차구동부품/자동차부품/흑연주철/내구성강화/방법/주철용탕/용해로/주철제조", "document_type": "A"}, {"updateDate": "20220608", "LLno": "C", "SSno": "24311", "Stext": "철강 주조업", "SStext": "선철 주물 주조업", "Mtext": "금속 주조업", "Lno": "24", "ipc_main": "F16D-065/853", "Mno": "243", "country_code": "KR", "Sno": "2431", "LLtext": "제조업(10~34)", "documentId": "kr20207009700a", "application_number": "1020207009700", "Ltext": "1차 금속 제조업", "keyword": "가단주철주물제조/기계용가단주철주물제조/브레이크장치/피스톤/컨테이너/냉각제수용/장치/베어링/실린더형벽/디스크", "document_type": "A"}, {"updateDate": "20220608", "LLno": "C", "SSno": "24311", "Stext": "철강 주조업", "SStext": "선철 주물 주조업", "Mtext": "금속 주조업", "Lno": "24", "ipc_main": "C21C-001/10", "Mno": "243", "country_code": "KR", "Sno": "2431", "LLtext": "제조업(10~34)", "documentId": "kr20207021233a", "application_number": "1020207021233", "Ltext": "1차 금속 제조업", "keyword": "구상흑연주철주물제조/합금철주물주조/주철접종제/흑연/접종제/주철제조/방법/미립자페로규소합금/희토류금속/불순물", "document_type": "A"}, {"updateDate": "20220608", "LLno": "C", "SSno": "24311", "Stext": "철강 주조업", "SStext": "선철 주물 주조업", "Mtext": "금속 주조업", "Lno": "24", "ipc_main": "C21C-001/10", "Mno": "243", "country_code": "KR", "Sno": "2431", "LLtext": "제조업(10~34)", "documentId": "kr20207021732a", "application_number": "1020207021732", "Ltext": "1차 금속 제조업", "keyword": "구상흑연주철주물제조/합금철주물주조/주철접종제/흑연/접종제/주철제조/방법/미립자페로규소합금/희토류금속/불순물", "document_type": "A"}]}