{"dataset": [{"updateDate": "20220608", "LLno": "C", "SSno": "26224", "Stext": "인쇄회로기판 및 전자부품 실장기판 제조업", "SStext": "전자 부품 실장기판 제조업", "Mtext": "전자 부품 제조업", "Lno": "26", "ipc_main": "H01L-021/28", "Mno": "262", "country_code": "KR", "Sno": "2622", "LLtext": "제조업(10~34)", "documentId": "kr19970028508a", "application_number": "1019970028508", "Ltext": "전자 부품, 컴퓨터, 영상, 음향 및 통신장비 제조업", "keyword": "수동소자실장기판제조/전자부품실장기판제조/도전층형성방법/폴리사이드/반도체소자/금속/방법/텅스텐/실리사이드층/기상증착", "document_type": "A"}, {"updateDate": "20220608", "LLno": "C", "SSno": "26224", "Stext": "인쇄회로기판 및 전자부품 실장기판 제조업", "SStext": "전자 부품 실장기판 제조업", "Mtext": "전자 부품 제조업", "Lno": "26", "ipc_main": "C07C-019/08", "Mno": "262", "country_code": "KR", "Sno": "2622", "LLtext": "제조업(10~34)", "documentId": "kr19970037523a", "application_number": "1019970037523", "Ltext": "전자 부품, 컴퓨터, 영상, 음향 및 통신장비 제조업", "keyword": "인쇄회로전자부품품실장품제조/전자부품실장기판제조/방열판/알루미늄/금속재료/내부식성/방법/플루오르화촉매/수소/염소화", "document_type": "A"}, {"updateDate": "20220608", "LLno": "C", "SSno": "26224", "Stext": "인쇄회로기판 및 전자부품 실장기판 제조업", "SStext": "전자 부품 실장기판 제조업", "Mtext": "전자 부품 제조업", "Lno": "26", "ipc_main": "H05K-007/20", "Mno": "262", "country_code": "KR", "Sno": "2622", "LLtext": "제조업(10~34)", "documentId": "kr19970037526u", "application_number": "2019970037526", "Ltext": "전자 부품, 컴퓨터, 영상, 음향 및 통신장비 제조업", "keyword": "인쇄회로전자부품품실장품제조/플로터용인쇄회로조립품제조/방열판/전자부품/베이스/인쇄회로기판/장치/핀부재/방열핀/보스부재", "document_type": "U"}, {"updateDate": "20220608", "LLno": "C", "SSno": "26224", "Stext": "인쇄회로기판 및 전자부품 실장기판 제조업", "SStext": "전자 부품 실장기판 제조업", "Mtext": "전자 부품 제조업", "Lno": "26", "ipc_main": "H01R-033/76", "Mno": "262", "country_code": "KR", "Sno": "2622", "LLtext": "제조업(10~34)", "documentId": "kr19970053451a", "application_number": "1019970053451", "Ltext": "전자 부품, 컴퓨터, 영상, 음향 및 통신장비 제조업", "keyword": "기타전기변환장치전용PCB실장품제조/인쇄회로전자부품품실장품제조/소켓/BGA/칩/납땜면/장치/볼그리드어레이/플레이티드/핀", "document_type": "A"}, {"updateDate": "20220608", "LLno": "C", "SSno": "26224", "Stext": "인쇄회로기판 및 전자부품 실장기판 제조업", "SStext": "전자 부품 실장기판 제조업", "Mtext": "전자 부품 제조업", "Lno": "26", "ipc_main": "H05K-013/02", "Mno": "262", "country_code": "KR", "Sno": "2622", "LLtext": "제조업(10~34)", "documentId": "kr19970056342a", "application_number": "1019970056342", "Ltext": "전자 부품, 컴퓨터, 영상, 음향 및 통신장비 제조업", "keyword": "인쇄회로전자부품품실장품제조/표면실장소자제조/인쇄회로기판/회로패턴/솔더페이스트/수동소자/방법/능동소자/패드/리플로우", "document_type": "A"}, {"updateDate": "20220608", "LLno": "C", "SSno": "26224", "Stext": "인쇄회로기판 및 전자부품 실장기판 제조업", "SStext": "전자 부품 실장기판 제조업", "Mtext": "전자 부품 제조업", "Lno": "26", "ipc_main": "H05K-003/30", "Mno": "262", "country_code": "KR", "Sno": "2622", "LLtext": "제조업(10~34)", "documentId": "kr19970066141a", "application_number": "1019970066141", "Ltext": "전자 부품, 컴퓨터, 영상, 음향 및 통신장비 제조업", "keyword": "인쇄회로전자부품품실장품제조/플로터용인쇄회로조립품제조/실장방법/전자회로패키지/몰딩부/외부리드/방법/관통홀/패턴/배선", "document_type": "A"}, {"updateDate": "20220608", "LLno": "C", "SSno": "26224", "Stext": "인쇄회로기판 및 전자부품 실장기판 제조업", "SStext": "전자 부품 실장기판 제조업", "Mtext": "전자 부품 제조업", "Lno": "26", "ipc_main": "H05K-013/04", "Mno": "262", "country_code": "KR", "Sno": "2622", "LLtext": "제조업(10~34)", "documentId": "kr19980056199a", "application_number": "1019980056199", "Ltext": "전자 부품, 컴퓨터, 영상, 음향 및 통신장비 제조업", "keyword": "베어칩베어다이실장소자제조/인쇄회로전자부품품실장품제조/인쇄회로기판/기판/도체층/플립칩/장치/전극패드/접착재/범퍼", "document_type": "A"}, {"updateDate": "20220608", "LLno": "C", "SSno": "26224", "Stext": "인쇄회로기판 및 전자부품 실장기판 제조업", "SStext": "전자 부품 실장기판 제조업", "Mtext": "전자 부품 제조업", "Lno": "26", "ipc_main": "H01L-021/60", "Mno": "262", "country_code": "KR", "Sno": "2622", "LLtext": "제조업(10~34)", "documentId": "kr19980063439a", "application_number": "1019980063439", "Ltext": "전자 부품, 컴퓨터, 영상, 음향 및 통신장비 제조업", "keyword": "베어칩베어다이실장소자제조/전자부품실장기판제조/반도체베어칩/어테치본딩/회로기판/패턴패드/방법/마운팅/이방성도체페이스트/솔더범프", "document_type": "A"}, {"updateDate": "20220608", "LLno": "C", "SSno": "26224", "Stext": "인쇄회로기판 및 전자부품 실장기판 제조업", "SStext": "전자 부품 실장기판 제조업", "Mtext": "전자 부품 제조업", "Lno": "26", "ipc_main": "H05K-003/30", "Mno": "262", "country_code": "KR", "Sno": "2622", "LLtext": "제조업(10~34)", "documentId": "kr19990011587a", "application_number": "1019990011587", "Ltext": "전자 부품, 컴퓨터, 영상, 음향 및 통신장비 제조업", "keyword": "베어칩베어다이실장소자제조/인쇄회로전자부품품실장품제조/인쇄회로기판/배선회로/메탈라인/필렛/장치/패드/전도층/SnPb", "document_type": "A"}, {"updateDate": "20220608", "LLno": "C", "SSno": "26224", "Stext": "인쇄회로기판 및 전자부품 실장기판 제조업", "SStext": "전자 부품 실장기판 제조업", "Mtext": "전자 부품 제조업", "Lno": "26", "ipc_main": "H05K-003/34", "Mno": "262", "country_code": "KR", "Sno": "2622", "LLtext": "제조업(10~34)", "documentId": "kr19990041739a", "application_number": "1019990041739", "Ltext": "전자 부품, 컴퓨터, 영상, 음향 및 통신장비 제조업", "keyword": "인쇄회로전자부품품실장품제조/표면실장소자제조/모듈/솔더크림/실장면/솔더링효과/장치/PCB/리플로우/표면", "document_type": "A"}, {"updateDate": "20220608", "LLno": "C", "SSno": "26224", "Stext": "인쇄회로기판 및 전자부품 실장기판 제조업", "SStext": "전자 부품 실장기판 제조업", "Mtext": "전자 부품 제조업", "Lno": "26", "ipc_main": "H01L-021/60", "Mno": "262", "country_code": "KR", "Sno": "2622", "LLtext": "제조업(10~34)", "documentId": "kr19990057983a", "application_number": "1019990057983", "Ltext": "전자 부품, 컴퓨터, 영상, 음향 및 통신장비 제조업", "keyword": "베어칩베어다이실장소자제조/전자부품실장기판제조/회로기판패턴/반도체/베어칩/집적회로/방법/솔더볼/범프/경화", "document_type": "A"}, {"updateDate": "20220608", "LLno": "C", "SSno": "26224", "Stext": "인쇄회로기판 및 전자부품 실장기판 제조업", "SStext": "전자 부품 실장기판 제조업", "Mtext": "전자 부품 제조업", "Lno": "26", "ipc_main": "H01L-023/28", "Mno": "262", "country_code": "KR", "Sno": "2622", "LLtext": "제조업(10~34)", "documentId": "kr19990061749b1", "application_number": "1019990061749", "Ltext": "전자 부품, 컴퓨터, 영상, 음향 및 통신장비 제조업", "keyword": "베어칩베어다이실장소자제조/전자부품실장기판제조/반도체칩/범프/열가소성수지/수지층/방법/웨이퍼/접합패드/열압착", "document_type": "B1"}, {"updateDate": "20220608", "LLno": "C", "SSno": "26224", "Stext": "인쇄회로기판 및 전자부품 실장기판 제조업", "SStext": "전자 부품 실장기판 제조업", "Mtext": "전자 부품 제조업", "Lno": "26", "ipc_main": "H05K-003/36", "Mno": "262", "country_code": "KR", "Sno": "2622", "LLtext": "제조업(10~34)", "documentId": "kr20000027995a", "application_number": "1020000027995", "Ltext": "전자 부품, 컴퓨터, 영상, 음향 및 통신장비 제조업", "keyword": "인쇄회로전자부품품실장품제조/플로터용인쇄회로조립품제조/인쇄회로기판/엘이디칩/휘도보강부재/가독성/장치/돔보강부/클릭보강부/스페이서", "document_type": "A"}, {"updateDate": "20220608", "LLno": "C", "SSno": "26224", "Stext": "인쇄회로기판 및 전자부품 실장기판 제조업", "SStext": "전자 부품 실장기판 제조업", "Mtext": "전자 부품 제조업", "Lno": "26", "ipc_main": "H01J-029/94", "Mno": "262", "country_code": "KR", "Sno": "2622", "LLtext": "제조업(10~34)", "documentId": "kr20000071629a", "application_number": "1020000071629", "Ltext": "전자 부품, 컴퓨터, 영상, 음향 및 통신장비 제조업", "keyword": "수동소자실장기판제조/전자부품실장기판제조/게터/지그재그/사인파/활성화시간/방법/실링/프레임/아웃개싱", "document_type": "A"}, {"updateDate": "20220608", "LLno": "C", "SSno": "26224", "Stext": "인쇄회로기판 및 전자부품 실장기판 제조업", "SStext": "전자 부품 실장기판 제조업", "Mtext": "전자 부품 제조업", "Lno": "26", "ipc_main": "H01L-023/52", "Mno": "262", "country_code": "KR", "Sno": "2622", "LLtext": "제조업(10~34)", "documentId": "kr20000074899a", "application_number": "1020000074899", "Ltext": "전자 부품, 컴퓨터, 영상, 음향 및 통신장비 제조업", "keyword": "수동소자실장기판제조/전자부품실장기판제조/반도체소자/반도체/범프기술/페이스트볼/방법/코어부/코팅층/초미립자", "document_type": "A"}, {"updateDate": "20220608", "LLno": "C", "SSno": "26224", "Stext": "인쇄회로기판 및 전자부품 실장기판 제조업", "SStext": "전자 부품 실장기판 제조업", "Mtext": "전자 부품 제조업", "Lno": "26", "ipc_main": "H01L-023/12", "Mno": "262", "country_code": "KR", "Sno": "2622", "LLtext": "제조업(10~34)", "documentId": "kr20000084147a", "application_number": "1020000084147", "Ltext": "전자 부품, 컴퓨터, 영상, 음향 및 통신장비 제조업", "keyword": "수동소자실장기판제조/전자부품실장기판제조/반도체소자/도전성바디/범프/캡슐형태/방법/솔더포인트/엑세스홀/포토레지스트층", "document_type": "A"}, {"updateDate": "20220608", "LLno": "C", "SSno": "26224", "Stext": "인쇄회로기판 및 전자부품 실장기판 제조업", "SStext": "전자 부품 실장기판 제조업", "Mtext": "전자 부품 제조업", "Lno": "26", "ipc_main": "H01J-017/24", "Mno": "262", "country_code": "KR", "Sno": "2622", "LLtext": "제조업(10~34)", "documentId": "kr20010000082a", "application_number": "1020010000082", "Ltext": "전자 부품, 컴퓨터, 영상, 음향 및 통신장비 제조업", "keyword": "수동소자실장기판제조/전자부품실장기판제조/게터/전계방출소자/프릿글래스/그리퍼/장치/상하부기판/플로우팅/소결공정", "document_type": "A"}, {"updateDate": "20220608", "LLno": "C", "SSno": "26224", "Stext": "인쇄회로기판 및 전자부품 실장기판 제조업", "SStext": "전자 부품 실장기판 제조업", "Mtext": "전자 부품 제조업", "Lno": "26", "ipc_main": "H01L-021/60", "Mno": "262", "country_code": "KR", "Sno": "2622", "LLtext": "제조업(10~34)", "documentId": "kr20010008868a", "application_number": "1020010008868", "Ltext": "전자 부품, 컴퓨터, 영상, 음향 및 통신장비 제조업", "keyword": "베어칩베어다이실장소자제조/전자부품실장기판제조/베어칩/장착기판/웨이퍼/범프전극/방법/필름/압력/패드", "document_type": "A"}, {"updateDate": "20220608", "LLno": "C", "SSno": "26224", "Stext": "인쇄회로기판 및 전자부품 실장기판 제조업", "SStext": "전자 부품 실장기판 제조업", "Mtext": "전자 부품 제조업", "Lno": "26", "ipc_main": "G02F-001/13", "Mno": "262", "country_code": "KR", "Sno": "2622", "LLtext": "제조업(10~34)", "documentId": "kr20010015683a", "application_number": "1020010015683", "Ltext": "전자 부품, 컴퓨터, 영상, 음향 및 통신장비 제조업", "keyword": "수동소자실장기판제조/전자부품실장기판제조/구동소자/표시패널/칼럼전극/패널소자/장치/로우전극/기판상/오버랩부분", "document_type": "A"}, {"updateDate": "20220608", "LLno": "C", "SSno": "26224", "Stext": "인쇄회로기판 및 전자부품 실장기판 제조업", "SStext": "전자 부품 실장기판 제조업", "Mtext": "전자 부품 제조업", "Lno": "26", "ipc_main": "H05K-003/32", "Mno": "262", "country_code": "KR", "Sno": "2622", "LLtext": "제조업(10~34)", "documentId": "kr20010041547a", "application_number": "1020010041547", "Ltext": "전자 부품, 컴퓨터, 영상, 음향 및 통신장비 제조업", "keyword": "기타전기변환장치전용PCB실장품제조/인쇄회로전자부품품실장품제조/인쇄회로기판/반도체칩/랜드/배열방향/장치/솔더핀/사각랜드/핀", "document_type": "A"}, {"updateDate": "20220608", "LLno": "C", "SSno": "26224", "Stext": "인쇄회로기판 및 전자부품 실장기판 제조업", "SStext": "전자 부품 실장기판 제조업", "Mtext": "전자 부품 제조업", "Lno": "26", "ipc_main": "H05K-013/04", "Mno": "262", "country_code": "KR", "Sno": "2622", "LLtext": "제조업(10~34)", "documentId": "kr20010044239a", "application_number": "1020010044239", "Ltext": "전자 부품, 컴퓨터, 영상, 음향 및 통신장비 제조업", "keyword": "인쇄회로전자부품품실장품제조/표면실장소자제조/백업부재/삽입홀/볼트부/탄성력/장치/표면실장장치/인쇄회로기판/고정샤프트", "document_type": "A"}, {"updateDate": "20220608", "LLno": "C", "SSno": "26224", "Stext": "인쇄회로기판 및 전자부품 실장기판 제조업", "SStext": "전자 부품 실장기판 제조업", "Mtext": "전자 부품 제조업", "Lno": "26", "ipc_main": "G02B-006/12", "Mno": "262", "country_code": "KR", "Sno": "2622", "LLtext": "제조업(10~34)", "documentId": "kr20017016557a", "application_number": "1020017016557", "Ltext": "전자 부품, 컴퓨터, 영상, 음향 및 통신장비 제조업", "keyword": "수동소자실장기판제조/전자부품실장기판제조/광전기배선기판/관통구멍/스루홀/기판/장치/면/코어/도파로", "document_type": "A"}, {"updateDate": "20220608", "LLno": "C", "SSno": "26224", "Stext": "인쇄회로기판 및 전자부품 실장기판 제조업", "SStext": "전자 부품 실장기판 제조업", "Mtext": "전자 부품 제조업", "Lno": "26", "ipc_main": "G02B-006/24", "Mno": "262", "country_code": "KR", "Sno": "2622", "LLtext": "제조업(10~34)", "documentId": "kr20020009899a", "application_number": "1020020009899", "Ltext": "전자 부품, 컴퓨터, 영상, 음향 및 통신장비 제조업", "keyword": "수동소자실장기판제조/전자부품실장기판제조/조립품/열팽창/유리제/광학부품/장치/지름/V홈/테이퍼부", "document_type": "A"}, {"updateDate": "20220608", "LLno": "C", "SSno": "26224", "Stext": "인쇄회로기판 및 전자부품 실장기판 제조업", "SStext": "전자 부품 실장기판 제조업", "Mtext": "전자 부품 제조업", "Lno": "26", "ipc_main": "H01L-021/60", "Mno": "262", "country_code": "KR", "Sno": "2622", "LLtext": "제조업(10~34)", "documentId": "kr20020023683a", "application_number": "1020020023683", "Ltext": "전자 부품, 컴퓨터, 영상, 음향 및 통신장비 제조업", "keyword": "수동소자실장기판제조/전자부품실장기판제조/실장구조/전극단자/반도체/돌기전극/장치/솔더/개구/보호막", "document_type": "A"}, {"updateDate": "20220608", "LLno": "C", "SSno": "26224", "Stext": "인쇄회로기판 및 전자부품 실장기판 제조업", "SStext": "전자 부품 실장기판 제조업", "Mtext": "전자 부품 제조업", "Lno": "26", "ipc_main": "B07C-005/344", "Mno": "262", "country_code": "KR", "Sno": "2622", "LLtext": "제조업(10~34)", "documentId": "kr20027000911a", "application_number": "1020027000911", "Ltext": "전자 부품, 컴퓨터, 영상, 음향 및 통신장비 제조업", "keyword": "수동소자실장기판제조/표면실장소자제조/수동소자용/캐비티/림/진공수단/장치/로더휠수단/캐패시터/에지", "document_type": "A"}, {"updateDate": "20220608", "LLno": "C", "SSno": "26224", "Stext": "인쇄회로기판 및 전자부품 실장기판 제조업", "SStext": "전자 부품 실장기판 제조업", "Mtext": "전자 부품 제조업", "Lno": "26", "ipc_main": "H01C-017/00", "Mno": "262", "country_code": "KR", "Sno": "2622", "LLtext": "제조업(10~34)", "documentId": "kr20030057613a", "application_number": "1020030057613", "Ltext": "전자 부품, 컴퓨터, 영상, 음향 및 통신장비 제조업", "keyword": "베어칩베어다이실장소자제조/전자부품실장기판제조/베어칩/서미스터/은층/증착법/장치/본체/세라믹/금층", "document_type": "A"}, {"updateDate": "20220608", "LLno": "C", "SSno": "26224", "Stext": "인쇄회로기판 및 전자부품 실장기판 제조업", "SStext": "전자 부품 실장기판 제조업", "Mtext": "전자 부품 제조업", "Lno": "26", "ipc_main": "H05K-001/02", "Mno": "262", "country_code": "KR", "Sno": "2622", "LLtext": "제조업(10~34)", "documentId": "kr20030061881a", "application_number": "1020030061881", "Ltext": "전자 부품, 컴퓨터, 영상, 음향 및 통신장비 제조업", "keyword": "베어칩베어다이실장소자제조/전자부품실장기판제조/베어칩/연성회로기판/칩/얼라인홀/장치/절연필름/회로배선층/면", "document_type": "A"}, {"updateDate": "20220608", "LLno": "C", "SSno": "26224", "Stext": "인쇄회로기판 및 전자부품 실장기판 제조업", "SStext": "전자 부품 실장기판 제조업", "Mtext": "전자 부품 제조업", "Lno": "26", "ipc_main": "H05K-013/04", "Mno": "262", "country_code": "KR", "Sno": "2622", "LLtext": "제조업(10~34)", "documentId": "kr20040042135a", "application_number": "1020040042135", "Ltext": "전자 부품, 컴퓨터, 영상, 음향 및 통신장비 제조업", "keyword": "수동소자실장기판제조/전자부품실장기판제조/실장기판/적층구조/땜납펌프/리플로우공정/방법/인식공정/전극상/땜납", "document_type": "A"}, {"updateDate": "20220608", "LLno": "C", "SSno": "26224", "Stext": "인쇄회로기판 및 전자부품 실장기판 제조업", "SStext": "전자 부품 실장기판 제조업", "Mtext": "전자 부품 제조업", "Lno": "26", "ipc_main": "H01R-012/20", "Mno": "262", "country_code": "KR", "Sno": "2622", "LLtext": "제조업(10~34)", "documentId": "kr20040053717a", "application_number": "1020040053717", "Ltext": "전자 부품, 컴퓨터, 영상, 음향 및 통신장비 제조업", "keyword": "전자부품실장기판제조/표면실장소자제조/표면실장부품/피막층/단자/전기커넥트/장치/솔더/피막제거부/마킹처리", "document_type": "A"}, {"updateDate": "20220608", "LLno": "C", "SSno": "26224", "Stext": "인쇄회로기판 및 전자부품 실장기판 제조업", "SStext": "전자 부품 실장기판 제조업", "Mtext": "전자 부품 제조업", "Lno": "26", "ipc_main": "H05K-001/18", "Mno": "262", "country_code": "KR", "Sno": "2622", "LLtext": "제조업(10~34)", "documentId": "kr20040056035a", "application_number": "1020040056035", "Ltext": "전자 부품, 컴퓨터, 영상, 음향 및 통신장비 제조업", "keyword": "전자부품실장기판제조/표면실장소자제조/휴대용단말기/발광소자/인쇄회로기판/자원/장치/키패드/고정/소자소켓", "document_type": "A"}, {"updateDate": "20220608", "LLno": "C", "SSno": "26224", "Stext": "인쇄회로기판 및 전자부품 실장기판 제조업", "SStext": "전자 부품 실장기판 제조업", "Mtext": "전자 부품 제조업", "Lno": "26", "ipc_main": "H05K-013/08", "Mno": "262", "country_code": "KR", "Sno": "2622", "LLtext": "제조업(10~34)", "documentId": "kr20050005373a", "application_number": "1020050005373", "Ltext": "전자 부품, 컴퓨터, 영상, 음향 및 통신장비 제조업", "keyword": "수동소자실장기판제조/전자부품실장기판제조/부품실장기판/땜납/브리지검사/검사포인트/장치/전극패드/인위적/임계값", "document_type": "A"}, {"updateDate": "20220608", "LLno": "C", "SSno": "26224", "Stext": "인쇄회로기판 및 전자부품 실장기판 제조업", "SStext": "전자 부품 실장기판 제조업", "Mtext": "전자 부품 제조업", "Lno": "26", "ipc_main": "H05K-001/16", "Mno": "262", "country_code": "KR", "Sno": "2622", "LLtext": "제조업(10~34)", "documentId": "kr20050023122a", "application_number": "1020050023122", "Ltext": "전자 부품, 컴퓨터, 영상, 음향 및 통신장비 제조업", "keyword": "수동소자실장기판제조/전자부품실장기판제조/기판/커패시터/반도체/그라운드라인/장치/배선층/절연층/도체", "document_type": "A"}, {"updateDate": "20220608", "LLno": "C", "SSno": "26224", "Stext": "인쇄회로기판 및 전자부품 실장기판 제조업", "SStext": "전자 부품 실장기판 제조업", "Mtext": "전자 부품 제조업", "Lno": "26", "ipc_main": "H01L-023/52", "Mno": "262", "country_code": "KR", "Sno": "2622", "LLtext": "제조업(10~34)", "documentId": "kr20050064791a", "application_number": "1020050064791", "Ltext": "전자 부품, 컴퓨터, 영상, 음향 및 통신장비 제조업", "keyword": "베어칩베어다이실장소자제조/인쇄회로전자부품품실장품제조/플립칩실장방법/금속범프/플립칩/반도체칩/방법/열압착/열초음파/접착제", "document_type": "A"}, {"updateDate": "20220608", "LLno": "C", "SSno": "26224", "Stext": "인쇄회로기판 및 전자부품 실장기판 제조업", "SStext": "전자 부품 실장기판 제조업", "Mtext": "전자 부품 제조업", "Lno": "26", "ipc_main": "H01L-023/12", "Mno": "262", "country_code": "KR", "Sno": "2622", "LLtext": "제조업(10~34)", "documentId": "kr20050074258a", "application_number": "1020050074258", "Ltext": "전자 부품, 컴퓨터, 영상, 음향 및 통신장비 제조업", "keyword": "베어칩베어다이실장소자제조/전자부품실장기판제조/멀티칩패키지/개구부/밀봉/칩/장치/기판/패드/반대면", "document_type": "A"}, {"updateDate": "20220608", "LLno": "C", "SSno": "26224", "Stext": "인쇄회로기판 및 전자부품 실장기판 제조업", "SStext": "전자 부품 실장기판 제조업", "Mtext": "전자 부품 제조업", "Lno": "26", "ipc_main": "H05K-003/46", "Mno": "262", "country_code": "KR", "Sno": "2622", "LLtext": "제조업(10~34)", "documentId": "kr20050111126a", "application_number": "1020050111126", "Ltext": "전자 부품, 컴퓨터, 영상, 음향 및 통신장비 제조업", "keyword": "수동소자실장기판제조/전자부품실장기판제조/회로기판/접속패드/피치/배선층/방법/금속판/급전경로/도금층", "document_type": "A"}, {"updateDate": "20220608", "LLno": "C", "SSno": "26224", "Stext": "인쇄회로기판 및 전자부품 실장기판 제조업", "SStext": "전자 부품 실장기판 제조업", "Mtext": "전자 부품 제조업", "Lno": "26", "ipc_main": "H05K-003/00", "Mno": "262", "country_code": "KR", "Sno": "2622", "LLtext": "제조업(10~34)", "documentId": "kr20050122899b1", "application_number": "1020050122899", "Ltext": "전자 부품, 컴퓨터, 영상, 음향 및 통신장비 제조업", "keyword": "수동소자실장기판제조/전자부품실장기판제조/기판/금속박막층/솔더페이스트/플립칩/방법/감압/리플로우/주기판", "document_type": "B1"}, {"updateDate": "20220608", "LLno": "C", "SSno": "26224", "Stext": "인쇄회로기판 및 전자부품 실장기판 제조업", "SStext": "전자 부품 실장기판 제조업", "Mtext": "전자 부품 제조업", "Lno": "26", "ipc_main": "H01L-021/60", "Mno": "262", "country_code": "KR", "Sno": "2622", "LLtext": "제조업(10~34)", "documentId": "kr20050123030a", "application_number": "1020050123030", "Ltext": "전자 부품, 컴퓨터, 영상, 음향 및 통신장비 제조업", "keyword": "수동소자실장기판제조/전자부품실장기판제조/기판/레지스트층/개구부/플럭스/방법/관통홀/마스크/리플로우", "document_type": "A"}, {"updateDate": "20220608", "LLno": "C", "SSno": "26224", "Stext": "인쇄회로기판 및 전자부품 실장기판 제조업", "SStext": "전자 부품 실장기판 제조업", "Mtext": "전자 부품 제조업", "Lno": "26", "ipc_main": "H01G-009/04", "Mno": "262", "country_code": "KR", "Sno": "2622", "LLtext": "제조업(10~34)", "documentId": "kr20060000370a", "application_number": "1020060000370", "Ltext": "전자 부품, 컴퓨터, 영상, 음향 및 통신장비 제조업", "keyword": "전자부품실장기판제조/표면실장소자제조/커패시터/쇼트불량방지/극판/절연체/장치/바디부/외관/비대칭", "document_type": "A"}, {"updateDate": "20220608", "LLno": "C", "SSno": "26224", "Stext": "인쇄회로기판 및 전자부품 실장기판 제조업", "SStext": "전자 부품 실장기판 제조업", "Mtext": "전자 부품 제조업", "Lno": "26", "ipc_main": "H05K-013/04", "Mno": "262", "country_code": "KR", "Sno": "2622", "LLtext": "제조업(10~34)", "documentId": "kr20060009007y1", "application_number": "2020060009007", "Ltext": "전자 부품, 컴퓨터, 영상, 음향 및 통신장비 제조업", "keyword": "기타전기변환장치전용PCB실장품제조/인쇄회로전자부품품실장품제조/인쇄회로기판/솔더링/리드선/공정시간/장치/히팅팁/체결공/결합부재", "document_type": "Y1"}, {"updateDate": "20220608", "LLno": "C", "SSno": "26224", "Stext": "인쇄회로기판 및 전자부품 실장기판 제조업", "SStext": "전자 부품 실장기판 제조업", "Mtext": "전자 부품 제조업", "Lno": "26", "ipc_main": "H05K-013/04", "Mno": "262", "country_code": "KR", "Sno": "2622", "LLtext": "제조업(10~34)", "documentId": "kr20060030868a", "application_number": "1020060030868", "Ltext": "전자 부품, 컴퓨터, 영상, 음향 및 통신장비 제조업", "keyword": "기타전기변환장치전용PCB실장품제조/인쇄회로전자부품품실장품제조/인쇄회로기판/전자부품/리드선/가압/장치/헤드/하단부/결합부재", "document_type": "A"}, {"updateDate": "20220608", "LLno": "C", "SSno": "26224", "Stext": "인쇄회로기판 및 전자부품 실장기판 제조업", "SStext": "전자 부품 실장기판 제조업", "Mtext": "전자 부품 제조업", "Lno": "26", "ipc_main": "H05K-001/16", "Mno": "262", "country_code": "KR", "Sno": "2622", "LLtext": "제조업(10~34)", "documentId": "kr20060045279a", "application_number": "1020060045279", "Ltext": "전자 부품, 컴퓨터, 영상, 음향 및 통신장비 제조업", "keyword": "인쇄회로전자부품품실장품제조/표면실장소자제조/인쇄회로기판/표면/실장용/돌출/장치/반도체/중첩/패키지", "document_type": "A"}, {"updateDate": "20220608", "LLno": "C", "SSno": "26224", "Stext": "인쇄회로기판 및 전자부품 실장기판 제조업", "SStext": "전자 부품 실장기판 제조업", "Mtext": "전자 부품 제조업", "Lno": "26", "ipc_main": "H01L-023/12", "Mno": "262", "country_code": "KR", "Sno": "2622", "LLtext": "제조업(10~34)", "documentId": "kr20060054162a", "application_number": "1020060054162", "Ltext": "전자 부품, 컴퓨터, 영상, 음향 및 통신장비 제조업", "keyword": "수동소자실장기판제조/전자부품실장기판제조/모기판실장구조/폴리머범프/적층/솔더볼/장치/3차원/매개/배선기판", "document_type": "A"}, {"updateDate": "20220608", "LLno": "C", "SSno": "26224", "Stext": "인쇄회로기판 및 전자부품 실장기판 제조업", "SStext": "전자 부품 실장기판 제조업", "Mtext": "전자 부품 제조업", "Lno": "26", "ipc_main": "G01R-031/26", "Mno": "262", "country_code": "KR", "Sno": "2622", "LLtext": "제조업(10~34)", "documentId": "kr20060097606a", "application_number": "1020060097606", "Ltext": "전자 부품, 컴퓨터, 영상, 음향 및 통신장비 제조업", "keyword": "수동소자실장기판제조/전자부품실장기판제조/실장테스트/피검사소자/어플리케이션/인터페이스/장치/사이트/보오드/커넥터", "document_type": "A"}, {"updateDate": "20220608", "LLno": "C", "SSno": "26224", "Stext": "인쇄회로기판 및 전자부품 실장기판 제조업", "SStext": "전자 부품 실장기판 제조업", "Mtext": "전자 부품 제조업", "Lno": "26", "ipc_main": "H05K-003/30", "Mno": "262", "country_code": "KR", "Sno": "2622", "LLtext": "제조업(10~34)", "documentId": "kr20060100184b1", "application_number": "1020060100184", "Ltext": "전자 부품, 컴퓨터, 영상, 음향 및 통신장비 제조업", "keyword": "기타전기변환장치전용PCB실장품제조/인쇄회로전자부품품실장품제조/실장방법/마이크로폰/기판플레이트/자동화/방법/전극단자/솔더링/메인기판", "document_type": "B1"}, {"updateDate": "20220608", "LLno": "C", "SSno": "26224", "Stext": "인쇄회로기판 및 전자부품 실장기판 제조업", "SStext": "전자 부품 실장기판 제조업", "Mtext": "전자 부품 제조업", "Lno": "26", "ipc_main": "H01L-027/02", "Mno": "262", "country_code": "KR", "Sno": "2622", "LLtext": "제조업(10~34)", "documentId": "kr20060132453a", "application_number": "1020060132453", "Ltext": "전자 부품, 컴퓨터, 영상, 음향 및 통신장비 제조업", "keyword": "수동소자실장기판제조/전자부품실장기판제조/수동소자실장방법/상층/탑재/본딩/장치/회로패턴/수직구조/전기적", "document_type": "A"}, {"updateDate": "20220608", "LLno": "C", "SSno": "26224", "Stext": "인쇄회로기판 및 전자부품 실장기판 제조업", "SStext": "전자 부품 실장기판 제조업", "Mtext": "전자 부품 제조업", "Lno": "26", "ipc_main": "H01L-027/02", "Mno": "262", "country_code": "KR", "Sno": "2622", "LLtext": "제조업(10~34)", "documentId": "kr20060133273a", "application_number": "1020060133273", "Ltext": "전자 부품, 컴퓨터, 영상, 음향 및 통신장비 제조업", "keyword": "수동소자실장기판제조/전자부품실장기판제조/수동소자/모듈/회로패턴/수직구조/장치/기판/접착부재/와이어", "document_type": "A"}, {"updateDate": "20220608", "LLno": "C", "SSno": "26224", "Stext": "인쇄회로기판 및 전자부품 실장기판 제조업", "SStext": "전자 부품 실장기판 제조업", "Mtext": "전자 부품 제조업", "Lno": "26", "ipc_main": "H01L-023/48", "Mno": "262", "country_code": "KR", "Sno": "2622", "LLtext": "제조업(10~34)", "documentId": "kr20070012548a", "application_number": "1020070012548", "Ltext": "전자 부품, 컴퓨터, 영상, 음향 및 통신장비 제조업", "keyword": "수동소자실장기판제조/전자부품실장기판제조/반도체소자/납/반도체/리플로/방법/돌기전극/소자/냉각", "document_type": "A"}, {"updateDate": "20220608", "LLno": "C", "SSno": "26224", "Stext": "인쇄회로기판 및 전자부품 실장기판 제조업", "SStext": "전자 부품 실장기판 제조업", "Mtext": "전자 부품 제조업", "Lno": "26", "ipc_main": "H01L-033/00", "Mno": "262", "country_code": "KR", "Sno": "2622", "LLtext": "제조업(10~34)", "documentId": "kr20070020217u", "application_number": "2020070020217", "Ltext": "전자 부품, 컴퓨터, 영상, 음향 및 통신장비 제조업", "keyword": "수동소자실장기판제조/전자부품실장기판제조/광소자패키지/리드단자/리드프레임/와이어/장치/몰딩부/렌즈/칩", "document_type": "U"}, {"updateDate": "20220608", "LLno": "C", "SSno": "26224", "Stext": "인쇄회로기판 및 전자부품 실장기판 제조업", "SStext": "전자 부품 실장기판 제조업", "Mtext": "전자 부품 제조업", "Lno": "26", "ipc_main": "H01L-021/60", "Mno": "262", "country_code": "KR", "Sno": "2622", "LLtext": "제조업(10~34)", "documentId": "kr20070027277a", "application_number": "1020070027277", "Ltext": "전자 부품, 컴퓨터, 영상, 음향 및 통신장비 제조업", "keyword": "수동소자실장기판제조/전자부품실장기판제조/반도체소자패키지/실장수단/물질막/본딩패드/장치/코어부/대향/접착", "document_type": "A"}, {"updateDate": "20220608", "LLno": "C", "SSno": "26224", "Stext": "인쇄회로기판 및 전자부품 실장기판 제조업", "SStext": "전자 부품 실장기판 제조업", "Mtext": "전자 부품 제조업", "Lno": "26", "ipc_main": "H01L-023/48", "Mno": "262", "country_code": "KR", "Sno": "2622", "LLtext": "제조업(10~34)", "documentId": "kr20070059988a", "application_number": "1020070059988", "Ltext": "전자 부품, 컴퓨터, 영상, 음향 및 통신장비 제조업", "keyword": "수동소자실장기판제조/전자부품실장기판제조/실장기판/절연층/돌출부/보이드/장치/기판/매립/본딩패드", "document_type": "A"}, {"updateDate": "20220608", "LLno": "C", "SSno": "26224", "Stext": "인쇄회로기판 및 전자부품 실장기판 제조업", "SStext": "전자 부품 실장기판 제조업", "Mtext": "전자 부품 제조업", "Lno": "26", "ipc_main": "H01L-027/04", "Mno": "262", "country_code": "KR", "Sno": "2622", "LLtext": "제조업(10~34)", "documentId": "kr20070075208b1", "application_number": "1020070075208", "Ltext": "전자 부품, 컴퓨터, 영상, 음향 및 통신장비 제조업", "keyword": "수동소자실장기판제조/전자부품실장기판제조/내장수동소자/전극선/보호층/구리층/방법/전단부분/수동소자재료/전원전극", "document_type": "B1"}, {"updateDate": "20220608", "LLno": "C", "SSno": "26224", "Stext": "인쇄회로기판 및 전자부품 실장기판 제조업", "SStext": "전자 부품 실장기판 제조업", "Mtext": "전자 부품 제조업", "Lno": "26", "ipc_main": "H01L-021/48", "Mno": "262", "country_code": "KR", "Sno": "2622", "LLtext": "제조업(10~34)", "documentId": "kr20070087956b1", "application_number": "1020070087956", "Ltext": "전자 부품, 컴퓨터, 영상, 음향 및 통신장비 제조업", "keyword": "기타전기변환장치전용PCB실장품제조/인쇄회로전자부품품실장품제조/세척장치/드레인챔버/공압실린더/분사노즐/장치/고정홈/커버/세척액", "document_type": "B1"}, {"updateDate": "20220608", "LLno": "C", "SSno": "26224", "Stext": "인쇄회로기판 및 전자부품 실장기판 제조업", "SStext": "전자 부품 실장기판 제조업", "Mtext": "전자 부품 제조업", "Lno": "26", "ipc_main": "H05K-001/18", "Mno": "262", "country_code": "KR", "Sno": "2622", "LLtext": "제조업(10~34)", "documentId": "kr20070128443a", "application_number": "1020070128443", "Ltext": "전자 부품, 컴퓨터, 영상, 음향 및 통신장비 제조업", "keyword": "기타전기변환장치전용PCB실장품제조/인쇄회로전자부품품실장품제조/인쇄회로기판/리플로우/솔더링공정/적외선/장치/소자몸체/리드/무광택", "document_type": "A"}, {"updateDate": "20220608", "LLno": "C", "SSno": "26224", "Stext": "인쇄회로기판 및 전자부품 실장기판 제조업", "SStext": "전자 부품 실장기판 제조업", "Mtext": "전자 부품 제조업", "Lno": "26", "ipc_main": "H05K-003/30", "Mno": "262", "country_code": "KR", "Sno": "2622", "LLtext": "제조업(10~34)", "documentId": "kr20070135706a", "application_number": "1020070135706", "Ltext": "전자 부품, 컴퓨터, 영상, 음향 및 통신장비 제조업", "keyword": "수동소자실장기판제조/전자부품실장기판제조/기판/수지층/압력매체/반도체장치/방법/절연층/탑재공정/가압공정", "document_type": "A"}, {"updateDate": "20220608", "LLno": "C", "SSno": "26224", "Stext": "인쇄회로기판 및 전자부품 실장기판 제조업", "SStext": "전자 부품 실장기판 제조업", "Mtext": "전자 부품 제조업", "Lno": "26", "ipc_main": "H01L-025/04", "Mno": "262", "country_code": "KR", "Sno": "2622", "LLtext": "제조업(10~34)", "documentId": "kr20077005144a", "application_number": "1020077005144", "Ltext": "전자 부품, 컴퓨터, 영상, 음향 및 통신장비 제조업", "keyword": "수동소자실장기판제조/전자부품실장기판제조/전지패키지/밀봉수지/테이퍼형구조/언더필수지/방법/피복/전자부품/경화", "document_type": "A"}, {"updateDate": "20220608", "LLno": "C", "SSno": "26224", "Stext": "인쇄회로기판 및 전자부품 실장기판 제조업", "SStext": "전자 부품 실장기판 제조업", "Mtext": "전자 부품 제조업", "Lno": "26", "ipc_main": "H01L-031/02", "Mno": "262", "country_code": "KR", "Sno": "2622", "LLtext": "제조업(10~34)", "documentId": "kr20077005826a", "application_number": "1020077005826", "Ltext": "전자 부품, 컴퓨터, 영상, 음향 및 통신장비 제조업", "keyword": "수동소자실장기판제조/전자부품실장기판제조/기능소자실장모듈/부재/액상/밀봉수지/장치/패턴/구멍부/기판", "document_type": "A"}, {"updateDate": "20220608", "LLno": "C", "SSno": "26224", "Stext": "인쇄회로기판 및 전자부품 실장기판 제조업", "SStext": "전자 부품 실장기판 제조업", "Mtext": "전자 부품 제조업", "Lno": "26", "ipc_main": "F21S-002/00", "Mno": "262", "country_code": "KR", "Sno": "2622", "LLtext": "제조업(10~34)", "documentId": "kr20077026901a", "application_number": "1020077026901", "Ltext": "전자 부품, 컴퓨터, 영상, 음향 및 통신장비 제조업", "keyword": "수동소자실장기판제조/전자부품실장기판제조/교통신호기/발광소자/실장용/법랑기판/장치/코어금속/법랑층/스루홀", "document_type": "A"}, {"updateDate": "20220608", "LLno": "C", "SSno": "26224", "Stext": "인쇄회로기판 및 전자부품 실장기판 제조업", "SStext": "전자 부품 실장기판 제조업", "Mtext": "전자 부품 제조업", "Lno": "26", "ipc_main": "H05K-001/05", "Mno": "262", "country_code": "KR", "Sno": "2622", "LLtext": "제조업(10~34)", "documentId": "kr20077029208a", "application_number": "1020077029208", "Ltext": "전자 부품, 컴퓨터, 영상, 음향 및 통신장비 제조업", "keyword": "수동소자실장기판제조/전자부품실장기판제조/발광모듈/코어금속/법랑층/돌출부/장치/절연층/도전층/발광소자", "document_type": "A"}, {"updateDate": "20220608", "LLno": "C", "SSno": "26224", "Stext": "인쇄회로기판 및 전자부품 실장기판 제조업", "SStext": "전자 부품 실장기판 제조업", "Mtext": "전자 부품 제조업", "Lno": "26", "ipc_main": "H05K-003/40", "Mno": "262", "country_code": "KR", "Sno": "2622", "LLtext": "제조업(10~34)", "documentId": "kr20080024182a", "application_number": "1020080024182", "Ltext": "전자 부품, 컴퓨터, 영상, 음향 및 통신장비 제조업", "keyword": "인쇄회로전자부품품실장품제조/플로터용인쇄회로조립품제조/실장용인쇄회로기판/플립칩/동박층/절연층/장치/회로패턴/도금층/동범프", "document_type": "A"}, {"updateDate": "20220608", "LLno": "C", "SSno": "26224", "Stext": "인쇄회로기판 및 전자부품 실장기판 제조업", "SStext": "전자 부품 실장기판 제조업", "Mtext": "전자 부품 제조업", "Lno": "26", "ipc_main": "H01L-021/60", "Mno": "262", "country_code": "KR", "Sno": "2622", "LLtext": "제조업(10~34)", "documentId": "kr20080108504a", "application_number": "1020080108504", "Ltext": "전자 부품, 컴퓨터, 영상, 음향 및 통신장비 제조업", "keyword": "수동소자실장기판제조/전자부품실장기판제조/실장시스템/소정패턴/진출부/검사부/장치/픽업/솔더/검사결과", "document_type": "A"}, {"updateDate": "20220608", "LLno": "C", "SSno": "26224", "Stext": "인쇄회로기판 및 전자부품 실장기판 제조업", "SStext": "전자 부품 실장기판 제조업", "Mtext": "전자 부품 제조업", "Lno": "26", "ipc_main": "H01L-023/15", "Mno": "262", "country_code": "KR", "Sno": "2622", "LLtext": "제조업(10~34)", "documentId": "kr20080110970a", "application_number": "1020080110970", "Ltext": "전자 부품, 컴퓨터, 영상, 음향 및 통신장비 제조업", "keyword": "인쇄회로전자부품품실장품제조/플로터용인쇄회로조립품제조/인쇄회로기판/마더보드/반도체패키지/모서리/장치/수지층/볼랜드/최외각", "document_type": "A"}, {"updateDate": "20220608", "LLno": "C", "SSno": "26224", "Stext": "인쇄회로기판 및 전자부품 실장기판 제조업", "SStext": "전자 부품 실장기판 제조업", "Mtext": "전자 부품 제조업", "Lno": "26", "ipc_main": "H05K-001/18", "Mno": "262", "country_code": "KR", "Sno": "2622", "LLtext": "제조업(10~34)", "documentId": "kr20090025648a", "application_number": "1020090025648", "Ltext": "전자 부품, 컴퓨터, 영상, 음향 및 통신장비 제조업", "keyword": "베어칩베어다이실장소자제조/전자부품실장기판제조/인쇄회로기판/칩/내장/절연층/방법/페이스/동박/스퍼터링", "document_type": "A"}, {"updateDate": "20220608", "LLno": "C", "SSno": "26224", "Stext": "인쇄회로기판 및 전자부품 실장기판 제조업", "SStext": "전자 부품 실장기판 제조업", "Mtext": "전자 부품 제조업", "Lno": "26", "ipc_main": "H05K-001/02", "Mno": "262", "country_code": "KR", "Sno": "2622", "LLtext": "제조업(10~34)", "documentId": "kr20100027009b1", "application_number": "1020100027009", "Ltext": "전자 부품, 컴퓨터, 영상, 음향 및 통신장비 제조업", "keyword": "기타전기변환장치전용PCB실장품제조/전자부품실장기판제조/회로기판/엘이디/패키지/인쇄공정/장치/메탈기판/전극패턴/잉크", "document_type": "B1"}, {"updateDate": "20220608", "LLno": "C", "SSno": "26224", "Stext": "인쇄회로기판 및 전자부품 실장기판 제조업", "SStext": "전자 부품 실장기판 제조업", "Mtext": "전자 부품 제조업", "Lno": "26", "ipc_main": "H01L-027/04", "Mno": "262", "country_code": "KR", "Sno": "2622", "LLtext": "제조업(10~34)", "documentId": "kr20107024797a", "application_number": "1020107024797", "Ltext": "전자 부품, 컴퓨터, 영상, 음향 및 통신장비 제조업", "keyword": "수동소자실장기판제조/전자부품실장기판제조/삼차원실장회로/인덕터/집적회로장치/코일/장치/상하방향/권취수/주배선", "document_type": "A"}, {"updateDate": "20220608", "LLno": "C", "SSno": "26224", "Stext": "인쇄회로기판 및 전자부품 실장기판 제조업", "SStext": "전자 부품 실장기판 제조업", "Mtext": "전자 부품 제조업", "Lno": "26", "ipc_main": "H01L-033/48", "Mno": "262", "country_code": "KR", "Sno": "2622", "LLtext": "제조업(10~34)", "documentId": "kr20110079404a", "application_number": "1020110079404", "Ltext": "전자 부품, 컴퓨터, 영상, 음향 및 통신장비 제조업", "keyword": "수동소자실장기판제조/전자부품실장기판제조/실장기판/발광소자패키지/칩/홈패턴/몰드/장치/기판/절연층/멀티칩", "document_type": "A"}, {"updateDate": "20220608", "LLno": "C", "SSno": "26224", "Stext": "인쇄회로기판 및 전자부품 실장기판 제조업", "SStext": "전자 부품 실장기판 제조업", "Mtext": "전자 부품 제조업", "Lno": "26", "ipc_main": "H05K-013/04", "Mno": "262", "country_code": "KR", "Sno": "2622", "LLtext": "제조업(10~34)", "documentId": "kr20110101234b1", "application_number": "1020110101234", "Ltext": "전자 부품, 컴퓨터, 영상, 음향 및 통신장비 제조업", "keyword": "수동소자실장기판제조/전자부품실장기판제조/클리닝장치/케이스/홀더블록/결합홈/장치/매체/케이스/세척", "document_type": "B1"}, {"updateDate": "20220608", "LLno": "C", "SSno": "26224", "Stext": "인쇄회로기판 및 전자부품 실장기판 제조업", "SStext": "전자 부품 실장기판 제조업", "Mtext": "전자 부품 제조업", "Lno": "26", "ipc_main": "G01R-031/28", "Mno": "262", "country_code": "KR", "Sno": "2622", "LLtext": "제조업(10~34)", "documentId": "kr20110116830a", "application_number": "1020110116830", "Ltext": "전자 부품, 컴퓨터, 영상, 음향 및 통신장비 제조업", "keyword": "기타전기변환장치전용PCB실장품제조/인쇄회로전자부품품실장품제조/아이솔레이터/입력단프로브/램프/신호/장치/출력단/핀/배터리", "document_type": "A"}, {"updateDate": "20220608", "LLno": "C", "SSno": "26224", "Stext": "인쇄회로기판 및 전자부품 실장기판 제조업", "SStext": "전자 부품 실장기판 제조업", "Mtext": "전자 부품 제조업", "Lno": "26", "ipc_main": "H01L-033/62", "Mno": "262", "country_code": "KR", "Sno": "2622", "LLtext": "제조업(10~34)", "documentId": "kr20120023433a", "application_number": "1020120023433", "Ltext": "전자 부품, 컴퓨터, 영상, 음향 및 통신장비 제조업", "keyword": "수동소자실장기판제조/전자부품실장기판제조/기판/발광소자/기판/범프/장치/절연층/전극패드/PSR", "document_type": "A"}, {"updateDate": "20220608", "LLno": "C", "SSno": "26224", "Stext": "인쇄회로기판 및 전자부품 실장기판 제조업", "SStext": "전자 부품 실장기판 제조업", "Mtext": "전자 부품 제조업", "Lno": "26", "ipc_main": "H05K-013/02", "Mno": "262", "country_code": "KR", "Sno": "2622", "LLtext": "제조업(10~34)", "documentId": "kr20120030052a", "application_number": "1020120030052", "Ltext": "전자 부품, 컴퓨터, 영상, 음향 및 통신장비 제조업", "keyword": "수동소자실장기판제조/전자부품실장기판제조/기판/피더/실장유닛/제어유닛/방법/부품정보/위치정보/장착부", "document_type": "A"}, {"updateDate": "20220608", "LLno": "C", "SSno": "26224", "Stext": "인쇄회로기판 및 전자부품 실장기판 제조업", "SStext": "전자 부품 실장기판 제조업", "Mtext": "전자 부품 제조업", "Lno": "26", "ipc_main": "H05K-013/08", "Mno": "262", "country_code": "KR", "Sno": "2622", "LLtext": "제조업(10~34)", "documentId": "kr20120050018b1", "application_number": "1020120050018", "Ltext": "전자 부품, 컴퓨터, 영상, 음향 및 통신장비 제조업", "keyword": "기타전기변환장치전용PCB실장품제조/인쇄회로전자부품품실장품제조/크로스셰어그리드/미실장/핀/분할영역/장치/리얼포인트/피치간격/그리드", "document_type": "B1"}, {"updateDate": "20220608", "LLno": "C", "SSno": "26224", "Stext": "인쇄회로기판 및 전자부품 실장기판 제조업", "SStext": "전자 부품 실장기판 제조업", "Mtext": "전자 부품 제조업", "Lno": "26", "ipc_main": "H05K-013/04", "Mno": "262", "country_code": "KR", "Sno": "2622", "LLtext": "제조업(10~34)", "documentId": "kr20120052205a", "application_number": "1020120052205", "Ltext": "전자 부품, 컴퓨터, 영상, 음향 및 통신장비 제조업", "keyword": "수동소자실장기판제조/전자부품실장기판제조/양면실장기판/프린트/테이블/백업/장치/액추에이터/서보모터/클리어런스", "document_type": "A"}, {"updateDate": "20220608", "LLno": "C", "SSno": "26224", "Stext": "인쇄회로기판 및 전자부품 실장기판 제조업", "SStext": "전자 부품 실장기판 제조업", "Mtext": "전자 부품 제조업", "Lno": "26", "ipc_main": "H01G-004/12", "Mno": "262", "country_code": "KR", "Sno": "2622", "LLtext": "제조업(10~34)", "documentId": "kr20130079098a", "application_number": "1020130079098", "Ltext": "전자 부품, 컴퓨터, 영상, 음향 및 통신장비 제조업", "keyword": "수동소자실장기판제조/전자부품실장기판제조/실장기판/유전체층/본체/적층/장치/세라믹/두께/전극", "document_type": "A"}, {"updateDate": "20220608", "LLno": "C", "SSno": "26224", "Stext": "인쇄회로기판 및 전자부품 실장기판 제조업", "SStext": "전자 부품 실장기판 제조업", "Mtext": "전자 부품 제조업", "Lno": "26", "ipc_main": "H01F-017/00", "Mno": "262", "country_code": "KR", "Sno": "2622", "LLtext": "제조업(10~34)", "documentId": "kr20130135030a", "application_number": "1020130135030", "Ltext": "전자 부품, 컴퓨터, 영상, 음향 및 통신장비 제조업", "keyword": "수동소자실장기판제조/전자부품실장기판제조/실장기판/자성체층/도체/인덕터/장치/본체/갭부/코일부", "document_type": "A"}, {"updateDate": "20220608", "LLno": "C", "SSno": "26224", "Stext": "인쇄회로기판 및 전자부품 실장기판 제조업", "SStext": "전자 부품 실장기판 제조업", "Mtext": "전자 부품 제조업", "Lno": "26", "ipc_main": "H01L-021/50", "Mno": "262", "country_code": "KR", "Sno": "2622", "LLtext": "제조업(10~34)", "documentId": "kr20130138445a", "application_number": "1020130138445", "Ltext": "전자 부품, 컴퓨터, 영상, 음향 및 통신장비 제조업", "keyword": "수동소자실장기판제조/전자부품실장기판제조/실장기판/필름/구리/구리합금/방법/절연성/피막/UV광", "document_type": "A"}, {"updateDate": "20220608", "LLno": "C", "SSno": "26224", "Stext": "인쇄회로기판 및 전자부품 실장기판 제조업", "SStext": "전자 부품 실장기판 제조업", "Mtext": "전자 부품 제조업", "Lno": "26", "ipc_main": "H05K-013/04", "Mno": "262", "country_code": "KR", "Sno": "2622", "LLtext": "제조업(10~34)", "documentId": "kr20140004357a", "application_number": "1020140004357", "Ltext": "전자 부품, 컴퓨터, 영상, 음향 및 통신장비 제조업", "keyword": "인쇄회로전자부품품실장품제조/플로터용인쇄회로조립품제조/인쇄회로기판/서브패드부/표시기판/압착유닛/장치/스테이지/원형/다분할", "document_type": "A"}, {"updateDate": "20220608", "LLno": "C", "SSno": "26224", "Stext": "인쇄회로기판 및 전자부품 실장기판 제조업", "SStext": "전자 부품 실장기판 제조업", "Mtext": "전자 부품 제조업", "Lno": "26", "ipc_main": "H01F-017/00", "Mno": "262", "country_code": "KR", "Sno": "2622", "LLtext": "제조업(10~34)", "documentId": "kr20140126205b1", "application_number": "1020140126205", "Ltext": "전자 부품, 컴퓨터, 영상, 음향 및 통신장비 제조업", "keyword": "수동소자실장기판제조/전자부품실장기판제조/실장기판/자성재료/본체/코일부/장치/시드패턴/도금층/표면", "document_type": "B1"}, {"updateDate": "20220608", "LLno": "C", "SSno": "26224", "Stext": "인쇄회로기판 및 전자부품 실장기판 제조업", "SStext": "전자 부품 실장기판 제조업", "Mtext": "전자 부품 제조업", "Lno": "26", "ipc_main": "H01F-017/00", "Mno": "262", "country_code": "KR", "Sno": "2622", "LLtext": "제조업(10~34)", "documentId": "kr20140175017a", "application_number": "1020140175017", "Ltext": "전자 부품, 컴퓨터, 영상, 음향 및 통신장비 제조업", "keyword": "베어칩베어다이실장소자제조/전자부품실장기판제조/실장기판/코일부/자성체/칩/장치/코어층/플레이트/커버층", "document_type": "A"}, {"updateDate": "20220608", "LLno": "C", "SSno": "26224", "Stext": "인쇄회로기판 및 전자부품 실장기판 제조업", "SStext": "전자 부품 실장기판 제조업", "Mtext": "전자 부품 제조업", "Lno": "26", "ipc_main": "H01G-004/12", "Mno": "262", "country_code": "KR", "Sno": "2622", "LLtext": "제조업(10~34)", "documentId": "kr20150000834a", "application_number": "1020150000834", "Ltext": "전자 부품, 컴퓨터, 영상, 음향 및 통신장비 제조업", "keyword": "수동소자실장기판제조/전자부품실장기판제조/실장기판/유전체층/내부전극/세라믹/장치/적층/가장자리부/외부전극", "document_type": "A"}, {"updateDate": "20220608", "LLno": "C", "SSno": "26224", "Stext": "인쇄회로기판 및 전자부품 실장기판 제조업", "SStext": "전자 부품 실장기판 제조업", "Mtext": "전자 부품 제조업", "Lno": "26", "ipc_main": "H01M-002/10", "Mno": "262", "country_code": "KR", "Sno": "2622", "LLtext": "제조업(10~34)", "documentId": "kr20150042546a", "application_number": "1020150042546", "Ltext": "전자 부품, 컴퓨터, 영상, 음향 및 통신장비 제조업", "keyword": "전자부품실장기판제조/표면실장소자제조/전지팩/외주변/전극단자/접속부재/장치/보호회로/대향면/전지셀", "document_type": "A"}, {"updateDate": "20220608", "LLno": "C", "SSno": "26224", "Stext": "인쇄회로기판 및 전자부품 실장기판 제조업", "SStext": "전자 부품 실장기판 제조업", "Mtext": "전자 부품 제조업", "Lno": "26", "ipc_main": "H01G-004/018", "Mno": "262", "country_code": "KR", "Sno": "2622", "LLtext": "제조업(10~34)", "documentId": "kr20150166359a", "application_number": "1020150166359", "Ltext": "전자 부품, 컴퓨터, 영상, 음향 및 통신장비 제조업", "keyword": "인쇄회로전자부품품실장품제조/전자부품실장기판제조/인쇄회로기판/커패시터/금속층/유전체층/방법/적층구조물/절단/적층", "document_type": "A"}, {"updateDate": "20220608", "LLno": "C", "SSno": "26224", "Stext": "인쇄회로기판 및 전자부품 실장기판 제조업", "SStext": "전자 부품 실장기판 제조업", "Mtext": "전자 부품 제조업", "Lno": "26", "ipc_main": "H05K-003/34", "Mno": "262", "country_code": "KR", "Sno": "2622", "LLtext": "제조업(10~34)", "documentId": "kr20150169866a", "application_number": "1020150169866", "Ltext": "전자 부품, 컴퓨터, 영상, 음향 및 통신장비 제조업", "keyword": "수동소자실장기판제조/전자부품실장기판제조/필름/전자소자/범프/패턴/장치/노출/인쇄회로기판/솔더", "document_type": "A"}, {"updateDate": "20220608", "LLno": "C", "SSno": "26224", "Stext": "인쇄회로기판 및 전자부품 실장기판 제조업", "SStext": "전자 부품 실장기판 제조업", "Mtext": "전자 부품 제조업", "Lno": "26", "ipc_main": "H01L-033/36", "Mno": "262", "country_code": "KR", "Sno": "2622", "LLtext": "제조업(10~34)", "documentId": "kr20150179906a", "application_number": "1020150179906", "Ltext": "전자 부품, 컴퓨터, 영상, 음향 및 통신장비 제조업", "keyword": "수동소자실장기판제조/전자부품실장기판제조/발광소자패키지/전극/패드/반도체/장치/회로기판/영역/복수", "document_type": "A"}, {"updateDate": "20220608", "LLno": "C", "SSno": "26224", "Stext": "인쇄회로기판 및 전자부품 실장기판 제조업", "SStext": "전자 부품 실장기판 제조업", "Mtext": "전자 부품 제조업", "Lno": "26", "ipc_main": "H01C-013/02", "Mno": "262", "country_code": "KR", "Sno": "2622", "LLtext": "제조업(10~34)", "documentId": "kr20150182281a", "application_number": "1020150182281", "Ltext": "전자 부품, 컴퓨터, 영상, 음향 및 통신장비 제조업", "keyword": "수동소자실장기판제조/전자부품실장기판제조/실장기판/저항층/베이스기재/프로빙/장치/패드/단자/면", "document_type": "A"}, {"updateDate": "20220608", "LLno": "C", "SSno": "26224", "Stext": "인쇄회로기판 및 전자부품 실장기판 제조업", "SStext": "전자 부품 실장기판 제조업", "Mtext": "전자 부품 제조업", "Lno": "26", "ipc_main": "H01G-004/38", "Mno": "262", "country_code": "KR", "Sno": "2622", "LLtext": "제조업(10~34)", "documentId": "kr20160000540a", "application_number": "1020160000540", "Ltext": "전자 부품, 컴퓨터, 영상, 음향 및 통신장비 제조업", "keyword": "수동소자실장기판제조/전자부품실장기판제조/실장기판/커패시터/외부전극/봉합재/장치/바디/탄탈/전극부", "document_type": "A"}, {"updateDate": "20220608", "LLno": "C", "SSno": "26224", "Stext": "인쇄회로기판 및 전자부품 실장기판 제조업", "SStext": "전자 부품 실장기판 제조업", "Mtext": "전자 부품 제조업", "Lno": "26", "ipc_main": "H01L-033/48", "Mno": "262", "country_code": "KR", "Sno": "2622", "LLtext": "제조업(10~34)", "documentId": "kr20160047996b1", "application_number": "1020160047996", "Ltext": "전자 부품, 컴퓨터, 영상, 음향 및 통신장비 제조업", "keyword": "전자부품실장기판제조/표면실장소자제조/발광소자/리플렉터/LED/열/장치/합성수지/기판/리드프레임", "document_type": "B1"}, {"updateDate": "20220608", "LLno": "C", "SSno": "26224", "Stext": "인쇄회로기판 및 전자부품 실장기판 제조업", "SStext": "전자 부품 실장기판 제조업", "Mtext": "전자 부품 제조업", "Lno": "26", "ipc_main": "H01C-001/142", "Mno": "262", "country_code": "KR", "Sno": "2622", "LLtext": "제조업(10~34)", "documentId": "kr20160079902a", "application_number": "1020160079902", "Ltext": "전자 부품, 컴퓨터, 영상, 음향 및 통신장비 제조업", "keyword": "수동소자실장기판제조/전자부품실장기판제조/저항소자/이격/베이스기재/저항층/장치/단자/배치/일단부", "document_type": "A"}, {"updateDate": "20220608", "LLno": "C", "SSno": "26224", "Stext": "인쇄회로기판 및 전자부품 실장기판 제조업", "SStext": "전자 부품 실장기판 제조업", "Mtext": "전자 부품 제조업", "Lno": "26", "ipc_main": "H05K-001/18", "Mno": "262", "country_code": "KR", "Sno": "2622", "LLtext": "제조업(10~34)", "documentId": "kr20160098155a", "application_number": "1020160098155", "Ltext": "전자 부품, 컴퓨터, 영상, 음향 및 통신장비 제조업", "keyword": "수동소자실장기판제조/전자부품실장기판제조/전자소자/반도체/칩/언더필/장치/상면/하면/범프", "document_type": "A"}, {"updateDate": "20220608", "LLno": "C", "SSno": "26224", "Stext": "인쇄회로기판 및 전자부품 실장기판 제조업", "SStext": "전자 부품 실장기판 제조업", "Mtext": "전자 부품 제조업", "Lno": "26", "ipc_main": "H01C-007/00", "Mno": "262", "country_code": "KR", "Sno": "2622", "LLtext": "제조업(10~34)", "documentId": "kr20160162828a", "application_number": "1020160162828", "Ltext": "전자 부품, 컴퓨터, 영상, 음향 및 통신장비 제조업", "keyword": "베어칩베어다이실장소자제조/전자부품실장기판제조/베어칩/세라믹/오목부/서미스터/방법/다이싱/정렬지그/전극", "document_type": "A"}, {"updateDate": "20220608", "LLno": "C", "SSno": "26224", "Stext": "인쇄회로기판 및 전자부품 실장기판 제조업", "SStext": "전자 부품 실장기판 제조업", "Mtext": "전자 부품 제조업", "Lno": "26", "ipc_main": "H01H-013/48", "Mno": "262", "country_code": "KR", "Sno": "2622", "LLtext": "제조업(10~34)", "documentId": "kr20170035226a", "application_number": "1020170035226", "Ltext": "전자 부품, 컴퓨터, 영상, 음향 및 통신장비 제조업", "keyword": "수동소자실장기판제조/전자부품실장기판제조/돔스위치/관통공/전극/액츄에이터/방법/고정전극/실리콘/나노입자", "document_type": "A"}, {"updateDate": "20220608", "LLno": "C", "SSno": "26224", "Stext": "인쇄회로기판 및 전자부품 실장기판 제조업", "SStext": "전자 부품 실장기판 제조업", "Mtext": "전자 부품 제조업", "Lno": "26", "ipc_main": "H01L-027/15", "Mno": "262", "country_code": "KR", "Sno": "2622", "LLtext": "제조업(10~34)", "documentId": "kr20170118688a", "application_number": "1020170118688", "Ltext": "전자 부품, 컴퓨터, 영상, 음향 및 통신장비 제조업", "keyword": "전자부품실장기판제조/표면실장소자제조/디스플레이/바닥면/매트릭스/교차점/장치/접촉부/전기/포스트", "document_type": "A"}, {"updateDate": "20220608", "LLno": "C", "SSno": "26224", "Stext": "인쇄회로기판 및 전자부품 실장기판 제조업", "SStext": "전자 부품 실장기판 제조업", "Mtext": "전자 부품 제조업", "Lno": "26", "ipc_main": "G01N-021/88", "Mno": "262", "country_code": "KR", "Sno": "2622", "LLtext": "제조업(10~34)", "documentId": "kr20170123347b1", "application_number": "1020170123347", "Ltext": "전자 부품, 컴퓨터, 영상, 음향 및 통신장비 제조업", "keyword": "수동소자실장기판제조/전자부품실장기판제조/fpcb검사시스템/권취부/이송롤러/블로우패드/시스템/3D촬영/공압/영상", "document_type": "B1"}, {"updateDate": "20220608", "LLno": "C", "SSno": "26224", "Stext": "인쇄회로기판 및 전자부품 실장기판 제조업", "SStext": "전자 부품 실장기판 제조업", "Mtext": "전자 부품 제조업", "Lno": "26", "ipc_main": "H05K-013/00", "Mno": "262", "country_code": "KR", "Sno": "2622", "LLtext": "제조업(10~34)", "documentId": "kr20170123348a", "application_number": "1020170123348", "Ltext": "전자 부품, 컴퓨터, 영상, 음향 및 통신장비 제조업", "keyword": "수동소자실장기판제조/전자부품실장기판제조/fpcb/이송롤러/상부버퍼롤러/경유/장치/권출/권취부/소자실장형", "document_type": "A"}, {"updateDate": "20220608", "LLno": "C", "SSno": "26224", "Stext": "인쇄회로기판 및 전자부품 실장기판 제조업", "SStext": "전자 부품 실장기판 제조업", "Mtext": "전자 부품 제조업", "Lno": "26", "ipc_main": "H05K-007/12", "Mno": "262", "country_code": "KR", "Sno": "2622", "LLtext": "제조업(10~34)", "documentId": "kr20180027693a", "application_number": "1020180027693", "Ltext": "전자 부품, 컴퓨터, 영상, 음향 및 통신장비 제조업", "keyword": "인쇄회로전자부품품실장품제조/플로터용인쇄회로조립품제조/전기부품/실장보조물/연결도선/격실/장치/몸체부/개구부/버스바", "document_type": "A"}, {"updateDate": "20220608", "LLno": "C", "SSno": "26224", "Stext": "인쇄회로기판 및 전자부품 실장기판 제조업", "SStext": "전자 부품 실장기판 제조업", "Mtext": "전자 부품 제조업", "Lno": "26", "ipc_main": "H01L-021/67", "Mno": "262", "country_code": "KR", "Sno": "2622", "LLtext": "제조업(10~34)", "documentId": "kr20180116106a", "application_number": "1020180116106", "Ltext": "전자 부품, 컴퓨터, 영상, 음향 및 통신장비 제조업", "keyword": "수동소자실장기판제조/전자부품실장기판제조/소자실장기판/이송부/캐리어/다행다열/방법/공급대/시트/점착력", "document_type": "A"}, {"updateDate": "20220608", "LLno": "C", "SSno": "26224", "Stext": "인쇄회로기판 및 전자부품 실장기판 제조업", "SStext": "전자 부품 실장기판 제조업", "Mtext": "전자 부품 제조업", "Lno": "26", "ipc_main": "B05C-005/02", "Mno": "262", "country_code": "KR", "Sno": "2622", "LLtext": "제조업(10~34)", "documentId": "kr20190080876b1", "application_number": "1020190080876", "Ltext": "전자 부품, 컴퓨터, 영상, 음향 및 통신장비 제조업", "keyword": "인쇄회로전자부품품실장품제조/플로터용인쇄회로조립품제조/건조장치/제어부/슬라이딩레일부제/간격조절부재/장치/개폐도어/하우징부재/지그베이스부재", "document_type": "B1"}, {"updateDate": "20220608", "LLno": "C", "SSno": "26224", "Stext": "인쇄회로기판 및 전자부품 실장기판 제조업", "SStext": "전자 부품 실장기판 제조업", "Mtext": "전자 부품 제조업", "Lno": "26", "ipc_main": "H01G-004/30", "Mno": "262", "country_code": "KR", "Sno": "2622", "LLtext": "제조업(10~34)", "documentId": "kr20190098615a", "application_number": "1020190098615", "Ltext": "전자 부품, 컴퓨터, 영상, 음향 및 통신장비 제조업", "keyword": "수동소자실장기판제조/전자부품실장기판제조/기판/회로/세라믹/평탄영역/방법/미가공체/중앙부/주면", "document_type": "A"}, {"updateDate": "20220608", "LLno": "C", "SSno": "26224", "Stext": "인쇄회로기판 및 전자부품 실장기판 제조업", "SStext": "전자 부품 실장기판 제조업", "Mtext": "전자 부품 제조업", "Lno": "26", "ipc_main": "H01F-017/02", "Mno": "262", "country_code": "KR", "Sno": "2622", "LLtext": "제조업(10~34)", "documentId": "kr20190113080a", "application_number": "1020190113080", "Ltext": "전자 부품, 컴퓨터, 영상, 음향 및 통신장비 제조업", "keyword": "베어칩베어다이실장소자기판/전자부품실장기판제조/실장기판/절연/코일/패턴/장치/자성체/외부전극/도금층", "document_type": "A"}, {"updateDate": "20220608", "LLno": "C", "SSno": "26224", "Stext": "인쇄회로기판 및 전자부품 실장기판 제조업", "SStext": "전자 부품 실장기판 제조업", "Mtext": "전자 부품 제조업", "Lno": "26", "ipc_main": "H01G-004/30", "Mno": "262", "country_code": "KR", "Sno": "2622", "LLtext": "제조업(10~34)", "documentId": "kr20190126036a", "application_number": "1020190126036", "Ltext": "전자 부품, 컴퓨터, 영상, 음향 및 통신장비 제조업", "keyword": "수동소자실장기판제조/전자부품실장기판제조/회로기판/세라믹/역전타입/피복부/장치/치수/면부/에지", "document_type": "A"}]}