{"dataset": [{"updateDate": "20220608", "LLno": "C", "SSno": "23119", "Stext": "판유리 및 판유리 가공품 제조업", "SStext": "기타 판유리 가공품 제조업", "Mtext": "유리 및 유리제품 제조업", "Lno": "23", "ipc_main": "C03C-027/12", "Mno": "231", "country_code": "KR", "Sno": "2311", "LLtext": "제조업(10~34)", "documentId": "kr20050024213a", "application_number": "1020050024213", "Ltext": "비금속 광물제품 제조업", "keyword": "복층유리제조(구입유리가공)/복층절연유리제조(구입유리가공)/제조방법/합성수지액/합성경화성수지/제품질향상/방법/양면테이프/토출공/적층접합", "document_type": "A"}, {"updateDate": "20220608", "LLno": "C", "SSno": "23119", "Stext": "판유리 및 판유리 가공품 제조업", "SStext": "기타 판유리 가공품 제조업", "Mtext": "유리 및 유리제품 제조업", "Lno": "23", "ipc_main": "C03C-004/00", "Mno": "231", "country_code": "KR", "Sno": "2311", "LLtext": "제조업(10~34)", "documentId": "kr20050078877a", "application_number": "1020050078877", "Ltext": "비금속 광물제품 제조업", "keyword": "연마가공유리제조/곡유리제조/음이온발생유리/음이온광물/방사선원소/음이온발생/조성물/칼륨/산화칼륨/유리", "document_type": "A"}, {"updateDate": "20220608", "LLno": "C", "SSno": "23119", "Stext": "판유리 및 판유리 가공품 제조업", "SStext": "기타 판유리 가공품 제조업", "Mtext": "유리 및 유리제품 제조업", "Lno": "23", "ipc_main": "C03C-027/12", "Mno": "231", "country_code": "KR", "Sno": "2311", "LLtext": "제조업(10~34)", "documentId": "kr20050081397a", "application_number": "1020050081397", "Ltext": "비금속 광물제품 제조업", "keyword": "연마가공유리제조(구입판유리가공품)/곡유리제조(판유리구입가공)/제조방법/적층유리/중간막필름/적층유리제조/조성물/2축연신포화폴리에스테르계필름/열융착/저온플라즈마처리", "document_type": "A"}, {"updateDate": "20220608", "LLno": "C", "SSno": "23119", "Stext": "판유리 및 판유리 가공품 제조업", "SStext": "기타 판유리 가공품 제조업", "Mtext": "유리 및 유리제품 제조업", "Lno": "23", "ipc_main": "C03C-027/12", "Mno": "231", "country_code": "KR", "Sno": "2311", "LLtext": "제조업(10~34)", "documentId": "kr20050120409a", "application_number": "1020050120409", "Ltext": "비금속 광물제품 제조업", "keyword": "연마가공유리제조(구입판유리가공품)/곡유리제조(판유리구입가공)/제조방법/접합유리/판유리/접합유리제조/방법/합성수지액/단턱/양면테이프", "document_type": "A"}, {"updateDate": "20220608", "LLno": "C", "SSno": "23119", "Stext": "판유리 및 판유리 가공품 제조업", "SStext": "기타 판유리 가공품 제조업", "Mtext": "유리 및 유리제품 제조업", "Lno": "23", "ipc_main": "C03C-027/06", "Mno": "231", "country_code": "KR", "Sno": "2311", "LLtext": "제조업(10~34)", "documentId": "kr20060001584a", "application_number": "1020060001584", "Ltext": "비금속 광물제품 제조업", "keyword": "복층유리제조/복층절연유리제조/진공복층유리/스페이서/코너키/방음단열기능향상/조성물/체크밸브/상호지지/진공펌프", "document_type": "A"}, {"updateDate": "20220608", "LLno": "C", "SSno": "23119", "Stext": "판유리 및 판유리 가공품 제조업", "SStext": "기타 판유리 가공품 제조업", "Mtext": "유리 및 유리제품 제조업", "Lno": "23", "ipc_main": "C03C-008/04", "Mno": "231", "country_code": "KR", "Sno": "2311", "LLtext": "제조업(10~34)", "documentId": "kr20060021322a", "application_number": "1020060021322", "Ltext": "비금속 광물제품 제조업", "keyword": "연마가공유리제조/곡유리제조/유리페이스트조성물/플라즈마디스플레이패널/형광표시판/기판휨감소/조성물/알칼리금속원소/납/미스무트", "document_type": "A"}, {"updateDate": "20220608", "LLno": "C", "SSno": "23119", "Stext": "판유리 및 판유리 가공품 제조업", "SStext": "기타 판유리 가공품 제조업", "Mtext": "유리 및 유리제품 제조업", "Lno": "23", "ipc_main": "C03B-035/00", "Mno": "231", "country_code": "KR", "Sno": "2311", "LLtext": "제조업(10~34)", "documentId": "kr20060022165b1", "application_number": "1020060022165", "Ltext": "비금속 광물제품 제조업", "keyword": "곡가공유리제조(판유리가공품)/곡면유리제조(판유리가공품)/이송장치/판유리/에어부상기/작업능률향상/장치/이송기/곡률/작업대", "document_type": "B1"}, {"updateDate": "20220608", "LLno": "C", "SSno": "23119", "Stext": "판유리 및 판유리 가공품 제조업", "SStext": "기타 판유리 가공품 제조업", "Mtext": "유리 및 유리제품 제조업", "Lno": "23", "ipc_main": "C03C-017/34", "Mno": "231", "country_code": "KR", "Sno": "2311", "LLtext": "제조업(10~34)", "documentId": "kr20060032875b1", "application_number": "1020060032875", "Ltext": "비금속 광물제품 제조업", "keyword": "연마가공유리제조(구입판유리가공품)/곡유리제조(판유리구입가공)/제조방법/강화판유리/무기도료층/단열유리판넬제조/조성물/규산염/알칼리염/계면활성제", "document_type": "B1"}, {"updateDate": "20220608", "LLno": "C", "SSno": "23119", "Stext": "판유리 및 판유리 가공품 제조업", "SStext": "기타 판유리 가공품 제조업", "Mtext": "유리 및 유리제품 제조업", "Lno": "23", "ipc_main": "C03C-017/02", "Mno": "231", "country_code": "KR", "Sno": "2311", "LLtext": "제조업(10~34)", "documentId": "kr20060081107b1", "application_number": "1020060081107", "Ltext": "비금속 광물제품 제조업", "keyword": "연마가공유리제조(구입판유리가공품)/곡유리제조(판유리구입가공)/제조방법/장식용판유리/표준입경/장식용판유리제조/방법/크리스탈아이스/용융/가열로", "document_type": "B1"}, {"updateDate": "20220608", "LLno": "C", "SSno": "23119", "Stext": "판유리 및 판유리 가공품 제조업", "SStext": "기타 판유리 가공품 제조업", "Mtext": "유리 및 유리제품 제조업", "Lno": "23", "ipc_main": "C03B-018/00", "Mno": "231", "country_code": "KR", "Sno": "2311", "LLtext": "제조업(10~34)", "documentId": "kr20067016806b1", "application_number": "1020067016806", "Ltext": "비금속 광물제품 제조업", "keyword": "연마가공유리제조(구입판유리가공품)/곡유리제조(판유리구입가공)/플로트판유리/용융리본에지/용융주석/에지/방법/순환용유로/통상체/오목부", "document_type": "B1"}, {"updateDate": "20220608", "LLno": "C", "SSno": "23119", "Stext": "판유리 및 판유리 가공품 제조업", "SStext": "기타 판유리 가공품 제조업", "Mtext": "유리 및 유리제품 제조업", "Lno": "23", "ipc_main": "C03C-014/00", "Mno": "231", "country_code": "KR", "Sno": "2311", "LLtext": "제조업(10~34)", "documentId": "kr20067027675a", "application_number": "1020067027675", "Ltext": "비금속 광물제품 제조업", "keyword": "연마가공유리제조(구입판유리가공품)/곡유리제조(판유리구입가공)/제조방법/커버유리/고체촬상소자용/커버유리제조/조성물/투광면/요철/박막", "document_type": "A"}, {"updateDate": "20220608", "LLno": "C", "SSno": "23119", "Stext": "판유리 및 판유리 가공품 제조업", "SStext": "기타 판유리 가공품 제조업", "Mtext": "유리 및 유리제품 제조업", "Lno": "23", "ipc_main": "C03C-017/00", "Mno": "231", "country_code": "KR", "Sno": "2311", "LLtext": "제조업(10~34)", "documentId": "kr20067027973b1", "application_number": "1020067027973", "Ltext": "비금속 광물제품 제조업", "keyword": "연마가공유리제조(구입판유리가공품)/곡유리제조(판유리구입가공)/조성물및처리방법/유리세라믹/수성매질/섬유형태유리표면처리/조성물/건조물질/수성용액/유화형태", "document_type": "B1"}, {"updateDate": "20220608", "LLno": "C", "SSno": "23119", "Stext": "판유리 및 판유리 가공품 제조업", "SStext": "기타 판유리 가공품 제조업", "Mtext": "유리 및 유리제품 제조업", "Lno": "23", "ipc_main": "C03B-023/02", "Mno": "231", "country_code": "KR", "Sno": "2311", "LLtext": "제조업(10~34)", "documentId": "kr20070043151b1", "application_number": "1020070043151", "Ltext": "비금속 광물제품 제조업", "keyword": "곡가공유리제조(판유리가공품)/곡면유리제조(판유리가공품)/제조방법/조명등유리커버/전기소성로/조명등유리커버제조/방법/이형제파우더/몰드/용융접합단계", "document_type": "B1"}, {"updateDate": "20220608", "LLno": "C", "SSno": "23119", "Stext": "판유리 및 판유리 가공품 제조업", "SStext": "기타 판유리 가공품 제조업", "Mtext": "유리 및 유리제품 제조업", "Lno": "23", "ipc_main": "C03B-029/00", "Mno": "231", "country_code": "KR", "Sno": "2311", "LLtext": "제조업(10~34)", "documentId": "kr20070078927b1", "application_number": "1020070078927", "Ltext": "비금속 광물제품 제조업", "keyword": "곡가공유리제조(판유리가공품)/곡면유리제조(판유리가공품)/성형방법/무늬/산란/판유리성형/방법/가압판/문양형성단계/가연성물질", "document_type": "B1"}, {"updateDate": "20220608", "LLno": "C", "SSno": "23119", "Stext": "판유리 및 판유리 가공품 제조업", "SStext": "기타 판유리 가공품 제조업", "Mtext": "유리 및 유리제품 제조업", "Lno": "23", "ipc_main": "C03C-027/12", "Mno": "231", "country_code": "KR", "Sno": "2311", "LLtext": "제조업(10~34)", "documentId": "kr20070095591a", "application_number": "1020070095591", "Ltext": "비금속 광물제품 제조업", "keyword": "연마가공유리제조(구입판유리가공품)/곡유리제조(판유리구입가공)/제조방법/이중유리/시트/이중유리제조/방법/양면테이프/투명접착제/기포", "document_type": "A"}, {"updateDate": "20220608", "LLno": "C", "SSno": "23119", "Stext": "판유리 및 판유리 가공품 제조업", "SStext": "기타 판유리 가공품 제조업", "Mtext": "유리 및 유리제품 제조업", "Lno": "23", "ipc_main": "C03C-027/00", "Mno": "231", "country_code": "KR", "Sno": "2311", "LLtext": "제조업(10~34)", "documentId": "kr20070125403b1", "application_number": "1020070125403", "Ltext": "비금속 광물제품 제조업", "keyword": "건축용유리제조/건물용유리제조/안전유리장치/밀폐/비상탈출/안전유리장치제조/조성물/자왜금속/코일/자왜합금", "document_type": "B1"}, {"updateDate": "20220608", "LLno": "C", "SSno": "23119", "Stext": "판유리 및 판유리 가공품 제조업", "SStext": "기타 판유리 가공품 제조업", "Mtext": "유리 및 유리제품 제조업", "Lno": "23", "ipc_main": "C03C-015/00", "Mno": "231", "country_code": "KR", "Sno": "2311", "LLtext": "제조업(10~34)", "documentId": "kr20080002456b1", "application_number": "1020080002456", "Ltext": "비금속 광물제품 제조업", "keyword": "연마가공유리제조(구입판유리가공품)/곡유리제조(판유리구입가공)/유리박판/유리기판/에칭/유리박판제조/장치/에칭액/스프레이/노즐", "document_type": "B1"}, {"updateDate": "20220608", "LLno": "C", "SSno": "23119", "Stext": "판유리 및 판유리 가공품 제조업", "SStext": "기타 판유리 가공품 제조업", "Mtext": "유리 및 유리제품 제조업", "Lno": "23", "ipc_main": "C03B-023/023", "Mno": "231", "country_code": "KR", "Sno": "2311", "LLtext": "제조업(10~34)", "documentId": "kr20080090168a", "application_number": "1020080090168", "Ltext": "비금속 광물제품 제조업", "keyword": "곡가공유리제조(판유리가공품)/곡면유리제조(판유리가공품)/제조방법/판유리/절곡성형/U자형글라스제조/방법/완충냉각로/전후왕복운동/연속서냉로", "document_type": "A"}, {"updateDate": "20220608", "LLno": "C", "SSno": "23119", "Stext": "판유리 및 판유리 가공품 제조업", "SStext": "기타 판유리 가공품 제조업", "Mtext": "유리 및 유리제품 제조업", "Lno": "23", "ipc_main": "C03C-027/12", "Mno": "231", "country_code": "KR", "Sno": "2311", "LLtext": "제조업(10~34)", "documentId": "kr20080094698b1", "application_number": "1020080094698", "Ltext": "비금속 광물제품 제조업", "keyword": "연마가공유리제조(구입판유리가공품)/곡유리제조(판유리구입가공)/접합유리구조물/인테리어/내부유로/접합유리구조물제공/조성물/상판유리/하판유리/펌프", "document_type": "B1"}, {"updateDate": "20220608", "LLno": "C", "SSno": "23119", "Stext": "판유리 및 판유리 가공품 제조업", "SStext": "기타 판유리 가공품 제조업", "Mtext": "유리 및 유리제품 제조업", "Lno": "23", "ipc_main": "C03C-003/062", "Mno": "231", "country_code": "KR", "Sno": "2311", "LLtext": "제조업(10~34)", "documentId": "kr20080101588a", "application_number": "1020080101588", "Ltext": "비금속 광물제품 제조업", "keyword": "연마가공유리제조/곡유리제조/제조방법/광학유리/굴절률/광학유리제조/조성물/내실투성/결정입자/수밀도", "document_type": "A"}, {"updateDate": "20220608", "LLno": "C", "SSno": "23119", "Stext": "판유리 및 판유리 가공품 제조업", "SStext": "기타 판유리 가공품 제조업", "Mtext": "유리 및 유리제품 제조업", "Lno": "23", "ipc_main": "C03C-001/00", "Mno": "231", "country_code": "KR", "Sno": "2311", "LLtext": "제조업(10~34)", "documentId": "kr20087001098b1", "application_number": "1020087001098", "Ltext": "비금속 광물제품 제조업", "keyword": "연마가공유리제조(구입판유리가공품)/곡유리제조(판유리구입가공)/방법/산화가능/환원가능화학종/유리화에의한가둠방법/방법/전구체/산화환원쌍/유리프릿", "document_type": "B1"}, {"updateDate": "20220608", "LLno": "C", "SSno": "23119", "Stext": "판유리 및 판유리 가공품 제조업", "SStext": "기타 판유리 가공품 제조업", "Mtext": "유리 및 유리제품 제조업", "Lno": "23", "ipc_main": "C03C-027/12", "Mno": "231", "country_code": "KR", "Sno": "2311", "LLtext": "제조업(10~34)", "documentId": "kr20090053208a", "application_number": "1020090053208", "Ltext": "비금속 광물제품 제조업", "keyword": "연마가공유리제조(구입판유리가공품)/곡유리제조(판유리구입가공)/제조방법/접합유리/사각형판유리/제품생산성향상/방법/밀봉/경화/테이프", "document_type": "A"}, {"updateDate": "20220608", "LLno": "C", "SSno": "23119", "Stext": "판유리 및 판유리 가공품 제조업", "SStext": "기타 판유리 가공품 제조업", "Mtext": "유리 및 유리제품 제조업", "Lno": "23", "ipc_main": "C03B-027/012", "Mno": "231", "country_code": "KR", "Sno": "2311", "LLtext": "제조업(10~34)", "documentId": "kr20090093114b1", "application_number": "1020090093114", "Ltext": "비금속 광물제품 제조업", "keyword": "곡가공유리제조(판유리가공품)/곡면유리제조(판유리가공품)/판유리강화장치/세척부/서냉부/생산성향상/장치/가이드/상자형/예열부", "document_type": "B1"}, {"updateDate": "20220608", "LLno": "C", "SSno": "23119", "Stext": "판유리 및 판유리 가공품 제조업", "SStext": "기타 판유리 가공품 제조업", "Mtext": "유리 및 유리제품 제조업", "Lno": "23", "ipc_main": "C03C-027/12", "Mno": "231", "country_code": "KR", "Sno": "2311", "LLtext": "제조업(10~34)", "documentId": "kr20090100335a", "application_number": "1020090100335", "Ltext": "비금속 광물제품 제조업", "keyword": "복층유리제조(구입유리가공)/복층절연유리제조(구입유리가공)/제조방법/전극연결장치/발열복층유리/발열복층유리제조/장치/돌출/몸체/전극연결장치", "document_type": "A"}, {"updateDate": "20220608", "LLno": "C", "SSno": "23119", "Stext": "판유리 및 판유리 가공품 제조업", "SStext": "기타 판유리 가공품 제조업", "Mtext": "유리 및 유리제품 제조업", "Lno": "23", "ipc_main": "C03C-027/06", "Mno": "231", "country_code": "KR", "Sno": "2311", "LLtext": "제조업(10~34)", "documentId": "kr20090134572a", "application_number": "1020090134572", "Ltext": "비금속 광물제품 제조업", "keyword": "연마가공유리제조(구입판유리가공품)/곡유리제조(판유리구입가공)/유리패널제품/밀폐성/배기홀/양호한밀폐성확보/방법/계면/고체화/수직삽입", "document_type": "A"}, {"updateDate": "20220608", "LLno": "C", "SSno": "23119", "Stext": "판유리 및 판유리 가공품 제조업", "SStext": "기타 판유리 가공품 제조업", "Mtext": "유리 및 유리제품 제조업", "Lno": "23", "ipc_main": "C03C-017/22", "Mno": "231", "country_code": "KR", "Sno": "2311", "LLtext": "제조업(10~34)", "documentId": "kr20097000252b1", "application_number": "1020097000252", "Ltext": "비금속 광물제품 제조업", "keyword": "연마가공유리제조/곡유리제조/제조방법/유리기판/플로우트법/유리기판제조/방법/성형공정/알칼리금속/용융주석", "document_type": "B1"}, {"updateDate": "20220608", "LLno": "C", "SSno": "23119", "Stext": "판유리 및 판유리 가공품 제조업", "SStext": "기타 판유리 가공품 제조업", "Mtext": "유리 및 유리제품 제조업", "Lno": "23", "ipc_main": "C03C-021/00", "Mno": "231", "country_code": "KR", "Sno": "2311", "LLtext": "제조업(10~34)", "documentId": "kr20100006230a", "application_number": "1020100006230", "Ltext": "비금속 광물제품 제조업", "keyword": "연마가공유리제조(구입판유리가공품)/곡유리제조(판유리구입가공)/제조방법/원판유리/칼륨이온/수율향상/방법/칼륨소스용액/상호치환/서냉", "document_type": "A"}, {"updateDate": "20220608", "LLno": "C", "SSno": "23119", "Stext": "판유리 및 판유리 가공품 제조업", "SStext": "기타 판유리 가공품 제조업", "Mtext": "유리 및 유리제품 제조업", "Lno": "23", "ipc_main": "C03C-003/083", "Mno": "231", "country_code": "KR", "Sno": "2311", "LLtext": "제조업(10~34)", "documentId": "kr20100016837b1", "application_number": "1020100016837", "Ltext": "비금속 광물제품 제조업", "keyword": "연마가공유리제조/곡유리제조/제조방법/결정화유리/LAS계/유리제조/조성물/산화리튬/석탄바닥재/미연탄소성분", "document_type": "B1"}, {"updateDate": "20220608", "LLno": "C", "SSno": "23119", "Stext": "판유리 및 판유리 가공품 제조업", "SStext": "기타 판유리 가공품 제조업", "Mtext": "유리 및 유리제품 제조업", "Lno": "23", "ipc_main": "C03C-027/06", "Mno": "231", "country_code": "KR", "Sno": "2311", "LLtext": "제조업(10~34)", "documentId": "kr20100039790b1", "application_number": "1020100039790", "Ltext": "비금속 광물제품 제조업", "keyword": "복층유리제조(구입유리가공)/복층절연유리제조(구입유리가공)/복층유리/판유리/장식무늬판/얼룩발생방지/장치/무늬조각/지지부/타단부", "document_type": "B1"}, {"updateDate": "20220608", "LLno": "C", "SSno": "23119", "Stext": "판유리 및 판유리 가공품 제조업", "SStext": "기타 판유리 가공품 제조업", "Mtext": "유리 및 유리제품 제조업", "Lno": "23", "ipc_main": "C03C-027/00", "Mno": "231", "country_code": "KR", "Sno": "2311", "LLtext": "제조업(10~34)", "documentId": "kr20100088846b1", "application_number": "1020100088846", "Ltext": "비금속 광물제품 제조업", "keyword": "건축용유리제조(판유리가공품)/건물용유리제조(판유리가공품)/제조방법/진공창/중공부/진공파괴방지/조성물/용융액충전부재/홀더/실링부", "document_type": "B1"}, {"updateDate": "20220608", "LLno": "C", "SSno": "23119", "Stext": "판유리 및 판유리 가공품 제조업", "SStext": "기타 판유리 가공품 제조업", "Mtext": "유리 및 유리제품 제조업", "Lno": "23", "ipc_main": "C03C-017/22", "Mno": "231", "country_code": "KR", "Sno": "2311", "LLtext": "제조업(10~34)", "documentId": "kr20100140553b1", "application_number": "1020100140553", "Ltext": "비금속 광물제품 제조업", "keyword": "연마가공유리제조(구입판유리가공품)/곡유리제조(판유리구입가공)/투명전도성유리기판/터치스크린/탄소나노튜브/전기전도성및투명성우수/장치/유리기판/두께비율/절연층", "document_type": "B1"}, {"updateDate": "20220608", "LLno": "C", "SSno": "23119", "Stext": "판유리 및 판유리 가공품 제조업", "SStext": "기타 판유리 가공품 제조업", "Mtext": "유리 및 유리제품 제조업", "Lno": "23", "ipc_main": "C03C-003/083", "Mno": "231", "country_code": "KR", "Sno": "2311", "LLtext": "제조업(10~34)", "documentId": "kr20107003964b1", "application_number": "1020107003964", "Ltext": "비금속 광물제품 제조업", "keyword": "연마가공유리제조/곡유리제조/제조방법/강화유리/압축응력층/강화유리제조/조성물////", "document_type": "B1"}, {"updateDate": "20220608", "LLno": "C", "SSno": "23119", "Stext": "판유리 및 판유리 가공품 제조업", "SStext": "기타 판유리 가공품 제조업", "Mtext": "유리 및 유리제품 제조업", "Lno": "23", "ipc_main": "C03B-017/06", "Mno": "231", "country_code": "KR", "Sno": "2311", "LLtext": "제조업(10~34)", "documentId": "kr20107004099b1", "application_number": "1020107004099", "Ltext": "비금속 광물제품 제조업", "keyword": "연마가공유리제조/곡유리제조/제조설비/유리판/용융유리/유리판제조/방법/어닐공정/냉각공정/절단공정", "document_type": "B1"}, {"updateDate": "20220608", "LLno": "C", "SSno": "23119", "Stext": "판유리 및 판유리 가공품 제조업", "SStext": "기타 판유리 가공품 제조업", "Mtext": "유리 및 유리제품 제조업", "Lno": "23", "ipc_main": "C03C-017/36", "Mno": "231", "country_code": "KR", "Sno": "2311", "LLtext": "제조업(10~34)", "documentId": "kr20107018163b1", "application_number": "1020107018163", "Ltext": "비금속 광물제품 제조업", "keyword": "연마가공유리제조(구입판유리가공품)/곡유리제조(판유리구입가공)/태양광선차단창유리/태양복사선/박막다층코팅/광투과율계수개선/장치/니오븀기능층/합금/유리시트", "document_type": "B1"}, {"updateDate": "20220608", "LLno": "C", "SSno": "23119", "Stext": "판유리 및 판유리 가공품 제조업", "SStext": "기타 판유리 가공품 제조업", "Mtext": "유리 및 유리제품 제조업", "Lno": "23", "ipc_main": "C03C-027/12", "Mno": "231", "country_code": "KR", "Sno": "2311", "LLtext": "제조업(10~34)", "documentId": "kr20110044754b1", "application_number": "1020110044754", "Ltext": "비금속 광물제품 제조업", "keyword": "복층유리제조/복층절연유리제조/유리기판합착장치/광학접착필름/이송/유리기판합착/방법/접착/부착/가압", "document_type": "B1"}, {"updateDate": "20220608", "LLno": "C", "SSno": "23119", "Stext": "판유리 및 판유리 가공품 제조업", "SStext": "기타 판유리 가공품 제조업", "Mtext": "유리 및 유리제품 제조업", "Lno": "23", "ipc_main": "C03C-019/00", "Mno": "231", "country_code": "KR", "Sno": "2311", "LLtext": "제조업(10~34)", "documentId": "kr20110070878b1", "application_number": "1020110070878", "Ltext": "비금속 광물제품 제조업", "keyword": "연마가공유리제조/곡유리제조/이중유리/홈가공장치/정렬/이중유리제조/방법/착색제/정렬단계/연마단계", "document_type": "B1"}, {"updateDate": "20220608", "LLno": "C", "SSno": "23119", "Stext": "판유리 및 판유리 가공품 제조업", "SStext": "기타 판유리 가공품 제조업", "Mtext": "유리 및 유리제품 제조업", "Lno": "23", "ipc_main": "C03C-027/12", "Mno": "231", "country_code": "KR", "Sno": "2311", "LLtext": "제조업(10~34)", "documentId": "kr20110085131b1", "application_number": "1020110085131", "Ltext": "비금속 광물제품 제조업", "keyword": "연마가공유리제조(구입판유리가공품)/곡유리제조(판유리구입가공)/제조방법/진공유리/판유리/진공유리제조/장치/밀봉부안착홈/밀봉캡/비돌출형구조", "document_type": "B1"}, {"updateDate": "20220608", "LLno": "C", "SSno": "23119", "Stext": "판유리 및 판유리 가공품 제조업", "SStext": "기타 판유리 가공품 제조업", "Mtext": "유리 및 유리제품 제조업", "Lno": "23", "ipc_main": "C03C-004/00", "Mno": "231", "country_code": "KR", "Sno": "2311", "LLtext": "제조업(10~34)", "documentId": "kr20110144241b1", "application_number": "1020110144241", "Ltext": "비금속 광물제품 제조업", "keyword": "연마가공유리제조(구입판유리가공품)/곡유리제조(판유리구입가공)/제조방법/써모크로믹유리/패터닝/가시광투과율향상/장치/면적비율/주거용건물/상업용건물", "document_type": "B1"}, {"updateDate": "20220608", "LLno": "C", "SSno": "23119", "Stext": "판유리 및 판유리 가공품 제조업", "SStext": "기타 판유리 가공품 제조업", "Mtext": "유리 및 유리제품 제조업", "Lno": "23", "ipc_main": "C03B-018/16", "Mno": "231", "country_code": "KR", "Sno": "2311", "LLtext": "제조업(10~34)", "documentId": "kr20117024398b1", "application_number": "1020117024398", "Ltext": "비금속 광물제품 제조업", "keyword": "곡상유리제품(구입판유리고온굽힘또는곡면처리제품)제조/곡반사유리제조(판유리가공품)/제조장치/플로트판유리/행거조립체/안정적사용가능/장치/내열성니켈기합금/질화규소/알루미나", "document_type": "B1"}, {"updateDate": "20220608", "LLno": "C", "SSno": "23119", "Stext": "판유리 및 판유리 가공품 제조업", "SStext": "기타 판유리 가공품 제조업", "Mtext": "유리 및 유리제품 제조업", "Lno": "23", "ipc_main": "C03B-018/02", "Mno": "231", "country_code": "KR", "Sno": "2311", "LLtext": "제조업(10~34)", "documentId": "kr20117028347a", "application_number": "1020117028347", "Ltext": "비금속 광물제품 제조업", "keyword": "곡상유리제품(구입판유리고온굽힘또는곡면처리제품)제조/곡반사유리제조(판유리가공품)/제조장치/플로트판유리/행거조립체/플로트판유리제조/장치/연신부/연결부/테이퍼형상", "document_type": "A"}, {"updateDate": "20220608", "LLno": "C", "SSno": "23119", "Stext": "판유리 및 판유리 가공품 제조업", "SStext": "기타 판유리 가공품 제조업", "Mtext": "유리 및 유리제품 제조업", "Lno": "23", "ipc_main": "C03C-003/062", "Mno": "231", "country_code": "KR", "Sno": "2311", "LLtext": "제조업(10~34)", "documentId": "kr20117029898b1", "application_number": "1020117029898", "Ltext": "비금속 광물제품 제조업", "keyword": "연마가공유리제조(구입판유리가공품)/곡유리제조(판유리구입가공)/유리광학소자/광학성능/코어부/충분한광학성능/장치/광학기능면/표면유리층/다성분", "document_type": "B1"}, {"updateDate": "20220608", "LLno": "C", "SSno": "23119", "Stext": "판유리 및 판유리 가공품 제조업", "SStext": "기타 판유리 가공품 제조업", "Mtext": "유리 및 유리제품 제조업", "Lno": "23", "ipc_main": "C03C-017/02", "Mno": "231", "country_code": "KR", "Sno": "2311", "LLtext": "제조업(10~34)", "documentId": "kr20120029186a", "application_number": "1020120029186", "Ltext": "비금속 광물제품 제조업", "keyword": "연마가공유리제조/곡유리제조/제조방법/장식용유리/무늬/장식용유리제조/방법/비드/서냉단계/소성단계", "document_type": "A"}, {"updateDate": "20220608", "LLno": "C", "SSno": "23119", "Stext": "판유리 및 판유리 가공품 제조업", "SStext": "기타 판유리 가공품 제조업", "Mtext": "유리 및 유리제품 제조업", "Lno": "23", "ipc_main": "C03C-003/087", "Mno": "231", "country_code": "KR", "Sno": "2311", "LLtext": "제조업(10~34)", "documentId": "kr20120029877a", "application_number": "1020120029877", "Ltext": "비금속 광물제품 제조업", "keyword": "연마가공유리제조/곡유리제조/화학강화용유리/산화물/저온/화학강화유리제조/방법////", "document_type": "A"}, {"updateDate": "20220608", "LLno": "C", "SSno": "23119", "Stext": "판유리 및 판유리 가공품 제조업", "SStext": "기타 판유리 가공품 제조업", "Mtext": "유리 및 유리제품 제조업", "Lno": "23", "ipc_main": "C03C-027/12", "Mno": "231", "country_code": "KR", "Sno": "2311", "LLtext": "제조업(10~34)", "documentId": "kr20120132323b1", "application_number": "1020120132323", "Ltext": "비금속 광물제품 제조업", "keyword": "연마가공유리제조/곡유리제조/형성방법/유리패턴/밀봉체/유리시트융착/방법/광흡수성/프릿페이스트/바인더", "document_type": "B1"}, {"updateDate": "20220608", "LLno": "C", "SSno": "23119", "Stext": "판유리 및 판유리 가공품 제조업", "SStext": "기타 판유리 가공품 제조업", "Mtext": "유리 및 유리제품 제조업", "Lno": "23", "ipc_main": "C03C-015/00", "Mno": "231", "country_code": "KR", "Sno": "2311", "LLtext": "제조업(10~34)", "documentId": "kr20120150358a", "application_number": "1020120150358", "Ltext": "비금속 광물제품 제조업", "keyword": "연마가공유리제조/곡유리제조/지그/유리기판/메인블럭/식각균일도향상/조성물/고정홈/식각액/보조블럭", "document_type": "A"}, {"updateDate": "20220608", "LLno": "C", "SSno": "23119", "Stext": "판유리 및 판유리 가공품 제조업", "SStext": "기타 판유리 가공품 제조업", "Mtext": "유리 및 유리제품 제조업", "Lno": "23", "ipc_main": "C03B-017/06", "Mno": "231", "country_code": "KR", "Sno": "2311", "LLtext": "제조업(10~34)", "documentId": "kr20127000566a", "application_number": "1020127000566", "Ltext": "비금속 광물제품 제조업", "keyword": "곡가공유리제조(판유리가공품)/곡면유리제조(판유리가공품)/제조장치/판유리/용융유리/판유리제조/장치/텐션롤러/증기/오목형상홈", "document_type": "A"}, {"updateDate": "20220608", "LLno": "C", "SSno": "23119", "Stext": "판유리 및 판유리 가공품 제조업", "SStext": "기타 판유리 가공품 제조업", "Mtext": "유리 및 유리제품 제조업", "Lno": "23", "ipc_main": "C03C-001/02", "Mno": "231", "country_code": "KR", "Sno": "2311", "LLtext": "제조업(10~34)", "documentId": "kr20127002407a", "application_number": "1020127002407", "Ltext": "비금속 광물제품 제조업", "keyword": "복층유리제조(구입유리가공)/복층절연유리제조(구입유리가공)/제조방법/조립체/유리제품/고품질유리획득/방법/원료슬러리/붕산량/액상매체", "document_type": "A"}, {"updateDate": "20220608", "LLno": "C", "SSno": "23119", "Stext": "판유리 및 판유리 가공품 제조업", "SStext": "기타 판유리 가공품 제조업", "Mtext": "유리 및 유리제품 제조업", "Lno": "23", "ipc_main": "C03C-027/12", "Mno": "231", "country_code": "KR", "Sno": "2311", "LLtext": "제조업(10~34)", "documentId": "kr20127007967a", "application_number": "1020127007967", "Ltext": "비금속 광물제품 제조업", "keyword": "연마가공유리제조/곡유리제조/전자디바이스/적층유리기판/유리필름층/적층유리기판제조/조성물/수지층/인접/두께", "document_type": "A"}, {"updateDate": "20220608", "LLno": "C", "SSno": "23119", "Stext": "판유리 및 판유리 가공품 제조업", "SStext": "기타 판유리 가공품 제조업", "Mtext": "유리 및 유리제품 제조업", "Lno": "23", "ipc_main": "C03B-005/235", "Mno": "231", "country_code": "KR", "Sno": "2311", "LLtext": "제조업(10~34)", "documentId": "kr20127009625a", "application_number": "1020127009625", "Ltext": "비금속 광물제품 제조업", "keyword": "연마가공유리제조/곡유리제조/제조방법/유리판/용융유리/유리판제조/방법/단열판/히터/유하", "document_type": "A"}, {"updateDate": "20220608", "LLno": "C", "SSno": "23119", "Stext": "판유리 및 판유리 가공품 제조업", "SStext": "기타 판유리 가공품 제조업", "Mtext": "유리 및 유리제품 제조업", "Lno": "23", "ipc_main": "C03C-027/06", "Mno": "231", "country_code": "KR", "Sno": "2311", "LLtext": "제조업(10~34)", "documentId": "kr20127012413b1", "application_number": "1020127012413", "Ltext": "비금속 광물제품 제조업", "keyword": "연마가공유리제조(구입판유리가공품)/곡유리제조(판유리구입가공)/제조방법/유리필름적층체/유리필름/유리필름제조/조성물/거칠기/접착/접촉면", "document_type": "B1"}, {"updateDate": "20220608", "LLno": "C", "SSno": "23119", "Stext": "판유리 및 판유리 가공품 제조업", "SStext": "기타 판유리 가공품 제조업", "Mtext": "유리 및 유리제품 제조업", "Lno": "23", "ipc_main": "C03C-003/097", "Mno": "231", "country_code": "KR", "Sno": "2311", "LLtext": "제조업(10~34)", "documentId": "kr20127033869b1", "application_number": "1020127033869", "Ltext": "비금속 광물제품 제조업", "keyword": "연마가공유리제조/곡유리제조/유리/이온교환/리튬/유리제조/조성물/액상점도/세슘/구리", "document_type": "B1"}, {"updateDate": "20220608", "LLno": "C", "SSno": "23119", "Stext": "판유리 및 판유리 가공품 제조업", "SStext": "기타 판유리 가공품 제조업", "Mtext": "유리 및 유리제품 제조업", "Lno": "23", "ipc_main": "C03C-027/00", "Mno": "231", "country_code": "KR", "Sno": "2311", "LLtext": "제조업(10~34)", "documentId": "kr20130002050u", "application_number": "2020130002050", "Ltext": "비금속 광물제품 제조업", "keyword": "연마가공유리제조(구입판유리가공품)/곡유리제조(판유리구입가공)/접합유리/캡슐/범죄억제물질/범죄행위방해/장치/홈/윗면/내장", "document_type": "U"}, {"updateDate": "20220608", "LLno": "C", "SSno": "23119", "Stext": "판유리 및 판유리 가공품 제조업", "SStext": "기타 판유리 가공품 제조업", "Mtext": "유리 및 유리제품 제조업", "Lno": "23", "ipc_main": "C03C-012/00", "Mno": "231", "country_code": "KR", "Sno": "2311", "LLtext": "제조업(10~34)", "documentId": "kr20130004340u", "application_number": "2020130004340", "Ltext": "비금속 광물제품 제조업", "keyword": "연마가공유리제조(구입판유리가공품)/곡유리제조(판유리구입가공)/축광유리비드/차선/축광층/식별성강화/장치/실리콘혼합액/축광안료/유리비드", "document_type": "U"}, {"updateDate": "20220608", "LLno": "C", "SSno": "23119", "Stext": "판유리 및 판유리 가공품 제조업", "SStext": "기타 판유리 가공품 제조업", "Mtext": "유리 및 유리제품 제조업", "Lno": "23", "ipc_main": "C03C-015/00", "Mno": "231", "country_code": "KR", "Sno": "2311", "LLtext": "제조업(10~34)", "documentId": "kr20130051006b1", "application_number": "1020130051006", "Ltext": "비금속 광물제품 제조업", "keyword": "연마가공유리제조/곡유리제조/강화특성향상방법/강화유리/마스킹/생산성향상/방법/잠재파손인자/에칭액/강화액", "document_type": "B1"}, {"updateDate": "20220608", "LLno": "C", "SSno": "23119", "Stext": "판유리 및 판유리 가공품 제조업", "SStext": "기타 판유리 가공품 제조업", "Mtext": "유리 및 유리제품 제조업", "Lno": "23", "ipc_main": "C03C-003/087", "Mno": "231", "country_code": "KR", "Sno": "2311", "LLtext": "제조업(10~34)", "documentId": "kr20130055339b1", "application_number": "1020130055339", "Ltext": "비금속 광물제품 제조업", "keyword": "연마가공유리제조(구입판유리가공품)/곡유리제조(판유리구입가공)/제조방법/알칼리유리/화학강화처리/알칼리유리제조/조성물/왜곡점/서냉점/산화물", "document_type": "B1"}, {"updateDate": "20220608", "LLno": "C", "SSno": "23119", "Stext": "판유리 및 판유리 가공품 제조업", "SStext": "기타 판유리 가공품 제조업", "Mtext": "유리 및 유리제품 제조업", "Lno": "23", "ipc_main": "C03C-015/00", "Mno": "231", "country_code": "KR", "Sno": "2311", "LLtext": "제조업(10~34)", "documentId": "kr20130058697b1", "application_number": "1020130058697", "Ltext": "비금속 광물제품 제조업", "keyword": "연마가공유리제조/곡유리제조/판상지그/유리기판/슬리밍/굴곡방지/조성물/빨판작용/에칭용액/러버재질", "document_type": "B1"}, {"updateDate": "20220608", "LLno": "C", "SSno": "23119", "Stext": "판유리 및 판유리 가공품 제조업", "SStext": "기타 판유리 가공품 제조업", "Mtext": "유리 및 유리제품 제조업", "Lno": "23", "ipc_main": "C03C-027/12", "Mno": "231", "country_code": "KR", "Sno": "2311", "LLtext": "제조업(10~34)", "documentId": "kr20130081973b1", "application_number": "1020130081973", "Ltext": "비금속 광물제품 제조업", "keyword": "건축용유리제조/무늬판유리제조/유리판재/인테리어/무늬부재/자연무늬효과극대화/조성물/홈/접착/깊이차이", "document_type": "B1"}, {"updateDate": "20220608", "LLno": "C", "SSno": "23119", "Stext": "판유리 및 판유리 가공품 제조업", "SStext": "기타 판유리 가공품 제조업", "Mtext": "유리 및 유리제품 제조업", "Lno": "23", "ipc_main": "C03C-027/12", "Mno": "231", "country_code": "KR", "Sno": "2311", "LLtext": "제조업(10~34)", "documentId": "kr20130105347b1", "application_number": "1020130105347", "Ltext": "비금속 광물제품 제조업", "keyword": "연마가공유리제조(구입판유리가공품)/곡유리제조(판유리구입가공)/접합유리제작방법/EVA필름/샤워부스/기포방지/방법/중간재필름/예압단계/오토클레이브", "document_type": "B1"}, {"updateDate": "20220608", "LLno": "C", "SSno": "23119", "Stext": "판유리 및 판유리 가공품 제조업", "SStext": "기타 판유리 가공품 제조업", "Mtext": "유리 및 유리제품 제조업", "Lno": "23", "ipc_main": "C03B-033/03", "Mno": "231", "country_code": "KR", "Sno": "2311", "LLtext": "제조업(10~34)", "documentId": "kr20137009007b1", "application_number": "1020137009007", "Ltext": "비금속 광물제품 제조업", "keyword": "곡가공유리제조(판유리가공품)/곡면유리제조(판유리가공품)/절입절단장치/판유리/커터/판유리절입절단/장치/절입선/절단이동프레임/절입유지부", "document_type": "B1"}, {"updateDate": "20220608", "LLno": "C", "SSno": "23119", "Stext": "판유리 및 판유리 가공품 제조업", "SStext": "기타 판유리 가공품 제조업", "Mtext": "유리 및 유리제품 제조업", "Lno": "23", "ipc_main": "C03C-003/093", "Mno": "231", "country_code": "KR", "Sno": "2311", "LLtext": "제조업(10~34)", "documentId": "kr20137020971a", "application_number": "1020137020971", "Ltext": "비금속 광물제품 제조업", "keyword": "연마가공유리제조/곡유리제조/유리기판/산화물/유리전이점/유리기판제조/조성물/열팽창계수/점도/온도", "document_type": "A"}, {"updateDate": "20220608", "LLno": "C", "SSno": "23119", "Stext": "판유리 및 판유리 가공품 제조업", "SStext": "기타 판유리 가공품 제조업", "Mtext": "유리 및 유리제품 제조업", "Lno": "23", "ipc_main": "C03B-033/03", "Mno": "231", "country_code": "KR", "Sno": "2311", "LLtext": "제조업(10~34)", "documentId": "kr20137034309a", "application_number": "1020137034309", "Ltext": "비금속 광물제품 제조업", "keyword": "곡가공유리제조(판유리가공품)/곡면유리제조(판유리가공품)/할단이반장치/판유리/지지부재/판유리할단이반/방법/레이저할단법/할단예정선/이반공정", "document_type": "A"}, {"updateDate": "20220608", "LLno": "C", "SSno": "23119", "Stext": "판유리 및 판유리 가공품 제조업", "SStext": "기타 판유리 가공품 제조업", "Mtext": "유리 및 유리제품 제조업", "Lno": "23", "ipc_main": "C03C-027/06", "Mno": "231", "country_code": "KR", "Sno": "2311", "LLtext": "제조업(10~34)", "documentId": "kr20140032464b1", "application_number": "1020140032464", "Ltext": "비금속 광물제품 제조업", "keyword": "곡가공유리제조(판유리가공품)/곡면유리제조(판유리가공품)/진공유리/간격재/실링재/진공유리제조/방법/진공챔버/유리기판/로딩", "document_type": "B1"}, {"updateDate": "20220608", "LLno": "C", "SSno": "23119", "Stext": "판유리 및 판유리 가공품 제조업", "SStext": "기타 판유리 가공품 제조업", "Mtext": "유리 및 유리제품 제조업", "Lno": "23", "ipc_main": "C03C-027/08", "Mno": "231", "country_code": "KR", "Sno": "2311", "LLtext": "제조업(10~34)", "documentId": "kr20140034503a", "application_number": "1020140034503", "Ltext": "비금속 광물제품 제조업", "keyword": "복층유리제조(구입유리가공)/복층절연유리제조(구입유리가공)/간봉슬리브/복층유리/원형홀/밀폐효과탁월/조성물/실리콘링/직경/중공", "document_type": "A"}, {"updateDate": "20220608", "LLno": "C", "SSno": "23119", "Stext": "판유리 및 판유리 가공품 제조업", "SStext": "기타 판유리 가공품 제조업", "Mtext": "유리 및 유리제품 제조업", "Lno": "23", "ipc_main": "C03B-025/093", "Mno": "231", "country_code": "KR", "Sno": "2311", "LLtext": "제조업(10~34)", "documentId": "kr20140086027b1", "application_number": "1020140086027", "Ltext": "비금속 광물제품 제조업", "keyword": "곡가공유리제조(판유리가공품)/곡면유리제조(판유리가공품)/판유리제조장치/드로스박스/플로트배스/판유리운반/장치/가스분사조건/가스지지장치/롤러", "document_type": "B1"}, {"updateDate": "20220608", "LLno": "C", "SSno": "23119", "Stext": "판유리 및 판유리 가공품 제조업", "SStext": "기타 판유리 가공품 제조업", "Mtext": "유리 및 유리제품 제조업", "Lno": "23", "ipc_main": "C03C-017/00", "Mno": "231", "country_code": "KR", "Sno": "2311", "LLtext": "제조업(10~34)", "documentId": "kr20140141853b1", "application_number": "1020140141853", "Ltext": "비금속 광물제품 제조업", "keyword": "연마가공유리제조(구입판유리가공품)/곡유리제조(판유리구입가공)/제조방법/장식유리/수성안료/예술적가치구현/방법/랩/무늬/도포", "document_type": "B1"}, {"updateDate": "20220608", "LLno": "C", "SSno": "23119", "Stext": "판유리 및 판유리 가공품 제조업", "SStext": "기타 판유리 가공품 제조업", "Mtext": "유리 및 유리제품 제조업", "Lno": "23", "ipc_main": "C03B-018/16", "Mno": "231", "country_code": "KR", "Sno": "2311", "LLtext": "제조업(10~34)", "documentId": "kr20140162412a", "application_number": "1020140162412", "Ltext": "비금속 광물제품 제조업", "keyword": "곡상유리제품(구입판유리고온굽힘또는곡면처리제품)제조/곡반사유리제조(판유리가공품)/제조장치/플로트판유리/행거조립체/플로트판유리제조/장치/연결핀/내화벽돌/지지로드부재", "document_type": "A"}, {"updateDate": "20220608", "LLno": "C", "SSno": "23119", "Stext": "판유리 및 판유리 가공품 제조업", "SStext": "기타 판유리 가공품 제조업", "Mtext": "유리 및 유리제품 제조업", "Lno": "23", "ipc_main": "C03B-018/02", "Mno": "231", "country_code": "KR", "Sno": "2311", "LLtext": "제조업(10~34)", "documentId": "kr20140162416a", "application_number": "1020140162416", "Ltext": "비금속 광물제품 제조업", "keyword": "곡상유리제품(구입판유리고온굽힘또는곡면처리제품)제조/곡반사유리제조(판유리가공품)/제조설비/플로트판유리/그레이팅바닥/플로트판유리제조/장치/공급관/메인송풍기/배기유로", "document_type": "A"}, {"updateDate": "20220608", "LLno": "C", "SSno": "23119", "Stext": "판유리 및 판유리 가공품 제조업", "SStext": "기타 판유리 가공품 제조업", "Mtext": "유리 및 유리제품 제조업", "Lno": "23", "ipc_main": "C03C-027/10", "Mno": "231", "country_code": "KR", "Sno": "2311", "LLtext": "제조업(10~34)", "documentId": "kr20140187288a", "application_number": "1020140187288", "Ltext": "비금속 광물제품 제조업", "keyword": "연마가공유리제조(구입판유리가공품)/곡유리제조(판유리구입가공)/제조방법/접합유리조립체/접합필름/제품성능담보/방법/진공흡입단계/본압단계/적층단계", "document_type": "A"}, {"updateDate": "20220608", "LLno": "C", "SSno": "23119", "Stext": "판유리 및 판유리 가공품 제조업", "SStext": "기타 판유리 가공품 제조업", "Mtext": "유리 및 유리제품 제조업", "Lno": "23", "ipc_main": "C03C-017/09", "Mno": "231", "country_code": "KR", "Sno": "2311", "LLtext": "제조업(10~34)", "documentId": "kr20147013639b1", "application_number": "1020147013639", "Ltext": "비금속 광물제품 제조업", "keyword": "복층유리제조/복층절연유리제조/복층유리/방화성/열반사막/복층유리제조/조성물/저방사율/배강도유리/표면압축응력", "document_type": "B1"}, {"updateDate": "20220608", "LLno": "C", "SSno": "23119", "Stext": "판유리 및 판유리 가공품 제조업", "SStext": "기타 판유리 가공품 제조업", "Mtext": "유리 및 유리제품 제조업", "Lno": "23", "ipc_main": "C03C-017/42", "Mno": "231", "country_code": "KR", "Sno": "2311", "LLtext": "제조업(10~34)", "documentId": "kr20147017209a", "application_number": "1020147017209", "Ltext": "비금속 광물제품 제조업", "keyword": "연마가공유리제조/곡유리제조/제조방법/유리물품/광학코팅/유리물품제조/방법/증착/진공처리/코팅피어리드", "document_type": "A"}, {"updateDate": "20220608", "LLno": "C", "SSno": "23119", "Stext": "판유리 및 판유리 가공품 제조업", "SStext": "기타 판유리 가공품 제조업", "Mtext": "유리 및 유리제품 제조업", "Lno": "23", "ipc_main": "C03C-021/00", "Mno": "231", "country_code": "KR", "Sno": "2311", "LLtext": "제조업(10~34)", "documentId": "kr20147018217a", "application_number": "1020147018217", "Ltext": "비금속 광물제품 제조업", "keyword": "연마가공유리제조(구입판유리가공품)/곡유리제조(판유리구입가공)/제조방법/강화유리기판/압축응력층/강화유리기판제조/조성물/실투물////", "document_type": "A"}, {"updateDate": "20220608", "LLno": "C", "SSno": "23119", "Stext": "판유리 및 판유리 가공품 제조업", "SStext": "기타 판유리 가공품 제조업", "Mtext": "유리 및 유리제품 제조업", "Lno": "23", "ipc_main": "C03C-017/00", "Mno": "231", "country_code": "KR", "Sno": "2311", "LLtext": "제조업(10~34)", "documentId": "kr20150084771b1", "application_number": "1020150084771", "Ltext": "비금속 광물제품 제조업", "keyword": "연마가공유리제조(구입판유리가공품)/곡유리제조(판유리구입가공)/연속코팅장치/유리/코팅제/롤러/장치/흡입노즐/흡입수단/슬롯다이", "document_type": "B1"}, {"updateDate": "20220608", "LLno": "C", "SSno": "23119", "Stext": "판유리 및 판유리 가공품 제조업", "SStext": "기타 판유리 가공품 제조업", "Mtext": "유리 및 유리제품 제조업", "Lno": "23", "ipc_main": "C03C-001/00", "Mno": "231", "country_code": "KR", "Sno": "2311", "LLtext": "제조업(10~34)", "documentId": "kr20150141213a", "application_number": "1020150141213", "Ltext": "비금속 광물제품 제조업", "keyword": "연마가공유리제조(구입판유리가공품)/곡유리제조(판유리구입가공)/용기유리뱃지조성물/소다석회규산염계/폐유리/제조단가절감/조성물/LCD폐유리/폐LCD패널/붕규산염계", "document_type": "A"}, {"updateDate": "20220608", "LLno": "C", "SSno": "23119", "Stext": "판유리 및 판유리 가공품 제조업", "SStext": "기타 판유리 가공품 제조업", "Mtext": "유리 및 유리제품 제조업", "Lno": "23", "ipc_main": "C03B-015/02", "Mno": "231", "country_code": "KR", "Sno": "2311", "LLtext": "제조업(10~34)", "documentId": "kr20150145270a", "application_number": "1020150145270", "Ltext": "비금속 광물제품 제조업", "keyword": "곡가공유리제조(판유리가공품)/곡면유리제조(판유리가공품)/플로트판유리/플로트배스/유리리본/HCI/방법/주석결점/HF/환원분위기", "document_type": "A"}, {"updateDate": "20220608", "LLno": "C", "SSno": "23119", "Stext": "판유리 및 판유리 가공품 제조업", "SStext": "기타 판유리 가공품 제조업", "Mtext": "유리 및 유리제품 제조업", "Lno": "23", "ipc_main": "C03C-023/00", "Mno": "231", "country_code": "KR", "Sno": "2311", "LLtext": "제조업(10~34)", "documentId": "kr20150175099a", "application_number": "1020150175099", "Ltext": "비금속 광물제품 제조업", "keyword": "연마가공유리제조(구입판유리가공품)/곡유리제조(판유리구입가공)/부식액조성물/불투명판유리/불화수소산/품질우수/방법/교반/탄산나트륨/황산바륨", "document_type": "A"}, {"updateDate": "20220608", "LLno": "C", "SSno": "23119", "Stext": "판유리 및 판유리 가공품 제조업", "SStext": "기타 판유리 가공품 제조업", "Mtext": "유리 및 유리제품 제조업", "Lno": "23", "ipc_main": "C03C-021/00", "Mno": "231", "country_code": "KR", "Sno": "2311", "LLtext": "제조업(10~34)", "documentId": "kr20157007515b1", "application_number": "1020157007515", "Ltext": "비금속 광물제품 제조업", "keyword": "연마가공유리제조(구입판유리가공품)/곡유리제조(판유리구입가공)/제조방법/강화유리기판/압축응력층/고강도화및박형화양립/방법/막/용융유리/이온교환처리", "document_type": "B1"}, {"updateDate": "20220608", "LLno": "C", "SSno": "23119", "Stext": "판유리 및 판유리 가공품 제조업", "SStext": "기타 판유리 가공품 제조업", "Mtext": "유리 및 유리제품 제조업", "Lno": "23", "ipc_main": "C03B-035/18", "Mno": "231", "country_code": "KR", "Sno": "2311", "LLtext": "제조업(10~34)", "documentId": "kr20157011476a", "application_number": "1020157011476", "Ltext": "비금속 광물제품 제조업", "keyword": "곡상유리제품(구입판유리고온굽힘또는곡면처리제품)제조/곡반사유리제조(판유리가공품)/제조장치/플로트판유리/흠집발생방지제/유리반송롤러제공/장치/용액/막/띠형상", "document_type": "A"}, {"updateDate": "20220608", "LLno": "C", "SSno": "23119", "Stext": "판유리 및 판유리 가공품 제조업", "SStext": "기타 판유리 가공품 제조업", "Mtext": "유리 및 유리제품 제조업", "Lno": "23", "ipc_main": "C03C-003/083", "Mno": "231", "country_code": "KR", "Sno": "2311", "LLtext": "제조업(10~34)", "documentId": "kr20157011517b1", "application_number": "1020157011517", "Ltext": "비금속 광물제품 제조업", "keyword": "연마가공유리제조(구입판유리가공품)/곡유리제조(판유리구입가공)/제조방법/유리층/유리세라믹조성물/유리층제조/조성물/유리클래딩층/유리코어층/배치", "document_type": "B1"}, {"updateDate": "20220608", "LLno": "C", "SSno": "23119", "Stext": "판유리 및 판유리 가공품 제조업", "SStext": "기타 판유리 가공품 제조업", "Mtext": "유리 및 유리제품 제조업", "Lno": "23", "ipc_main": "C03C-021/00", "Mno": "231", "country_code": "KR", "Sno": "2311", "LLtext": "제조업(10~34)", "documentId": "kr20157012826b1", "application_number": "1020157012826", "Ltext": "비금속 광물제품 제조업", "keyword": "복층유리제조(구입유리가공)/복층절연유리제조(구입유리가공)/유리물품/알칼리토금속/표면측/유리물품제공/조성물/최표면/내부측/아니온", "document_type": "B1"}, {"updateDate": "20220608", "LLno": "C", "SSno": "23119", "Stext": "판유리 및 판유리 가공품 제조업", "SStext": "기타 판유리 가공품 제조업", "Mtext": "유리 및 유리제품 제조업", "Lno": "23", "ipc_main": "C03C-015/00", "Mno": "231", "country_code": "KR", "Sno": "2311", "LLtext": "제조업(10~34)", "documentId": "kr20157017125b1", "application_number": "1020157017125", "Ltext": "비금속 광물제품 제조업", "keyword": "복층유리제조/복층절연유리제조/제조방법/유리제품/유리기판시트/유리제품제조/방법/결함라인/에칭용액/펄스레이저빔", "document_type": "B1"}, {"updateDate": "20220608", "LLno": "C", "SSno": "23119", "Stext": "판유리 및 판유리 가공품 제조업", "SStext": "기타 판유리 가공품 제조업", "Mtext": "유리 및 유리제품 제조업", "Lno": "23", "ipc_main": "C03C-027/06", "Mno": "231", "country_code": "KR", "Sno": "2311", "LLtext": "제조업(10~34)", "documentId": "kr20157018440b1", "application_number": "1020157018440", "Ltext": "비금속 광물제품 제조업", "keyword": "복층유리제조(구입유리가공)/복층절연유리제조(구입유리가공)/감압복층유리패널/실외측판유리/실내측판유리/단열성및차열성우수/조성물/공극부/감압상태/판유리", "document_type": "B1"}, {"updateDate": "20220608", "LLno": "C", "SSno": "23119", "Stext": "판유리 및 판유리 가공품 제조업", "SStext": "기타 판유리 가공품 제조업", "Mtext": "유리 및 유리제품 제조업", "Lno": "23", "ipc_main": "C03C-003/091", "Mno": "231", "country_code": "KR", "Sno": "2311", "LLtext": "제조업(10~34)", "documentId": "kr20157021538b1", "application_number": "1020157021538", "Ltext": "비금속 광물제품 제조업", "keyword": "연마가공유리제조/곡유리제조/강화유리/표면/압축응력층/강화유리제조/방법/열가공/연마/만곡부", "document_type": "B1"}, {"updateDate": "20220608", "LLno": "C", "SSno": "23119", "Stext": "판유리 및 판유리 가공품 제조업", "SStext": "기타 판유리 가공품 제조업", "Mtext": "유리 및 유리제품 제조업", "Lno": "23", "ipc_main": "C03C-003/118", "Mno": "231", "country_code": "KR", "Sno": "2311", "LLtext": "제조업(10~34)", "documentId": "kr20157021775a", "application_number": "1020157021775", "Ltext": "비금속 광물제품 제조업", "keyword": "연마가공유리제조(구입판유리가공품)/곡유리제조(판유리구입가공)/제조방법/무알칼리유리/평균열팽창계수/유리제조/조성물/왜곡점/산화물/유리점도", "document_type": "A"}, {"updateDate": "20220608", "LLno": "C", "SSno": "23119", "Stext": "판유리 및 판유리 가공품 제조업", "SStext": "기타 판유리 가공품 제조업", "Mtext": "유리 및 유리제품 제조업", "Lno": "23", "ipc_main": "C03C-003/085", "Mno": "231", "country_code": "KR", "Sno": "2311", "LLtext": "제조업(10~34)", "documentId": "kr20157022285b1", "application_number": "1020157022285", "Ltext": "비금속 광물제품 제조업", "keyword": "연마가공유리제조/곡유리제조/커버유리/유리조성물/플로트법/커버유리제조/조성물////", "document_type": "B1"}, {"updateDate": "20220608", "LLno": "C", "SSno": "23119", "Stext": "판유리 및 판유리 가공품 제조업", "SStext": "기타 판유리 가공품 제조업", "Mtext": "유리 및 유리제품 제조업", "Lno": "23", "ipc_main": "C03C-021/00", "Mno": "231", "country_code": "KR", "Sno": "2311", "LLtext": "제조업(10~34)", "documentId": "kr20157024842a", "application_number": "1020157024842", "Ltext": "비금속 광물제품 제조업", "keyword": "연마가공유리제조(구입판유리가공품)/곡유리제조(판유리구입가공)/제조방법/항균성유리제품/비가교산소원자/변색저항성향상/장치/항균성은/노출/압축응력층", "document_type": "A"}, {"updateDate": "20220608", "LLno": "C", "SSno": "23119", "Stext": "판유리 및 판유리 가공품 제조업", "SStext": "기타 판유리 가공품 제조업", "Mtext": "유리 및 유리제품 제조업", "Lno": "23", "ipc_main": "C03C-023/00", "Mno": "231", "country_code": "KR", "Sno": "2311", "LLtext": "제조업(10~34)", "documentId": "kr20157032292a", "application_number": "1020157032292", "Ltext": "비금속 광물제품 제조업", "keyword": "연마가공유리제조/곡유리제조/유리세라믹물품/체적착색/모놀리식유리/유리세라믹물품제조/방법/스펙트럼범위/흡수계수/전자기방사선", "document_type": "A"}, {"updateDate": "20220608", "LLno": "C", "SSno": "23119", "Stext": "판유리 및 판유리 가공품 제조업", "SStext": "기타 판유리 가공품 제조업", "Mtext": "유리 및 유리제품 제조업", "Lno": "23", "ipc_main": "C03C-015/02", "Mno": "231", "country_code": "KR", "Sno": "2311", "LLtext": "제조업(10~34)", "documentId": "kr20157032444a", "application_number": "1020157032444", "Ltext": "비금속 광물제품 제조업", "keyword": "연마가공유리제조(구입판유리가공품)/곡유리제조(판유리구입가공)/표면처리/유리시트/처리액/정전기방전특성향상/방법/거칠기/접촉분리/전압", "document_type": "A"}, {"updateDate": "20220608", "LLno": "C", "SSno": "23119", "Stext": "판유리 및 판유리 가공품 제조업", "SStext": "기타 판유리 가공품 제조업", "Mtext": "유리 및 유리제품 제조업", "Lno": "23", "ipc_main": "C03B-018/16", "Mno": "231", "country_code": "KR", "Sno": "2311", "LLtext": "제조업(10~34)", "documentId": "kr20160015420a", "application_number": "1020160015420", "Ltext": "비금속 광물제품 제조업", "keyword": "곡가공유리제조(판유리가공품)/곡면유리제조(판유리가공품)/플로트판유리/진동흡수부재/노즐/기포억제/방법/용융금속/보텀케이싱/보텀벽돌", "document_type": "A"}, {"updateDate": "20220608", "LLno": "C", "SSno": "23119", "Stext": "판유리 및 판유리 가공품 제조업", "SStext": "기타 판유리 가공품 제조업", "Mtext": "유리 및 유리제품 제조업", "Lno": "23", "ipc_main": "C03C-027/06", "Mno": "231", "country_code": "KR", "Sno": "2311", "LLtext": "제조업(10~34)", "documentId": "kr20160047409a", "application_number": "1020160047409", "Ltext": "비금속 광물제품 제조업", "keyword": "연마가공유리제조(구입판유리가공품)/곡유리제조(판유리구입가공)/접합유리/판유리/실/장식층/방법/접합필름/직선형태/진공흡착", "document_type": "A"}, {"updateDate": "20220608", "LLno": "C", "SSno": "23119", "Stext": "판유리 및 판유리 가공품 제조업", "SStext": "기타 판유리 가공품 제조업", "Mtext": "유리 및 유리제품 제조업", "Lno": "23", "ipc_main": "C03C-027/06", "Mno": "231", "country_code": "KR", "Sno": "2311", "LLtext": "제조업(10~34)", "documentId": "kr20160047410a", "application_number": "1020160047410", "Ltext": "비금속 광물제품 제조업", "keyword": "연마가공유리제조(구입판유리가공품)/곡유리제조(판유리구입가공)/접합유리/판유리/직선형문양/장식층/방법/접합필름/직선형태/진공흡착", "document_type": "A"}, {"updateDate": "20220608", "LLno": "C", "SSno": "23119", "Stext": "판유리 및 판유리 가공품 제조업", "SStext": "기타 판유리 가공품 제조업", "Mtext": "유리 및 유리제품 제조업", "Lno": "23", "ipc_main": "C03C-004/04", "Mno": "231", "country_code": "KR", "Sno": "2311", "LLtext": "제조업(10~34)", "documentId": "kr20160060682b1", "application_number": "1020160060682", "Ltext": "비금속 광물제품 제조업", "keyword": "연마가공유리제조(구입판유리가공품)/곡유리제조(판유리구입가공)/감응형감광성유리/결정아고니스트/템퍼링/애칭/조성물/조핵제/결정안타고니스트/냉각상태", "document_type": "B1"}, {"updateDate": "20220608", "LLno": "C", "SSno": "23119", "Stext": "판유리 및 판유리 가공품 제조업", "SStext": "기타 판유리 가공품 제조업", "Mtext": "유리 및 유리제품 제조업", "Lno": "23", "ipc_main": "C03C-010/00", "Mno": "231", "country_code": "KR", "Sno": "2311", "LLtext": "제조업(10~34)", "documentId": "kr20160067614a", "application_number": "1020160067614", "Ltext": "비금속 광물제품 제조업", "keyword": "연마가공유리제조(구입판유리가공품)/곡유리제조(판유리구입가공)/결정화유리/광학기기/보호부재/컬러밸런스/조성물/SiO2/Al2O3/RAl2Si2O8", "document_type": "A"}, {"updateDate": "20220608", "LLno": "C", "SSno": "23119", "Stext": "판유리 및 판유리 가공품 제조업", "SStext": "기타 판유리 가공품 제조업", "Mtext": "유리 및 유리제품 제조업", "Lno": "23", "ipc_main": "C03C-015/00", "Mno": "231", "country_code": "KR", "Sno": "2311", "LLtext": "제조업(10~34)", "documentId": "kr20160078832b1", "application_number": "1020160078832", "Ltext": "비금속 광물제품 제조업", "keyword": "에칭유리(조각유리)제조/연마가공유리제조(구입판유리가공품)/에칭조성물/방현성유리/표면/눈부심방지/조성물/불화화합물/불산용액/증점제", "document_type": "B1"}, {"updateDate": "20220608", "LLno": "C", "SSno": "23119", "Stext": "판유리 및 판유리 가공품 제조업", "SStext": "기타 판유리 가공품 제조업", "Mtext": "유리 및 유리제품 제조업", "Lno": "23", "ipc_main": "C03C-017/06", "Mno": "231", "country_code": "KR", "Sno": "2311", "LLtext": "제조업(10~34)", "documentId": "kr20160176022a", "application_number": "1020160176022", "Ltext": "비금속 광물제품 제조업", "keyword": "연마가공유리제조(구입판유리가공품)/곡유리제조(판유리구입가공)/유리/발열층/나노물질/시인성/조성물/네트워크/전기방사/나노발열섬유", "document_type": "A"}, {"updateDate": "20220608", "LLno": "C", "SSno": "23119", "Stext": "판유리 및 판유리 가공품 제조업", "SStext": "기타 판유리 가공품 제조업", "Mtext": "유리 및 유리제품 제조업", "Lno": "23", "ipc_main": "C03C-004/10", "Mno": "231", "country_code": "KR", "Sno": "2311", "LLtext": "제조업(10~34)", "documentId": "kr20167003118a", "application_number": "1020167003118", "Ltext": "비금속 광물제품 제조업", "keyword": "연마가공유리제조/곡유리제조/유리시트/적외선투과율/크롬/유리시트제조/조성물////", "document_type": "A"}, {"updateDate": "20220608", "LLno": "C", "SSno": "23119", "Stext": "판유리 및 판유리 가공품 제조업", "SStext": "기타 판유리 가공품 제조업", "Mtext": "유리 및 유리제품 제조업", "Lno": "23", "ipc_main": "C03B-018/02", "Mno": "231", "country_code": "KR", "Sno": "2311", "LLtext": "제조업(10~34)", "documentId": "kr20167031302a", "application_number": "1020167031302", "Ltext": "비금속 광물제품 제조업", "keyword": "연마가공유리제조(구입판유리가공품)/곡유리제조(판유리구입가공)/무알칼리플로트판유리/톱면/Cu/Cl/장치/점도/유리전이점/F", "document_type": "A"}, {"updateDate": "20220608", "LLno": "C", "SSno": "23119", "Stext": "판유리 및 판유리 가공품 제조업", "SStext": "기타 판유리 가공품 제조업", "Mtext": "유리 및 유리제품 제조업", "Lno": "23", "ipc_main": "C03C-003/085", "Mno": "231", "country_code": "KR", "Sno": "2311", "LLtext": "제조업(10~34)", "documentId": "kr20167033034a", "application_number": "1020167033034", "Ltext": "비금속 광물제품 제조업", "keyword": "연마가공유리제조(구입판유리가공품)/곡유리제조(판유리구입가공)/유리판/판두께/3층구조/도광판/조성물/도광판/굴절률/반대측", "document_type": "A"}, {"updateDate": "20220608", "LLno": "C", "SSno": "23119", "Stext": "판유리 및 판유리 가공품 제조업", "SStext": "기타 판유리 가공품 제조업", "Mtext": "유리 및 유리제품 제조업", "Lno": "23", "ipc_main": "C03C-004/18", "Mno": "231", "country_code": "KR", "Sno": "2311", "LLtext": "제조업(10~34)", "documentId": "kr20167035524a", "application_number": "1020167035524", "Ltext": "비금속 광물제품 제조업", "keyword": "연마가공유리제조(구입판유리가공품)/곡유리제조(판유리구입가공)/유리/알칼리알루미노보로실리케이트/무기산/내스크래치/조성물/다공성실리카풍부영역/누프스크래치개시임계값/이온교환", "document_type": "A"}, {"updateDate": "20220608", "LLno": "C", "SSno": "23119", "Stext": "판유리 및 판유리 가공품 제조업", "SStext": "기타 판유리 가공품 제조업", "Mtext": "유리 및 유리제품 제조업", "Lno": "23", "ipc_main": "C03C-027/06", "Mno": "231", "country_code": "KR", "Sno": "2311", "LLtext": "제조업(10~34)", "documentId": "kr20170041799b1", "application_number": "1020170041799", "Ltext": "비금속 광물제품 제조업", "keyword": "연마가공유리제조(구입판유리가공품)/곡유리제조(판유리구입가공)/응력조정취약구조체/접착제/유리프릿/구조적형상/장치/결합부/약화부재영역/구조체", "document_type": "B1"}, {"updateDate": "20220608", "LLno": "C", "SSno": "23119", "Stext": "판유리 및 판유리 가공품 제조업", "SStext": "기타 판유리 가공품 제조업", "Mtext": "유리 및 유리제품 제조업", "Lno": "23", "ipc_main": "C03C-001/02", "Mno": "231", "country_code": "KR", "Sno": "2311", "LLtext": "제조업(10~34)", "documentId": "kr20177005338a", "application_number": "1020177005338", "Ltext": "비금속 광물제품 제조업", "keyword": "연마가공유리제조(구입판유리가공품)/곡유리제조(판유리구입가공)/유리원료조립체/실리카/알칼리금속수산화물/알루미늄원/방법/알칼리금속원/고형분환산/수산화알루미늄", "document_type": "A"}, {"updateDate": "20220608", "LLno": "C", "SSno": "23119", "Stext": "판유리 및 판유리 가공품 제조업", "SStext": "기타 판유리 가공품 제조업", "Mtext": "유리 및 유리제품 제조업", "Lno": "23", "ipc_main": "C03B-023/03", "Mno": "231", "country_code": "KR", "Sno": "2311", "LLtext": "제조업(10~34)", "documentId": "kr20177011132a", "application_number": "1020177011132", "Ltext": "비금속 광물제품 제조업", "keyword": "곡상유리제품(구입판유리고온굽힘또는곡면처리제품)제조/곡반사유리제조(판유리가공품)/굽힘도구/판유리/공기안내판/압력/장치/흡인/커버/프레임형볼록접촉표면", "document_type": "A"}, {"updateDate": "20220608", "LLno": "C", "SSno": "23119", "Stext": "판유리 및 판유리 가공품 제조업", "SStext": "기타 판유리 가공품 제조업", "Mtext": "유리 및 유리제품 제조업", "Lno": "23", "ipc_main": "C03C-001/00", "Mno": "231", "country_code": "KR", "Sno": "2311", "LLtext": "제조업(10~34)", "documentId": "kr20177011865a", "application_number": "1020177011865", "Ltext": "비금속 광물제품 제조업", "keyword": "복층유리제조(구입유리가공)/복층절연유리제조(구입유리가공)/유리제조시스템/유리시트/압축/압축균일성/방법/베타OH/배치물질/조절", "document_type": "A"}, {"updateDate": "20220608", "LLno": "C", "SSno": "23119", "Stext": "판유리 및 판유리 가공품 제조업", "SStext": "기타 판유리 가공품 제조업", "Mtext": "유리 및 유리제품 제조업", "Lno": "23", "ipc_main": "C03C-021/00", "Mno": "231", "country_code": "KR", "Sno": "2311", "LLtext": "제조업(10~34)", "documentId": "kr20177016471b1", "application_number": "1020177016471", "Ltext": "비금속 광물제품 제조업", "keyword": "연마가공유리제조(구입판유리가공품)/곡유리제조(판유리구입가공)/화학강화유리/표면압축응력/압축응력값/몰백분율/장치/모조성/유리표면/산화물", "document_type": "B1"}, {"updateDate": "20220608", "LLno": "C", "SSno": "23119", "Stext": "판유리 및 판유리 가공품 제조업", "SStext": "기타 판유리 가공품 제조업", "Mtext": "유리 및 유리제품 제조업", "Lno": "23", "ipc_main": "C03B-025/12", "Mno": "231", "country_code": "KR", "Sno": "2311", "LLtext": "제조업(10~34)", "documentId": "kr20177017167a", "application_number": "1020177017167", "Ltext": "비금속 광물제품 제조업", "keyword": "연마가공유리제조(구입판유리가공품)/곡유리제조(판유리구입가공)/유리판/용융유리/롤러/폭균일/방법/협지/순차온도/냉각공정", "document_type": "A"}, {"updateDate": "20220608", "LLno": "C", "SSno": "23119", "Stext": "판유리 및 판유리 가공품 제조업", "SStext": "기타 판유리 가공품 제조업", "Mtext": "유리 및 유리제품 제조업", "Lno": "23", "ipc_main": "C03C-003/087", "Mno": "231", "country_code": "KR", "Sno": "2311", "LLtext": "제조업(10~34)", "documentId": "kr20177032136a", "application_number": "1020177032136", "Ltext": "비금속 광물제품 제조업", "keyword": "연마가공유리제조(구입판유리가공품)/곡유리제조(판유리구입가공)/유리판/플로트유리판/리튬/휨제어가능/장치/붕소/중량퍼센트/유리", "document_type": "A"}, {"updateDate": "20220608", "LLno": "C", "SSno": "23119", "Stext": "판유리 및 판유리 가공품 제조업", "SStext": "기타 판유리 가공품 제조업", "Mtext": "유리 및 유리제품 제조업", "Lno": "23", "ipc_main": "C03C-014/00", "Mno": "231", "country_code": "KR", "Sno": "2311", "LLtext": "제조업(10~34)", "documentId": "kr20177035973a", "application_number": "1020177035973", "Ltext": "비금속 광물제품 제조업", "keyword": "연마가공유리제조(구입판유리가공품)/곡유리제조(판유리구입가공)/광산란유리/유리층/계면/광산란적층/조성물/광산란요소/융합/물질상", "document_type": "A"}, {"updateDate": "20220608", "LLno": "C", "SSno": "23119", "Stext": "판유리 및 판유리 가공품 제조업", "SStext": "기타 판유리 가공품 제조업", "Mtext": "유리 및 유리제품 제조업", "Lno": "23", "ipc_main": "C03C-017/34", "Mno": "231", "country_code": "KR", "Sno": "2311", "LLtext": "제조업(10~34)", "documentId": "kr20180003271y1", "application_number": "2020180003271", "Ltext": "비금속 광물제품 제조업", "keyword": "연마가공유리제조(구입판유리가공품)/곡유리제조(판유리구입가공)/안전유리/금속산화물층/차단판/안전성/조성물/투명폴리카보네이트시트/복층유리/알루미늄접합매개체", "document_type": "Y1"}, {"updateDate": "20220608", "LLno": "C", "SSno": "23119", "Stext": "판유리 및 판유리 가공품 제조업", "SStext": "기타 판유리 가공품 제조업", "Mtext": "유리 및 유리제품 제조업", "Lno": "23", "ipc_main": "C03B-017/06", "Mno": "231", "country_code": "KR", "Sno": "2311", "LLtext": "제조업(10~34)", "documentId": "kr20180113835b1", "application_number": "1020180113835", "Ltext": "비금속 광물제품 제조업", "keyword": "연마가공유리제조(구입판유리가공품)/곡유리제조(판유리구입가공)/유리판/오버플로우다운드로우법/협지/성형/방법/반송롤러쌍/보조롤러/반송공정", "document_type": "B1"}, {"updateDate": "20220608", "LLno": "C", "SSno": "23119", "Stext": "판유리 및 판유리 가공품 제조업", "SStext": "기타 판유리 가공품 제조업", "Mtext": "유리 및 유리제품 제조업", "Lno": "23", "ipc_main": "C03C-013/00", "Mno": "231", "country_code": "KR", "Sno": "2311", "LLtext": "제조업(10~34)", "documentId": "kr20187000616a", "application_number": "1020187000616", "Ltext": "비금속 광물제품 제조업", "keyword": "연마가공유리제조(구입판유리가공품)/곡유리제조(판유리구입가공)/유리섬유/용융/방사/안정적/방법/유리조성물/노즐칩/적색결정", "document_type": "A"}, {"updateDate": "20220608", "LLno": "C", "SSno": "23119", "Stext": "판유리 및 판유리 가공품 제조업", "SStext": "기타 판유리 가공품 제조업", "Mtext": "유리 및 유리제품 제조업", "Lno": "23", "ipc_main": "C03B-033/033", "Mno": "231", "country_code": "KR", "Sno": "2311", "LLtext": "제조업(10~34)", "documentId": "kr20187002367a", "application_number": "1020187002367", "Ltext": "비금속 광물제품 제조업", "keyword": "연마가공유리제조(구입판유리가공품)/곡유리제조(판유리구입가공)/유리판/스크라이브선/유리척/휠커터/방법/지지면/연직방향/세로자세", "document_type": "A"}, {"updateDate": "20220608", "LLno": "C", "SSno": "23119", "Stext": "판유리 및 판유리 가공품 제조업", "SStext": "기타 판유리 가공품 제조업", "Mtext": "유리 및 유리제품 제조업", "Lno": "23", "ipc_main": "C03C-003/091", "Mno": "231", "country_code": "KR", "Sno": "2311", "LLtext": "제조업(10~34)", "documentId": "kr20187002477a", "application_number": "1020187002477", "Ltext": "비금속 광물제품 제조업", "keyword": "연마가공유리제조(구입판유리가공품)/곡유리제조(판유리구입가공)/유리기판/용융유리/서냉/고왜곡점/조성물/실투온도/SiO2/디스플레이용", "document_type": "A"}, {"updateDate": "20220608", "LLno": "C", "SSno": "23119", "Stext": "판유리 및 판유리 가공품 제조업", "SStext": "기타 판유리 가공품 제조업", "Mtext": "유리 및 유리제품 제조업", "Lno": "23", "ipc_main": "C03C-021/00", "Mno": "231", "country_code": "KR", "Sno": "2311", "LLtext": "제조업(10~34)", "documentId": "kr20187019948a", "application_number": "1020187019948", "Ltext": "비금속 광물제품 제조업", "keyword": "연마가공유리제조(구입판유리가공품)/곡유리제조(판유리구입가공)/유리/글레이징/착색/라미네이팅/조성물/알루미노실리케이트/유리시트/이온교환", "document_type": "A"}, {"updateDate": "20220608", "LLno": "C", "SSno": "23119", "Stext": "판유리 및 판유리 가공품 제조업", "SStext": "기타 판유리 가공품 제조업", "Mtext": "유리 및 유리제품 제조업", "Lno": "23", "ipc_main": "C03B-017/06", "Mno": "231", "country_code": "KR", "Sno": "2311", "LLtext": "제조업(10~34)", "documentId": "kr20187027970a", "application_number": "1020187027970", "Ltext": "비금속 광물제품 제조업", "keyword": "연마가공유리제조(구입판유리가공품)/곡유리제조(판유리구입가공)/유리판/유리리본/오버플로우다운드로우법/표면품질/장치/성형로/가압장치/어닐로", "document_type": "A"}, {"updateDate": "20220608", "LLno": "C", "SSno": "23119", "Stext": "판유리 및 판유리 가공품 제조업", "SStext": "기타 판유리 가공품 제조업", "Mtext": "유리 및 유리제품 제조업", "Lno": "23", "ipc_main": "C03C-021/00", "Mno": "231", "country_code": "KR", "Sno": "2311", "LLtext": "제조업(10~34)", "documentId": "kr20187035022a", "application_number": "1020187035022", "Ltext": "비금속 광물제품 제조업", "keyword": "연마가공유리제조(구입판유리가공품)/곡유리제조(판유리구입가공)/유리조성물/이온교환/최대표면압축응력/내구성/장치/알칼리알루미노실리케이트/산성용액/침지", "document_type": "A"}, {"updateDate": "20220608", "LLno": "C", "SSno": "23119", "Stext": "판유리 및 판유리 가공품 제조업", "SStext": "기타 판유리 가공품 제조업", "Mtext": "유리 및 유리제품 제조업", "Lno": "23", "ipc_main": "C03C-017/38", "Mno": "231", "country_code": "KR", "Sno": "2311", "LLtext": "제조업(10~34)", "documentId": "kr20187035480a", "application_number": "1020187035480", "Ltext": "비금속 광물제품 제조업", "keyword": "건물용유리제조(판유리가공품)/건축용유리제조(판유리가공품)/유리용기/잉크젯인쇄/이미지/두께/장치/CEC/수용성/유리표면", "document_type": "A"}, {"updateDate": "20220608", "LLno": "C", "SSno": "23119", "Stext": "판유리 및 판유리 가공품 제조업", "SStext": "기타 판유리 가공품 제조업", "Mtext": "유리 및 유리제품 제조업", "Lno": "23", "ipc_main": "C03C-004/08", "Mno": "231", "country_code": "KR", "Sno": "2311", "LLtext": "제조업(10~34)", "documentId": "kr20190011038b1", "application_number": "1020190011038", "Ltext": "비금속 광물제품 제조업", "keyword": "연마가공유리제조(구입판유리가공품)/곡유리제조(판유리구입가공)/유리/굴절률/방사선불투과성/SiO2/조성물/Al2O3/B2O3/산화물", "document_type": "B1"}, {"updateDate": "20220608", "LLno": "C", "SSno": "23119", "Stext": "판유리 및 판유리 가공품 제조업", "SStext": "기타 판유리 가공품 제조업", "Mtext": "유리 및 유리제품 제조업", "Lno": "23", "ipc_main": "C03B-035/20", "Mno": "231", "country_code": "KR", "Sno": "2311", "LLtext": "제조업(10~34)", "documentId": "kr20190025503b1", "application_number": "1020190025503", "Ltext": "비금속 광물제품 제조업", "keyword": "곡가공유리제조(판유리가공품)/곡면유리제조(판유리가공품)/지그/공기공급부/판유리/세정효율/장치/측판프레임/배출부/공기유동로", "document_type": "B1"}, {"updateDate": "20220608", "LLno": "C", "SSno": "23119", "Stext": "판유리 및 판유리 가공품 제조업", "SStext": "기타 판유리 가공품 제조업", "Mtext": "유리 및 유리제품 제조업", "Lno": "23", "ipc_main": "C03B-035/20", "Mno": "231", "country_code": "KR", "Sno": "2311", "LLtext": "제조업(10~34)", "documentId": "kr20190030755b1", "application_number": "1020190030755", "Ltext": "비금속 광물제품 제조업", "keyword": "곡가공유리제조(판유리가공품)/곡면유리제조(판유리가공품)/강화유리/지그승하강/챔버/열손실감소/장치/유도돌기/힌지개폐/도어판", "document_type": "B1"}, {"updateDate": "20220608", "LLno": "C", "SSno": "23119", "Stext": "판유리 및 판유리 가공품 제조업", "SStext": "기타 판유리 가공품 제조업", "Mtext": "유리 및 유리제품 제조업", "Lno": "23", "ipc_main": "C03B-015/18", "Mno": "231", "country_code": "KR", "Sno": "2311", "LLtext": "제조업(10~34)", "documentId": "kr20190062147a", "application_number": "1020190062147", "Ltext": "비금속 광물제품 제조업", "keyword": "곡가공유리제조(판유리가공품)/곡면유리제조(판유리가공품)/판유리/플로트배스/유리리본/리프트아웃롤러/장치/불활성기체공급유닛/서냉로/챔버", "document_type": "A"}, {"updateDate": "20220608", "LLno": "C", "SSno": "23119", "Stext": "판유리 및 판유리 가공품 제조업", "SStext": "기타 판유리 가공품 제조업", "Mtext": "유리 및 유리제품 제조업", "Lno": "23", "ipc_main": "C03B-005/20", "Mno": "231", "country_code": "KR", "Sno": "2311", "LLtext": "제조업(10~34)", "documentId": "kr20190070272a", "application_number": "1020190070272", "Ltext": "비금속 광물제품 제조업", "keyword": "곡가공유리제조(판유리가공품)/곡면유리제조(판유리가공품)/판유리/용융유리/유리원료/청징/방법/냉각/열모세관계수값/기포", "document_type": "A"}, {"updateDate": "20220608", "LLno": "C", "SSno": "23119", "Stext": "판유리 및 판유리 가공품 제조업", "SStext": "기타 판유리 가공품 제조업", "Mtext": "유리 및 유리제품 제조업", "Lno": "23", "ipc_main": "C03B-018/02", "Mno": "231", "country_code": "KR", "Sno": "2311", "LLtext": "제조업(10~34)", "documentId": "kr20190083383a", "application_number": "1020190083383", "Ltext": "비금속 광물제품 제조업", "keyword": "곡가공유리제조(판유리가공품)/곡면유리제조(판유리가공품)/판유리/유리리본/서냉로/회전선속도/시스템/이송롤러/플로트배스/제어부", "document_type": "A"}, {"updateDate": "20220608", "LLno": "C", "SSno": "23119", "Stext": "판유리 및 판유리 가공품 제조업", "SStext": "기타 판유리 가공품 제조업", "Mtext": "유리 및 유리제품 제조업", "Lno": "23", "ipc_main": "C03B-023/203", "Mno": "231", "country_code": "KR", "Sno": "2311", "LLtext": "제조업(10~34)", "documentId": "kr20190127074b1", "application_number": "1020190127074", "Ltext": "비금속 광물제품 제조업", "keyword": "건축용유리제조(판유리가공품)/건물용유리제조(판유리가공품)/드로잉장치/박판유리/다단가열식/고품질/장치/두께모니터링부/인출부/양단부", "document_type": "B1"}, {"updateDate": "20220608", "LLno": "C", "SSno": "23119", "Stext": "판유리 및 판유리 가공품 제조업", "SStext": "기타 판유리 가공품 제조업", "Mtext": "유리 및 유리제품 제조업", "Lno": "23", "ipc_main": "C03C-021/00", "Mno": "231", "country_code": "KR", "Sno": "2311", "LLtext": "제조업(10~34)", "documentId": "kr20190167809a", "application_number": "1020190167809", "Ltext": "비금속 광물제품 제조업", "keyword": "곡가공유리제조(판유리가공품)/곡면유리제조(판유리가공품)/강화유리/디퓨져/유리기판/치환로/장치/유입부/환풍기/제어부", "document_type": "A"}, {"updateDate": "20220608", "LLno": "C", "SSno": "23119", "Stext": "판유리 및 판유리 가공품 제조업", "SStext": "기타 판유리 가공품 제조업", "Mtext": "유리 및 유리제품 제조업", "Lno": "23", "ipc_main": "C03C-003/064", "Mno": "231", "country_code": "KR", "Sno": "2311", "LLtext": "제조업(10~34)", "documentId": "kr20190168500a", "application_number": "1020190168500", "Ltext": "비금속 광물제품 제조업", "keyword": "연마가공유리제조(구입판유리가공품)/곡유리제조(판유리구입가공)/향균유리/실리케이트유리조성물/Cu계산화물/항균성/조성물/CaO/Ag2O/AgNO3", "document_type": "A"}, {"updateDate": "20220608", "LLno": "C", "SSno": "23119", "Stext": "판유리 및 판유리 가공품 제조업", "SStext": "기타 판유리 가공품 제조업", "Mtext": "유리 및 유리제품 제조업", "Lno": "23", "ipc_main": "C03C-015/00", "Mno": "231", "country_code": "KR", "Sno": "2311", "LLtext": "제조업(10~34)", "documentId": "kr20190172680a", "application_number": "1020190172680", "Ltext": "비금속 광물제품 제조업", "keyword": "무늬판유리제조(구입판유리가공품)/무늬유리제조(판유리가공)/패터닝/유리기판/포토레지스트막/레이저빔/방법/포토레지스트막/적층체/개질", "document_type": "A"}, {"updateDate": "20220608", "LLno": "C", "SSno": "23119", "Stext": "판유리 및 판유리 가공품 제조업", "SStext": "기타 판유리 가공품 제조업", "Mtext": "유리 및 유리제품 제조업", "Lno": "23", "ipc_main": "C03C-021/00", "Mno": "231", "country_code": "KR", "Sno": "2311", "LLtext": "제조업(10~34)", "documentId": "kr20197008010a", "application_number": "1020197008010", "Ltext": "비금속 광물제품 제조업", "keyword": "연마가공유리제조(구입판유리가공품)/곡유리제조(판유리구입가공)/화학강화유리/무기염/압축응력층/면강도/방법/질산나트륨/질산칼륨/수소이온지수", "document_type": "A"}, {"updateDate": "20220608", "LLno": "C", "SSno": "23119", "Stext": "판유리 및 판유리 가공품 제조업", "SStext": "기타 판유리 가공품 제조업", "Mtext": "유리 및 유리제품 제조업", "Lno": "23", "ipc_main": "C03C-003/087", "Mno": "231", "country_code": "KR", "Sno": "2311", "LLtext": "제조업(10~34)", "documentId": "kr20197008773a", "application_number": "1020197008773", "Ltext": "비금속 광물제품 제조업", "keyword": "연마가공유리제조(구입판유리가공품)/곡유리제조(판유리구입가공)/유리/무알칼리유리/SiO2/Al2O3/조성물/B2O3/변형점/Li2O", "document_type": "A"}, {"updateDate": "20220608", "LLno": "C", "SSno": "23119", "Stext": "판유리 및 판유리 가공품 제조업", "SStext": "기타 판유리 가공품 제조업", "Mtext": "유리 및 유리제품 제조업", "Lno": "23", "ipc_main": "C03B-017/06", "Mno": "231", "country_code": "KR", "Sno": "2311", "LLtext": "제조업(10~34)", "documentId": "kr20197009144a", "application_number": "1020197009144", "Ltext": "비금속 광물제품 제조업", "keyword": "연마가공유리제조(구입판유리가공품)/곡유리제조(판유리구입가공)/판유리/용융유리/성형로/위치변경/장치/롤러/서냉로/유리공급관", "document_type": "A"}, {"updateDate": "20220608", "LLno": "C", "SSno": "23119", "Stext": "판유리 및 판유리 가공품 제조업", "SStext": "기타 판유리 가공품 제조업", "Mtext": "유리 및 유리제품 제조업", "Lno": "23", "ipc_main": "C03C-003/091", "Mno": "231", "country_code": "KR", "Sno": "2311", "LLtext": "제조업(10~34)", "documentId": "kr20197015920a", "application_number": "1020197015920", "Ltext": "비금속 광물제품 제조업", "keyword": "연마가공유리제조(구입판유리가공품)/곡유리제조(판유리구입가공)/저점도유리/SiO2/Al2O3/시스템/B2O3/Li2O/SnO2", "document_type": "A"}, {"updateDate": "20220608", "LLno": "C", "SSno": "23119", "Stext": "판유리 및 판유리 가공품 제조업", "SStext": "기타 판유리 가공품 제조업", "Mtext": "유리 및 유리제품 제조업", "Lno": "23", "ipc_main": "C03B-033/033", "Mno": "231", "country_code": "KR", "Sno": "2311", "LLtext": "제조업(10~34)", "documentId": "kr20197018613a", "application_number": "1020197018613", "Ltext": "비금속 광물제품 제조업", "keyword": "곡가공유리제조(판유리가공품)/곡면유리제조(판유리가공품)/스냅핑장치/판유리/스크라이브선/경사부/방법/이동공정/흡착부재/비제품부", "document_type": "A"}, {"updateDate": "20220608", "LLno": "C", "SSno": "23119", "Stext": "판유리 및 판유리 가공품 제조업", "SStext": "기타 판유리 가공품 제조업", "Mtext": "유리 및 유리제품 제조업", "Lno": "23", "ipc_main": "C03C-003/091", "Mno": "231", "country_code": "KR", "Sno": "2311", "LLtext": "제조업(10~34)", "documentId": "kr20197022247a", "application_number": "1020197022247", "Ltext": "비금속 광물제품 제조업", "keyword": "연마가공유리제조(구입판유리가공품)/곡유리제조(판유리구입가공)/유리/유리기판/고체혼입물/우수한성질/조성물/SiO2/Al2O3/B2O3", "document_type": "A"}, {"updateDate": "20220608", "LLno": "C", "SSno": "23119", "Stext": "판유리 및 판유리 가공품 제조업", "SStext": "기타 판유리 가공품 제조업", "Mtext": "유리 및 유리제품 제조업", "Lno": "23", "ipc_main": "C03C-003/091", "Mno": "231", "country_code": "KR", "Sno": "2311", "LLtext": "제조업(10~34)", "documentId": "kr20197037990a", "application_number": "1020197037990", "Ltext": "비금속 광물제품 제조업", "keyword": "복층유리제조(구입유리가공)/복층절연유리제조(구입유리가공)/유리/SiO2/B2O3/결점억제/조성물/주파수/유전율/Fe2O3", "document_type": "A"}, {"updateDate": "20220608", "LLno": "C", "SSno": "23119", "Stext": "판유리 및 판유리 가공품 제조업", "SStext": "기타 판유리 가공품 제조업", "Mtext": "유리 및 유리제품 제조업", "Lno": "23", "ipc_main": "C03C-017/00", "Mno": "231", "country_code": "KR", "Sno": "2311", "LLtext": "제조업(10~34)", "documentId": "kr20200088770a", "application_number": "1020200088770", "Ltext": "비금속 광물제품 제조업", "keyword": "복층유리제조(구입유리가공)/복층절연유리제조(구입유리가공)/반송장치/유리기재/권취롤/적층유리제조/장치/조출롤/반송부재/가요성", "document_type": "A"}, {"updateDate": "20220608", "LLno": "C", "SSno": "23119", "Stext": "판유리 및 판유리 가공품 제조업", "SStext": "기타 판유리 가공품 제조업", "Mtext": "유리 및 유리제품 제조업", "Lno": "23", "ipc_main": "C03C-021/00", "Mno": "231", "country_code": "KR", "Sno": "2311", "LLtext": "제조업(10~34)", "documentId": "kr20207001931a", "application_number": "1020207001931", "Ltext": "비금속 광물제품 제조업", "keyword": "연마가공유리제조(구입판유리가공품)/곡유리제조(판유리구입가공)/방현유리/산화물/방현처리/화학적강화/조성물/SiO2/AI2O3/Na2O", "document_type": "A"}, {"updateDate": "20220608", "LLno": "C", "SSno": "23119", "Stext": "판유리 및 판유리 가공품 제조업", "SStext": "기타 판유리 가공품 제조업", "Mtext": "유리 및 유리제품 제조업", "Lno": "23", "ipc_main": "C03C-003/097", "Mno": "231", "country_code": "KR", "Sno": "2311", "LLtext": "제조업(10~34)", "documentId": "kr20207015120a", "application_number": "1020207015120", "Ltext": "비금속 광물제품 제조업", "keyword": "복층유리제조(구입유리가공)/복층절연유리제조(구입유리가공)/과알루미늄질리튬알루미노실리케이트/액상선점도/SiO2/손상저항성/조성물/Al2O3/Li2O/P2O5", "document_type": "A"}, {"updateDate": "20220608", "LLno": "C", "SSno": "23119", "Stext": "판유리 및 판유리 가공품 제조업", "SStext": "기타 판유리 가공품 제조업", "Mtext": "유리 및 유리제품 제조업", "Lno": "23", "ipc_main": "C03C-003/083", "Mno": "231", "country_code": "KR", "Sno": "2311", "LLtext": "제조업(10~34)", "documentId": "kr20207026039a", "application_number": "1020207026039", "Ltext": "비금속 광물제품 제조업", "keyword": "연마가공유리제조(구입판유리가공품)/곡유리제조(판유리구입가공)/유리/유리기판/SiO2/성형성/조성물/유리점도/Al2O3/알칼리금속산화물", "document_type": "A"}, {"updateDate": "20220608", "LLno": "C", "SSno": "23119", "Stext": "판유리 및 판유리 가공품 제조업", "SStext": "기타 판유리 가공품 제조업", "Mtext": "유리 및 유리제품 제조업", "Lno": "23", "ipc_main": "C03C-010/00", "Mno": "231", "country_code": "KR", "Sno": "2311", "LLtext": "제조업(10~34)", "documentId": "kr20207033502a", "application_number": "1020207033502", "Ltext": "비금속 광물제품 제조업", "keyword": "연마가공유리제조(구입판유리가공품)/곡유리제조(판유리구입가공)/결정화유리/석영결정상/리튬실리케이트/낮은비용/조성물/SiO2/Al2O3/Li2O", "document_type": "A"}, {"updateDate": "20220608", "LLno": "C", "SSno": "23119", "Stext": "판유리 및 판유리 가공품 제조업", "SStext": "기타 판유리 가공품 제조업", "Mtext": "유리 및 유리제품 제조업", "Lno": "23", "ipc_main": "C03B-027/048", "Mno": "231", "country_code": "KR", "Sno": "2311", "LLtext": "제조업(10~34)", "documentId": "kr20210020102b1", "application_number": "1020210020102", "Ltext": "비금속 광물제품 제조업", "keyword": "건축용유리제조(판유리가공품)/건물용유리제조(판유리가공품)/방화유리/블로잉에어/인쇄부/냉각효율향상/방법/투명세라믹/수산화칼륨/계면활성제", "document_type": "B1"}, {"updateDate": "20220608", "LLno": "C", "SSno": "23119", "Stext": "판유리 및 판유리 가공품 제조업", "SStext": "기타 판유리 가공품 제조업", "Mtext": "유리 및 유리제품 제조업", "Lno": "23", "ipc_main": "C03B-023/023", "Mno": "231", "country_code": "KR", "Sno": "2311", "LLtext": "제조업(10~34)", "documentId": "kr20217003105a", "application_number": "1020217003105", "Ltext": "비금속 광물제품 제조업", "keyword": "곡가공유리제조(판유리가공품)/곡면유리제조(판유리가공품)/판유리/점도/타겟곡률/타겟윤곽/방법/압력스트립/굽힘작업/마운트", "document_type": "A"}, {"updateDate": "20220608", "LLno": "C", "SSno": "23119", "Stext": "판유리 및 판유리 가공품 제조업", "SStext": "기타 판유리 가공품 제조업", "Mtext": "유리 및 유리제품 제조업", "Lno": "23", "ipc_main": "C03C-021/00", "Mno": "231", "country_code": "KR", "Sno": "2311", "LLtext": "제조업(10~34)", "documentId": "kr20217016031a", "application_number": "1020217016031", "Ltext": "비금속 광물제품 제조업", "keyword": "연마가공유리제조(구입판유리가공품)/곡유리제조(판유리구입가공)/3차원유리세라믹/핵형성/결정화/가열/조성물/치수정밀제어/3차원/유리세라믹", "document_type": "A"}]}