{"dataset": [{"updateDate": "20220608", "LLno": "C", "SSno": "22212", "Stext": "1차 플라스틱제품 제조업", "SStext": "플라스틱 필름 제조업", "Mtext": "플라스틱 제품 제조업", "Lno": "22", "ipc_main": "C08J-005/18", "Mno": "222", "country_code": "KR", "Sno": "2221", "LLtext": "제조업(10~34)", "documentId": "kr20030039853a", "application_number": "1020030039853", "Ltext": "고무 및 플라스틱제품 제조업", "keyword": "플라스틱필름제조 /1차플라스틱제품제조(필름) /다층투명필름/적어도2층/폴리에스테르/총두께5∼200㎛/조성물/ 폴리에틸렌테레프탈레이트/폴리에틸렌나프탈레이트/기능성외층", "document_type": "A"}, {"updateDate": "20220608", "LLno": "C", "SSno": "22212", "Stext": "1차 플라스틱제품 제조업", "SStext": "플라스틱 필름 제조업", "Mtext": "플라스틱 제품 제조업", "Lno": "22", "ipc_main": "C08J-005/18", "Mno": "222", "country_code": "KR", "Sno": "2221", "LLtext": "제조업(10~34)", "documentId": "kr20040042490a", "application_number": "1020040042490", "Ltext": "고무 및 플라스틱제품 제조업", "keyword": "없음", "document_type": "A"}, {"updateDate": "20220608", "LLno": "C", "SSno": "22212", "Stext": "1차 플라스틱제품 제조업", "SStext": "플라스틱 필름 제조업", "Mtext": "플라스틱 제품 제조업", "Lno": "22", "ipc_main": "B32B-007/02", "Mno": "222", "country_code": "KR", "Sno": "2221", "LLtext": "제조업(10~34)", "documentId": "kr20040072566a", "application_number": "1020040072566", "Ltext": "고무 및 플라스틱제품 제조업", "keyword": "없음", "document_type": "A"}, {"updateDate": "20220608", "LLno": "C", "SSno": "22212", "Stext": "1차 플라스틱제품 제조업", "SStext": "플라스틱 필름 제조업", "Mtext": "플라스틱 제품 제조업", "Lno": "22", "ipc_main": "C08J-005/18", "Mno": "222", "country_code": "KR", "Sno": "2221", "LLtext": "제조업(10~34)", "documentId": "kr20040080078b1", "application_number": "1020040080078", "Ltext": "고무 및 플라스틱제품 제조업", "keyword": "없음", "document_type": "B1"}, {"updateDate": "20220608", "LLno": "C", "SSno": "22212", "Stext": "1차 플라스틱제품 제조업", "SStext": "플라스틱 필름 제조업", "Mtext": "플라스틱 제품 제조업", "Lno": "22", "ipc_main": "C08J-005/18", "Mno": "222", "country_code": "KR", "Sno": "2221", "LLtext": "제조업(10~34)", "documentId": "kr20040085406a", "application_number": "1020040085406", "Ltext": "고무 및 플라스틱제품 제조업", "keyword": "없음", "document_type": "A"}, {"updateDate": "20220608", "LLno": "C", "SSno": "22212", "Stext": "1차 플라스틱제품 제조업", "SStext": "플라스틱 필름 제조업", "Mtext": "플라스틱 제품 제조업", "Lno": "22", "ipc_main": "B32B-007/02", "Mno": "222", "country_code": "KR", "Sno": "2221", "LLtext": "제조업(10~34)", "documentId": "kr20050015924a", "application_number": "1020050015924", "Ltext": "고무 및 플라스틱제품 제조업", "keyword": "없음", "document_type": "A"}, {"updateDate": "20220608", "LLno": "C", "SSno": "22212", "Stext": "1차 플라스틱제품 제조업", "SStext": "플라스틱 필름 제조업", "Mtext": "플라스틱 제품 제조업", "Lno": "22", "ipc_main": "C08J-005/18", "Mno": "222", "country_code": "KR", "Sno": "2221", "LLtext": "제조업(10~34)", "documentId": "kr20050034862b1", "application_number": "1020050034862", "Ltext": "고무 및 플라스틱제품 제조업", "keyword": "없음", "document_type": "B1"}, {"updateDate": "20220608", "LLno": "C", "SSno": "22212", "Stext": "1차 플라스틱제품 제조업", "SStext": "플라스틱 필름 제조업", "Mtext": "플라스틱 제품 제조업", "Lno": "22", "ipc_main": "B65H-005/04", "Mno": "222", "country_code": "KR", "Sno": "2221", "LLtext": "제조업(10~34)", "documentId": "kr20050060602a", "application_number": "1020050060602", "Ltext": "고무 및 플라스틱제품 제조업", "keyword": "없음", "document_type": "A"}, {"updateDate": "20220608", "LLno": "C", "SSno": "22212", "Stext": "1차 플라스틱제품 제조업", "SStext": "플라스틱 필름 제조업", "Mtext": "플라스틱 제품 제조업", "Lno": "22", "ipc_main": "C08J-005/22", "Mno": "222", "country_code": "KR", "Sno": "2221", "LLtext": "제조업(10~34)", "documentId": "kr20060013923b1", "application_number": "1020060013923", "Ltext": "고무 및 플라스틱제품 제조업", "keyword": "플라스틱필름제조 /1차플라스틱제품제조(필름) /폴리올레핀미세다공막제조/전지용격리막/폴리올레핀/열안정성/조성물/폴리에틸렌/폴리프로필렌/필름성형", "document_type": "B1"}, {"updateDate": "20220608", "LLno": "C", "SSno": "22212", "Stext": "1차 플라스틱제품 제조업", "SStext": "플라스틱 필름 제조업", "Mtext": "플라스틱 제품 제조업", "Lno": "22", "ipc_main": "C08J-005/18", "Mno": "222", "country_code": "KR", "Sno": "2221", "LLtext": "제조업(10~34)", "documentId": "kr20060042175b1", "application_number": "1020060042175", "Ltext": "고무 및 플라스틱제품 제조업", "keyword": "플라스틱필름제조 /1차플라스틱제품제조(필름) /낙진방지용필름제조/폴리에틸렌수지/무기충진제/탄성낙전방지/조성물/에틸렌-비닐아세테이트수지/에틸렌-에틸아크릴레이트코폴리머/(열가소성엘라스토머", "document_type": "B1"}, {"updateDate": "20220608", "LLno": "C", "SSno": "22212", "Stext": "1차 플라스틱제품 제조업", "SStext": "플라스틱 필름 제조업", "Mtext": "플라스틱 제품 제조업", "Lno": "22", "ipc_main": "C08J-005/18", "Mno": "222", "country_code": "KR", "Sno": "2221", "LLtext": "제조업(10~34)", "documentId": "kr20067010748a", "application_number": "1020067010748", "Ltext": "고무 및 플라스틱제품 제조업", "keyword": "없음", "document_type": "A"}, {"updateDate": "20220608", "LLno": "C", "SSno": "22212", "Stext": "1차 플라스틱제품 제조업", "SStext": "플라스틱 필름 제조업", "Mtext": "플라스틱 제품 제조업", "Lno": "22", "ipc_main": "C08J-005/18", "Mno": "222", "country_code": "KR", "Sno": "2221", "LLtext": "제조업(10~34)", "documentId": "kr20067020595a", "application_number": "1020067020595", "Ltext": "고무 및 플라스틱제품 제조업", "keyword": "플라스틱필름제조 /1차플라스틱제품제조(필름) /유기절연필름/연속적생산/특정한물성/기재테이프/조성물/분자쇄주축배향각/ MOR-c치/유기절연성", "document_type": "A"}, {"updateDate": "20220608", "LLno": "C", "SSno": "22212", "Stext": "1차 플라스틱제품 제조업", "SStext": "플라스틱 필름 제조업", "Mtext": "플라스틱 제품 제조업", "Lno": "22", "ipc_main": "C08J-005/18", "Mno": "222", "country_code": "KR", "Sno": "2221", "LLtext": "제조업(10~34)", "documentId": "kr20070114678a", "application_number": "1020070114678", "Ltext": "고무 및 플라스틱제품 제조업", "keyword": "플라스틱필름제조 /폴리프로필렌필름제조 /폴리프로필렌시트/고투명/연질수지/밀착방지요홈/방법/폴리프로필렌수지/시트성형공정/공기층형성", "document_type": "A"}, {"updateDate": "20220608", "LLno": "C", "SSno": "22212", "Stext": "1차 플라스틱제품 제조업", "SStext": "플라스틱 필름 제조업", "Mtext": "플라스틱 제품 제조업", "Lno": "22", "ipc_main": "C08J-005/18", "Mno": "222", "country_code": "KR", "Sno": "2221", "LLtext": "제조업(10~34)", "documentId": "kr20077008458a", "application_number": "1020077008458", "Ltext": "고무 및 플라스틱제품 제조업", "keyword": "플라스틱필름제조 /폴리이미드필름(고경도플라스틱필름)/신규한폴리이미드필름/금속층/열변형억제/저장탄성률/조성물/방향족디아민/방향족산이무수물/이미드화", "document_type": "A"}, {"updateDate": "20220608", "LLno": "C", "SSno": "22212", "Stext": "1차 플라스틱제품 제조업", "SStext": "플라스틱 필름 제조업", "Mtext": "플라스틱 제품 제조업", "Lno": "22", "ipc_main": "C08J-005/18", "Mno": "222", "country_code": "KR", "Sno": "2221", "LLtext": "제조업(10~34)", "documentId": "kr20077014311b1", "application_number": "1020077014311", "Ltext": "고무 및 플라스틱제품 제조업", "keyword": "플라스틱필름제조 /폴리프로필렌필름제조 /폴리프로필렌계필름/적층체/프로필렌주체모노머/내저온충격성/조성물/폴리머/헤이즈/프로필렌-에틸렌블록공중합체", "document_type": "B1"}, {"updateDate": "20220608", "LLno": "C", "SSno": "22212", "Stext": "1차 플라스틱제품 제조업", "SStext": "플라스틱 필름 제조업", "Mtext": "플라스틱 제품 제조업", "Lno": "22", "ipc_main": "C08J-005/18", "Mno": "222", "country_code": "KR", "Sno": "2221", "LLtext": "제조업(10~34)", "documentId": "kr20080115007a", "application_number": "1020080115007", "Ltext": "고무 및 플라스틱제품 제조업", "keyword": "플라스틱필름제조 /1차플라스틱제품제조(필름) /폴리에스테르계필름/열수축성/주수축방향/생산성향상/조성물/수축속력/온도변화/변위측정자기센서", "document_type": "A"}, {"updateDate": "20220608", "LLno": "C", "SSno": "22212", "Stext": "1차 플라스틱제품 제조업", "SStext": "플라스틱 필름 제조업", "Mtext": "플라스틱 제품 제조업", "Lno": "22", "ipc_main": "C08J-005/18", "Mno": "222", "country_code": "KR", "Sno": "2221", "LLtext": "제조업(10~34)", "documentId": "kr20090111832a", "application_number": "1020090111832", "Ltext": "고무 및 플라스틱제품 제조업", "keyword": "플라스틱필름제조 /1차플라스틱제품제조(필름) /이형필름/폴리에스테르/보잉현상감소/광택현상제어/조성물/배향각/복굴절율/2축연신", "document_type": "A"}, {"updateDate": "20220608", "LLno": "C", "SSno": "22212", "Stext": "1차 플라스틱제품 제조업", "SStext": "플라스틱 필름 제조업", "Mtext": "플라스틱 제품 제조업", "Lno": "22", "ipc_main": "C08J-005/18", "Mno": "222", "country_code": "KR", "Sno": "2221", "LLtext": "제조업(10~34)", "documentId": "kr20097018250b1", "application_number": "1020097018250", "Ltext": "고무 및 플라스틱제품 제조업", "keyword": "플라스틱필름제조 /1차플라스틱제품제조(필름) /전기절연필름/이축연신/폴리프로필렌/절연파괴강도/조성물/캐패시터/동종중합체/연신비", "document_type": "B1"}, {"updateDate": "20220608", "LLno": "C", "SSno": "22212", "Stext": "1차 플라스틱제품 제조업", "SStext": "플라스틱 필름 제조업", "Mtext": "플라스틱 제품 제조업", "Lno": "22", "ipc_main": "C08J-005/18", "Mno": "222", "country_code": "KR", "Sno": "2221", "LLtext": "제조업(10~34)", "documentId": "kr20100135355a", "application_number": "1020100135355", "Ltext": "고무 및 플라스틱제품 제조업", "keyword": "없음", "document_type": "A"}, {"updateDate": "20220608", "LLno": "C", "SSno": "22212", "Stext": "1차 플라스틱제품 제조업", "SStext": "플라스틱 필름 제조업", "Mtext": "플라스틱 제품 제조업", "Lno": "22", "ipc_main": "C08J-009/00", "Mno": "222", "country_code": "KR", "Sno": "2221", "LLtext": "제조업(10~34)", "documentId": "kr20100137706a", "application_number": "1020100137706", "Ltext": "고무 및 플라스틱제품 제조업", "keyword": "플라스틱필름제조 /폴리프로필렌필름제조 /폴리프로필렌필름/메타결정화/미연신시트/균일한공극형성/조성물/폴리프로필렌/폭방향연신/걸리공기투과도", "document_type": "A"}, {"updateDate": "20220608", "LLno": "C", "SSno": "22212", "Stext": "1차 플라스틱제품 제조업", "SStext": "플라스틱 필름 제조업", "Mtext": "플라스틱 제품 제조업", "Lno": "22", "ipc_main": "C08J-005/18", "Mno": "222", "country_code": "KR", "Sno": "2221", "LLtext": "제조업(10~34)", "documentId": "kr20107015165a", "application_number": "1020107015165", "Ltext": "고무 및 플라스틱제품 제조업", "keyword": "플라스틱필름제조 /1차플라스틱제품제조(필름) /폴리에스테르계필름제조/길이방향주수축/고온수축특성/기계강도높음/조성물/에틸렌테레프탈레이트/ 글리콜/모노머", "document_type": "A"}, {"updateDate": "20220608", "LLno": "C", "SSno": "22212", "Stext": "1차 플라스틱제품 제조업", "SStext": "플라스틱 필름 제조업", "Mtext": "플라스틱 제품 제조업", "Lno": "22", "ipc_main": "C08J-005/18", "Mno": "222", "country_code": "KR", "Sno": "2221", "LLtext": "제조업(10~34)", "documentId": "kr20107018788a", "application_number": "1020107018788", "Ltext": "고무 및 플라스틱제품 제조업", "keyword": "플라스틱필름제조 /1차플라스틱제품제조(필름) /폴리에스테르필름/고품질/도포층/황변착색적음/조성물/폴리에스테르층/재생원료/인계산화방지제", "document_type": "A"}, {"updateDate": "20220608", "LLno": "C", "SSno": "22212", "Stext": "1차 플라스틱제품 제조업", "SStext": "플라스틱 필름 제조업", "Mtext": "플라스틱 제품 제조업", "Lno": "22", "ipc_main": "B32B-027/08", "Mno": "222", "country_code": "KR", "Sno": "2221", "LLtext": "제조업(10~34)", "documentId": "kr20110004098a", "application_number": "1020110004098", "Ltext": "고무 및 플라스틱제품 제조업", "keyword": "플라스틱필름제조/폴리에스터필름제조/다층필름/적층/층간박리/디스플레이용/장치/사이클로/올레핀/공중합체", "document_type": "A"}, {"updateDate": "20220608", "LLno": "C", "SSno": "22212", "Stext": "1차 플라스틱제품 제조업", "SStext": "플라스틱 필름 제조업", "Mtext": "플라스틱 제품 제조업", "Lno": "22", "ipc_main": "B32B-027/08", "Mno": "222", "country_code": "KR", "Sno": "2221", "LLtext": "제조업(10~34)", "documentId": "kr20110114074a", "application_number": "1020110114074", "Ltext": "고무 및 플라스틱제품 제조업", "keyword": "플라스틱필름제조/비닐필름제조/필름/교대적층/폴리비닐아세탈/차음성/장치/다층/블랜드/수지층", "document_type": "A"}, {"updateDate": "20220608", "LLno": "C", "SSno": "22212", "Stext": "1차 플라스틱제품 제조업", "SStext": "플라스틱 필름 제조업", "Mtext": "플라스틱 제품 제조업", "Lno": "22", "ipc_main": "C08L-023/04", "Mno": "222", "country_code": "KR", "Sno": "2221", "LLtext": "제조업(10~34)", "documentId": "kr20120070804a", "application_number": "1020120070804", "Ltext": "고무 및 플라스틱제품 제조업", "keyword": "폴리에틸렌필름제조/플라스틱필름제조/필름/폴리에틸렌/스트레치랩/자가접착성/조성물/치글러/올레핀/선형저밀도", "document_type": "A"}, {"updateDate": "20220608", "LLno": "C", "SSno": "22212", "Stext": "1차 플라스틱제품 제조업", "SStext": "플라스틱 필름 제조업", "Mtext": "플라스틱 제품 제조업", "Lno": "22", "ipc_main": "B32B-027/06", "Mno": "222", "country_code": "KR", "Sno": "2221", "LLtext": "제조업(10~34)", "documentId": "kr20120149724a", "application_number": "1020120149724", "Ltext": "고무 및 플라스틱제품 제조업", "keyword": "액정보호필름제조/폴리프로필렌필름제조/보호필름/고강도/하드코팅/강화유리/장치/이형/목재/금속", "document_type": "A"}, {"updateDate": "20220608", "LLno": "C", "SSno": "22212", "Stext": "1차 플라스틱제품 제조업", "SStext": "플라스틱 필름 제조업", "Mtext": "플라스틱 제품 제조업", "Lno": "22", "ipc_main": "C08J-005/18", "Mno": "222", "country_code": "KR", "Sno": "2221", "LLtext": "제조업(10~34)", "documentId": "kr20120156624a", "application_number": "1020120156624", "Ltext": "고무 및 플라스틱제품 제조업", "keyword": "폴리에스터필름제조/플라스틱필름제조/폴리에스터필름/투명/플리케톤/치수안정성/장치/투기도/폴리에스터/상용성수지", "document_type": "A"}, {"updateDate": "20220608", "LLno": "C", "SSno": "22212", "Stext": "1차 플라스틱제품 제조업", "SStext": "플라스틱 필름 제조업", "Mtext": "플라스틱 제품 제조업", "Lno": "22", "ipc_main": "C08J-009/00", "Mno": "222", "country_code": "KR", "Sno": "2221", "LLtext": "제조업(10~34)", "documentId": "kr20137034287a", "application_number": "1020137034287", "Ltext": "고무 및 플라스틱제품 제조업", "keyword": "폴리프로필렌필름제조/플라스틱필름제조/폴리프로필렌필름/열치수/다공성/균일성/장치/수축온도/편차/측정점", "document_type": "A"}, {"updateDate": "20220608", "LLno": "C", "SSno": "22212", "Stext": "1차 플라스틱제품 제조업", "SStext": "플라스틱 필름 제조업", "Mtext": "플라스틱 제품 제조업", "Lno": "22", "ipc_main": "B29C-041/12", "Mno": "222", "country_code": "KR", "Sno": "2221", "LLtext": "제조업(10~34)", "documentId": "kr20140077078a", "application_number": "1020140077078", "Ltext": "고무 및 플라스틱제품 제조업", "keyword": "플라스틱필름제조/비닐필름제조/피브이씨랩/2단호퍼/균등권치기/연속생산/장치/가이드롤러/압출기/박막화", "document_type": "A"}, {"updateDate": "20220608", "LLno": "C", "SSno": "22212", "Stext": "1차 플라스틱제품 제조업", "SStext": "플라스틱 필름 제조업", "Mtext": "플라스틱 제품 제조업", "Lno": "22", "ipc_main": "B32B-027/36", "Mno": "222", "country_code": "KR", "Sno": "2221", "LLtext": "제조업(10~34)", "documentId": "kr20140089784a", "application_number": "1020140089784", "Ltext": "고무 및 플라스틱제품 제조업", "keyword": "플라스틱필름제조/1차플라스틱제품제조/필름/드라이라미네이팅/티다이/폴리프로필렌/방법/폴리에스테르/폴리에틸렌/합지", "document_type": "A"}, {"updateDate": "20220608", "LLno": "C", "SSno": "22212", "Stext": "1차 플라스틱제품 제조업", "SStext": "플라스틱 필름 제조업", "Mtext": "플라스틱 제품 제조업", "Lno": "22", "ipc_main": "B32B-027/08", "Mno": "222", "country_code": "KR", "Sno": "2221", "LLtext": "제조업(10~34)", "documentId": "kr20140181959a", "application_number": "1020140181959", "Ltext": "고무 및 플라스틱제품 제조업", "keyword": "폴리에틸렌필름제조/플라스틱필름제조/복합필름/폴리에틸렌/금속증착/포장재/장치/저밀도/선형/저온실링성", "document_type": "A"}, {"updateDate": "20220608", "LLno": "C", "SSno": "22212", "Stext": "1차 플라스틱제품 제조업", "SStext": "플라스틱 필름 제조업", "Mtext": "플라스틱 제품 제조업", "Lno": "22", "ipc_main": "C08G-063/91", "Mno": "222", "country_code": "KR", "Sno": "2221", "LLtext": "제조업(10~34)", "documentId": "kr20147024636a", "application_number": "1020147024636", "Ltext": "고무 및 플라스틱제품 제조업", "keyword": "폴리에틸렌필름제조/플라스틱필름제조/필름/폴리에틸렌/테레프탈레이트/폴리카르보디이미드/조성물/반응/폴리머/분해율", "document_type": "A"}, {"updateDate": "20220608", "LLno": "C", "SSno": "22212", "Stext": "1차 플라스틱제품 제조업", "SStext": "플라스틱 필름 제조업", "Mtext": "플라스틱 제품 제조업", "Lno": "22", "ipc_main": "C08J-007/04", "Mno": "222", "country_code": "KR", "Sno": "2221", "LLtext": "제조업(10~34)", "documentId": "kr20150041763a", "application_number": "1020150041763", "Ltext": "고무 및 플라스틱제품 제조업", "keyword": "플라스틱필름제조/폴리프로필렌필름제조/필름/고경도/가공성/플라스틱/방법/관능성/아크릴레이트/프리폴리머", "document_type": "A"}, {"updateDate": "20220608", "LLno": "C", "SSno": "22212", "Stext": "1차 플라스틱제품 제조업", "SStext": "플라스틱 필름 제조업", "Mtext": "플라스틱 제품 제조업", "Lno": "22", "ipc_main": "C08J-005/18", "Mno": "222", "country_code": "KR", "Sno": "2221", "LLtext": "제조업(10~34)", "documentId": "kr20150045419b1", "application_number": "1020150045419", "Ltext": "고무 및 플라스틱제품 제조업", "keyword": "플라스틱필름제조/폴리프로필렌필름제조/필름/사이클릭/광등방성/공중합체/장치/올레핀/폴리프로/용융혼합", "document_type": "B1"}, {"updateDate": "20220608", "LLno": "C", "SSno": "22212", "Stext": "1차 플라스틱제품 제조업", "SStext": "플라스틱 필름 제조업", "Mtext": "플라스틱 제품 제조업", "Lno": "22", "ipc_main": "B32B-027/08", "Mno": "222", "country_code": "KR", "Sno": "2221", "LLtext": "제조업(10~34)", "documentId": "kr20150066767b1", "application_number": "1020150066767", "Ltext": "고무 및 플라스틱제품 제조업", "keyword": "폴리에틸렌필름제조/플라스틱필름제조/폴리에틸렌필름/보호용테이프/PVC필름/다층/장치/난연제/팰릿/용융", "document_type": "B1"}, {"updateDate": "20220608", "LLno": "C", "SSno": "22212", "Stext": "1차 플라스틱제품 제조업", "SStext": "플라스틱 필름 제조업", "Mtext": "플라스틱 제품 제조업", "Lno": "22", "ipc_main": "C08J-005/18", "Mno": "222", "country_code": "KR", "Sno": "2221", "LLtext": "제조업(10~34)", "documentId": "kr20157001349a", "application_number": "1020157001349", "Ltext": "고무 및 플라스틱제품 제조업", "keyword": "플라스틱필름제조/플라스틱제적층필름제조/필름/모노머/폴리에스테르/열수축성/장치/에틸렌테레프탈레이트/비결정질/길이방향", "document_type": "A"}, {"updateDate": "20220608", "LLno": "C", "SSno": "22212", "Stext": "1차 플라스틱제품 제조업", "SStext": "플라스틱 필름 제조업", "Mtext": "플라스틱 제품 제조업", "Lno": "22", "ipc_main": "B29C-047/00", "Mno": "222", "country_code": "KR", "Sno": "2221", "LLtext": "제조업(10~34)", "documentId": "kr20157018168a", "application_number": "1020157018168", "Ltext": "고무 및 플라스틱제품 제조업", "keyword": "플라스틱필름제조/플라스틱제적층필름제조/플라스틱필름/고속캐스트/스위퍼마크/제막용/장치/스위퍼/롤러/나선홈", "document_type": "A"}, {"updateDate": "20220608", "LLno": "C", "SSno": "22212", "Stext": "1차 플라스틱제품 제조업", "SStext": "플라스틱 필름 제조업", "Mtext": "플라스틱 제품 제조업", "Lno": "22", "ipc_main": "C08J-007/04", "Mno": "222", "country_code": "KR", "Sno": "2221", "LLtext": "제조업(10~34)", "documentId": "kr20160019726b1", "application_number": "1020160019726", "Ltext": "고무 및 플라스틱제품 제조업", "keyword": "폴리프로필렌필름제조/플라스틱필름제조/이형필름/코팅형/폴리프로필렌/실리콘수지/장치/이형층/경화제/밀착력향상제", "document_type": "B1"}, {"updateDate": "20220608", "LLno": "C", "SSno": "22212", "Stext": "1차 플라스틱제품 제조업", "SStext": "플라스틱 필름 제조업", "Mtext": "플라스틱 제품 제조업", "Lno": "22", "ipc_main": "C09D-167/00", "Mno": "222", "country_code": "KR", "Sno": "2221", "LLtext": "제조업(10~34)", "documentId": "kr20160050970a", "application_number": "1020160050970", "Ltext": "고무 및 플라스틱제품 제조업", "keyword": "액정보호필름제조/플라스틱필름제조/필름/라포나이트/폴리에스터/액정표시/조성물/용매/코팅/위상차보상필름", "document_type": "A"}, {"updateDate": "20220608", "LLno": "C", "SSno": "22212", "Stext": "1차 플라스틱제품 제조업", "SStext": "플라스틱 필름 제조업", "Mtext": "플라스틱 제품 제조업", "Lno": "22", "ipc_main": "C09D-133/06", "Mno": "222", "country_code": "KR", "Sno": "2221", "LLtext": "제조업(10~34)", "documentId": "kr20160098076a", "application_number": "1020160098076", "Ltext": "고무 및 플라스틱제품 제조업", "keyword": "플라스틱필름제조/폴리이미드필름제조/필름/플렉시블/고경도/고투명도/장치/경화형/코팅층/자외선", "document_type": "A"}, {"updateDate": "20220608", "LLno": "C", "SSno": "22212", "Stext": "1차 플라스틱제품 제조업", "SStext": "플라스틱 필름 제조업", "Mtext": "플라스틱 제품 제조업", "Lno": "22", "ipc_main": "B32B-037/10", "Mno": "222", "country_code": "KR", "Sno": "2221", "LLtext": "제조업(10~34)", "documentId": "kr20160146882a", "application_number": "1020160146882", "Ltext": "고무 및 플라스틱제품 제조업", "keyword": "플라스틱필름제조/플라스틱제적층필름제조/적층필름/접합부/회전/공급/시스템/흼유도부/압착/제어", "document_type": "A"}, {"updateDate": "20220608", "LLno": "C", "SSno": "22212", "Stext": "1차 플라스틱제품 제조업", "SStext": "플라스틱 필름 제조업", "Mtext": "플라스틱 제품 제조업", "Lno": "22", "ipc_main": "B29C-047/00", "Mno": "222", "country_code": "KR", "Sno": "2221", "LLtext": "제조업(10~34)", "documentId": "kr20167025933a", "application_number": "1020167025933", "Ltext": "고무 및 플라스틱제품 제조업", "keyword": "플라스틱필름제조/폴리에틸렌필름제조/필름/습식연신법/미세다공/희석제/방법/압출기/롤러/연신", "document_type": "A"}, {"updateDate": "20220608", "LLno": "C", "SSno": "22212", "Stext": "1차 플라스틱제품 제조업", "SStext": "플라스틱 필름 제조업", "Mtext": "플라스틱 제품 제조업", "Lno": "22", "ipc_main": "C08J-005/18", "Mno": "222", "country_code": "KR", "Sno": "2221", "LLtext": "제조업(10~34)", "documentId": "kr20167036697a", "application_number": "1020167036697", "Ltext": "고무 및 플라스틱제품 제조업", "keyword": "폴리프로필렌필름제조/플라스틱필름제조/필름/콘덴서/2축연신/내전압성/장치/X선/회절/폴리프로필렌", "document_type": "A"}, {"updateDate": "20220608", "LLno": "C", "SSno": "22212", "Stext": "1차 플라스틱제품 제조업", "SStext": "플라스틱 필름 제조업", "Mtext": "플라스틱 제품 제조업", "Lno": "22", "ipc_main": "G02B-005/30", "Mno": "222", "country_code": "KR", "Sno": "2221", "LLtext": "제조업(10~34)", "documentId": "kr20170004066a", "application_number": "1020170004066", "Ltext": "고무 및 플라스틱제품 제조업", "keyword": "폴리에틸렌필름제조/폴리이미드필름제조/필름/플렉시블/디스플레이/플라스틱기판/장치/코팅/복굴절/폴리머층", "document_type": "A"}, {"updateDate": "20220608", "LLno": "C", "SSno": "22212", "Stext": "1차 플라스틱제품 제조업", "SStext": "플라스틱 필름 제조업", "Mtext": "플라스틱 제품 제조업", "Lno": "22", "ipc_main": "C08L-027/06", "Mno": "222", "country_code": "KR", "Sno": "2221", "LLtext": "제조업(10~34)", "documentId": "kr20170034359a", "application_number": "1020170034359", "Ltext": "고무 및 플라스틱제품 제조업", "keyword": "비닐필름제조/비닐론필름제조/필름/폴리염화비닐/아크릴수지/내마모성/조성물/선형/공중합체/가공조제", "document_type": "A"}, {"updateDate": "20220608", "LLno": "C", "SSno": "22212", "Stext": "1차 플라스틱제품 제조업", "SStext": "플라스틱 필름 제조업", "Mtext": "플라스틱 제품 제조업", "Lno": "22", "ipc_main": "B32B-027/08", "Mno": "222", "country_code": "KR", "Sno": "2221", "LLtext": "제조업(10~34)", "documentId": "kr20177004396b1", "application_number": "1020177004396", "Ltext": "고무 및 플라스틱제품 제조업", "keyword": "플라스틱필름제조/플라스틱제적층필름제조/필름적층체/베이스필름/폴리에틸렌/드라이필름/조성물/에폭시/카르복실기/커버필름", "document_type": "B1"}, {"updateDate": "20220608", "LLno": "C", "SSno": "22212", "Stext": "1차 플라스틱제품 제조업", "SStext": "플라스틱 필름 제조업", "Mtext": "플라스틱 제품 제조업", "Lno": "22", "ipc_main": "C08J-005/18", "Mno": "222", "country_code": "KR", "Sno": "2221", "LLtext": "제조업(10~34)", "documentId": "kr20177018595a", "application_number": "1020177018595", "Ltext": "고무 및 플라스틱제품 제조업", "keyword": "폴리프로필렌필름제조/플라스틱필름제조/폴리프로필렌필름/캐스트필름/코폴리머/인열내성/장치/단일층/기계방향/플라스토머", "document_type": "A"}, {"updateDate": "20220608", "LLno": "C", "SSno": "22212", "Stext": "1차 플라스틱제품 제조업", "SStext": "플라스틱 필름 제조업", "Mtext": "플라스틱 제품 제조업", "Lno": "22", "ipc_main": "B29C-047/00", "Mno": "222", "country_code": "KR", "Sno": "2221", "LLtext": "제조업(10~34)", "documentId": "kr20177022883a", "application_number": "1020177022883", "Ltext": "고무 및 플라스틱제품 제조업", "keyword": "플라스틱필름제조/폴리프로필렌필름제조/플라스틱필름/미다공/롤러연신법/미끄러짐/방법/2축연신/냉각드럼/폴리올레핀", "document_type": "A"}, {"updateDate": "20220608", "LLno": "C", "SSno": "22212", "Stext": "1차 플라스틱제품 제조업", "SStext": "플라스틱 필름 제조업", "Mtext": "플라스틱 제품 제조업", "Lno": "22", "ipc_main": "C08J-005/18", "Mno": "222", "country_code": "KR", "Sno": "2221", "LLtext": "제조업(10~34)", "documentId": "kr20177025676a", "application_number": "1020177025676", "Ltext": "고무 및 플라스틱제품 제조업", "keyword": "플라스틱필름제조/폴리프로필렌필름제조/폴리에스터필름/백색입자/태양전지용/보호시트/장치/직교/극한점도/변동폭", "document_type": "A"}, {"updateDate": "20220608", "LLno": "C", "SSno": "22212", "Stext": "1차 플라스틱제품 제조업", "SStext": "플라스틱 필름 제조업", "Mtext": "플라스틱 제품 제조업", "Lno": "22", "ipc_main": "C08J-005/18", "Mno": "222", "country_code": "KR", "Sno": "2221", "LLtext": "제조업(10~34)", "documentId": "kr20177030119a", "application_number": "1020177030119", "Ltext": "고무 및 플라스틱제품 제조업", "keyword": "폴리에틸렌필름제조/플라스틱필름제조/필름/롤상태/언와이딩/내블로킹성/장치/폴리에틸렌/거칠기/흐름방향", "document_type": "A"}, {"updateDate": "20220608", "LLno": "C", "SSno": "22212", "Stext": "1차 플라스틱제품 제조업", "SStext": "플라스틱 필름 제조업", "Mtext": "플라스틱 제품 제조업", "Lno": "22", "ipc_main": "B29C-059/04", "Mno": "222", "country_code": "KR", "Sno": "2221", "LLtext": "제조업(10~34)", "documentId": "kr20180009895b1", "application_number": "1020180009895", "Ltext": "고무 및 플라스틱제품 제조업", "keyword": "플라스틱필름제조/폴리이미드필름제조/플라스틱필름/이열성/가동프레임/관통공/장치/반송기구/고정프레임/가이드레일", "document_type": "B1"}, {"updateDate": "20220608", "LLno": "C", "SSno": "22212", "Stext": "1차 플라스틱제품 제조업", "SStext": "플라스틱 필름 제조업", "Mtext": "플라스틱 제품 제조업", "Lno": "22", "ipc_main": "B32B-027/08", "Mno": "222", "country_code": "KR", "Sno": "2221", "LLtext": "제조업(10~34)", "documentId": "kr20180044657b1", "application_number": "1020180044657", "Ltext": "고무 및 플라스틱제품 제조업", "keyword": "폴리프로필렌필름제조/폴리에틸렌필름제조/보호필름/이축연신/폴리염화비닐/폴리에틸렌/장치/인쇄층/접착층/공중합체", "document_type": "B1"}, {"updateDate": "20220608", "LLno": "C", "SSno": "22212", "Stext": "1차 플라스틱제품 제조업", "SStext": "플라스틱 필름 제조업", "Mtext": "플라스틱 제품 제조업", "Lno": "22", "ipc_main": "C08J-005/18", "Mno": "222", "country_code": "KR", "Sno": "2221", "LLtext": "제조업(10~34)", "documentId": "kr20180062983a", "application_number": "1020180062983", "Ltext": "고무 및 플라스틱제품 제조업", "keyword": "폴리이미드필름제조/폴리아미드필름제조/필름/공중합체/수지필름/황색지수/조성물/반복단위/아미드블록/단일결합", "document_type": "A"}, {"updateDate": "20220608", "LLno": "C", "SSno": "22212", "Stext": "1차 플라스틱제품 제조업", "SStext": "플라스틱 필름 제조업", "Mtext": "플라스틱 제품 제조업", "Lno": "22", "ipc_main": "C08L-023/06", "Mno": "222", "country_code": "KR", "Sno": "2221", "LLtext": "제조업(10~34)", "documentId": "kr20180064269a", "application_number": "1020180064269", "Ltext": "고무 및 플라스틱제품 제조업", "keyword": "폴리에틸렌필름제조/폴리프로필렌필름제조/필름/가열/마찰/투명성/조성물/폴리에틸렌/수지/밀도", "document_type": "A"}, {"updateDate": "20220608", "LLno": "C", "SSno": "22212", "Stext": "1차 플라스틱제품 제조업", "SStext": "플라스틱 필름 제조업", "Mtext": "플라스틱 제품 제조업", "Lno": "22", "ipc_main": "C08J-005/18", "Mno": "222", "country_code": "KR", "Sno": "2221", "LLtext": "제조업(10~34)", "documentId": "kr20180065105a", "application_number": "1020180065105", "Ltext": "고무 및 플라스틱제품 제조업", "keyword": "폴리이미드필름제조/플라스틱필름제조/폴리이미드필름/디스플레이/힌더드아민/자외선안정성/장치/공중합체/폴리아마이드/광안정제", "document_type": "A"}, {"updateDate": "20220608", "LLno": "C", "SSno": "22212", "Stext": "1차 플라스틱제품 제조업", "SStext": "플라스틱 필름 제조업", "Mtext": "플라스틱 제품 제조업", "Lno": "22", "ipc_main": "C08L-077/06", "Mno": "222", "country_code": "KR", "Sno": "2221", "LLtext": "제조업(10~34)", "documentId": "kr20180065501a", "application_number": "1020180065501", "Ltext": "고무 및 플라스틱제품 제조업", "keyword": "폴리아미드필름제조/플라스틱필름제조/폴리아미드필름/공중합체/블록/기계적물성/조성물/방향족/디아미노/아미드결합", "document_type": "A"}, {"updateDate": "20220608", "LLno": "C", "SSno": "22212", "Stext": "1차 플라스틱제품 제조업", "SStext": "플라스틱 필름 제조업", "Mtext": "플라스틱 제품 제조업", "Lno": "22", "ipc_main": "G01N-021/958", "Mno": "222", "country_code": "KR", "Sno": "2221", "LLtext": "제조업(10~34)", "documentId": "kr20180093569a", "application_number": "1020180093569", "Ltext": "고무 및 플라스틱제품 제조업", "keyword": "폴리에스터필름제조/플라스틱필름제조/필름/코팅형/위상차/비등방성필름/방법/디스플레이/외광반사/편광판", "document_type": "A"}, {"updateDate": "20220608", "LLno": "C", "SSno": "22212", "Stext": "1차 플라스틱제품 제조업", "SStext": "플라스틱 필름 제조업", "Mtext": "플라스틱 제품 제조업", "Lno": "22", "ipc_main": "B29C-035/00", "Mno": "222", "country_code": "KR", "Sno": "2221", "LLtext": "제조업(10~34)", "documentId": "kr20180096724a", "application_number": "1020180096724", "Ltext": "고무 및 플라스틱제품 제조업", "keyword": "폴리이미드필름제조/플라스틱필름제조/필름/필름건조/반대방향/제어부/장치/가이드/가열/히터", "document_type": "A"}, {"updateDate": "20220608", "LLno": "C", "SSno": "22212", "Stext": "1차 플라스틱제품 제조업", "SStext": "플라스틱 필름 제조업", "Mtext": "플라스틱 제품 제조업", "Lno": "22", "ipc_main": "C08G-073/10", "Mno": "222", "country_code": "KR", "Sno": "2221", "LLtext": "제조업(10~34)", "documentId": "kr20180096800a", "application_number": "1020180096800", "Ltext": "고무 및 플라스틱제품 제조업", "keyword": "폴리이미드필름제조/플라스틱필름제조/폴리이미드필름/전구체/디아민/BPDA/조성물/중합성분/PMDA/이무수물", "document_type": "A"}, {"updateDate": "20220608", "LLno": "C", "SSno": "22212", "Stext": "1차 플라스틱제품 제조업", "SStext": "플라스틱 필름 제조업", "Mtext": "플라스틱 제품 제조업", "Lno": "22", "ipc_main": "B32B-007/02", "Mno": "222", "country_code": "KR", "Sno": "2221", "LLtext": "제조업(10~34)", "documentId": "kr20180104693b1", "application_number": "1020180104693", "Ltext": "고무 및 플라스틱제품 제조업", "keyword": "폴리이미드필름제조/폴리에스터필름제조/폴리이미드필름/다층구조/하드코팅/내스크래치성/조성물/실록산/고굴곡층/아크릴", "document_type": "B1"}, {"updateDate": "20220608", "LLno": "C", "SSno": "22212", "Stext": "1차 플라스틱제품 제조업", "SStext": "플라스틱 필름 제조업", "Mtext": "플라스틱 제품 제조업", "Lno": "22", "ipc_main": "C08L-079/08", "Mno": "222", "country_code": "KR", "Sno": "2221", "LLtext": "제조업(10~34)", "documentId": "kr20180128185b1", "application_number": "1020180128185", "Ltext": "고무 및 플라스틱제품 제조업", "keyword": "폴리이미드필름제조/플라스틱필름제조/폴리이미드/디안하이드라이드/디아민/전구체/조성물/카르복실기/단량체/실리콘", "document_type": "B1"}, {"updateDate": "20220608", "LLno": "C", "SSno": "22212", "Stext": "1차 플라스틱제품 제조업", "SStext": "플라스틱 필름 제조업", "Mtext": "플라스틱 제품 제조업", "Lno": "22", "ipc_main": "C08G-073/10", "Mno": "222", "country_code": "KR", "Sno": "2221", "LLtext": "제조업(10~34)", "documentId": "kr20180128655a", "application_number": "1020180128655", "Ltext": "고무 및 플라스틱제품 제조업", "keyword": "폴리이미드필름제조/플라스틱필름제조/필름/폴리이미드/전구체/광투과도/조성물/디아민/중합성분/산이무수물", "document_type": "A"}, {"updateDate": "20220608", "LLno": "C", "SSno": "22212", "Stext": "1차 플라스틱제품 제조업", "SStext": "플라스틱 필름 제조업", "Mtext": "플라스틱 제품 제조업", "Lno": "22", "ipc_main": "B32B-027/08", "Mno": "222", "country_code": "KR", "Sno": "2221", "LLtext": "제조업(10~34)", "documentId": "kr20180133378b1", "application_number": "1020180133378", "Ltext": "고무 및 플라스틱제품 제조업", "keyword": "폴리아미드필름제조/플라스틱필름제조/보호필름/폴리올레핀/접착성수지/다층/장치/폴리아미드/슬립성/벌크성형", "document_type": "B1"}, {"updateDate": "20220608", "LLno": "C", "SSno": "22212", "Stext": "1차 플라스틱제품 제조업", "SStext": "플라스틱 필름 제조업", "Mtext": "플라스틱 제품 제조업", "Lno": "22", "ipc_main": "C08G-073/10", "Mno": "222", "country_code": "KR", "Sno": "2221", "LLtext": "제조업(10~34)", "documentId": "kr20180139864b1", "application_number": "1020180139864", "Ltext": "고무 및 플라스틱제품 제조업", "keyword": "폴리이미드필름제조/플라스틱필름제조/필름/폴리이미드/디안하이드라이드/단량체/조성물/디아민/가교성/삼중결합", "document_type": "B1"}, {"updateDate": "20220608", "LLno": "C", "SSno": "22212", "Stext": "1차 플라스틱제품 제조업", "SStext": "플라스틱 필름 제조업", "Mtext": "플라스틱 제품 제조업", "Lno": "22", "ipc_main": "C08J-005/18", "Mno": "222", "country_code": "KR", "Sno": "2221", "LLtext": "제조업(10~34)", "documentId": "kr20180147318a", "application_number": "1020180147318", "Ltext": "고무 및 플라스틱제품 제조업", "keyword": "폴리이미드필름제조/플라스틱필름제조/필름/다가아민/가교/폴리이미드/방법/디안하이드라이드/단량체/중합용매", "document_type": "A"}, {"updateDate": "20220608", "LLno": "C", "SSno": "22212", "Stext": "1차 플라스틱제품 제조업", "SStext": "플라스틱 필름 제조업", "Mtext": "플라스틱 제품 제조업", "Lno": "22", "ipc_main": "C08J-005/18", "Mno": "222", "country_code": "KR", "Sno": "2221", "LLtext": "제조업(10~34)", "documentId": "kr20187001972a", "application_number": "1020187001972", "Ltext": "고무 및 플라스틱제품 제조업", "keyword": "폴리에스터필름제조/플라스틱필름제조/필름/열수축률/고온영역/포장용도/조성물/주수축/폴리에스테르/방향", "document_type": "A"}, {"updateDate": "20220608", "LLno": "C", "SSno": "22212", "Stext": "1차 플라스틱제품 제조업", "SStext": "플라스틱 필름 제조업", "Mtext": "플라스틱 제품 제조업", "Lno": "22", "ipc_main": "C08J-005/18", "Mno": "222", "country_code": "KR", "Sno": "2221", "LLtext": "제조업(10~34)", "documentId": "kr20187035051a", "application_number": "1020187035051", "Ltext": "고무 및 플라스틱제품 제조업", "keyword": "폴리프로필렌필름제조/플라스틱필름제조/필름/변형/2축연신/경화성/장치/파라미터/폴리프로필렌/수지성분", "document_type": "A"}, {"updateDate": "20220608", "LLno": "C", "SSno": "22212", "Stext": "1차 플라스틱제품 제조업", "SStext": "플라스틱 필름 제조업", "Mtext": "플라스틱 제품 제조업", "Lno": "22", "ipc_main": "C08J-005/18", "Mno": "222", "country_code": "KR", "Sno": "2221", "LLtext": "제조업(10~34)", "documentId": "kr20190078274a", "application_number": "1020190078274", "Ltext": "고무 및 플라스틱제품 제조업", "keyword": "폴리이미드필름제조/플라스틱필름제조/폴리이미드필름/폴리아믹산/이미드화촉매/그라파이트/장치/열처리/탄화/흑연화", "document_type": "A"}, {"updateDate": "20220608", "LLno": "C", "SSno": "22212", "Stext": "1차 플라스틱제품 제조업", "SStext": "플라스틱 필름 제조업", "Mtext": "플라스틱 제품 제조업", "Lno": "22", "ipc_main": "C08L-079/08", "Mno": "222", "country_code": "KR", "Sno": "2221", "LLtext": "제조업(10~34)", "documentId": "kr20190101527a", "application_number": "1020190101527", "Ltext": "고무 및 플라스틱제품 제조업", "keyword": "폴리이미드필름제조/플라스틱필름제조/폴리이미드필름/전구체/테트라카르복실산/디아민/조성물/폴리이미드/투과도/이무수물", "document_type": "A"}, {"updateDate": "20220608", "LLno": "C", "SSno": "22212", "Stext": "1차 플라스틱제품 제조업", "SStext": "플라스틱 필름 제조업", "Mtext": "플라스틱 제품 제조업", "Lno": "22", "ipc_main": "C08J-005/18", "Mno": "222", "country_code": "KR", "Sno": "2221", "LLtext": "제조업(10~34)", "documentId": "kr20190106286a", "application_number": "1020190106286", "Ltext": "고무 및 플라스틱제품 제조업", "keyword": "플라스틱필름제조/폴리이미드필름제조/폴리이미드필름/이무수물산/디아미노디페닐에테르/고탄성/장치/파라페닐렌디아민/이미드화/실리카입자", "document_type": "A"}, {"updateDate": "20220608", "LLno": "C", "SSno": "22212", "Stext": "1차 플라스틱제품 제조업", "SStext": "플라스틱 필름 제조업", "Mtext": "플라스틱 제품 제조업", "Lno": "22", "ipc_main": "B32B-027/28", "Mno": "222", "country_code": "KR", "Sno": "2221", "LLtext": "제조업(10~34)", "documentId": "kr20190112533a", "application_number": "1020190112533", "Ltext": "고무 및 플라스틱제품 제조업", "keyword": "플라스틱필름제조/폴리이미드필름제조/폴리이미드필름/탈수제/이미드화촉매/다층/장치/비열가소성/적층/이무수물산", "document_type": "A"}, {"updateDate": "20220608", "LLno": "C", "SSno": "22212", "Stext": "1차 플라스틱제품 제조업", "SStext": "플라스틱 필름 제조업", "Mtext": "플라스틱 제품 제조업", "Lno": "22", "ipc_main": "C08G-063/672", "Mno": "222", "country_code": "KR", "Sno": "2221", "LLtext": "제조업(10~34)", "documentId": "kr20190125770b1", "application_number": "1020190125770", "Ltext": "고무 및 플라스틱제품 제조업", "keyword": "폴리에스터필름제조/플라스틱필름제조/광학필름/고분자/단량체/폴리에스터/조성물/중합체/독립적/분지형", "document_type": "B1"}, {"updateDate": "20220608", "LLno": "C", "SSno": "22212", "Stext": "1차 플라스틱제품 제조업", "SStext": "플라스틱 필름 제조업", "Mtext": "플라스틱 제품 제조업", "Lno": "22", "ipc_main": "C08J-005/18", "Mno": "222", "country_code": "KR", "Sno": "2221", "LLtext": "제조업(10~34)", "documentId": "kr20190141524a", "application_number": "1020190141524", "Ltext": "고무 및 플라스틱제품 제조업", "keyword": "플라스틱필름제조/폴리이미드필름제조/폴리이미드필름/저유전/고내열/공중합체/장치/벤조페논테트라카복실릭디안하이드라이드/파라페닐렌디아민/이미드화", "document_type": "A"}, {"updateDate": "20220608", "LLno": "C", "SSno": "22212", "Stext": "1차 플라스틱제품 제조업", "SStext": "플라스틱 필름 제조업", "Mtext": "플라스틱 제품 제조업", "Lno": "22", "ipc_main": "B32B-027/08", "Mno": "222", "country_code": "KR", "Sno": "2221", "LLtext": "제조업(10~34)", "documentId": "kr20190167856b1", "application_number": "1020190167856", "Ltext": "고무 및 플라스틱제품 제조업", "keyword": "식품용포장필름제조/플라스틱필름제조/다층필름/식품포장용/폴리아미드/폴리에틸렌/장치/탄산칼슘/에틸렌비닐알코올/폴리올레핀", "document_type": "B1"}, {"updateDate": "20220608", "LLno": "C", "SSno": "22212", "Stext": "1차 플라스틱제품 제조업", "SStext": "플라스틱 필름 제조업", "Mtext": "플라스틱 제품 제조업", "Lno": "22", "ipc_main": "C08J-005/18", "Mno": "222", "country_code": "KR", "Sno": "2221", "LLtext": "제조업(10~34)", "documentId": "kr20190179579a", "application_number": "1020190179579", "Ltext": "고무 및 플라스틱제품 제조업", "keyword": "폴리이미드필름제조/플라스틱필름제조/필름/롤형태/펼침률/폴리이미드/장치/디아민/디안하이드라이드/디카르보닐", "document_type": "A"}, {"updateDate": "20220608", "LLno": "C", "SSno": "22212", "Stext": "1차 플라스틱제품 제조업", "SStext": "플라스틱 필름 제조업", "Mtext": "플라스틱 제품 제조업", "Lno": "22", "ipc_main": "B32B-027/20", "Mno": "222", "country_code": "KR", "Sno": "2221", "LLtext": "제조업(10~34)", "documentId": "kr20197006293a", "application_number": "1020197006293", "Ltext": "고무 및 플라스틱제품 제조업", "keyword": "플라스틱필름제조/플라스틱제적층필름제조/적층필름/지상축/폴리비닐알코올/편광도/장치/편광자층/흡수축/가소제", "document_type": "A"}, {"updateDate": "20220608", "LLno": "C", "SSno": "22212", "Stext": "1차 플라스틱제품 제조업", "SStext": "플라스틱 필름 제조업", "Mtext": "플라스틱 제품 제조업", "Lno": "22", "ipc_main": "C08J-005/18", "Mno": "222", "country_code": "KR", "Sno": "2221", "LLtext": "제조업(10~34)", "documentId": "kr20197020823a", "application_number": "1020197020823", "Ltext": "고무 및 플라스틱제품 제조업", "keyword": "플라스틱필름제조/폴리이미드필름제조/플라스틱필름/레이저각인/내화학성/공압출필름/장치/지방족/블렌드/공축합물", "document_type": "A"}, {"updateDate": "20220608", "LLno": "C", "SSno": "22212", "Stext": "1차 플라스틱제품 제조업", "SStext": "플라스틱 필름 제조업", "Mtext": "플라스틱 제품 제조업", "Lno": "22", "ipc_main": "B32B-027/08", "Mno": "222", "country_code": "KR", "Sno": "2221", "LLtext": "제조업(10~34)", "documentId": "kr20197026266a", "application_number": "1020197026266", "Ltext": "고무 및 플라스틱제품 제조업", "keyword": "폴리에틸렌필름제조/PE필름제조/증착필름/폴리에틸렌/실링층/배리어성/장치/증착층/라미네이트층/무기입자", "document_type": "A"}, {"updateDate": "20220608", "LLno": "C", "SSno": "22212", "Stext": "1차 플라스틱제품 제조업", "SStext": "플라스틱 필름 제조업", "Mtext": "플라스틱 제품 제조업", "Lno": "22", "ipc_main": "C08L-067/02", "Mno": "222", "country_code": "KR", "Sno": "2221", "LLtext": "제조업(10~34)", "documentId": "kr20200019221a", "application_number": "1020200019221", "Ltext": "고무 및 플라스틱제품 제조업", "keyword": "플라스틱필름제조/폴리에스터필름제조/PET필름/자외선차단용/칼릭스/유기고분자/장치/폴리에틸렌/테레프탈레이트/중량부", "document_type": "A"}, {"updateDate": "20220608", "LLno": "C", "SSno": "22212", "Stext": "1차 플라스틱제품 제조업", "SStext": "플라스틱 필름 제조업", "Mtext": "플라스틱 제품 제조업", "Lno": "22", "ipc_main": "B29C-063/00", "Mno": "222", "country_code": "KR", "Sno": "2221", "LLtext": "제조업(10~34)", "documentId": "kr20200025549b1", "application_number": "1020200025549", "Ltext": "고무 및 플라스틱제품 제조업", "keyword": "플라스틱필름제조/1차플라스틱제품제조/필름/접합/타발/합지필름/장치/정렬홈부/이송롤러/중첩", "document_type": "B1"}, {"updateDate": "20220608", "LLno": "C", "SSno": "22212", "Stext": "1차 플라스틱제품 제조업", "SStext": "플라스틱 필름 제조업", "Mtext": "플라스틱 제품 제조업", "Lno": "22", "ipc_main": "C08J-005/18", "Mno": "222", "country_code": "KR", "Sno": "2221", "LLtext": "제조업(10~34)", "documentId": "kr20200036154a", "application_number": "1020200036154", "Ltext": "고무 및 플라스틱제품 제조업", "keyword": "폴리이미드필름제조/플라스틱필름제조/폴리이미드필름/디아미노/디메틸바이페닐/다층/장치/피로멜리틱디안하이드라이드/파라페닐렌디아민/옥시디아닐린", "document_type": "A"}, {"updateDate": "20220608", "LLno": "C", "SSno": "22212", "Stext": "1차 플라스틱제품 제조업", "SStext": "플라스틱 필름 제조업", "Mtext": "플라스틱 제품 제조업", "Lno": "22", "ipc_main": "C08G-069/26", "Mno": "222", "country_code": "KR", "Sno": "2221", "LLtext": "제조업(10~34)", "documentId": "kr20200044873a", "application_number": "1020200044873", "Ltext": "고무 및 플라스틱제품 제조업", "keyword": "폴리아미드필름제조/플라스틱필름제조/고분자필름/X선산란/폴리아미드/알루미나계필러/조성물/개별결정/무정형/고분자", "document_type": "A"}, {"updateDate": "20220608", "LLno": "C", "SSno": "22212", "Stext": "1차 플라스틱제품 제조업", "SStext": "플라스틱 필름 제조업", "Mtext": "플라스틱 제품 제조업", "Lno": "22", "ipc_main": "C09D-133/06", "Mno": "222", "country_code": "KR", "Sno": "2221", "LLtext": "제조업(10~34)", "documentId": "kr20200048923a", "application_number": "1020200048923", "Ltext": "고무 및 플라스틱제품 제조업", "keyword": "플라스틱필름제조/1차플라스틱제품제조/플라스틱필름용/코팅/고경도/유연성/장치/아크릴레이트계바인더/관능성우레탄/스틸울", "document_type": "A"}, {"updateDate": "20220608", "LLno": "C", "SSno": "22212", "Stext": "1차 플라스틱제품 제조업", "SStext": "플라스틱 필름 제조업", "Mtext": "플라스틱 제품 제조업", "Lno": "22", "ipc_main": "B32B-027/08", "Mno": "222", "country_code": "KR", "Sno": "2221", "LLtext": "제조업(10~34)", "documentId": "kr20200050104a", "application_number": "1020200050104", "Ltext": "고무 및 플라스틱제품 제조업", "keyword": "폴리아미드필름제조/플라스틱제적층필름제조/적층필름/폴리아미드/광학/기계적물성/방법/이소프탈로일클로라이드/디아민/적층체", "document_type": "A"}, {"updateDate": "20220608", "LLno": "C", "SSno": "22212", "Stext": "1차 플라스틱제품 제조업", "SStext": "플라스틱 필름 제조업", "Mtext": "플라스틱 제품 제조업", "Lno": "22", "ipc_main": "C08G-069/32", "Mno": "222", "country_code": "KR", "Sno": "2221", "LLtext": "제조업(10~34)", "documentId": "kr20200052799a", "application_number": "1020200052799", "Ltext": "고무 및 플라스틱제품 제조업", "keyword": "폴리아미드필름제조/폴리이미드필름제조/고분자필름/개별결정/무정형/고분자사슬/조성물/폴리아미드/반복단위/X선산란", "document_type": "A"}, {"updateDate": "20220608", "LLno": "C", "SSno": "22212", "Stext": "1차 플라스틱제품 제조업", "SStext": "플라스틱 필름 제조업", "Mtext": "플라스틱 제품 제조업", "Lno": "22", "ipc_main": "B29C-048/08", "Mno": "222", "country_code": "KR", "Sno": "2221", "LLtext": "제조업(10~34)", "documentId": "kr20200088710a", "application_number": "1020200088710", "Ltext": "고무 및 플라스틱제품 제조업", "keyword": "플라스틱필름제조/1차플라스틱제품제조/플라스틱필름/용융필름/롤러재킷/냉각롤러/장치/배터리/테이퍼/차폐장치", "document_type": "A"}, {"updateDate": "20220608", "LLno": "C", "SSno": "22212", "Stext": "1차 플라스틱제품 제조업", "SStext": "플라스틱 필름 제조업", "Mtext": "플라스틱 제품 제조업", "Lno": "22", "ipc_main": "B32B-015/08", "Mno": "222", "country_code": "KR", "Sno": "2221", "LLtext": "제조업(10~34)", "documentId": "kr20200180090a", "application_number": "1020200180090", "Ltext": "고무 및 플라스틱제품 제조업", "keyword": "액정보호필름제조/플라스틱필름제조/액정폴리머필름/라미네이트/회로기판/신호전송/조성물/금속호일/유전인자/액정폴리머", "document_type": "A"}, {"updateDate": "20220608", "LLno": "C", "SSno": "22212", "Stext": "1차 플라스틱제품 제조업", "SStext": "플라스틱 필름 제조업", "Mtext": "플라스틱 제품 제조업", "Lno": "22", "ipc_main": "C08J-005/18", "Mno": "222", "country_code": "KR", "Sno": "2221", "LLtext": "제조업(10~34)", "documentId": "kr20207004378a", "application_number": "1020207004378", "Ltext": "고무 및 플라스틱제품 제조업", "keyword": "폴리프로필렌필름제조/플라스틱제적층필름제조/적층필름/콘덴서/폴리프로필렌/금속막/장치/나노인텐테이션/탄성률/열수축률", "document_type": "A"}, {"updateDate": "20220608", "LLno": "C", "SSno": "22212", "Stext": "1차 플라스틱제품 제조업", "SStext": "플라스틱 필름 제조업", "Mtext": "플라스틱 제품 제조업", "Lno": "22", "ipc_main": "C08J-005/18", "Mno": "222", "country_code": "KR", "Sno": "2221", "LLtext": "제조업(10~34)", "documentId": "kr20207013198a", "application_number": "1020207013198", "Ltext": "고무 및 플라스틱제품 제조업", "keyword": "플라스틱필름제조/플라스틱포일제조/성형전사박/올레핀계수지/라미네이트/증착/장치/널링부/볼록부/길이방향", "document_type": "A"}, {"updateDate": "20220608", "LLno": "C", "SSno": "22212", "Stext": "1차 플라스틱제품 제조업", "SStext": "플라스틱 필름 제조업", "Mtext": "플라스틱 제품 제조업", "Lno": "22", "ipc_main": "B32B-027/08", "Mno": "222", "country_code": "KR", "Sno": "2221", "LLtext": "제조업(10~34)", "documentId": "kr20207025779a", "application_number": "1020207025779", "Ltext": "고무 및 플라스틱제품 제조업", "keyword": "폴리에틸렌필름제조/플라스틱필름제조/필름/폴리에틸렌/테레프탈레이트/적층/장치/기재층/열융착성/융해", "document_type": "A"}, {"updateDate": "20220608", "LLno": "C", "SSno": "22212", "Stext": "1차 플라스틱제품 제조업", "SStext": "플라스틱 필름 제조업", "Mtext": "플라스틱 제품 제조업", "Lno": "22", "ipc_main": "C08J-005/18", "Mno": "222", "country_code": "KR", "Sno": "2221", "LLtext": "제조업(10~34)", "documentId": "kr20207033237a", "application_number": "1020207033237", "Ltext": "고무 및 플라스틱제품 제조업", "keyword": "플라스틱필름제조/폴리이미드필름제조/필름/폴리에스테르/포스포네이트/난연제/장치/중합체성/나트륨/칼륨", "document_type": "A"}, {"updateDate": "20220608", "LLno": "C", "SSno": "22212", "Stext": "1차 플라스틱제품 제조업", "SStext": "플라스틱 필름 제조업", "Mtext": "플라스틱 제품 제조업", "Lno": "22", "ipc_main": "B29C-059/04", "Mno": "222", "country_code": "KR", "Sno": "2221", "LLtext": "제조업(10~34)", "documentId": "kr20217003298a", "application_number": "1020217003298", "Ltext": "고무 및 플라스틱제품 제조업", "keyword": "플라스틱필름제조/폴리이미드필름제조/보호필름/플라스틱필름/엠보스/실리콘고무층/장치/고무롤러/고체입자/성형용", "document_type": "A"}, {"updateDate": "20220608", "LLno": "C", "SSno": "22212", "Stext": "1차 플라스틱제품 제조업", "SStext": "플라스틱 필름 제조업", "Mtext": "플라스틱 제품 제조업", "Lno": "22", "ipc_main": "C08J-005/18", "Mno": "222", "country_code": "KR", "Sno": "2221", "LLtext": "제조업(10~34)", "documentId": "kr20217025735a", "application_number": "1020217025735", "Ltext": "고무 및 플라스틱제품 제조업", "keyword": "폴리에틸렌필름제조/플라스틱필름제조/폴리에틸렌필름/시일링층/모이어티/올레핀/조성물/전단손실/용도상승/용리분획법", "document_type": "A"}]}