{"dataset": [{"updateDate": "20220608", "LLno": "C", "SSno": "10613", "Stext": "곡물 가공품 제조업", "SStext": "곡물 혼합 분말 및 반죽 제조업", "Mtext": "곡물 가공품, 전분 및 전분제품 제조업", "Lno": "10", "ipc_main": "A21D-008/04", "Mno": "106", "country_code": "KR", "Sno": "1061", "LLtext": "제조업(10~34)", "documentId": "kr20090006559a", "application_number": "1020090006559", "Ltext": "식료품 제조업", "keyword": "제빵용가루반죽제조/제빵용혼합반죽제조/빵/스피루리나분말/버터/밀가루/방법/소금/설탕/이스트", "document_type": "A"}, {"updateDate": "20220608", "LLno": "C", "SSno": "10613", "Stext": "곡물 가공품 제조업", "SStext": "곡물 혼합 분말 및 반죽 제조업", "Mtext": "곡물 가공품, 전분 및 전분제품 제조업", "Lno": "10", "ipc_main": "A21D-013/04", "Mno": "106", "country_code": "KR", "Sno": "1061", "LLtext": "제조업(10~34)", "documentId": "kr20090015207u", "application_number": "2020090015207", "Ltext": "식료품 제조업", "keyword": "제빵용가루반죽제조/제빵용혼합반죽제조/피자/찹쌀가루/맵쌀가루/쑥분말/방법/설탕/소금/포도씨유", "document_type": "U"}, {"updateDate": "20220608", "LLno": "C", "SSno": "10613", "Stext": "곡물 가공품 제조업", "SStext": "곡물 혼합 분말 및 반죽 제조업", "Mtext": "곡물 가공품, 전분 및 전분제품 제조업", "Lno": "10", "ipc_main": "A21D-002/08", "Mno": "106", "country_code": "KR", "Sno": "1061", "LLtext": "제조업(10~34)", "documentId": "kr20090031478a", "application_number": "1020090031478", "Ltext": "식료품 제조업", "keyword": "제빵용가루반죽제조/제빵용혼합반죽제조/반죽/검/유화제/부피감소억제/방법/효소제/글루텐/쌀가루", "document_type": "A"}, {"updateDate": "20220608", "LLno": "C", "SSno": "10613", "Stext": "곡물 가공품 제조업", "SStext": "곡물 혼합 분말 및 반죽 제조업", "Mtext": "곡물 가공품, 전분 및 전분제품 제조업", "Lno": "10", "ipc_main": "A21D-002/36", "Mno": "106", "country_code": "KR", "Sno": "1061", "LLtext": "제조업(10~34)", "documentId": "kr20090045718b1", "application_number": "1020090045718", "Ltext": "식료품 제조업", "keyword": "제빵용가루반죽제조/제빵용혼합반죽제조/빵/밀가루/홍국액체배양물/물/방법/마아가린/전분/전지분유", "document_type": "B1"}, {"updateDate": "20220608", "LLno": "C", "SSno": "10613", "Stext": "곡물 가공품 제조업", "SStext": "곡물 혼합 분말 및 반죽 제조업", "Mtext": "곡물 가공품, 전분 및 전분제품 제조업", "Lno": "10", "ipc_main": "A23L-001/10", "Mno": "106", "country_code": "KR", "Sno": "1061", "LLtext": "제조업(10~34)", "documentId": "kr20090046227a", "application_number": "1020090046227", "Ltext": "식료품 제조업", "keyword": "만두피제조//만두/쌀가루/소맥분/전분/방법/식염/당면/돼지고기", "document_type": "A"}, {"updateDate": "20220608", "LLno": "C", "SSno": "10613", "Stext": "곡물 가공품 제조업", "SStext": "곡물 혼합 분말 및 반죽 제조업", "Mtext": "곡물 가공품, 전분 및 전분제품 제조업", "Lno": "10", "ipc_main": "A21D-008/06", "Mno": "106", "country_code": "KR", "Sno": "1061", "LLtext": "제조업(10~34)", "documentId": "kr20090054553a", "application_number": "1020090054553", "Ltext": "식료품 제조업", "keyword": "제빵용혼합반죽제조/빵속제조/프레즐/이스트/버터/프리믹스/방법/고구마페이스트/흰강남콩/정백당", "document_type": "A"}, {"updateDate": "20220608", "LLno": "C", "SSno": "10613", "Stext": "곡물 가공품 제조업", "SStext": "곡물 혼합 분말 및 반죽 제조업", "Mtext": "곡물 가공품, 전분 및 전분제품 제조업", "Lno": "10", "ipc_main": "A21D-013/00", "Mno": "106", "country_code": "KR", "Sno": "1061", "LLtext": "제조업(10~34)", "documentId": "kr20090083800a", "application_number": "1020090083800", "Ltext": "식료품 제조업", "keyword": "제빵용가루반죽제조/제빵용혼합반죽제조/피자/강력분/미곡분/설탕/방법/새싹채소/드라이이스트/블루베리", "document_type": "A"}, {"updateDate": "20220608", "LLno": "C", "SSno": "10613", "Stext": "곡물 가공품 제조업", "SStext": "곡물 혼합 분말 및 반죽 제조업", "Mtext": "곡물 가공품, 전분 및 전분제품 제조업", "Lno": "10", "ipc_main": "A23L-001/10", "Mno": "106", "country_code": "KR", "Sno": "1061", "LLtext": "제조업(10~34)", "documentId": "kr20090108460a", "application_number": "1020090108460", "Ltext": "식료품 제조업", "keyword": "곡분제떡고물제조//증편/쌀가루/탁주/이스트/방법/물/소금/설탕", "document_type": "A"}, {"updateDate": "20220608", "LLno": "C", "SSno": "10613", "Stext": "곡물 가공품 제조업", "SStext": "곡물 혼합 분말 및 반죽 제조업", "Mtext": "곡물 가공품, 전분 및 전분제품 제조업", "Lno": "10", "ipc_main": "A21D-013/02", "Mno": "106", "country_code": "KR", "Sno": "1061", "LLtext": "제조업(10~34)", "documentId": "kr20100000343u", "application_number": "2020100000343", "Ltext": "식료품 제조업", "keyword": "제빵용가루반죽제조/제빵용혼합반죽제조/햄버거/쌀가루/맵쌀가루/보리쌀가루/방법/쑥분말/설탕/소금", "document_type": "U"}, {"updateDate": "20220608", "LLno": "C", "SSno": "10613", "Stext": "곡물 가공품 제조업", "SStext": "곡물 혼합 분말 및 반죽 제조업", "Mtext": "곡물 가공품, 전분 및 전분제품 제조업", "Lno": "10", "ipc_main": "A21D-013/00", "Mno": "106", "country_code": "KR", "Sno": "1061", "LLtext": "제조업(10~34)", "documentId": "kr20100018158b1", "application_number": "1020100018158", "Ltext": "식료품 제조업", "keyword": "제빵용혼합반죽제조/빵속제조/호두과자/우리밀/물/달걀/방법/설탕/포도당/마가린", "document_type": "B1"}, {"updateDate": "20220608", "LLno": "C", "SSno": "10613", "Stext": "곡물 가공품 제조업", "SStext": "곡물 혼합 분말 및 반죽 제조업", "Mtext": "곡물 가공품, 전분 및 전분제품 제조업", "Lno": "10", "ipc_main": "A21D-002/36", "Mno": "106", "country_code": "KR", "Sno": "1061", "LLtext": "제조업(10~34)", "documentId": "kr20100020822a", "application_number": "1020100020822", "Ltext": "식료품 제조업", "keyword": "제빵용가루반죽제조/제빵용혼합반죽제조/반죽/밀가루/한라봉조청/설탕/방법/설탕/달걀/베이킹파우더", "document_type": "A"}, {"updateDate": "20220608", "LLno": "C", "SSno": "10613", "Stext": "곡물 가공품 제조업", "SStext": "곡물 혼합 분말 및 반죽 제조업", "Mtext": "곡물 가공품, 전분 및 전분제품 제조업", "Lno": "10", "ipc_main": "A21D-013/02", "Mno": "106", "country_code": "KR", "Sno": "1061", "LLtext": "제조업(10~34)", "documentId": "kr20100032538b1", "application_number": "1020100032538", "Ltext": "식료품 제조업", "keyword": "제빵용가루반죽제조/제빵용혼합반죽제조/빵/미강분말/밀가루/설탕/방법/소금/이스트/계란", "document_type": "B1"}, {"updateDate": "20220608", "LLno": "C", "SSno": "10613", "Stext": "곡물 가공품 제조업", "SStext": "곡물 혼합 분말 및 반죽 제조업", "Mtext": "곡물 가공품, 전분 및 전분제품 제조업", "Lno": "10", "ipc_main": "A21D-013/04", "Mno": "106", "country_code": "KR", "Sno": "1061", "LLtext": "제조업(10~34)", "documentId": "kr20100041417a", "application_number": "1020100041417", "Ltext": "식료품 제조업", "keyword": "제빵용가루반죽제조/제빵용혼합반죽제조/빵/우리찹쌀가루/우리맵쌀가루/우리보리쌀가루/방법/오밀가루/생이스트/이스트푸드", "document_type": "A"}, {"updateDate": "20220608", "LLno": "C", "SSno": "10613", "Stext": "곡물 가공품 제조업", "SStext": "곡물 혼합 분말 및 반죽 제조업", "Mtext": "곡물 가공품, 전분 및 전분제품 제조업", "Lno": "10", "ipc_main": "A21D-002/36", "Mno": "106", "country_code": "KR", "Sno": "1061", "LLtext": "제조업(10~34)", "documentId": "kr20100042127a", "application_number": "1020100042127", "Ltext": "식료품 제조업", "keyword": "혼합인조곡물제조/제빵용혼합반죽제조/밀가루/허브/밀가루/유용성분/방법/설탕/호브발효액/허브분말", "document_type": "A"}, {"updateDate": "20220608", "LLno": "C", "SSno": "10613", "Stext": "곡물 가공품 제조업", "SStext": "곡물 혼합 분말 및 반죽 제조업", "Mtext": "곡물 가공품, 전분 및 전분제품 제조업", "Lno": "10", "ipc_main": "A21D-013/08", "Mno": "106", "country_code": "KR", "Sno": "1061", "LLtext": "제조업(10~34)", "documentId": "kr20100054772b1", "application_number": "1020100054772", "Ltext": "식료품 제조업", "keyword": "제빵용가루반죽제조/제빵용혼합반죽제조/케이크/바나나분말/계란/설탕/방법/소금/밀가루/베이킹파우더", "document_type": "B1"}, {"updateDate": "20220608", "LLno": "C", "SSno": "10613", "Stext": "곡물 가공품 제조업", "SStext": "곡물 혼합 분말 및 반죽 제조업", "Mtext": "곡물 가공품, 전분 및 전분제품 제조업", "Lno": "10", "ipc_main": "A21D-002/36", "Mno": "106", "country_code": "KR", "Sno": "1061", "LLtext": "제조업(10~34)", "documentId": "kr20100056406b1", "application_number": "1020100056406", "Ltext": "식료품 제조업", "keyword": "제빵용가루반죽제조/제빵용혼합반죽제조/프리믹스/백미/흑미/옥수수/방법/볶은율무가루/달걀/우유", "document_type": "B1"}, {"updateDate": "20220608", "LLno": "C", "SSno": "10613", "Stext": "곡물 가공품 제조업", "SStext": "곡물 혼합 분말 및 반죽 제조업", "Mtext": "곡물 가공품, 전분 및 전분제품 제조업", "Lno": "10", "ipc_main": "A21D-013/00", "Mno": "106", "country_code": "KR", "Sno": "1061", "LLtext": "제조업(10~34)", "documentId": "kr20100084863b1", "application_number": "1020100084863", "Ltext": "식료품 제조업", "keyword": "제빵용가루반죽제조/제빵용혼합반죽제조/피자도우/밀가루/효모/유산균/방법/소금/설탕/대두유", "document_type": "B1"}, {"updateDate": "20220608", "LLno": "C", "SSno": "10613", "Stext": "곡물 가공품 제조업", "SStext": "곡물 혼합 분말 및 반죽 제조업", "Mtext": "곡물 가공품, 전분 및 전분제품 제조업", "Lno": "10", "ipc_main": "A21D-002/36", "Mno": "106", "country_code": "KR", "Sno": "1061", "LLtext": "제조업(10~34)", "documentId": "kr20100130175b1", "application_number": "1020100130175", "Ltext": "식료품 제조업", "keyword": "곡분제떡고물제조/제빵용가루반죽제조/반죽/갓분말/탈지분유/생크림/조성물/베이킹파우더/설탕/연유", "document_type": "B1"}, {"updateDate": "20220608", "LLno": "C", "SSno": "10613", "Stext": "곡물 가공품 제조업", "SStext": "곡물 혼합 분말 및 반죽 제조업", "Mtext": "곡물 가공품, 전분 및 전분제품 제조업", "Lno": "10", "ipc_main": "A21D-008/04", "Mno": "106", "country_code": "KR", "Sno": "1061", "LLtext": "제조업(10~34)", "documentId": "kr20100136858a", "application_number": "1020100136858", "Ltext": "식료품 제조업", "keyword": "제빵용가루반죽제조/제빵용혼합반죽제조/밀가루/밀가루/트랜스글루타미나아제/유통기간증가/방법/중력분/박력분/냉동생지", "document_type": "A"}, {"updateDate": "20220608", "LLno": "C", "SSno": "10613", "Stext": "곡물 가공품 제조업", "SStext": "곡물 혼합 분말 및 반죽 제조업", "Mtext": "곡물 가공품, 전분 및 전분제품 제조업", "Lno": "10", "ipc_main": "A23L-001/16", "Mno": "106", "country_code": "KR", "Sno": "1061", "LLtext": "제조업(10~34)", "documentId": "kr20110051838a", "application_number": "1020110051838", "Ltext": "식료품 제조업", "keyword": "곡분제면류분말반죽제품제조/면류제조용혼합분말반죽제조/면/쌀가루/젖산균/알카리염/방법/소금/강력분/전분", "document_type": "A"}, {"updateDate": "20220608", "LLno": "C", "SSno": "10613", "Stext": "곡물 가공품 제조업", "SStext": "곡물 혼합 분말 및 반죽 제조업", "Mtext": "곡물 가공품, 전분 및 전분제품 제조업", "Lno": "10", "ipc_main": "A21D-008/06", "Mno": "106", "country_code": "KR", "Sno": "1061", "LLtext": "제조업(10~34)", "documentId": "kr20110093698b1", "application_number": "1020110093698", "Ltext": "식료품 제조업", "keyword": "제빵용가루반죽제조/제빵용혼합반죽제조/빵/강력분/설탕/소금/방법/버터/이스트/팽창제", "document_type": "B1"}, {"updateDate": "20220608", "LLno": "C", "SSno": "10613", "Stext": "곡물 가공품 제조업", "SStext": "곡물 혼합 분말 및 반죽 제조업", "Mtext": "곡물 가공품, 전분 및 전분제품 제조업", "Lno": "10", "ipc_main": "A23L-001/39", "Mno": "106", "country_code": "KR", "Sno": "1061", "LLtext": "제조업(10~34)", "documentId": "kr20110113620a", "application_number": "1020110113620", "Ltext": "식료품 제조업", "keyword": "곡분제면류분말반죽제품제조/면류제조용혼합분말반죽제조/반죽/밀가루/콩가루/해초가루/조성물/다시마/물/황기", "document_type": "A"}, {"updateDate": "20220608", "LLno": "C", "SSno": "10613", "Stext": "곡물 가공품 제조업", "SStext": "곡물 혼합 분말 및 반죽 제조업", "Mtext": "곡물 가공품, 전분 및 전분제품 제조업", "Lno": "10", "ipc_main": "A21D-002/36", "Mno": "106", "country_code": "KR", "Sno": "1061", "LLtext": "제조업(10~34)", "documentId": "kr20110119014b1", "application_number": "1020110119014", "Ltext": "식료품 제조업", "keyword": "곡분제면류분말반죽제품제조/면류제조용혼합분말반죽제조/반죽/꽃잎/꽃대/발아보리가루/조성물/꽃잎추출물/꽃대추출물/민들레꽃잎", "document_type": "B1"}, {"updateDate": "20220608", "LLno": "C", "SSno": "10613", "Stext": "곡물 가공품 제조업", "SStext": "곡물 혼합 분말 및 반죽 제조업", "Mtext": "곡물 가공품, 전분 및 전분제품 제조업", "Lno": "10", "ipc_main": "A21D-008/06", "Mno": "106", "country_code": "KR", "Sno": "1061", "LLtext": "제조업(10~34)", "documentId": "kr20120070966a", "application_number": "1020120070966", "Ltext": "식료품 제조업", "keyword": "제빵용가루반죽제조/제빵용혼합반죽제조/빵/밀가루/쌀가루/백설탕/방법/분유/활성글루텐/소금", "document_type": "A"}, {"updateDate": "20220608", "LLno": "C", "SSno": "10613", "Stext": "곡물 가공품 제조업", "SStext": "곡물 혼합 분말 및 반죽 제조업", "Mtext": "곡물 가공품, 전분 및 전분제품 제조업", "Lno": "10", "ipc_main": "A21D-010/00", "Mno": "106", "country_code": "KR", "Sno": "1061", "LLtext": "제조업(10~34)", "documentId": "kr20120108710a", "application_number": "1020120108710", "Ltext": "식료품 제조업", "keyword": "제빵용가루반죽제조/제빵용혼합반죽제조/피자도우/밀가루/혼합곡분/정제염/방법/유청분말/인스턴트이스트/쇼트닝", "document_type": "A"}, {"updateDate": "20220608", "LLno": "C", "SSno": "10613", "Stext": "곡물 가공품 제조업", "SStext": "곡물 혼합 분말 및 반죽 제조업", "Mtext": "곡물 가공품, 전분 및 전분제품 제조업", "Lno": "10", "ipc_main": "A21D-008/06", "Mno": "106", "country_code": "KR", "Sno": "1061", "LLtext": "제조업(10~34)", "documentId": "kr20120111800b1", "application_number": "1020120111800", "Ltext": "식료품 제조업", "keyword": "제빵용가루반죽제조/제빵용혼합반죽제조/빵/귀리분말/효소분말/통귀리분말/방법/올리고당/죽염/건조효모", "document_type": "B1"}, {"updateDate": "20220608", "LLno": "C", "SSno": "10613", "Stext": "곡물 가공품 제조업", "SStext": "곡물 혼합 분말 및 반죽 제조업", "Mtext": "곡물 가공품, 전분 및 전분제품 제조업", "Lno": "10", "ipc_main": "A21D-013/04", "Mno": "106", "country_code": "KR", "Sno": "1061", "LLtext": "제조업(10~34)", "documentId": "kr20120119060a", "application_number": "1020120119060", "Ltext": "식료품 제조업", "keyword": "제빵용가루반죽제조/제빵용혼합반죽제조/빵/쌀/쌀가루/밀가루/방법/소금/물/이스트", "document_type": "A"}, {"updateDate": "20220608", "LLno": "C", "SSno": "10613", "Stext": "곡물 가공품 제조업", "SStext": "곡물 혼합 분말 및 반죽 제조업", "Mtext": "곡물 가공품, 전분 및 전분제품 제조업", "Lno": "10", "ipc_main": "A21D-008/02", "Mno": "106", "country_code": "KR", "Sno": "1061", "LLtext": "제조업(10~34)", "documentId": "kr20130005174b1", "application_number": "1020130005174", "Ltext": "식료품 제조업", "keyword": "제빵용가루반죽제조/제빵용혼합반죽제조/빵/밀가루/쌀가루/글루텐/방법/막걸리/멜로소이/중점다당류", "document_type": "B1"}, {"updateDate": "20220608", "LLno": "C", "SSno": "10613", "Stext": "곡물 가공품 제조업", "SStext": "곡물 혼합 분말 및 반죽 제조업", "Mtext": "곡물 가공품, 전분 및 전분제품 제조업", "Lno": "10", "ipc_main": "A21D-008/06", "Mno": "106", "country_code": "KR", "Sno": "1061", "LLtext": "제조업(10~34)", "documentId": "kr20130007881b1", "application_number": "1020130007881", "Ltext": "식료품 제조업", "keyword": "제빵용가루반죽제조/제빵용혼합반죽제조/빵/중력분/베이킹파우더/버터/방법/청고추가루/뽕잎분말/계란", "document_type": "B1"}, {"updateDate": "20220608", "LLno": "C", "SSno": "10613", "Stext": "곡물 가공품 제조업", "SStext": "곡물 혼합 분말 및 반죽 제조업", "Mtext": "곡물 가공품, 전분 및 전분제품 제조업", "Lno": "10", "ipc_main": "A21D-008/04", "Mno": "106", "country_code": "KR", "Sno": "1061", "LLtext": "제조업(10~34)", "documentId": "kr20130051832a", "application_number": "1020130051832", "Ltext": "식료품 제조업", "keyword": "제빵용가루반죽제조/제빵용혼합반죽제조/생지/밀가루/트랜스글루타미나아제/시러핑현상억제/방법/생지//", "document_type": "A"}, {"updateDate": "20220608", "LLno": "C", "SSno": "10613", "Stext": "곡물 가공품 제조업", "SStext": "곡물 혼합 분말 및 반죽 제조업", "Mtext": "곡물 가공품, 전분 및 전분제품 제조업", "Lno": "10", "ipc_main": "A21D-008/02", "Mno": "106", "country_code": "KR", "Sno": "1061", "LLtext": "제조업(10~34)", "documentId": "kr20130052250b1", "application_number": "1020130052250", "Ltext": "식료품 제조업", "keyword": "제빵용가루반죽제조/빵속제조/빵/찹쌀/밀가루/정제수/방법/공주알밤/마가린/설탕", "document_type": "B1"}, {"updateDate": "20220608", "LLno": "C", "SSno": "10613", "Stext": "곡물 가공품 제조업", "SStext": "곡물 혼합 분말 및 반죽 제조업", "Mtext": "곡물 가공품, 전분 및 전분제품 제조업", "Lno": "10", "ipc_main": "A21D-013/04", "Mno": "106", "country_code": "KR", "Sno": "1061", "LLtext": "제조업(10~34)", "documentId": "kr20130061871b1", "application_number": "1020130061871", "Ltext": "식료품 제조업", "keyword": "제빵용가루반죽제조/제빵용혼합반죽제조/빵/밀가루/흑맥분말/반죽팽창제/방법/설탕/소금/베타글루카나제", "document_type": "B1"}, {"updateDate": "20220608", "LLno": "C", "SSno": "10613", "Stext": "곡물 가공품 제조업", "SStext": "곡물 혼합 분말 및 반죽 제조업", "Mtext": "곡물 가공품, 전분 및 전분제품 제조업", "Lno": "10", "ipc_main": "A21D-008/06", "Mno": "106", "country_code": "KR", "Sno": "1061", "LLtext": "제조업(10~34)", "documentId": "kr20130072243b1", "application_number": "1020130072243", "Ltext": "식료품 제조업", "keyword": "제빵용가루반죽제조/제빵용혼합반죽제조/와플/쌀가루/소맥분/강낭콩/방법/옥수수전분/땅콩분태/해바라기씨", "document_type": "B1"}, {"updateDate": "20220608", "LLno": "C", "SSno": "10613", "Stext": "곡물 가공품 제조업", "SStext": "곡물 혼합 분말 및 반죽 제조업", "Mtext": "곡물 가공품, 전분 및 전분제품 제조업", "Lno": "10", "ipc_main": "A21D-008/06", "Mno": "106", "country_code": "KR", "Sno": "1061", "LLtext": "제조업(10~34)", "documentId": "kr20130072251b1", "application_number": "1020130072251", "Ltext": "식료품 제조업", "keyword": "제빵용가루반죽제조/제빵용혼합반죽제조/빵/소맥분/정백당/대두유/방법/정제소금/마아가린/포도당", "document_type": "B1"}, {"updateDate": "20220608", "LLno": "C", "SSno": "10613", "Stext": "곡물 가공품 제조업", "SStext": "곡물 혼합 분말 및 반죽 제조업", "Mtext": "곡물 가공품, 전분 및 전분제품 제조업", "Lno": "10", "ipc_main": "A21D-013/04", "Mno": "106", "country_code": "KR", "Sno": "1061", "LLtext": "제조업(10~34)", "documentId": "kr20130094556a", "application_number": "1020130094556", "Ltext": "식료품 제조업", "keyword": "제빵용가루반죽제조/제빵용혼합반죽제조/머핀/쌀가루/버터/설탕/방법/소금/계란/베이킹파우더", "document_type": "A"}, {"updateDate": "20220608", "LLno": "C", "SSno": "10613", "Stext": "곡물 가공품 제조업", "SStext": "곡물 혼합 분말 및 반죽 제조업", "Mtext": "곡물 가공품, 전분 및 전분제품 제조업", "Lno": "10", "ipc_main": "A21D-013/04", "Mno": "106", "country_code": "KR", "Sno": "1061", "LLtext": "제조업(10~34)", "documentId": "kr20130095153a", "application_number": "1020130095153", "Ltext": "식료품 제조업", "keyword": "곡분제떡고물제조/제빵용가루반죽제조/떡/대추가루/탈지분유/베이킹파우더/방법/마가린/설탕/계란", "document_type": "A"}, {"updateDate": "20220608", "LLno": "C", "SSno": "10613", "Stext": "곡물 가공품 제조업", "SStext": "곡물 혼합 분말 및 반죽 제조업", "Mtext": "곡물 가공품, 전분 및 전분제품 제조업", "Lno": "10", "ipc_main": "A21D-008/00", "Mno": "106", "country_code": "KR", "Sno": "1061", "LLtext": "제조업(10~34)", "documentId": "kr20130136323a", "application_number": "1020130136323", "Ltext": "식료품 제조업", "keyword": "제빵용가루반죽제조/제빵용혼합반죽제조/빵/꽃빵/치자황색소/당근추출물/방법/소맥분/물/백년초", "document_type": "A"}, {"updateDate": "20220608", "LLno": "C", "SSno": "10613", "Stext": "곡물 가공품 제조업", "SStext": "곡물 혼합 분말 및 반죽 제조업", "Mtext": "곡물 가공품, 전분 및 전분제품 제조업", "Lno": "10", "ipc_main": "A21D-010/00", "Mno": "106", "country_code": "KR", "Sno": "1061", "LLtext": "제조업(10~34)", "documentId": "kr20130148628b1", "application_number": "1020130148628", "Ltext": "식료품 제조업", "keyword": "제빵용혼합반죽제조/제빵용가루반죽제조/반죽물/유자유래펙틴/팽창보조제/칼로리감소/방법/유자박/정제수/펙틴젤", "document_type": "B1"}, {"updateDate": "20220608", "LLno": "C", "SSno": "10613", "Stext": "곡물 가공품 제조업", "SStext": "곡물 혼합 분말 및 반죽 제조업", "Mtext": "곡물 가공품, 전분 및 전분제품 제조업", "Lno": "10", "ipc_main": "A21D-013/00", "Mno": "106", "country_code": "KR", "Sno": "1061", "LLtext": "제조업(10~34)", "documentId": "kr20140044920b1", "application_number": "1020140044920", "Ltext": "식료품 제조업", "keyword": "제빵용가루반죽제조/제빵용혼합반죽제조/빵/멸치분말/땅콩분말/소맥분/방법/버터/전지분유/설탕", "document_type": "B1"}, {"updateDate": "20220608", "LLno": "C", "SSno": "10613", "Stext": "곡물 가공품 제조업", "SStext": "곡물 혼합 분말 및 반죽 제조업", "Mtext": "곡물 가공품, 전분 및 전분제품 제조업", "Lno": "10", "ipc_main": "A21D-013/08", "Mno": "106", "country_code": "KR", "Sno": "1061", "LLtext": "제조업(10~34)", "documentId": "kr20140051112a", "application_number": "1020140051112", "Ltext": "식료품 제조업", "keyword": "제빵용가루반죽제조/제빵용혼합반죽제조/케익/과일즙/과일건조가루/배/방법/파인애플/석류/복숭아", "document_type": "A"}, {"updateDate": "20220608", "LLno": "C", "SSno": "10613", "Stext": "곡물 가공품 제조업", "SStext": "곡물 혼합 분말 및 반죽 제조업", "Mtext": "곡물 가공품, 전분 및 전분제품 제조업", "Lno": "10", "ipc_main": "A23L-001/10", "Mno": "106", "country_code": "KR", "Sno": "1061", "LLtext": "제조업(10~34)", "documentId": "kr20140091081b1", "application_number": "1020140091081", "Ltext": "식료품 제조업", "keyword": "곡분제떡고물제조//반죽/정백당/트레할로스/카놀라유/방법/유화제/찰옥수수전분/찹쌀가루", "document_type": "B1"}, {"updateDate": "20220608", "LLno": "C", "SSno": "10613", "Stext": "곡물 가공품 제조업", "SStext": "곡물 혼합 분말 및 반죽 제조업", "Mtext": "곡물 가공품, 전분 및 전분제품 제조업", "Lno": "10", "ipc_main": "A21D-013/00", "Mno": "106", "country_code": "KR", "Sno": "1061", "LLtext": "제조업(10~34)", "documentId": "kr20140102149a", "application_number": "1020140102149", "Ltext": "식료품 제조업", "keyword": "제빵용가루반죽제조/제빵용혼합반죽제조/머핀/발효강황분말/밀가루/베이킹파우더/방법/소금/설탕/계란", "document_type": "A"}, {"updateDate": "20220608", "LLno": "C", "SSno": "10613", "Stext": "곡물 가공품 제조업", "SStext": "곡물 혼합 분말 및 반죽 제조업", "Mtext": "곡물 가공품, 전분 및 전분제품 제조업", "Lno": "10", "ipc_main": "A21D-008/04", "Mno": "106", "country_code": "KR", "Sno": "1061", "LLtext": "제조업(10~34)", "documentId": "kr20140134124b1", "application_number": "1020140134124", "Ltext": "식료품 제조업", "keyword": "제빵용혼합반죽제조//스콘/박력분/버터/우유/방법/이스트/건포도/호두", "document_type": "B1"}, {"updateDate": "20220608", "LLno": "C", "SSno": "10613", "Stext": "곡물 가공품 제조업", "SStext": "곡물 혼합 분말 및 반죽 제조업", "Mtext": "곡물 가공품, 전분 및 전분제품 제조업", "Lno": "10", "ipc_main": "A21D-008/04", "Mno": "106", "country_code": "KR", "Sno": "1061", "LLtext": "제조업(10~34)", "documentId": "kr20140139008b1", "application_number": "1020140139008", "Ltext": "식료품 제조업", "keyword": "제빵용가루반죽제조/제빵용혼합반죽제조/반죽/알파아밀라아제/말토테트라오스생성효소/부피향상/조성물/곤약/소디움스테로일락틸레이트/밀가루반죽", "document_type": "B1"}, {"updateDate": "20220608", "LLno": "C", "SSno": "10613", "Stext": "곡물 가공품 제조업", "SStext": "곡물 혼합 분말 및 반죽 제조업", "Mtext": "곡물 가공품, 전분 및 전분제품 제조업", "Lno": "10", "ipc_main": "A21D-010/00", "Mno": "106", "country_code": "KR", "Sno": "1061", "LLtext": "제조업(10~34)", "documentId": "kr20140188587a", "application_number": "1020140188587", "Ltext": "식료품 제조업", "keyword": "제빵용가루반죽제조/제빵용혼합반죽제조/프리믹스/가교결합전분/글루텐/볼륨감/조성물/유지가공전분/미가교결합전분/전분혼합물", "document_type": "A"}, {"updateDate": "20220608", "LLno": "C", "SSno": "10613", "Stext": "곡물 가공품 제조업", "SStext": "곡물 혼합 분말 및 반죽 제조업", "Mtext": "곡물 가공품, 전분 및 전분제품 제조업", "Lno": "10", "ipc_main": "A21D-013/00", "Mno": "106", "country_code": "KR", "Sno": "1061", "LLtext": "제조업(10~34)", "documentId": "kr20140193183a", "application_number": "1020140193183", "Ltext": "식료품 제조업", "keyword": "제빵용가루반죽제조/제빵용혼합반죽제조/피자/토마토/버섯/마늘/방법/곡물가루/뽕잎가루/현미가루", "document_type": "A"}, {"updateDate": "20220608", "LLno": "C", "SSno": "10613", "Stext": "곡물 가공품 제조업", "SStext": "곡물 혼합 분말 및 반죽 제조업", "Mtext": "곡물 가공품, 전분 및 전분제품 제조업", "Lno": "10", "ipc_main": "A21D-002/36", "Mno": "106", "country_code": "KR", "Sno": "1061", "LLtext": "제조업(10~34)", "documentId": "kr20150014475a", "application_number": "1020150014475", "Ltext": "식료품 제조업", "keyword": "곡분제면류분말반죽제품제조/면류제조용혼합분말반죽제조/식품/닥나무추출액/닥나무효소액/탄력성/방법/쌀가루/밀가루/", "document_type": "A"}, {"updateDate": "20220608", "LLno": "C", "SSno": "10613", "Stext": "곡물 가공품 제조업", "SStext": "곡물 혼합 분말 및 반죽 제조업", "Mtext": "곡물 가공품, 전분 및 전분제품 제조업", "Lno": "10", "ipc_main": "A23L-007/109", "Mno": "106", "country_code": "KR", "Sno": "1061", "LLtext": "제조업(10~34)", "documentId": "kr20150018019a", "application_number": "1020150018019", "Ltext": "식료품 제조업", "keyword": "곡분제면류분말반죽제품제조/면류제조용혼합분말반죽제조/면/콩가루/물/소금/방법/콩면//", "document_type": "A"}, {"updateDate": "20220608", "LLno": "C", "SSno": "10613", "Stext": "곡물 가공품 제조업", "SStext": "곡물 혼합 분말 및 반죽 제조업", "Mtext": "곡물 가공품, 전분 및 전분제품 제조업", "Lno": "10", "ipc_main": "A21D-013/00", "Mno": "106", "country_code": "KR", "Sno": "1061", "LLtext": "제조업(10~34)", "documentId": "kr20150080578a", "application_number": "1020150080578", "Ltext": "식료품 제조업", "keyword": "제빵용가루반죽제조/제빵용혼합반죽제조/크로켓/강력분/중력분/설탕/방법/다진양파/다진피클/옥수수알갱이", "document_type": "A"}, {"updateDate": "20220608", "LLno": "C", "SSno": "10613", "Stext": "곡물 가공품 제조업", "SStext": "곡물 혼합 분말 및 반죽 제조업", "Mtext": "곡물 가공품, 전분 및 전분제품 제조업", "Lno": "10", "ipc_main": "A21D-013/00", "Mno": "106", "country_code": "KR", "Sno": "1061", "LLtext": "제조업(10~34)", "documentId": "kr20150097829b1", "application_number": "1020150097829", "Ltext": "식료품 제조업", "keyword": "제빵용가루반죽제조/제빵용혼합반죽제조/빵/미역분말/백란/클로렐라분말/방법/막걸리/베이킹파우더/팥앙금", "document_type": "B1"}, {"updateDate": "20220608", "LLno": "C", "SSno": "10613", "Stext": "곡물 가공품 제조업", "SStext": "곡물 혼합 분말 및 반죽 제조업", "Mtext": "곡물 가공품, 전분 및 전분제품 제조업", "Lno": "10", "ipc_main": "A21D-008/02", "Mno": "106", "country_code": "KR", "Sno": "1061", "LLtext": "제조업(10~34)", "documentId": "kr20150104803a", "application_number": "1020150104803", "Ltext": "식료품 제조업", "keyword": "제빵용가루반죽제조/제빵용혼합반죽제조/도우/밀가루/설탕/소금/방법/이스트/폴리쉬종/탕종", "document_type": "A"}, {"updateDate": "20220608", "LLno": "C", "SSno": "10613", "Stext": "곡물 가공품 제조업", "SStext": "곡물 혼합 분말 및 반죽 제조업", "Mtext": "곡물 가공품, 전분 및 전분제품 제조업", "Lno": "10", "ipc_main": "A21D-002/36", "Mno": "106", "country_code": "KR", "Sno": "1061", "LLtext": "제조업(10~34)", "documentId": "kr20150108543a", "application_number": "1020150108543", "Ltext": "식료품 제조업", "keyword": "제빵용가루반죽제조/제빵용혼합반죽제조/빵/머루발효액/강력분/이스트/방법/소금/식물성크림/설탕", "document_type": "A"}, {"updateDate": "20220608", "LLno": "C", "SSno": "10613", "Stext": "곡물 가공품 제조업", "SStext": "곡물 혼합 분말 및 반죽 제조업", "Mtext": "곡물 가공품, 전분 및 전분제품 제조업", "Lno": "10", "ipc_main": "A23D-009/02", "Mno": "106", "country_code": "KR", "Sno": "1061", "LLtext": "제조업(10~34)", "documentId": "kr20150114093b1", "application_number": "1020150114093", "Ltext": "식료품 제조업", "keyword": "면류제조용혼합분말반죽제조/곡분제면류분말반죽제품제조/분말유지/아밀로즈/가공적성/열물성/방법/경화유지/식물유지/혼합유지", "document_type": "B1"}, {"updateDate": "20220608", "LLno": "C", "SSno": "10613", "Stext": "곡물 가공품 제조업", "SStext": "곡물 혼합 분말 및 반죽 제조업", "Mtext": "곡물 가공품, 전분 및 전분제품 제조업", "Lno": "10", "ipc_main": "A21D-008/06", "Mno": "106", "country_code": "KR", "Sno": "1061", "LLtext": "제조업(10~34)", "documentId": "kr20150117685a", "application_number": "1020150117685", "Ltext": "식료품 제조업", "keyword": "제빵용혼합반죽제조/빵속제조/빵/밀가루/건조효모/물/방법/올리고당/죽염/버터", "document_type": "A"}, {"updateDate": "20220608", "LLno": "C", "SSno": "10613", "Stext": "곡물 가공품 제조업", "SStext": "곡물 혼합 분말 및 반죽 제조업", "Mtext": "곡물 가공품, 전분 및 전분제품 제조업", "Lno": "10", "ipc_main": "A21D-013/04", "Mno": "106", "country_code": "KR", "Sno": "1061", "LLtext": "제조업(10~34)", "documentId": "kr20150119270a", "application_number": "1020150119270", "Ltext": "식료품 제조업", "keyword": "제빵용가루반죽제조/제빵용혼합반죽제조/빵/쌀/미강/보리/방법/콩/옥수수/우유", "document_type": "A"}, {"updateDate": "20220608", "LLno": "C", "SSno": "10613", "Stext": "곡물 가공품 제조업", "SStext": "곡물 혼합 분말 및 반죽 제조업", "Mtext": "곡물 가공품, 전분 및 전분제품 제조업", "Lno": "10", "ipc_main": "A21D-013/00", "Mno": "106", "country_code": "KR", "Sno": "1061", "LLtext": "제조업(10~34)", "documentId": "kr20150132445b1", "application_number": "1020150132445", "Ltext": "식료품 제조업", "keyword": "제빵용가루반죽제조/제빵용혼합반죽제조/빵/와송분말/밀가루/황란/방법/전란/설탕/버터", "document_type": "B1"}, {"updateDate": "20220608", "LLno": "C", "SSno": "10613", "Stext": "곡물 가공품 제조업", "SStext": "곡물 혼합 분말 및 반죽 제조업", "Mtext": "곡물 가공품, 전분 및 전분제품 제조업", "Lno": "10", "ipc_main": "A21D-013/00", "Mno": "106", "country_code": "KR", "Sno": "1061", "LLtext": "제조업(10~34)", "documentId": "kr20150132572a", "application_number": "1020150132572", "Ltext": "식료품 제조업", "keyword": "제빵용가루반죽제조/제빵용혼합반죽제조/피자도우/밀가루/잡곡/대두유/방법/정제염/유청분말/정백당", "document_type": "A"}, {"updateDate": "20220608", "LLno": "C", "SSno": "10613", "Stext": "곡물 가공품 제조업", "SStext": "곡물 혼합 분말 및 반죽 제조업", "Mtext": "곡물 가공품, 전분 및 전분제품 제조업", "Lno": "10", "ipc_main": "A21D-013/00", "Mno": "106", "country_code": "KR", "Sno": "1061", "LLtext": "제조업(10~34)", "documentId": "kr20150151858a", "application_number": "1020150151858", "Ltext": "식료품 제조업", "keyword": "제빵용혼합반죽제조/빵속제조/빵/무추출물/천연발효종/건조미역/방법/매실청/과일즙/팥앙금", "document_type": "A"}, {"updateDate": "20220608", "LLno": "C", "SSno": "10613", "Stext": "곡물 가공품 제조업", "SStext": "곡물 혼합 분말 및 반죽 제조업", "Mtext": "곡물 가공품, 전분 및 전분제품 제조업", "Lno": "10", "ipc_main": "A21D-013/08", "Mno": "106", "country_code": "KR", "Sno": "1061", "LLtext": "제조업(10~34)", "documentId": "kr20150176544a", "application_number": "1020150176544", "Ltext": "식료품 제조업", "keyword": "혼합인조곡물제조//밀가루/상황버섯/수세/건조/방법/상황버섯분말/분쇄/혼합", "document_type": "A"}, {"updateDate": "20220608", "LLno": "C", "SSno": "10613", "Stext": "곡물 가공품 제조업", "SStext": "곡물 혼합 분말 및 반죽 제조업", "Mtext": "곡물 가공품, 전분 및 전분제품 제조업", "Lno": "10", "ipc_main": "A21D-013/00", "Mno": "106", "country_code": "KR", "Sno": "1061", "LLtext": "제조업(10~34)", "documentId": "kr20150179693b1", "application_number": "1020150179693", "Ltext": "식료품 제조업", "keyword": "제빵용가루반죽제조/제빵용혼합반죽제조/크로켓/밀가루/한천분말/버터/방법/인삼/후추가루/빵가루", "document_type": "B1"}, {"updateDate": "20220608", "LLno": "C", "SSno": "10613", "Stext": "곡물 가공품 제조업", "SStext": "곡물 혼합 분말 및 반죽 제조업", "Mtext": "곡물 가공품, 전분 및 전분제품 제조업", "Lno": "10", "ipc_main": "A21D-010/04", "Mno": "106", "country_code": "KR", "Sno": "1061", "LLtext": "제조업(10~34)", "documentId": "kr20150183928a", "application_number": "1020150183928", "Ltext": "식료품 제조업", "keyword": "제빵용가루반죽제조/제빵용혼합반죽제조/반죽/과당/포도당/거품형케이크반죽/조성물/설탕/복합당류/알룰로스", "document_type": "A"}, {"updateDate": "20220608", "LLno": "C", "SSno": "10613", "Stext": "곡물 가공품 제조업", "SStext": "곡물 혼합 분말 및 반죽 제조업", "Mtext": "곡물 가공품, 전분 및 전분제품 제조업", "Lno": "10", "ipc_main": "A21D-013/04", "Mno": "106", "country_code": "KR", "Sno": "1061", "LLtext": "제조업(10~34)", "documentId": "kr20150189399a", "application_number": "1020150189399", "Ltext": "식료품 제조업", "keyword": "제빵용가루반죽제조/제빵용혼합반죽제조/빵/물/밀가루/쌀가루/방법/무즙/설탕/소금", "document_type": "A"}, {"updateDate": "20220608", "LLno": "C", "SSno": "10613", "Stext": "곡물 가공품 제조업", "SStext": "곡물 혼합 분말 및 반죽 제조업", "Mtext": "곡물 가공품, 전분 및 전분제품 제조업", "Lno": "10", "ipc_main": "A21D-002/34", "Mno": "106", "country_code": "KR", "Sno": "1061", "LLtext": "제조업(10~34)", "documentId": "kr20160005147b1", "application_number": "1020160005147", "Ltext": "식료품 제조업", "keyword": "제빵용혼합반죽제조/제빵용가루반죽제조/베이크번/돼지고기/옥수수크림/토핑크림/방법/간장/설탕/물엿", "document_type": "B1"}, {"updateDate": "20220608", "LLno": "C", "SSno": "10613", "Stext": "곡물 가공품 제조업", "SStext": "곡물 혼합 분말 및 반죽 제조업", "Mtext": "곡물 가공품, 전분 및 전분제품 제조업", "Lno": "10", "ipc_main": "A23L-007/10", "Mno": "106", "country_code": "KR", "Sno": "1061", "LLtext": "제조업(10~34)", "documentId": "kr20160021139a", "application_number": "1020160021139", "Ltext": "식료품 제조업", "keyword": "곡분제떡고물제조//떡/열처리/분쇄/증자/방법/미강분말/홍삼/가공", "document_type": "A"}, {"updateDate": "20220608", "LLno": "C", "SSno": "10613", "Stext": "곡물 가공품 제조업", "SStext": "곡물 혼합 분말 및 반죽 제조업", "Mtext": "곡물 가공품, 전분 및 전분제품 제조업", "Lno": "10", "ipc_main": "A21D-013/00", "Mno": "106", "country_code": "KR", "Sno": "1061", "LLtext": "제조업(10~34)", "documentId": "kr20160024173b1", "application_number": "1020160024173", "Ltext": "식료품 제조업", "keyword": "빵속제조/제빵용혼합반죽제조/빵/밀가루/보존제제/유화제/방법/베이킹파우더/안정제/대두", "document_type": "B1"}, {"updateDate": "20220608", "LLno": "C", "SSno": "10613", "Stext": "곡물 가공품 제조업", "SStext": "곡물 혼합 분말 및 반죽 제조업", "Mtext": "곡물 가공품, 전분 및 전분제품 제조업", "Lno": "10", "ipc_main": "A21D-013/00", "Mno": "106", "country_code": "KR", "Sno": "1061", "LLtext": "제조업(10~34)", "documentId": "kr20160025714a", "application_number": "1020160025714", "Ltext": "식료품 제조업", "keyword": "제빵용가루반죽제조/제빵용혼합반죽제조/빵/커피분말/커피시럽/천연증점제/방법/밀가루/팥/콩", "document_type": "A"}, {"updateDate": "20220608", "LLno": "C", "SSno": "10613", "Stext": "곡물 가공품 제조업", "SStext": "곡물 혼합 분말 및 반죽 제조업", "Mtext": "곡물 가공품, 전분 및 전분제품 제조업", "Lno": "10", "ipc_main": "A21D-013/00", "Mno": "106", "country_code": "KR", "Sno": "1061", "LLtext": "제조업(10~34)", "documentId": "kr20160032741a", "application_number": "1020160032741", "Ltext": "식료품 제조업", "keyword": "제빵용가루반죽제조/제빵용혼합반죽제조/빵/강력분/박력분/설탕/방법/계량제/생이스트/천일염", "document_type": "A"}, {"updateDate": "20220608", "LLno": "C", "SSno": "10613", "Stext": "곡물 가공품 제조업", "SStext": "곡물 혼합 분말 및 반죽 제조업", "Mtext": "곡물 가공품, 전분 및 전분제품 제조업", "Lno": "10", "ipc_main": "A21D-013/00", "Mno": "106", "country_code": "KR", "Sno": "1061", "LLtext": "제조업(10~34)", "documentId": "kr20160053641a", "application_number": "1020160053641", "Ltext": "식료품 제조업", "keyword": "제빵용가루반죽제조/제빵용혼합반죽제조/피자/맵쌀/맵쌀가루/밀가루/방법/소금/이스트/물", "document_type": "A"}, {"updateDate": "20220608", "LLno": "C", "SSno": "10613", "Stext": "곡물 가공품 제조업", "SStext": "곡물 혼합 분말 및 반죽 제조업", "Mtext": "곡물 가공품, 전분 및 전분제품 제조업", "Lno": "10", "ipc_main": "A21D-013/00", "Mno": "106", "country_code": "KR", "Sno": "1061", "LLtext": "제조업(10~34)", "documentId": "kr20160066466a", "application_number": "1020160066466", "Ltext": "식료품 제조업", "keyword": "곡분제떡고물제조/곡분제면류분말반죽제품제조/호떡/찹쌀가루/밀가루/호떡소/방법/호떡반죽/호떡피/혼합물", "document_type": "A"}, {"updateDate": "20220608", "LLno": "C", "SSno": "10613", "Stext": "곡물 가공품 제조업", "SStext": "곡물 혼합 분말 및 반죽 제조업", "Mtext": "곡물 가공품, 전분 및 전분제품 제조업", "Lno": "10", "ipc_main": "A21D-013/08", "Mno": "106", "country_code": "KR", "Sno": "1061", "LLtext": "제조업(10~34)", "documentId": "kr20160079995a", "application_number": "1020160079995", "Ltext": "식료품 제조업", "keyword": "제빵용가루반죽제조/제빵용혼합반죽제조/카스텔라/밀가루/설탕/전분/방법/계란노른자/계란흰자/물", "document_type": "A"}, {"updateDate": "20220608", "LLno": "C", "SSno": "10613", "Stext": "곡물 가공품 제조업", "SStext": "곡물 혼합 분말 및 반죽 제조업", "Mtext": "곡물 가공품, 전분 및 전분제품 제조업", "Lno": "10", "ipc_main": "A21D-013/00", "Mno": "106", "country_code": "KR", "Sno": "1061", "LLtext": "제조업(10~34)", "documentId": "kr20160102433b1", "application_number": "1020160102433", "Ltext": "식료품 제조업", "keyword": "제빵용가루반죽제조/제빵용혼합반죽제조/빵/강력분/설탕/마가린/방법/분유/소금/트리플엑셀", "document_type": "B1"}, {"updateDate": "20220608", "LLno": "C", "SSno": "10613", "Stext": "곡물 가공품 제조업", "SStext": "곡물 혼합 분말 및 반죽 제조업", "Mtext": "곡물 가공품, 전분 및 전분제품 제조업", "Lno": "10", "ipc_main": "A21D-013/00", "Mno": "106", "country_code": "KR", "Sno": "1061", "LLtext": "제조업(10~34)", "documentId": "kr20160108040a", "application_number": "1020160108040", "Ltext": "식료품 제조업", "keyword": "제빵용가루반죽제조/제빵용혼합반죽제조/와플/찹쌀가루/초콜렛/포도당/방법/버터/우유/설탕", "document_type": "A"}, {"updateDate": "20220608", "LLno": "C", "SSno": "10613", "Stext": "곡물 가공품 제조업", "SStext": "곡물 혼합 분말 및 반죽 제조업", "Mtext": "곡물 가공품, 전분 및 전분제품 제조업", "Lno": "10", "ipc_main": "A21D-002/18", "Mno": "106", "country_code": "KR", "Sno": "1061", "LLtext": "제조업(10~34)", "documentId": "kr20160143791a", "application_number": "1020160143791", "Ltext": "식료품 제조업", "keyword": "곡분제면류분말반죽제품제조/면류제조용혼합분말반죽제조/생지/소맥분/탄산수소암모늄/탄산수소나트륨/방법/탄산수소칼륨/탄산나트륨/탄산칼륨", "document_type": "A"}, {"updateDate": "20220608", "LLno": "C", "SSno": "10613", "Stext": "곡물 가공품 제조업", "SStext": "곡물 혼합 분말 및 반죽 제조업", "Mtext": "곡물 가공품, 전분 및 전분제품 제조업", "Lno": "10", "ipc_main": "A21D-013/04", "Mno": "106", "country_code": "KR", "Sno": "1061", "LLtext": "제조업(10~34)", "documentId": "kr20160159031a", "application_number": "1020160159031", "Ltext": "식료품 제조업", "keyword": "제빵용가루반죽제조/제빵용혼합반죽제조/빵/쌀가루/계란/설탕/방법/우뭇가사리/베이킹소다/베이킹파우다", "document_type": "A"}, {"updateDate": "20220608", "LLno": "C", "SSno": "10613", "Stext": "곡물 가공품 제조업", "SStext": "곡물 혼합 분말 및 반죽 제조업", "Mtext": "곡물 가공품, 전분 및 전분제품 제조업", "Lno": "10", "ipc_main": "A21D-013/08", "Mno": "106", "country_code": "KR", "Sno": "1061", "LLtext": "제조업(10~34)", "documentId": "kr20160159274a", "application_number": "1020160159274", "Ltext": "식료품 제조업", "keyword": "제빵용가루반죽제조/제빵용혼합반죽제조/쿠키/우리밀/흑임자분말/참깨박/방법/트레할로스/소금/버터", "document_type": "A"}, {"updateDate": "20220608", "LLno": "C", "SSno": "10613", "Stext": "곡물 가공품 제조업", "SStext": "곡물 혼합 분말 및 반죽 제조업", "Mtext": "곡물 가공품, 전분 및 전분제품 제조업", "Lno": "10", "ipc_main": "A21D-002/26", "Mno": "106", "country_code": "KR", "Sno": "1061", "LLtext": "제조업(10~34)", "documentId": "kr20160164207b1", "application_number": "1020160164207", "Ltext": "식료품 제조업", "keyword": "제빵용가루반죽제조/제빵용혼합반죽제조/빵/강력분/소금/분유/방법/요구르트분말/생이스트/물", "document_type": "B1"}, {"updateDate": "20220608", "LLno": "C", "SSno": "10613", "Stext": "곡물 가공품 제조업", "SStext": "곡물 혼합 분말 및 반죽 제조업", "Mtext": "곡물 가공품, 전분 및 전분제품 제조업", "Lno": "10", "ipc_main": "A21D-013/08", "Mno": "106", "country_code": "KR", "Sno": "1061", "LLtext": "제조업(10~34)", "documentId": "kr20160166931a", "application_number": "1020160166931", "Ltext": "식료품 제조업", "keyword": "제빵용가루반죽제조/제빵용혼합반죽제조/케이크/보리분말/설탕/우유/방법/누룩천연효모/버터/우유", "document_type": "A"}, {"updateDate": "20220608", "LLno": "C", "SSno": "10613", "Stext": "곡물 가공품 제조업", "SStext": "곡물 혼합 분말 및 반죽 제조업", "Mtext": "곡물 가공품, 전분 및 전분제품 제조업", "Lno": "10", "ipc_main": "A21D-013/28", "Mno": "106", "country_code": "KR", "Sno": "1061", "LLtext": "제조업(10~34)", "documentId": "kr20160174577b1", "application_number": "1020160174577", "Ltext": "식료품 제조업", "keyword": "제빵용가루반죽제조/제빵용혼합반죽제조/빵/파래분말/버터/강력분/방법/설탕/박력분/이스트", "document_type": "B1"}, {"updateDate": "20220608", "LLno": "C", "SSno": "10613", "Stext": "곡물 가공품 제조업", "SStext": "곡물 혼합 분말 및 반죽 제조업", "Mtext": "곡물 가공품, 전분 및 전분제품 제조업", "Lno": "10", "ipc_main": "A21D-002/36", "Mno": "106", "country_code": "KR", "Sno": "1061", "LLtext": "제조업(10~34)", "documentId": "kr20160179586b1", "application_number": "1020160179586", "Ltext": "식료품 제조업", "keyword": "제빵용가루반죽제조/제빵용혼합반죽제조/파네토네/밀가루/설탕/트레할로오스/방법/버터/우유/꿀", "document_type": "B1"}, {"updateDate": "20220608", "LLno": "C", "SSno": "10613", "Stext": "곡물 가공품 제조업", "SStext": "곡물 혼합 분말 및 반죽 제조업", "Mtext": "곡물 가공품, 전분 및 전분제품 제조업", "Lno": "10", "ipc_main": "A21D-002/26", "Mno": "106", "country_code": "KR", "Sno": "1061", "LLtext": "제조업(10~34)", "documentId": "kr20170007185b1", "application_number": "1020170007185", "Ltext": "식료품 제조업", "keyword": "제빵용가루반죽제조/제빵용혼합반죽제조/달걀빵/달걀노른자/설탕/꿀/방법/물엿/바닐라익스트랙/우유", "document_type": "B1"}, {"updateDate": "20220608", "LLno": "C", "SSno": "10613", "Stext": "곡물 가공품 제조업", "SStext": "곡물 혼합 분말 및 반죽 제조업", "Mtext": "곡물 가공품, 전분 및 전분제품 제조업", "Lno": "10", "ipc_main": "A21D-002/38", "Mno": "106", "country_code": "KR", "Sno": "1061", "LLtext": "제조업(10~34)", "documentId": "kr20170009533a", "application_number": "1020170009533", "Ltext": "식료품 제조업", "keyword": "제빵용가루반죽제조/제빵용혼합반죽제조/빵/참외추출물/박력분/베이킹파우더/방법/설탕/소금/계란", "document_type": "A"}, {"updateDate": "20220608", "LLno": "C", "SSno": "10613", "Stext": "곡물 가공품 제조업", "SStext": "곡물 혼합 분말 및 반죽 제조업", "Mtext": "곡물 가공품, 전분 및 전분제품 제조업", "Lno": "10", "ipc_main": "A21D-013/047", "Mno": "106", "country_code": "KR", "Sno": "1061", "LLtext": "제조업(10~34)", "documentId": "kr20170012324a", "application_number": "1020170012324", "Ltext": "식료품 제조업", "keyword": "제빵용가루반죽제조/제빵용혼합반죽제조/빵/계란/찰보리분말/참마분말/방법/올리고당/우유/정종", "document_type": "A"}, {"updateDate": "20220608", "LLno": "C", "SSno": "10613", "Stext": "곡물 가공품 제조업", "SStext": "곡물 혼합 분말 및 반죽 제조업", "Mtext": "곡물 가공품, 전분 및 전분제품 제조업", "Lno": "10", "ipc_main": "A21D-002/34", "Mno": "106", "country_code": "KR", "Sno": "1061", "LLtext": "제조업(10~34)", "documentId": "kr20170018903a", "application_number": "1020170018903", "Ltext": "식료품 제조업", "keyword": "빵속제조/제빵용혼합반죽제조/빵/밀가루/이스트/계란/방법/팥/오징어먹물/설탕", "document_type": "A"}, {"updateDate": "20220608", "LLno": "C", "SSno": "10613", "Stext": "곡물 가공품 제조업", "SStext": "곡물 혼합 분말 및 반죽 제조업", "Mtext": "곡물 가공품, 전분 및 전분제품 제조업", "Lno": "10", "ipc_main": "A21D-002/18", "Mno": "106", "country_code": "KR", "Sno": "1061", "LLtext": "제조업(10~34)", "documentId": "kr20170036262a", "application_number": "1020170036262", "Ltext": "식료품 제조업", "keyword": "제빵용가루반죽제조/제빵용혼합반죽제조/생지/냉동생지/밀가루/부피증가/방법/물/팔라티노스/반죽", "document_type": "A"}, {"updateDate": "20220608", "LLno": "C", "SSno": "10613", "Stext": "곡물 가공품 제조업", "SStext": "곡물 혼합 분말 및 반죽 제조업", "Mtext": "곡물 가공품, 전분 및 전분제품 제조업", "Lno": "10", "ipc_main": "A21D-013/41", "Mno": "106", "country_code": "KR", "Sno": "1061", "LLtext": "제조업(10~34)", "documentId": "kr20170043462b1", "application_number": "1020170043462", "Ltext": "식료품 제조업", "keyword": "제빵용혼합반죽제조/제빵용가루반죽제조/흑미피자도우/밀가루/흑미분말/정제수/방법/흑미/정백당/올리브오일", "document_type": "B1"}, {"updateDate": "20220608", "LLno": "C", "SSno": "10613", "Stext": "곡물 가공품 제조업", "SStext": "곡물 혼합 분말 및 반죽 제조업", "Mtext": "곡물 가공품, 전분 및 전분제품 제조업", "Lno": "10", "ipc_main": "A21D-013/047", "Mno": "106", "country_code": "KR", "Sno": "1061", "LLtext": "제조업(10~34)", "documentId": "kr20170043795a", "application_number": "1020170043795", "Ltext": "식료품 제조업", "keyword": "만두피제조//만두피/밀가루/찹쌀가루/고구마전분/방법/구운소금/쌀겨/보리등겨", "document_type": "A"}, {"updateDate": "20220608", "LLno": "C", "SSno": "10613", "Stext": "곡물 가공품 제조업", "SStext": "곡물 혼합 분말 및 반죽 제조업", "Mtext": "곡물 가공품, 전분 및 전분제품 제조업", "Lno": "10", "ipc_main": "A21D-013/31", "Mno": "106", "country_code": "KR", "Sno": "1061", "LLtext": "제조업(10~34)", "documentId": "kr20170047871b1", "application_number": "1020170047871", "Ltext": "식료품 제조업", "keyword": "빵속제조/제빵용혼합반죽제조/만주/강력분/소금/명월초추출물/방법/설탕/버터/찬물", "document_type": "B1"}, {"updateDate": "20220608", "LLno": "C", "SSno": "10613", "Stext": "곡물 가공품 제조업", "SStext": "곡물 혼합 분말 및 반죽 제조업", "Mtext": "곡물 가공품, 전분 및 전분제품 제조업", "Lno": "10", "ipc_main": "A21D-013/80", "Mno": "106", "country_code": "KR", "Sno": "1061", "LLtext": "제조업(10~34)", "documentId": "kr20170062688a", "application_number": "1020170062688", "Ltext": "식료품 제조업", "keyword": "제빵용가루반죽제조/제빵용혼합반죽제조/타르트/박력분/슈가파우더/버터/방법/계란노른자/소금/물", "document_type": "A"}, {"updateDate": "20220608", "LLno": "C", "SSno": "10613", "Stext": "곡물 가공품 제조업", "SStext": "곡물 혼합 분말 및 반죽 제조업", "Mtext": "곡물 가공품, 전분 및 전분제품 제조업", "Lno": "10", "ipc_main": "A21D-013/60", "Mno": "106", "country_code": "KR", "Sno": "1061", "LLtext": "제조업(10~34)", "documentId": "kr20170064302a", "application_number": "1020170064302", "Ltext": "식료품 제조업", "keyword": "제빵용가루반죽제조/제빵용혼합반죽제조/핫도그/밀가루/쌀가루/타피오카전분/조성물/콩가루/현미가루/", "document_type": "A"}, {"updateDate": "20220608", "LLno": "C", "SSno": "10613", "Stext": "곡물 가공품 제조업", "SStext": "곡물 혼합 분말 및 반죽 제조업", "Mtext": "곡물 가공품, 전분 및 전분제품 제조업", "Lno": "10", "ipc_main": "A21D-002/36", "Mno": "106", "country_code": "KR", "Sno": "1061", "LLtext": "제조업(10~34)", "documentId": "kr20170078871b1", "application_number": "1020170078871", "Ltext": "식료품 제조업", "keyword": "제빵용가루반죽제조/제빵용혼합반죽제조/빵/강력분/소금/분유/방법/오구르트분말/생이스트/물", "document_type": "B1"}, {"updateDate": "20220608", "LLno": "C", "SSno": "10613", "Stext": "곡물 가공품 제조업", "SStext": "곡물 혼합 분말 및 반죽 제조업", "Mtext": "곡물 가공품, 전분 및 전분제품 제조업", "Lno": "10", "ipc_main": "A21D-013/066", "Mno": "106", "country_code": "KR", "Sno": "1061", "LLtext": "제조업(10~34)", "documentId": "kr20170092629a", "application_number": "1020170092629", "Ltext": "식료품 제조업", "keyword": "제빵용가루반죽제조/제빵용혼합반죽제조/글루텐프리분말/쌀가루/현미가루/변성감자전분/방법/감자분말/천연불용성식이섬유/잔탄검", "document_type": "A"}, {"updateDate": "20220608", "LLno": "C", "SSno": "10613", "Stext": "곡물 가공품 제조업", "SStext": "곡물 혼합 분말 및 반죽 제조업", "Mtext": "곡물 가공품, 전분 및 전분제품 제조업", "Lno": "10", "ipc_main": "A21D-002/36", "Mno": "106", "country_code": "KR", "Sno": "1061", "LLtext": "제조업(10~34)", "documentId": "kr20170128940b1", "application_number": "1020170128940", "Ltext": "식료품 제조업", "keyword": "제빵용가루반죽제조/제빵용혼합반죽제조/빵/쌀가루/글루텐/전지분유/방법/소금/설탕/오르니틴발효액종", "document_type": "B1"}, {"updateDate": "20220608", "LLno": "C", "SSno": "10613", "Stext": "곡물 가공품 제조업", "SStext": "곡물 혼합 분말 및 반죽 제조업", "Mtext": "곡물 가공품, 전분 및 전분제품 제조업", "Lno": "10", "ipc_main": "A21D-002/36", "Mno": "106", "country_code": "KR", "Sno": "1061", "LLtext": "제조업(10~34)", "documentId": "kr20170133912b1", "application_number": "1020170133912", "Ltext": "식료품 제조업", "keyword": "제빵용가루반죽제조/제빵용혼합반죽제조/빵/복숭아농축액/강력분/중종반죽/방법/분유/생크림/버터", "document_type": "B1"}, {"updateDate": "20220608", "LLno": "C", "SSno": "10613", "Stext": "곡물 가공품 제조업", "SStext": "곡물 혼합 분말 및 반죽 제조업", "Mtext": "곡물 가공품, 전분 및 전분제품 제조업", "Lno": "10", "ipc_main": "A21D-010/00", "Mno": "106", "country_code": "KR", "Sno": "1061", "LLtext": "제조업(10~34)", "documentId": "kr20170153693b1", "application_number": "1020170153693", "Ltext": "식료품 제조업", "keyword": "제빵용가루반죽제조/제빵용혼합반죽제조/반죽/오징어먹물액/쌀분말/물/방법/핫도그믹스가루/이스트/이스트", "document_type": "B1"}, {"updateDate": "20220608", "LLno": "C", "SSno": "10613", "Stext": "곡물 가공품 제조업", "SStext": "곡물 혼합 분말 및 반죽 제조업", "Mtext": "곡물 가공품, 전분 및 전분제품 제조업", "Lno": "10", "ipc_main": "A21D-002/26", "Mno": "106", "country_code": "KR", "Sno": "1061", "LLtext": "제조업(10~34)", "documentId": "kr20170154509b1", "application_number": "1020170154509", "Ltext": "식료품 제조업", "keyword": "제빵용가루반죽제조/제빵용혼합반죽제조/빵/산양유/밀가루/쌀가루/방법/물/소금/꿀", "document_type": "B1"}, {"updateDate": "20220608", "LLno": "C", "SSno": "10613", "Stext": "곡물 가공품 제조업", "SStext": "곡물 혼합 분말 및 반죽 제조업", "Mtext": "곡물 가공품, 전분 및 전분제품 제조업", "Lno": "10", "ipc_main": "A21D-013/80", "Mno": "106", "country_code": "KR", "Sno": "1061", "LLtext": "제조업(10~34)", "documentId": "kr20170176685a", "application_number": "1020170176685", "Ltext": "식료품 제조업", "keyword": "제빵용가루반죽제조/제빵용혼합반죽제조/바움쿠헨/쌀가루/아몬드분말/타피오카전분/방법/카스타드크림/팽창제/우유버터", "document_type": "A"}, {"updateDate": "20220608", "LLno": "C", "SSno": "10613", "Stext": "곡물 가공품 제조업", "SStext": "곡물 혼합 분말 및 반죽 제조업", "Mtext": "곡물 가공품, 전분 및 전분제품 제조업", "Lno": "10", "ipc_main": "A21D-013/047", "Mno": "106", "country_code": "KR", "Sno": "1061", "LLtext": "제조업(10~34)", "documentId": "kr20180023563b1", "application_number": "1020180023563", "Ltext": "식료품 제조업", "keyword": "제빵용가루반죽제조/제빵용혼합반죽제조/빵/쌀가루/깨찰빵믹스/설탕/방법/천연개량제/분유/카놀라유", "document_type": "B1"}, {"updateDate": "20220608", "LLno": "C", "SSno": "10613", "Stext": "곡물 가공품 제조업", "SStext": "곡물 혼합 분말 및 반죽 제조업", "Mtext": "곡물 가공품, 전분 및 전분제품 제조업", "Lno": "10", "ipc_main": "A21D-002/36", "Mno": "106", "country_code": "KR", "Sno": "1061", "LLtext": "제조업(10~34)", "documentId": "kr20180029236b1", "application_number": "1020180029236", "Ltext": "식료품 제조업", "keyword": "제빵용가루반죽제조/제빵용혼합반죽제조/파운드케이크/유기농원당/파프리카즙/밀가루/방법/물/베이킹파우더/파프리카분말", "document_type": "B1"}, {"updateDate": "20220608", "LLno": "C", "SSno": "10613", "Stext": "곡물 가공품 제조업", "SStext": "곡물 혼합 분말 및 반죽 제조업", "Mtext": "곡물 가공품, 전분 및 전분제품 제조업", "Lno": "10", "ipc_main": "A21D-002/36", "Mno": "106", "country_code": "KR", "Sno": "1061", "LLtext": "제조업(10~34)", "documentId": "kr20180029493b1", "application_number": "1020180029493", "Ltext": "식료품 제조업", "keyword": "제빵용가루반죽제조/제빵용혼합반죽제조/빵/스테비아추출액/강력분/소금/방법/분유/요구르트분말/생이스트", "document_type": "B1"}, {"updateDate": "20220608", "LLno": "C", "SSno": "10613", "Stext": "곡물 가공품 제조업", "SStext": "곡물 혼합 분말 및 반죽 제조업", "Mtext": "곡물 가공품, 전분 및 전분제품 제조업", "Lno": "10", "ipc_main": "A21D-013/28", "Mno": "106", "country_code": "KR", "Sno": "1061", "LLtext": "제조업(10~34)", "documentId": "kr20180110726b1", "application_number": "1020180110726", "Ltext": "식료품 제조업", "keyword": "제빵용가루반죽제조/제빵용혼합반죽제조/빵/스테비아추출액/강력분/분유/방법/요구르트분말/생이스트/물", "document_type": "B1"}, {"updateDate": "20220608", "LLno": "C", "SSno": "10613", "Stext": "곡물 가공품 제조업", "SStext": "곡물 혼합 분말 및 반죽 제조업", "Mtext": "곡물 가공품, 전분 및 전분제품 제조업", "Lno": "10", "ipc_main": "A21D-013/047", "Mno": "106", "country_code": "KR", "Sno": "1061", "LLtext": "제조업(10~34)", "documentId": "kr20180152286a", "application_number": "1020180152286", "Ltext": "식료품 제조업", "keyword": "제빵용가루반죽제조/제빵용혼합반죽제조/빵/발효쌀가루/강력분/활성글루텐/방법/설탕/소금/개량제", "document_type": "A"}, {"updateDate": "20220608", "LLno": "C", "SSno": "10613", "Stext": "곡물 가공품 제조업", "SStext": "곡물 혼합 분말 및 반죽 제조업", "Mtext": "곡물 가공품, 전분 및 전분제품 제조업", "Lno": "10", "ipc_main": "A21D-013/047", "Mno": "106", "country_code": "KR", "Sno": "1061", "LLtext": "제조업(10~34)", "documentId": "kr20180152591b1", "application_number": "1020180152591", "Ltext": "식료품 제조업", "keyword": "제빵용가루반죽제조/제빵용혼합반죽제조/핫도그/쌀가루/콩가루/미락루/방법/매생이가루/시금치가루/부추가루", "document_type": "B1"}, {"updateDate": "20220608", "LLno": "C", "SSno": "10613", "Stext": "곡물 가공품 제조업", "SStext": "곡물 혼합 분말 및 반죽 제조업", "Mtext": "곡물 가공품, 전분 및 전분제품 제조업", "Lno": "10", "ipc_main": "A21D-002/38", "Mno": "106", "country_code": "KR", "Sno": "1061", "LLtext": "제조업(10~34)", "documentId": "kr20180155389a", "application_number": "1020180155389", "Ltext": "식료품 제조업", "keyword": "제빵용가루반죽제조/제빵용혼합반죽제조/피자도우/현미반죽/퀴아노반죽/찹쌀/방법/현미/퀴노아/미온수", "document_type": "A"}, {"updateDate": "20220608", "LLno": "C", "SSno": "10613", "Stext": "곡물 가공품 제조업", "SStext": "곡물 혼합 분말 및 반죽 제조업", "Mtext": "곡물 가공품, 전분 및 전분제품 제조업", "Lno": "10", "ipc_main": "A21D-008/04", "Mno": "106", "country_code": "KR", "Sno": "1061", "LLtext": "제조업(10~34)", "documentId": "kr20180161774b1", "application_number": "1020180161774", "Ltext": "식료품 제조업", "keyword": "제빵용가루반죽제조/제빵용혼합반죽제조/식빵/샤워종분말/강력분/건포도발효종/방법/설탕/소금/탈지분유", "document_type": "B1"}, {"updateDate": "20220608", "LLno": "C", "SSno": "10613", "Stext": "곡물 가공품 제조업", "SStext": "곡물 혼합 분말 및 반죽 제조업", "Mtext": "곡물 가공품, 전분 및 전분제품 제조업", "Lno": "10", "ipc_main": "A21D-013/047", "Mno": "106", "country_code": "KR", "Sno": "1061", "LLtext": "제조업(10~34)", "documentId": "kr20180169164a", "application_number": "1020180169164", "Ltext": "식료품 제조업", "keyword": "제빵용가루반죽제조/제빵용혼합반죽제조/페스트리/무염버터/갈근/쌀가루/방법/달걀/물/우유", "document_type": "A"}, {"updateDate": "20220608", "LLno": "C", "SSno": "10613", "Stext": "곡물 가공품 제조업", "SStext": "곡물 혼합 분말 및 반죽 제조업", "Mtext": "곡물 가공품, 전분 및 전분제품 제조업", "Lno": "10", "ipc_main": "A21D-013/32", "Mno": "106", "country_code": "KR", "Sno": "1061", "LLtext": "제조업(10~34)", "documentId": "kr20180169293b1", "application_number": "1020180169293", "Ltext": "식료품 제조업", "keyword": "제빵용가루반죽제조/제빵용혼합반죽제조/쇼좌빙/상록수껍질추출물/찹쌀가루/밀가루/방법/안토시아닌탄산수/타피오카변성전분/분말유지", "document_type": "B1"}, {"updateDate": "20220608", "LLno": "C", "SSno": "10613", "Stext": "곡물 가공품 제조업", "SStext": "곡물 혼합 분말 및 반죽 제조업", "Mtext": "곡물 가공품, 전분 및 전분제품 제조업", "Lno": "10", "ipc_main": "A21D-002/26", "Mno": "106", "country_code": "KR", "Sno": "1061", "LLtext": "제조업(10~34)", "documentId": "kr20180174060b1", "application_number": "1020180174060", "Ltext": "식료품 제조업", "keyword": "제빵용가루반죽제조/제빵용혼합반죽제조/빵/강력분/소금/분유/방법/요구르트분말/생이스트/물", "document_type": "B1"}, {"updateDate": "20220608", "LLno": "C", "SSno": "10613", "Stext": "곡물 가공품 제조업", "SStext": "곡물 혼합 분말 및 반죽 제조업", "Mtext": "곡물 가공품, 전분 및 전분제품 제조업", "Lno": "10", "ipc_main": "A21D-002/36", "Mno": "106", "country_code": "KR", "Sno": "1061", "LLtext": "제조업(10~34)", "documentId": "kr20190000059a", "application_number": "1020190000059", "Ltext": "식료품 제조업", "keyword": "만두피제조/제빵용가루반죽제조/만두피/들깻잎/들깻잎원액/밀가루/방법/만두/들깻잎원액즙/반죽", "document_type": "A"}, {"updateDate": "20220608", "LLno": "C", "SSno": "10613", "Stext": "곡물 가공품 제조업", "SStext": "곡물 혼합 분말 및 반죽 제조업", "Mtext": "곡물 가공품, 전분 및 전분제품 제조업", "Lno": "10", "ipc_main": "A21D-002/34", "Mno": "106", "country_code": "KR", "Sno": "1061", "LLtext": "제조업(10~34)", "documentId": "kr20190000061a", "application_number": "1020190000061", "Ltext": "식료품 제조업", "keyword": "만두피제조/제빵용가루반죽제조/만두피/만두피/전복분말/밀가루반죽/방법/전복분말첨가/야채/분말가루", "document_type": "A"}, {"updateDate": "20220608", "LLno": "C", "SSno": "10613", "Stext": "곡물 가공품 제조업", "SStext": "곡물 혼합 분말 및 반죽 제조업", "Mtext": "곡물 가공품, 전분 및 전분제품 제조업", "Lno": "10", "ipc_main": "A21D-002/36", "Mno": "106", "country_code": "KR", "Sno": "1061", "LLtext": "제조업(10~34)", "documentId": "kr20190000064a", "application_number": "1020190000064", "Ltext": "식료품 제조업", "keyword": "만두피제조/제빵용혼합반죽제조/만두피/밀가루/검은콩/반죽/방법/검은콩분말/만두피/밀가루반죽", "document_type": "A"}, {"updateDate": "20220608", "LLno": "C", "SSno": "10613", "Stext": "곡물 가공품 제조업", "SStext": "곡물 혼합 분말 및 반죽 제조업", "Mtext": "곡물 가공품, 전분 및 전분제품 제조업", "Lno": "10", "ipc_main": "A21D-002/36", "Mno": "106", "country_code": "KR", "Sno": "1061", "LLtext": "제조업(10~34)", "documentId": "kr20190000071a", "application_number": "1020190000071", "Ltext": "식료품 제조업", "keyword": "만두피제조/제빵용가루반죽제조/만두피/시금치/시금치원액/밀가루/방법/만두/시금치원액즙/반죽", "document_type": "A"}, {"updateDate": "20220608", "LLno": "C", "SSno": "10613", "Stext": "곡물 가공품 제조업", "SStext": "곡물 혼합 분말 및 반죽 제조업", "Mtext": "곡물 가공품, 전분 및 전분제품 제조업", "Lno": "10", "ipc_main": "A21D-013/38", "Mno": "106", "country_code": "KR", "Sno": "1061", "LLtext": "제조업(10~34)", "documentId": "kr20190002637b1", "application_number": "1020190002637", "Ltext": "식료품 제조업", "keyword": "제빵용가루반죽제조/빵속제조/빵/미나리ㅣ/돼지고기/마요네즈/방법/밀가루/물/양배추", "document_type": "B1"}, {"updateDate": "20220608", "LLno": "C", "SSno": "10613", "Stext": "곡물 가공품 제조업", "SStext": "곡물 혼합 분말 및 반죽 제조업", "Mtext": "곡물 가공품, 전분 및 전분제품 제조업", "Lno": "10", "ipc_main": "A21D-002/36", "Mno": "106", "country_code": "KR", "Sno": "1061", "LLtext": "제조업(10~34)", "documentId": "kr20190008462b1", "application_number": "1020190008462", "Ltext": "식료품 제조업", "keyword": "제빵용가루반죽제조/제빵용혼합반죽제조/케익/쌀가루/밀가루/코코아파우더/방법/베이킹 파우더/소금/분유", "document_type": "B1"}, {"updateDate": "20220608", "LLno": "C", "SSno": "10613", "Stext": "곡물 가공품 제조업", "SStext": "곡물 혼합 분말 및 반죽 제조업", "Mtext": "곡물 가공품, 전분 및 전분제품 제조업", "Lno": "10", "ipc_main": "A21D-002/18", "Mno": "106", "country_code": "KR", "Sno": "1061", "LLtext": "제조업(10~34)", "documentId": "kr20190019712a", "application_number": "1020190019712", "Ltext": "식료품 제조업", "keyword": "제빵용가루반죽제조/제빵용혼합반죽제조/빵/쇼트닝/설탕/소금/방법/유화제/박력쌀가루/아몬드분말", "document_type": "A"}, {"updateDate": "20220608", "LLno": "C", "SSno": "10613", "Stext": "곡물 가공품 제조업", "SStext": "곡물 혼합 분말 및 반죽 제조업", "Mtext": "곡물 가공품, 전분 및 전분제품 제조업", "Lno": "10", "ipc_main": "A23L-007/109", "Mno": "106", "country_code": "KR", "Sno": "1061", "LLtext": "제조업(10~34)", "documentId": "kr20190027309a", "application_number": "1020190027309", "Ltext": "식료품 제조업", "keyword": "곡분제면류분말반죽제품제조/면류제조용혼합분말반죽제조/면/밀가루/막걸리/치즈/방법/양배추(추출물)/감초(추출물)/옥수수전분", "document_type": "A"}, {"updateDate": "20220608", "LLno": "C", "SSno": "10613", "Stext": "곡물 가공품 제조업", "SStext": "곡물 혼합 분말 및 반죽 제조업", "Mtext": "곡물 가공품, 전분 및 전분제품 제조업", "Lno": "10", "ipc_main": "A21D-002/36", "Mno": "106", "country_code": "KR", "Sno": "1061", "LLtext": "제조업(10~34)", "documentId": "kr20190030573b1", "application_number": "1020190030573", "Ltext": "식료품 제조업", "keyword": "제빵용가루반죽제조/제빵용혼합반죽제조/빵/밀가루/소금/우유/방법/마키베리/마요네즈/두유", "document_type": "B1"}, {"updateDate": "20220608", "LLno": "C", "SSno": "10613", "Stext": "곡물 가공품 제조업", "SStext": "곡물 혼합 분말 및 반죽 제조업", "Mtext": "곡물 가공품, 전분 및 전분제품 제조업", "Lno": "10", "ipc_main": "A21C-001/00", "Mno": "106", "country_code": "KR", "Sno": "1061", "LLtext": "제조업(10~34)", "documentId": "kr20190033753b1", "application_number": "1020190033753", "Ltext": "식료품 제조업", "keyword": "혼합반죽제조/반죽제조/마이크로웨이브/스팀/교반봉/공기흡입/방법/애완동물사료/가공식품/반죽날개", "document_type": "B1"}, {"updateDate": "20220608", "LLno": "C", "SSno": "10613", "Stext": "곡물 가공품 제조업", "SStext": "곡물 혼합 분말 및 반죽 제조업", "Mtext": "곡물 가공품, 전분 및 전분제품 제조업", "Lno": "10", "ipc_main": "A21D-002/36", "Mno": "106", "country_code": "KR", "Sno": "1061", "LLtext": "제조업(10~34)", "documentId": "kr20190033844a", "application_number": "1020190033844", "Ltext": "식료품 제조업", "keyword": "제빵용가루반죽제조/제빵용혼합반죽제조/호두과자/마카분말/밀/감자가루/방법/옥수수가루/고구마가루/콩가루", "document_type": "A"}, {"updateDate": "20220608", "LLno": "C", "SSno": "10613", "Stext": "곡물 가공품 제조업", "SStext": "곡물 혼합 분말 및 반죽 제조업", "Mtext": "곡물 가공품, 전분 및 전분제품 제조업", "Lno": "10", "ipc_main": "A21D-006/00", "Mno": "106", "country_code": "KR", "Sno": "1061", "LLtext": "제조업(10~34)", "documentId": "kr20190039116b1", "application_number": "1020190039116", "Ltext": "식료품 제조업", "keyword": "제빵용가루반죽제조/제빵용혼합반죽제조/도우/밀가루/백설탕/식용기름/방법/이스트/베이킹파우더/제빵계량제", "document_type": "B1"}, {"updateDate": "20220608", "LLno": "C", "SSno": "10613", "Stext": "곡물 가공품 제조업", "SStext": "곡물 혼합 분말 및 반죽 제조업", "Mtext": "곡물 가공품, 전분 및 전분제품 제조업", "Lno": "10", "ipc_main": "A21D-008/04", "Mno": "106", "country_code": "KR", "Sno": "1061", "LLtext": "제조업(10~34)", "documentId": "kr20190058538b1", "application_number": "1020190058538", "Ltext": "식료품 제조업", "keyword": "제빵용가루반죽제조/제빵용혼합반죽제조/과자/밀가루/소금/버터/방법/계란/베이킹파우더/오미자발효액", "document_type": "B1"}, {"updateDate": "20220608", "LLno": "C", "SSno": "10613", "Stext": "곡물 가공품 제조업", "SStext": "곡물 혼합 분말 및 반죽 제조업", "Mtext": "곡물 가공품, 전분 및 전분제품 제조업", "Lno": "10", "ipc_main": "A21D-008/06", "Mno": "106", "country_code": "KR", "Sno": "1061", "LLtext": "제조업(10~34)", "documentId": "kr20190077782b1", "application_number": "1020190077782", "Ltext": "식료품 제조업", "keyword": "제빵용가루반죽제조/제빵용혼합반죽제조/빵/강력분/박력분/물/방법/소금/몰트/드라이이스트", "document_type": "B1"}, {"updateDate": "20220608", "LLno": "C", "SSno": "10613", "Stext": "곡물 가공품 제조업", "SStext": "곡물 혼합 분말 및 반죽 제조업", "Mtext": "곡물 가공품, 전분 및 전분제품 제조업", "Lno": "10", "ipc_main": "A21D-008/04", "Mno": "106", "country_code": "KR", "Sno": "1061", "LLtext": "제조업(10~34)", "documentId": "kr20190108776a", "application_number": "1020190108776", "Ltext": "식료품 제조업", "keyword": "제빵용가루반죽제조/제빵용혼합반죽제조/찐빵/단호박/늙은호박/설탕/방법/맵쌀가루/우리밀/우유", "document_type": "A"}, {"updateDate": "20220608", "LLno": "C", "SSno": "10613", "Stext": "곡물 가공품 제조업", "SStext": "곡물 혼합 분말 및 반죽 제조업", "Mtext": "곡물 가공품, 전분 및 전분제품 제조업", "Lno": "10", "ipc_main": "A21D-002/36", "Mno": "106", "country_code": "KR", "Sno": "1061", "LLtext": "제조업(10~34)", "documentId": "kr20190135639b1", "application_number": "1020190135639", "Ltext": "식료품 제조업", "keyword": "제빵용가루반죽제조/제빵용혼합반죽제조/번스/강력분/물/드라이이스트/방법/포도당/소금/설탕", "document_type": "B1"}, {"updateDate": "20220608", "LLno": "C", "SSno": "10613", "Stext": "곡물 가공품 제조업", "SStext": "곡물 혼합 분말 및 반죽 제조업", "Mtext": "곡물 가공품, 전분 및 전분제품 제조업", "Lno": "10", "ipc_main": "A21D-008/06", "Mno": "106", "country_code": "KR", "Sno": "1061", "LLtext": "제조업(10~34)", "documentId": "kr20190142570b1", "application_number": "1020190142570", "Ltext": "식료품 제조업", "keyword": "제빵용가루반죽제조/제빵용혼합반죽제조/타르트/중력분/설탕/버터/방법/설탕/조청/물", "document_type": "B1"}, {"updateDate": "20220608", "LLno": "C", "SSno": "10613", "Stext": "곡물 가공품 제조업", "SStext": "곡물 혼합 분말 및 반죽 제조업", "Mtext": "곡물 가공품, 전분 및 전분제품 제조업", "Lno": "10", "ipc_main": "A23L-007/10", "Mno": "106", "country_code": "KR", "Sno": "1061", "LLtext": "제조업(10~34)", "documentId": "kr20190158268a", "application_number": "1020190158268", "Ltext": "식료품 제조업", "keyword": "곡분제떡고물제조//반죽/포도주/쌀가루/소금/방법/설탕/포도/미생물배양액", "document_type": "A"}, {"updateDate": "20220608", "LLno": "C", "SSno": "10613", "Stext": "곡물 가공품 제조업", "SStext": "곡물 혼합 분말 및 반죽 제조업", "Mtext": "곡물 가공품, 전분 및 전분제품 제조업", "Lno": "10", "ipc_main": "A21D-002/36", "Mno": "106", "country_code": "KR", "Sno": "1061", "LLtext": "제조업(10~34)", "documentId": "kr20190180062b1", "application_number": "1020190180062", "Ltext": "식료품 제조업", "keyword": "제빵용가루반죽제조/제빵용혼합반죽제조/빵/강력분/중력분/소금/방법/크림치즈/버터/생크림", "document_type": "B1"}, {"updateDate": "20220608", "LLno": "C", "SSno": "10613", "Stext": "곡물 가공품 제조업", "SStext": "곡물 혼합 분말 및 반죽 제조업", "Mtext": "곡물 가공품, 전분 및 전분제품 제조업", "Lno": "10", "ipc_main": "A21D-013/13", "Mno": "106", "country_code": "KR", "Sno": "1061", "LLtext": "제조업(10~34)", "documentId": "kr20200026160a", "application_number": "1020200026160", "Ltext": "식료품 제조업", "keyword": "제빵용가루반죽제조/제빵용혼합반죽제조/케익/밀가루/전란/복분자/방법/율무가루/유화제/베이킹파우더", "document_type": "A"}, {"updateDate": "20220608", "LLno": "C", "SSno": "10613", "Stext": "곡물 가공품 제조업", "SStext": "곡물 혼합 분말 및 반죽 제조업", "Mtext": "곡물 가공품, 전분 및 전분제품 제조업", "Lno": "10", "ipc_main": "A21D-013/32", "Mno": "106", "country_code": "KR", "Sno": "1061", "LLtext": "제조업(10~34)", "documentId": "kr20200026171a", "application_number": "1020200026171", "Ltext": "식료품 제조업", "keyword": "제빵용가루반죽제조/제빵용혼합반죽제조/티라미수/율무분말/복분자시럽/크림치즈/방법/전란/정백당/유화제", "document_type": "A"}, {"updateDate": "20220608", "LLno": "C", "SSno": "10613", "Stext": "곡물 가공품 제조업", "SStext": "곡물 혼합 분말 및 반죽 제조업", "Mtext": "곡물 가공품, 전분 및 전분제품 제조업", "Lno": "10", "ipc_main": "A21D-002/36", "Mno": "106", "country_code": "KR", "Sno": "1061", "LLtext": "제조업(10~34)", "documentId": "kr20200087058b1", "application_number": "1020200087058", "Ltext": "식료품 제조업", "keyword": "제빵용가루반죽제조/제빵용혼합반죽제조/빵/대추/강력분/원당/방법/달걀/베이킹파우더/소다", "document_type": "B1"}, {"updateDate": "20220608", "LLno": "C", "SSno": "10613", "Stext": "곡물 가공품 제조업", "SStext": "곡물 혼합 분말 및 반죽 제조업", "Mtext": "곡물 가공품, 전분 및 전분제품 제조업", "Lno": "10", "ipc_main": "A21D-002/16", "Mno": "106", "country_code": "KR", "Sno": "1061", "LLtext": "제조업(10~34)", "documentId": "kr20200142431b1", "application_number": "1020200142431", "Ltext": "식료품 제조업", "keyword": "제빵용혼합반죽제조//크루아상/코코넛오일/강력분/박력분/방법/설탕/소금/물", "document_type": "B1"}, {"updateDate": "20220608", "LLno": "C", "SSno": "10613", "Stext": "곡물 가공품 제조업", "SStext": "곡물 혼합 분말 및 반죽 제조업", "Mtext": "곡물 가공품, 전분 및 전분제품 제조업", "Lno": "10", "ipc_main": "A21D-013/38", "Mno": "106", "country_code": "KR", "Sno": "1061", "LLtext": "제조업(10~34)", "documentId": "kr20210001353b1", "application_number": "1020210001353", "Ltext": "식료품 제조업", "keyword": "제빵용가루반죽제조/빵속제조/빵/토마토/소금/후추/방법/강력분/소금/설탕", "document_type": "B1"}, {"updateDate": "20220608", "LLno": "C", "SSno": "10613", "Stext": "곡물 가공품 제조업", "SStext": "곡물 혼합 분말 및 반죽 제조업", "Mtext": "곡물 가공품, 전분 및 전분제품 제조업", "Lno": "10", "ipc_main": "A21D-002/36", "Mno": "106", "country_code": "KR", "Sno": "1061", "LLtext": "제조업(10~34)", "documentId": "kr20210011239b1", "application_number": "1020210011239", "Ltext": "식료품 제조업", "keyword": "제빵용가루반죽제조/제빵용혼합반죽제조/페스트리/닭가슴살분말/밀가루/천연발효액종/방법/정제수/소금/설탕", "document_type": "B1"}]}