{"dataset": [{"updateDate": "20220608", "LLno": "C", "SSno": "30391", "Stext": "자동차용 기타 신품 부품 제조업", "SStext": "자동차용 신품 조향장치 및 현가장치 제조업", "Mtext": "자동차 신품 부품 제조업", "Lno": "30", "ipc_main": "B60G-015/04", "Mno": "303", "country_code": "KR", "Sno": "3039", "LLtext": "제조업(10~34)", "documentId": "kr19960067530u", "application_number": "2019960067530", "Ltext": "자동차 및 트레일러 제조업", "keyword": "조향장치제조/현가장치제조휠/마운팅구조/쇼크업소버/현가장치용/맥퍼슨식/장치/피스톤로드/볼스터/러버설치", "document_type": "U"}, {"updateDate": "20220608", "LLno": "C", "SSno": "30391", "Stext": "자동차용 기타 신품 부품 제조업", "SStext": "자동차용 신품 조향장치 및 현가장치 제조업", "Mtext": "자동차 신품 부품 제조업", "Lno": "30", "ipc_main": "B60G-015/06", "Mno": "303", "country_code": "KR", "Sno": "3039", "LLtext": "제조업(10~34)", "documentId": "kr19960067672u", "application_number": "2019960067672", "Ltext": "자동차 및 트레일러 제조업", "keyword": "조향장치제조/현가장치제조휠/설치구조/쇼크업소버/리버부시/브라켓/장치/힌지브라켓/스트럿/보조링크", "document_type": "U"}, {"updateDate": "20220608", "LLno": "C", "SSno": "30391", "Stext": "자동차용 기타 신품 부품 제조업", "SStext": "자동차용 신품 조향장치 및 현가장치 제조업", "Mtext": "자동차 신품 부품 제조업", "Lno": "30", "ipc_main": "B62D-007/20", "Mno": "303", "country_code": "KR", "Sno": "3039", "LLtext": "제조업(10~34)", "documentId": "kr19970002404u", "application_number": "2019970002404", "Ltext": "자동차 및 트레일러 제조업", "keyword": "조향장치제조/핸들제조/조향링키지/타이로드/너클아암/압입삽입/장치/스티어링기어/차륜전달/방진부싱", "document_type": "U"}, {"updateDate": "20220608", "LLno": "C", "SSno": "30391", "Stext": "자동차용 기타 신품 부품 제조업", "SStext": "자동차용 신품 조향장치 및 현가장치 제조업", "Mtext": "자동차 신품 부품 제조업", "Lno": "30", "ipc_main": "B60G-003/18", "Mno": "303", "country_code": "KR", "Sno": "3039", "LLtext": "제조업(10~34)", "documentId": "kr19970011375a", "application_number": "1019970011375", "Ltext": "자동차 및 트레일러 제조업", "keyword": "조향장치제조/현가장치제조휠/코일스프링/현가장치/밴드/주행안정성향상/장치/휠하우스내/구비/좌굴방지", "document_type": "A"}, {"updateDate": "20220608", "LLno": "C", "SSno": "30391", "Stext": "자동차용 기타 신품 부품 제조업", "SStext": "자동차용 신품 조향장치 및 현가장치 제조업", "Mtext": "자동차 신품 부품 제조업", "Lno": "30", "ipc_main": "B62D-001/08", "Mno": "303", "country_code": "KR", "Sno": "3039", "LLtext": "제조업(10~34)", "documentId": "kr19970024453u", "application_number": "2019970024453", "Ltext": "자동차 및 트레일러 제조업", "keyword": "조향장치제조/핸들제조/완충장치/스티어링휠/지지파이프/원형파이프/장치/골격역할/신축성튜브/신축흡수", "document_type": "U"}, {"updateDate": "20220608", "LLno": "C", "SSno": "30391", "Stext": "자동차용 기타 신품 부품 제조업", "SStext": "자동차용 신품 조향장치 및 현가장치 제조업", "Mtext": "자동차 신품 부품 제조업", "Lno": "30", "ipc_main": "B60Q-001/26", "Mno": "303", "country_code": "KR", "Sno": "3039", "LLtext": "제조업(10~34)", "documentId": "kr19970027318a", "application_number": "1019970027318", "Ltext": "자동차 및 트레일러 제조업", "keyword": "조향장치제조/핸들제조/제어시스템/방향지시등/범퍼좌우/소정개소/장착/장치/동작제어신호/회전검출/온오프제어", "document_type": "A"}, {"updateDate": "20220608", "LLno": "C", "SSno": "30391", "Stext": "자동차용 기타 신품 부품 제조업", "SStext": "자동차용 신품 조향장치 및 현가장치 제조업", "Mtext": "자동차 신품 부품 제조업", "Lno": "30", "ipc_main": "B60G-011/14", "Mno": "303", "country_code": "KR", "Sno": "3039", "LLtext": "제조업(10~34)", "documentId": "kr19970034479u", "application_number": "2019970034479", "Ltext": "자동차 및 트레일러 제조업", "keyword": "조향장치제조/현가장치제조휠/코일스프링/현가장치/응력집중/절단/장치/토션빔형식/자동차용/해결목적", "document_type": "U"}, {"updateDate": "20220608", "LLno": "C", "SSno": "30391", "Stext": "자동차용 기타 신품 부품 제조업", "SStext": "자동차용 신품 조향장치 및 현가장치 제조업", "Mtext": "자동차 신품 부품 제조업", "Lno": "30", "ipc_main": "B60G-015/06", "Mno": "303", "country_code": "KR", "Sno": "3039", "LLtext": "제조업(10~34)", "documentId": "kr19970043314a", "application_number": "1019970043314", "Ltext": "자동차 및 트레일러 제조업", "keyword": "조향장치제조/현가장치제조휠/기울기구조/코일스프링/현가장치용/스트럿베어링/장치/쇽업타워/스프링시트/중심선", "document_type": "A"}, {"updateDate": "20220608", "LLno": "C", "SSno": "30391", "Stext": "자동차용 기타 신품 부품 제조업", "SStext": "자동차용 신품 조향장치 및 현가장치 제조업", "Mtext": "자동차 신품 부품 제조업", "Lno": "30", "ipc_main": "B60Q-001/00", "Mno": "303", "country_code": "KR", "Sno": "3039", "LLtext": "제조업(10~34)", "documentId": "kr19970044017y1", "application_number": "2019970044017", "Ltext": "자동차 및 트레일러 제조업", "keyword": "조향장치제조/브레이크페달제조/스위치/컨트롤/핸드/제어신호출력/장치/전조등/컨트롤러/핸들", "document_type": "Y1"}, {"updateDate": "20220608", "LLno": "C", "SSno": "30391", "Stext": "자동차용 기타 신품 부품 제조업", "SStext": "자동차용 신품 조향장치 및 현가장치 제조업", "Mtext": "자동차 신품 부품 제조업", "Lno": "30", "ipc_main": "B62D-006/02", "Mno": "303", "country_code": "KR", "Sno": "3039", "LLtext": "제조업(10~34)", "documentId": "kr19970044377u", "application_number": "2019970044377", "Ltext": "자동차 및 트레일러 제조업", "keyword": "조향장치제조/핸들제조/조향장치/동력/전자식/회전량감지/장치/스티어링/유니버설조인트/액츄에이터", "document_type": "U"}, {"updateDate": "20220608", "LLno": "C", "SSno": "30391", "Stext": "자동차용 기타 신품 부품 제조업", "SStext": "자동차용 신품 조향장치 및 현가장치 제조업", "Mtext": "자동차 신품 부품 제조업", "Lno": "30", "ipc_main": "B62D-001/16", "Mno": "303", "country_code": "KR", "Sno": "3039", "LLtext": "제조업(10~34)", "documentId": "kr19980011329u", "application_number": "2019980011329", "Ltext": "자동차 및 트레일러 제조업", "keyword": "조향장치제조/핸들제조/조향장치/스티어링컬럼/피니언/유니버셜조인트/장치/시티어링휠/기어박스/래크부", "document_type": "U"}, {"updateDate": "20220608", "LLno": "C", "SSno": "30391", "Stext": "자동차용 기타 신품 부품 제조업", "SStext": "자동차용 신품 조향장치 및 현가장치 제조업", "Mtext": "자동차 신품 부품 제조업", "Lno": "30", "ipc_main": "B60G-011/46", "Mno": "303", "country_code": "KR", "Sno": "3039", "LLtext": "제조업(10~34)", "documentId": "kr19990020608a", "application_number": "1019990020608", "Ltext": "자동차 및 트레일러 제조업", "keyword": "조향장치제조/서스펜션쇼크옵소버제조/에어스프링/내구성향상/피스톤/에어벨로즈/장치/밀폐접합/이탈방지부재/프레임", "document_type": "A"}, {"updateDate": "20220608", "LLno": "C", "SSno": "30391", "Stext": "자동차용 기타 신품 부품 제조업", "SStext": "자동차용 신품 조향장치 및 현가장치 제조업", "Mtext": "자동차 신품 부품 제조업", "Lno": "30", "ipc_main": "B60Q-001/00", "Mno": "303", "country_code": "KR", "Sno": "3039", "LLtext": "제조업(10~34)", "documentId": "kr20000004203y1", "application_number": "2020000004203", "Ltext": "자동차 및 트레일러 제조업", "keyword": "조향장치제조/핸들제조/미등스위치/표시물/스위치켬/부착/장치/부착/몸체/눈금표시", "document_type": "Y1"}, {"updateDate": "20220608", "LLno": "C", "SSno": "30391", "Stext": "자동차용 기타 신품 부품 제조업", "SStext": "자동차용 신품 조향장치 및 현가장치 제조업", "Mtext": "자동차 신품 부품 제조업", "Lno": "30", "ipc_main": "B60G-011/14", "Mno": "303", "country_code": "KR", "Sno": "3039", "LLtext": "제조업(10~34)", "documentId": "kr20000012517y1", "application_number": "2020000012517", "Ltext": "자동차 및 트레일러 제조업", "keyword": "조향장치제조/현가장치제조휠/현가장치/강성유지/쇽업소버/성능저하방지/장치/코일스프링/로워스프링시트/스프링포함", "document_type": "Y1"}, {"updateDate": "20220608", "LLno": "C", "SSno": "30391", "Stext": "자동차용 기타 신품 부품 제조업", "SStext": "자동차용 신품 조향장치 및 현가장치 제조업", "Mtext": "자동차 신품 부품 제조업", "Lno": "30", "ipc_main": "B60G-015/00", "Mno": "303", "country_code": "KR", "Sno": "3039", "LLtext": "제조업(10~34)", "documentId": "kr20000065847a", "application_number": "1020000065847", "Ltext": "자동차 및 트레일러 제조업", "keyword": "조향장치제조/서스펜션쇼크옵소버제조/서스펜션/링크스프링/스프링/외력흡수/장치/서스펜션암/결합부/구성함", "document_type": "A"}, {"updateDate": "20220608", "LLno": "C", "SSno": "30391", "Stext": "자동차용 기타 신품 부품 제조업", "SStext": "자동차용 신품 조향장치 및 현가장치 제조업", "Mtext": "자동차 신품 부품 제조업", "Lno": "30", "ipc_main": "B60G-007/00", "Mno": "303", "country_code": "KR", "Sno": "3039", "LLtext": "제조업(10~34)", "documentId": "kr20000066455a", "application_number": "1020000066455", "Ltext": "자동차 및 트레일러 제조업", "keyword": "조향장치제조/현가장치제조휠/현가장치/전륜/직접입력/너클아암/장치/타이어/휠하우징/에이프런부", "document_type": "A"}, {"updateDate": "20220608", "LLno": "C", "SSno": "30391", "Stext": "자동차용 기타 신품 부품 제조업", "SStext": "자동차용 신품 조향장치 및 현가장치 제조업", "Mtext": "자동차 신품 부품 제조업", "Lno": "30", "ipc_main": "B62D-007/20", "Mno": "303", "country_code": "KR", "Sno": "3039", "LLtext": "제조업(10~34)", "documentId": "kr20010040308a", "application_number": "1020010040308", "Ltext": "자동차 및 트레일러 제조업", "keyword": "조향장치제조/타이로드제조/완충구조/타이로드/스티어링기어/핸들/장치/결합함/타측단/압축탄성슬리브", "document_type": "A"}, {"updateDate": "20220608", "LLno": "C", "SSno": "30391", "Stext": "자동차용 기타 신품 부품 제조업", "SStext": "자동차용 신품 조향장치 및 현가장치 제조업", "Mtext": "자동차 신품 부품 제조업", "Lno": "30", "ipc_main": "B60G-021/05", "Mno": "303", "country_code": "KR", "Sno": "3039", "LLtext": "제조업(10~34)", "documentId": "kr20010053516a", "application_number": "1020010053516", "Ltext": "자동차 및 트레일러 제조업", "keyword": "조향장치제조/현가장치제조휠/현가장치/토션비임/트레일링아암/볼록부/장치/휠지지/마운트/직선형", "document_type": "A"}, {"updateDate": "20220608", "LLno": "C", "SSno": "30391", "Stext": "자동차용 기타 신품 부품 제조업", "SStext": "자동차용 신품 조향장치 및 현가장치 제조업", "Mtext": "자동차 신품 부품 제조업", "Lno": "30", "ipc_main": "B62D-007/20", "Mno": "303", "country_code": "KR", "Sno": "3039", "LLtext": "제조업(10~34)", "documentId": "kr20020030819a", "application_number": "1020020030819", "Ltext": "자동차 및 트레일러 제조업", "keyword": "조향장치제조/타이로드제조/타이로드/조향링키지/체결홈/연결부위/장치/고정너트/풀림방지/보호구", "document_type": "A"}, {"updateDate": "20220608", "LLno": "C", "SSno": "30391", "Stext": "자동차용 기타 신품 부품 제조업", "SStext": "자동차용 신품 조향장치 및 현가장치 제조업", "Mtext": "자동차 신품 부품 제조업", "Lno": "30", "ipc_main": "B60G-021/04", "Mno": "303", "country_code": "KR", "Sno": "3039", "LLtext": "제조업(10~34)", "documentId": "kr20020035345a", "application_number": "1020020035345", "Ltext": "자동차 및 트레일러 제조업", "keyword": "조향장치제조/서스펜션쇼크옵소버제조/서스펜션/기능부가/안티롤/롤운동감쇄/장치/내륜측너클/선회외륜포함/각각연결", "document_type": "A"}, {"updateDate": "20220608", "LLno": "C", "SSno": "30391", "Stext": "자동차용 기타 신품 부품 제조업", "SStext": "자동차용 신품 조향장치 및 현가장치 제조업", "Mtext": "자동차 신품 부품 제조업", "Lno": "30", "ipc_main": "B60G-003/00", "Mno": "303", "country_code": "KR", "Sno": "3039", "LLtext": "제조업(10~34)", "documentId": "kr20020059747a", "application_number": "1020020059747", "Ltext": "자동차 및 트레일러 제조업", "keyword": "조향장치제조/현가장치제조휠/결합구조/조향너클/어퍼암/완충스토퍼/장치/결합구조/대향/개재", "document_type": "A"}, {"updateDate": "20220608", "LLno": "C", "SSno": "30391", "Stext": "자동차용 기타 신품 부품 제조업", "SStext": "자동차용 신품 조향장치 및 현가장치 제조업", "Mtext": "자동차 신품 부품 제조업", "Lno": "30", "ipc_main": "B60G-007/00", "Mno": "303", "country_code": "KR", "Sno": "3039", "LLtext": "제조업(10~34)", "documentId": "kr20020063180a", "application_number": "1020020063180", "Ltext": "자동차 및 트레일러 제조업", "keyword": "조향장치제조/현가장치제조휠/더스트커버/볼조인트/현가장치/보강테/장치/스터드부/윤활재충전/밀폐면", "document_type": "A"}, {"updateDate": "20220608", "LLno": "C", "SSno": "30391", "Stext": "자동차용 기타 신품 부품 제조업", "SStext": "자동차용 신품 조향장치 및 현가장치 제조업", "Mtext": "자동차 신품 부품 제조업", "Lno": "30", "ipc_main": "B60G-009/00", "Mno": "303", "country_code": "KR", "Sno": "3039", "LLtext": "제조업(10~34)", "documentId": "kr20020076382a", "application_number": "1020020076382", "Ltext": "자동차 및 트레일러 제조업", "keyword": "조향장치제조/현가장치제조휠/토션빔/현가장치용/왕복플레이트/안정된승차감/장치/타측면/삽입/왕복", "document_type": "A"}, {"updateDate": "20220608", "LLno": "C", "SSno": "30391", "Stext": "자동차용 기타 신품 부품 제조업", "SStext": "자동차용 신품 조향장치 및 현가장치 제조업", "Mtext": "자동차 신품 부품 제조업", "Lno": "30", "ipc_main": "B62D-001/06", "Mno": "303", "country_code": "KR", "Sno": "3039", "LLtext": "제조업(10~34)", "documentId": "kr20030018280y1", "application_number": "2020030018280", "Ltext": "자동차 및 트레일러 제조업", "keyword": "조향장치제조/핸들제조/핸들커버/조종/시간확인/수려함/장치/시계부착/상측/일부분", "document_type": "Y1"}, {"updateDate": "20220608", "LLno": "C", "SSno": "30391", "Stext": "자동차용 기타 신품 부품 제조업", "SStext": "자동차용 신품 조향장치 및 현가장치 제조업", "Mtext": "자동차 신품 부품 제조업", "Lno": "30", "ipc_main": "B60G-007/02", "Mno": "303", "country_code": "KR", "Sno": "3039", "LLtext": "제조업(10~34)", "documentId": "kr20030022330a", "application_number": "1020030022330", "Ltext": "자동차 및 트레일러 제조업", "keyword": "조향장치제조/현가장치제조휠/현가장치/맥퍼슨형/스트럿/탄성수단/장치/로어암/일측단고정/자유단", "document_type": "A"}, {"updateDate": "20220608", "LLno": "C", "SSno": "30391", "Stext": "자동차용 기타 신품 부품 제조업", "SStext": "자동차용 신품 조향장치 및 현가장치 제조업", "Mtext": "자동차 신품 부품 제조업", "Lno": "30", "ipc_main": "B62D-001/04", "Mno": "303", "country_code": "KR", "Sno": "3039", "LLtext": "제조업(10~34)", "documentId": "kr20030030024y1", "application_number": "2020030030024", "Ltext": "자동차 및 트레일러 제조업", "keyword": "조향장치제조/핸들제조/핸들보조봉/고정력/추가/음향효과/장치/조작봉부/다수기어/스프링홀", "document_type": "Y1"}, {"updateDate": "20220608", "LLno": "C", "SSno": "30391", "Stext": "자동차용 기타 신품 부품 제조업", "SStext": "자동차용 신품 조향장치 및 현가장치 제조업", "Mtext": "자동차 신품 부품 제조업", "Lno": "30", "ipc_main": "B62D-001/06", "Mno": "303", "country_code": "KR", "Sno": "3039", "LLtext": "제조업(10~34)", "documentId": "kr20030035444y1", "application_number": "2020030035444", "Ltext": "자동차 및 트레일러 제조업", "keyword": "조향장치제조/핸들제조/보조장치/핸들/자석식/베어링/장치/회전판/절편설계/회전부", "document_type": "Y1"}, {"updateDate": "20220608", "LLno": "C", "SSno": "30391", "Stext": "자동차용 기타 신품 부품 제조업", "SStext": "자동차용 신품 조향장치 및 현가장치 제조업", "Mtext": "자동차 신품 부품 제조업", "Lno": "30", "ipc_main": "F16F-009/32", "Mno": "303", "country_code": "KR", "Sno": "3039", "LLtext": "제조업(10~34)", "documentId": "kr20030035596a", "application_number": "1020030035596", "Ltext": "자동차 및 트레일러 제조업", "keyword": "조향장치제조/핸들제조/높이조절구/스프링시트높이/스트럿/조절가능/장치/쇽업소버/조절나사부/잠검너트", "document_type": "A"}, {"updateDate": "20220608", "LLno": "C", "SSno": "30391", "Stext": "자동차용 기타 신품 부품 제조업", "SStext": "자동차용 신품 조향장치 및 현가장치 제조업", "Mtext": "자동차 신품 부품 제조업", "Lno": "30", "ipc_main": "B62D-001/06", "Mno": "303", "country_code": "KR", "Sno": "3039", "LLtext": "제조업(10~34)", "documentId": "kr20030045508a", "application_number": "1020030045508", "Ltext": "자동차 및 트레일러 제조업", "keyword": "조향장치제조/핸들제조/핸들커버/착탈용이/단턱/십자수커버/장치/외주연/커버본체/통공", "document_type": "A"}, {"updateDate": "20220608", "LLno": "C", "SSno": "30391", "Stext": "자동차용 기타 신품 부품 제조업", "SStext": "자동차용 신품 조향장치 및 현가장치 제조업", "Mtext": "자동차 신품 부품 제조업", "Lno": "30", "ipc_main": "G05G-001/14", "Mno": "303", "country_code": "KR", "Sno": "3039", "LLtext": "제조업(10~34)", "documentId": "kr20030066836a", "application_number": "1020030066836", "Ltext": "자동차 및 트레일러 제조업", "keyword": "조향장치제조/브레이크페달제조/조정식/페달/플레이트/조정스크류/장치/축분리/브라켓/힌지부", "document_type": "A"}, {"updateDate": "20220608", "LLno": "C", "SSno": "30391", "Stext": "자동차용 기타 신품 부품 제조업", "SStext": "자동차용 신품 조향장치 및 현가장치 제조업", "Mtext": "자동차 신품 부품 제조업", "Lno": "30", "ipc_main": "B62D-006/00", "Mno": "303", "country_code": "KR", "Sno": "3039", "LLtext": "제조업(10~34)", "documentId": "kr20030070844a", "application_number": "1020030070844", "Ltext": "자동차 및 트레일러 제조업", "keyword": "조향장치제조/타이로드제조/스티어링/타이로드/액츄에이터/안전사고방지/장치/조향센서/가변수단/스티어링", "document_type": "A"}, {"updateDate": "20220608", "LLno": "C", "SSno": "30391", "Stext": "자동차용 기타 신품 부품 제조업", "SStext": "자동차용 신품 조향장치 및 현가장치 제조업", "Mtext": "자동차 신품 부품 제조업", "Lno": "30", "ipc_main": "B62D-017/00", "Mno": "303", "country_code": "KR", "Sno": "3039", "LLtext": "제조업(10~34)", "documentId": "kr20030083949a", "application_number": "1020030083949", "Ltext": "자동차 및 트레일러 제조업", "keyword": "조향장치제조/타이로드제조/조정장치/캠버각/전륜/타이로드/장치/너클/볼조인트/관통", "document_type": "A"}, {"updateDate": "20220608", "LLno": "C", "SSno": "30391", "Stext": "자동차용 기타 신품 부품 제조업", "SStext": "자동차용 신품 조향장치 및 현가장치 제조업", "Mtext": "자동차 신품 부품 제조업", "Lno": "30", "ipc_main": "B60G-015/06", "Mno": "303", "country_code": "KR", "Sno": "3039", "LLtext": "제조업(10~34)", "documentId": "kr20030092402b1", "application_number": "1020030092402", "Ltext": "자동차 및 트레일러 제조업", "keyword": "조향장치제조/현가장치제조휠/현가장치/스트럿형/맥퍼슨/안티다이브/장치/너클브라켓/너클삽입/신축부재", "document_type": "B1"}, {"updateDate": "20220608", "LLno": "C", "SSno": "30391", "Stext": "자동차용 기타 신품 부품 제조업", "SStext": "자동차용 신품 조향장치 및 현가장치 제조업", "Mtext": "자동차 신품 부품 제조업", "Lno": "30", "ipc_main": "B60G-017/00", "Mno": "303", "country_code": "KR", "Sno": "3039", "LLtext": "제조업(10~34)", "documentId": "kr20030096018a", "application_number": "1020030096018", "Ltext": "자동차 및 트레일러 제조업", "keyword": "조향장치제조/서스펜션쇼크옵소버제조/검출방법/초기위치/액츄에이터/링크들/장치/설정/이동/검사", "document_type": "A"}, {"updateDate": "20220608", "LLno": "C", "SSno": "30391", "Stext": "자동차용 기타 신품 부품 제조업", "SStext": "자동차용 신품 조향장치 및 현가장치 제조업", "Mtext": "자동차 신품 부품 제조업", "Lno": "30", "ipc_main": "B60G-009/04", "Mno": "303", "country_code": "KR", "Sno": "3039", "LLtext": "제조업(10~34)", "documentId": "kr20040018349a", "application_number": "1020040018349", "Ltext": "자동차 및 트레일러 제조업", "keyword": "조향장치제조/현가장치제조휠/리어현가장치/트레일링아암부시/스프링브라켓트/굴곡부/장치/토션비임액슬/너클브라켓트/용접결합", "document_type": "A"}, {"updateDate": "20220608", "LLno": "C", "SSno": "30391", "Stext": "자동차용 기타 신품 부품 제조업", "SStext": "자동차용 신품 조향장치 및 현가장치 제조업", "Mtext": "자동차 신품 부품 제조업", "Lno": "30", "ipc_main": "G05G-001/18", "Mno": "303", "country_code": "KR", "Sno": "3039", "LLtext": "제조업(10~34)", "documentId": "kr20040055861b1", "application_number": "1020040055861", "Ltext": "자동차 및 트레일러 제조업", "keyword": "조향장치제조/브레이크페달제조/발판/페달/악취제거/플레이트/장치/끼움홈/구멍/발광부재", "document_type": "B1"}, {"updateDate": "20220608", "LLno": "C", "SSno": "30391", "Stext": "자동차용 기타 신품 부품 제조업", "SStext": "자동차용 신품 조향장치 및 현가장치 제조업", "Mtext": "자동차 신품 부품 제조업", "Lno": "30", "ipc_main": "B62D-007/20", "Mno": "303", "country_code": "KR", "Sno": "3039", "LLtext": "제조업(10~34)", "documentId": "kr20040070197a", "application_number": "1020040070197", "Ltext": "자동차 및 트레일러 제조업", "keyword": "조향장치제조/타이로드제조/위치조절장치/타이로드/조향링크기구/볼스터드/장치/조향너클/삽입홀/위치조절콘", "document_type": "A"}, {"updateDate": "20220608", "LLno": "C", "SSno": "30391", "Stext": "자동차용 기타 신품 부품 제조업", "SStext": "자동차용 신품 조향장치 및 현가장치 제조업", "Mtext": "자동차 신품 부품 제조업", "Lno": "30", "ipc_main": "G05G-001/14", "Mno": "303", "country_code": "KR", "Sno": "3039", "LLtext": "제조업(10~34)", "documentId": "kr20040072544a", "application_number": "1020040072544", "Ltext": "자동차 및 트레일러 제조업", "keyword": "조향장치제조/브레이크페달제조/페달구조/페달아암/회전가능/삽입핀/장치/힌지장착/보조페달아암/고정형성", "document_type": "A"}, {"updateDate": "20220608", "LLno": "C", "SSno": "30391", "Stext": "자동차용 기타 신품 부품 제조업", "SStext": "자동차용 신품 조향장치 및 현가장치 제조업", "Mtext": "자동차 신품 부품 제조업", "Lno": "30", "ipc_main": "B62D-003/12", "Mno": "303", "country_code": "KR", "Sno": "3039", "LLtext": "제조업(10~34)", "documentId": "kr20040081173a", "application_number": "1020040081173", "Ltext": "자동차 및 트레일러 제조업", "keyword": "조향장치제조/핸들제조/방지구조/충격음/조타시/러버재질/장치/피니언기어/볼하우징/부싱", "document_type": "A"}, {"updateDate": "20220608", "LLno": "C", "SSno": "30391", "Stext": "자동차용 기타 신품 부품 제조업", "SStext": "자동차용 신품 조향장치 및 현가장치 제조업", "Mtext": "자동차 신품 부품 제조업", "Lno": "30", "ipc_main": "B62D-007/20", "Mno": "303", "country_code": "KR", "Sno": "3039", "LLtext": "제조업(10~34)", "documentId": "kr20040088627b1", "application_number": "1020040088627", "Ltext": "자동차 및 트레일러 제조업", "keyword": "조향장치제조/타이로드제조/조향장치/핀조인트/볼조인트/가이드부/장치/래크/체결/가이드홈", "document_type": "B1"}, {"updateDate": "20220608", "LLno": "C", "SSno": "30391", "Stext": "자동차용 기타 신품 부품 제조업", "SStext": "자동차용 신품 조향장치 및 현가장치 제조업", "Mtext": "자동차 신품 부품 제조업", "Lno": "30", "ipc_main": "B60G-003/18", "Mno": "303", "country_code": "KR", "Sno": "3039", "LLtext": "제조업(10~34)", "documentId": "kr20040109244a", "application_number": "1020040109244", "Ltext": "자동차 및 트레일러 제조업", "keyword": "조향장치제조/핸들제조/현가장치/더블/원시본/공간확보/장치/조향너클/체결/리볼루트", "document_type": "A"}, {"updateDate": "20220608", "LLno": "C", "SSno": "30391", "Stext": "자동차용 기타 신품 부품 제조업", "SStext": "자동차용 신품 조향장치 및 현가장치 제조업", "Mtext": "자동차 신품 부품 제조업", "Lno": "30", "ipc_main": "B60G-011/14", "Mno": "303", "country_code": "KR", "Sno": "3039", "LLtext": "제조업(10~34)", "documentId": "kr20050010534a", "application_number": "1020050010534", "Ltext": "자동차 및 트레일러 제조업", "keyword": "조향장치제조/현가장치제조휠/현가장치/코일스프링/측부위치/팽창돌출/장치/투영면상/코일와이어/외측연장", "document_type": "A"}, {"updateDate": "20220608", "LLno": "C", "SSno": "30391", "Stext": "자동차용 기타 신품 부품 제조업", "SStext": "자동차용 신품 조향장치 및 현가장치 제조업", "Mtext": "자동차 신품 부품 제조업", "Lno": "30", "ipc_main": "B62D-007/14", "Mno": "303", "country_code": "KR", "Sno": "3039", "LLtext": "제조업(10~34)", "documentId": "kr20050010970y1", "application_number": "2020050010970", "Ltext": "자동차 및 트레일러 제조업", "keyword": "조향장치제조/브레이크페달제조/조향방지장치/자동조향액슬/후미흔들림방지/에어백/장치/고정결합/제어부/요동암", "document_type": "Y1"}, {"updateDate": "20220608", "LLno": "C", "SSno": "30391", "Stext": "자동차용 기타 신품 부품 제조업", "SStext": "자동차용 신품 조향장치 및 현가장치 제조업", "Mtext": "자동차 신품 부품 제조업", "Lno": "30", "ipc_main": "G05G-001/14", "Mno": "303", "country_code": "KR", "Sno": "3039", "LLtext": "제조업(10~34)", "documentId": "kr20050031283y1", "application_number": "2020050031283", "Ltext": "자동차 및 트레일러 제조업", "keyword": "조향장치제조/클러치페달제조/안전판/페달/연결판/끼움홈/장치/슬라이딩부재/끼움돌기/고정볼트", "document_type": "Y1"}, {"updateDate": "20220608", "LLno": "C", "SSno": "30391", "Stext": "자동차용 기타 신품 부품 제조업", "SStext": "자동차용 신품 조향장치 및 현가장치 제조업", "Mtext": "자동차 신품 부품 제조업", "Lno": "30", "ipc_main": "B62D-001/06", "Mno": "303", "country_code": "KR", "Sno": "3039", "LLtext": "제조업(10~34)", "documentId": "kr20050034877y1", "application_number": "2020050034877", "Ltext": "자동차 및 트레일러 제조업", "keyword": "조향장치제조/핸들제조/히팅장치/차량핸들/열판/열손실/장치/히팅코일/배터리/시거잭", "document_type": "Y1"}, {"updateDate": "20220608", "LLno": "C", "SSno": "30391", "Stext": "자동차용 기타 신품 부품 제조업", "SStext": "자동차용 신품 조향장치 및 현가장치 제조업", "Mtext": "자동차 신품 부품 제조업", "Lno": "30", "ipc_main": "B60G-009/04", "Mno": "303", "country_code": "KR", "Sno": "3039", "LLtext": "제조업(10~34)", "documentId": "kr20050068847a", "application_number": "1020050068847", "Ltext": "자동차 및 트레일러 제조업", "keyword": "조향장치제조/서스펜션쇼크옵소버제조/토션빔/서스펜션/후륜장착/튜브타입/장치/형성/용접결합/인입", "document_type": "A"}, {"updateDate": "20220608", "LLno": "C", "SSno": "30391", "Stext": "자동차용 기타 신품 부품 제조업", "SStext": "자동차용 신품 조향장치 및 현가장치 제조업", "Mtext": "자동차 신품 부품 제조업", "Lno": "30", "ipc_main": "B60Q-005/00", "Mno": "303", "country_code": "KR", "Sno": "3039", "LLtext": "제조업(10~34)", "documentId": "kr20050079980a", "application_number": "1020050079980", "Ltext": "자동차 및 트레일러 제조업", "keyword": "조향장치제조/핸들제조/구조/접점/혼/원가절감/장치/스티어링컬럼/커넥터/결합돌기", "document_type": "A"}, {"updateDate": "20220608", "LLno": "C", "SSno": "30391", "Stext": "자동차용 기타 신품 부품 제조업", "SStext": "자동차용 신품 조향장치 및 현가장치 제조업", "Mtext": "자동차 신품 부품 제조업", "Lno": "30", "ipc_main": "F16F-001/12", "Mno": "303", "country_code": "KR", "Sno": "3039", "LLtext": "제조업(10~34)", "documentId": "kr20050081856a", "application_number": "1020050081856", "Ltext": "자동차 및 트레일러 제조업", "keyword": "조향장치제조/자동차용완충기제조/완충기/코일스프링용/압축력/충격완환/장치/원통형/원통홈/관통공", "document_type": "A"}, {"updateDate": "20220608", "LLno": "C", "SSno": "30391", "Stext": "자동차용 기타 신품 부품 제조업", "SStext": "자동차용 신품 조향장치 및 현가장치 제조업", "Mtext": "자동차 신품 부품 제조업", "Lno": "30", "ipc_main": "B60G-007/00", "Mno": "303", "country_code": "KR", "Sno": "3039", "LLtext": "제조업(10~34)", "documentId": "kr20050098645a", "application_number": "1020050098645", "Ltext": "자동차 및 트레일러 제조업", "keyword": "조향장치제조/서스펜션쇼크옵소버제조/볼조인트/서스펜션/너클결합/윤활작용/장치/볼조인트/케이스/로워암", "document_type": "A"}, {"updateDate": "20220608", "LLno": "C", "SSno": "30391", "Stext": "자동차용 기타 신품 부품 제조업", "SStext": "자동차용 신품 조향장치 및 현가장치 제조업", "Mtext": "자동차 신품 부품 제조업", "Lno": "30", "ipc_main": "B60G-003/18", "Mno": "303", "country_code": "KR", "Sno": "3039", "LLtext": "제조업(10~34)", "documentId": "kr20050118365a", "application_number": "1020050118365", "Ltext": "자동차 및 트레일러 제조업", "keyword": "조향장치제조/현가장치제조휠/현가장치/롤센터/휠트레드/차체측/장치/로워컨트롤아암/힌지연결/회동", "document_type": "A"}, {"updateDate": "20220608", "LLno": "C", "SSno": "30391", "Stext": "자동차용 기타 신품 부품 제조업", "SStext": "자동차용 신품 조향장치 및 현가장치 제조업", "Mtext": "자동차 신품 부품 제조업", "Lno": "30", "ipc_main": "B60G-007/02", "Mno": "303", "country_code": "KR", "Sno": "3039", "LLtext": "제조업(10~34)", "documentId": "kr20050119735a", "application_number": "1020050119735", "Ltext": "자동차 및 트레일러 제조업", "keyword": "조향장치제조/서스펜션쇼크옵소버제조/서스펜션/토우변화/로워아암/크로스바/장치/어퍼아암/너클연결/수직링크", "document_type": "A"}, {"updateDate": "20220608", "LLno": "C", "SSno": "30391", "Stext": "자동차용 기타 신품 부품 제조업", "SStext": "자동차용 신품 조향장치 및 현가장치 제조업", "Mtext": "자동차 신품 부품 제조업", "Lno": "30", "ipc_main": "G05G-001/14", "Mno": "303", "country_code": "KR", "Sno": "3039", "LLtext": "제조업(10~34)", "documentId": "kr20050121260b1", "application_number": "1020050121260", "Ltext": "자동차 및 트레일러 제조업", "keyword": "조향장치제조/브레이크페달제조/페달장치/각도조절식/답입패드/힌지점/장치/마운팅브라켓/각도조절기구/매개결합", "document_type": "B1"}, {"updateDate": "20220608", "LLno": "C", "SSno": "30391", "Stext": "자동차용 기타 신품 부품 제조업", "SStext": "자동차용 신품 조향장치 및 현가장치 제조업", "Mtext": "자동차 신품 부품 제조업", "Lno": "30", "ipc_main": "B60G-011/14", "Mno": "303", "country_code": "KR", "Sno": "3039", "LLtext": "제조업(10~34)", "documentId": "kr20060006721y1", "application_number": "2020060006721", "Ltext": "자동차 및 트레일러 제조업", "keyword": "조향장치제조/현가장치제조휠/장착구/코일스프링/삽입부/결합수단/장치/단부/지지/형성", "document_type": "Y1"}, {"updateDate": "20220608", "LLno": "C", "SSno": "30391", "Stext": "자동차용 기타 신품 부품 제조업", "SStext": "자동차용 신품 조향장치 및 현가장치 제조업", "Mtext": "자동차 신품 부품 제조업", "Lno": "30", "ipc_main": "B60G-015/06", "Mno": "303", "country_code": "KR", "Sno": "3039", "LLtext": "제조업(10~34)", "documentId": "kr20060011064a", "application_number": "1020060011064", "Ltext": "자동차 및 트레일러 제조업", "keyword": "조향장치제조/현가장치제조휠/현가장치/스트러트형/맥퍼슨/너클커넥터/장치/결합/통공형성/개구부형성", "document_type": "A"}, {"updateDate": "20220608", "LLno": "C", "SSno": "30391", "Stext": "자동차용 기타 신품 부품 제조업", "SStext": "자동차용 신품 조향장치 및 현가장치 제조업", "Mtext": "자동차 신품 부품 제조업", "Lno": "30", "ipc_main": "B60G-015/06", "Mno": "303", "country_code": "KR", "Sno": "3039", "LLtext": "제조업(10~34)", "documentId": "kr20060034985a", "application_number": "1020060034985", "Ltext": "자동차 및 트레일러 제조업", "keyword": "조향장치제조/서스펜션쇼크옵소버제조/결합구조/너클/스트럿/서스펜션/장치/합치/피봇결합/마운팅지점", "document_type": "A"}, {"updateDate": "20220608", "LLno": "C", "SSno": "30391", "Stext": "자동차용 기타 신품 부품 제조업", "SStext": "자동차용 신품 조향장치 및 현가장치 제조업", "Mtext": "자동차 신품 부품 제조업", "Lno": "30", "ipc_main": "B62D-001/04", "Mno": "303", "country_code": "KR", "Sno": "3039", "LLtext": "제조업(10~34)", "documentId": "kr20060078929a", "application_number": "1020060078929", "Ltext": "자동차 및 트레일러 제조업", "keyword": "조향장치제조/핸들제조/어셈블리/휠/스티어링/회전력/장치/조향칼럼/허브/스포크", "document_type": "A"}, {"updateDate": "20220608", "LLno": "C", "SSno": "30391", "Stext": "자동차용 기타 신품 부품 제조업", "SStext": "자동차용 신품 조향장치 및 현가장치 제조업", "Mtext": "자동차 신품 부품 제조업", "Lno": "30", "ipc_main": "B60G-007/04", "Mno": "303", "country_code": "KR", "Sno": "3039", "LLtext": "제조업(10~34)", "documentId": "kr20060126536a", "application_number": "1020060126536", "Ltext": "자동차 및 트레일러 제조업", "keyword": "조향장치제조/현가장치제조휠/현가장치/트레일링암/범퍼스토퍼/회전방지/장치/스프링스트/하부지지/홈부포함", "document_type": "A"}, {"updateDate": "20220608", "LLno": "C", "SSno": "30391", "Stext": "자동차용 기타 신품 부품 제조업", "SStext": "자동차용 신품 조향장치 및 현가장치 제조업", "Mtext": "자동차 신품 부품 제조업", "Lno": "30", "ipc_main": "B62D-007/16", "Mno": "303", "country_code": "KR", "Sno": "3039", "LLtext": "제조업(10~34)", "documentId": "kr20060132604b1", "application_number": "1020060132604", "Ltext": "자동차 및 트레일러 제조업", "keyword": "조향장치제조/타이로드제조/조향장치/볼시트/포함/처짐방지기능/장치/결합/돌출부/반구형", "document_type": "B1"}, {"updateDate": "20220608", "LLno": "C", "SSno": "30391", "Stext": "자동차용 기타 신품 부품 제조업", "SStext": "자동차용 신품 조향장치 및 현가장치 제조업", "Mtext": "자동차 신품 부품 제조업", "Lno": "30", "ipc_main": "B60G-017/052", "Mno": "303", "country_code": "KR", "Sno": "3039", "LLtext": "제조업(10~34)", "documentId": "kr20070000601b1", "application_number": "1020070000601", "Ltext": "자동차 및 트레일러 제조업", "keyword": "조향장치제조/서스펜션쇼크옵소버제조/현가장치/공기/프레임연결/크로스로드/장치/설치/공기스프링/타단", "document_type": "B1"}, {"updateDate": "20220608", "LLno": "C", "SSno": "30391", "Stext": "자동차용 기타 신품 부품 제조업", "SStext": "자동차용 신품 조향장치 및 현가장치 제조업", "Mtext": "자동차 신품 부품 제조업", "Lno": "30", "ipc_main": "B60G-007/04", "Mno": "303", "country_code": "KR", "Sno": "3039", "LLtext": "제조업(10~34)", "documentId": "kr20070002917y1", "application_number": "2020070002917", "Ltext": "자동차 및 트레일러 제조업", "keyword": "조향장치제조/자동차용완충기제조/완충기/코일스프링용/외측절개부/수직하중/장치/링형상/스프링안착공/외측절개부", "document_type": "Y1"}, {"updateDate": "20220608", "LLno": "C", "SSno": "30391", "Stext": "자동차용 기타 신품 부품 제조업", "SStext": "자동차용 신품 조향장치 및 현가장치 제조업", "Mtext": "자동차 신품 부품 제조업", "Lno": "30", "ipc_main": "G05G-001/08", "Mno": "303", "country_code": "KR", "Sno": "3039", "LLtext": "제조업(10~34)", "documentId": "kr20070005398a", "application_number": "1020070005398", "Ltext": "자동차 및 트레일러 제조업", "keyword": "조향장치제조/브레이크페달제조/조정기/다이얼/브레이크페달/휠유니트/장치/릴포함/릴권취/연결부재", "document_type": "A"}, {"updateDate": "20220608", "LLno": "C", "SSno": "30391", "Stext": "자동차용 기타 신품 부품 제조업", "SStext": "자동차용 신품 조향장치 및 현가장치 제조업", "Mtext": "자동차 신품 부품 제조업", "Lno": "30", "ipc_main": "B62D-001/04", "Mno": "303", "country_code": "KR", "Sno": "3039", "LLtext": "제조업(10~34)", "documentId": "kr20070019045y1", "application_number": "2020070019045", "Ltext": "자동차 및 트레일러 제조업", "keyword": "조향장치제조/핸들제조/핸들커버/일체결합/보조핸들/스티어링휠/장치/손바닥밀착부/하우징/축핀", "document_type": "Y1"}, {"updateDate": "20220608", "LLno": "C", "SSno": "30391", "Stext": "자동차용 기타 신품 부품 제조업", "SStext": "자동차용 신품 조향장치 및 현가장치 제조업", "Mtext": "자동차 신품 부품 제조업", "Lno": "30", "ipc_main": "B62D-001/19", "Mno": "303", "country_code": "KR", "Sno": "3039", "LLtext": "제조업(10~34)", "documentId": "kr20070025028b1", "application_number": "1020070025028", "Ltext": "자동차 및 트레일러 제조업", "keyword": "조향장치제조/핸들제조/구조/충격흡수/스티어링컬럼/재료비절감/장치/로워자켓/어퍼자켓/서포트볼트", "document_type": "B1"}, {"updateDate": "20220608", "LLno": "C", "SSno": "30391", "Stext": "자동차용 기타 신품 부품 제조업", "SStext": "자동차용 신품 조향장치 및 현가장치 제조업", "Mtext": "자동차 신품 부품 제조업", "Lno": "30", "ipc_main": "B62D-005/04", "Mno": "303", "country_code": "KR", "Sno": "3039", "LLtext": "제조업(10~34)", "documentId": "kr20070059756b1", "application_number": "1020070059756", "Ltext": "자동차 및 트레일러 제조업", "keyword": "조향장치제조/핸들제조/연결구조/웜샤프트/전동조향장치/치외경/장치/측부모터/베어링/원통형커플러", "document_type": "B1"}, {"updateDate": "20220608", "LLno": "C", "SSno": "30391", "Stext": "자동차용 기타 신품 부품 제조업", "SStext": "자동차용 신품 조향장치 및 현가장치 제조업", "Mtext": "자동차 신품 부품 제조업", "Lno": "30", "ipc_main": "B62D-001/06", "Mno": "303", "country_code": "KR", "Sno": "3039", "LLtext": "제조업(10~34)", "documentId": "kr20070062119a", "application_number": "1020070062119", "Ltext": "자동차 및 트레일러 제조업", "keyword": "조향장치제조/핸들제조/핸들커버/온열/전기장치/전기열선/장치/배터리/시거잭/전선", "document_type": "A"}, {"updateDate": "20220608", "LLno": "C", "SSno": "30391", "Stext": "자동차용 기타 신품 부품 제조업", "SStext": "자동차용 신품 조향장치 및 현가장치 제조업", "Mtext": "자동차 신품 부품 제조업", "Lno": "30", "ipc_main": "B60G-007/00", "Mno": "303", "country_code": "KR", "Sno": "3039", "LLtext": "제조업(10~34)", "documentId": "kr20070070852a", "application_number": "1020070070852", "Ltext": "자동차 및 트레일러 제조업", "keyword": "조향장치제조/현가장치제조휠/인서트/현가장치용/결합/장착홀부/장치/볼스터드/캐리어/연장부", "document_type": "A"}, {"updateDate": "20220608", "LLno": "C", "SSno": "30391", "Stext": "자동차용 기타 신품 부품 제조업", "SStext": "자동차용 신품 조향장치 및 현가장치 제조업", "Mtext": "자동차 신품 부품 제조업", "Lno": "30", "ipc_main": "B60G-021/05", "Mno": "303", "country_code": "KR", "Sno": "3039", "LLtext": "제조업(10~34)", "documentId": "kr20070093499b1", "application_number": "1020070093499", "Ltext": "자동차 및 트레일러 제조업", "keyword": "조향장치제조/현가장치제조휠/수평유지장치/연동수단/충격완화/회전력/장치/상하왕복/너클부/콘트롤암", "document_type": "B1"}, {"updateDate": "20220608", "LLno": "C", "SSno": "30391", "Stext": "자동차용 기타 신품 부품 제조업", "SStext": "자동차용 신품 조향장치 및 현가장치 제조업", "Mtext": "자동차 신품 부품 제조업", "Lno": "30", "ipc_main": "B62D-006/00", "Mno": "303", "country_code": "KR", "Sno": "3039", "LLtext": "제조업(10~34)", "documentId": "kr20070098364b1", "application_number": "1020070098364", "Ltext": "자동차 및 트레일러 제조업", "keyword": "조향장치제조/핸들제조/조향각제어장치/스티어링휠/회전축/가이드홈/장치/원주방향/중첩/회전체", "document_type": "B1"}, {"updateDate": "20220608", "LLno": "C", "SSno": "30391", "Stext": "자동차용 기타 신품 부품 제조업", "SStext": "자동차용 신품 조향장치 및 현가장치 제조업", "Mtext": "자동차 신품 부품 제조업", "Lno": "30", "ipc_main": "B62D-006/02", "Mno": "303", "country_code": "KR", "Sno": "3039", "LLtext": "제조업(10~34)", "documentId": "kr20070099149a", "application_number": "1020070099149", "Ltext": "자동차 및 트레일러 제조업", "keyword": "조향장치제조/핸들제조/조향력변화장치/속도감응/락구조/이용/장치/샤프트/락바/고정링", "document_type": "A"}, {"updateDate": "20220608", "LLno": "C", "SSno": "30391", "Stext": "자동차용 기타 신품 부품 제조업", "SStext": "자동차용 신품 조향장치 및 현가장치 제조업", "Mtext": "자동차 신품 부품 제조업", "Lno": "30", "ipc_main": "B62D-007/20", "Mno": "303", "country_code": "KR", "Sno": "3039", "LLtext": "제조업(10~34)", "documentId": "kr20070099151b1", "application_number": "1020070099151", "Ltext": "자동차 및 트레일러 제조업", "keyword": "조향장치제조/핸들제조/타이로드/스플라인/고정결합/결합부/장치/앤드조립체/조정볼트/고정공", "document_type": "B1"}, {"updateDate": "20220608", "LLno": "C", "SSno": "30391", "Stext": "자동차용 기타 신품 부품 제조업", "SStext": "자동차용 신품 조향장치 및 현가장치 제조업", "Mtext": "자동차 신품 부품 제조업", "Lno": "30", "ipc_main": "B62D-007/20", "Mno": "303", "country_code": "KR", "Sno": "3039", "LLtext": "제조업(10~34)", "documentId": "kr20070109593b1", "application_number": "1020070109593", "Ltext": "자동차 및 트레일러 제조업", "keyword": "조향장치제조/핸들제조/타이로드/결합공/체결/외주면/장치/로드/끝단/고정결합", "document_type": "B1"}, {"updateDate": "20220608", "LLno": "C", "SSno": "30391", "Stext": "자동차용 기타 신품 부품 제조업", "SStext": "자동차용 신품 조향장치 및 현가장치 제조업", "Mtext": "자동차 신품 부품 제조업", "Lno": "30", "ipc_main": "B62D-001/04", "Mno": "303", "country_code": "KR", "Sno": "3039", "LLtext": "제조업(10~34)", "documentId": "kr20070109595a", "application_number": "1020070109595", "Ltext": "자동차 및 트레일러 제조업", "keyword": "조향장치제조/핸들제조/보조핸들/시티어링휠/돌기결합/회전모우먼트/장치/결합형성/가이드돌기/연결부", "document_type": "A"}, {"updateDate": "20220608", "LLno": "C", "SSno": "30391", "Stext": "자동차용 기타 신품 부품 제조업", "SStext": "자동차용 신품 조향장치 및 현가장치 제조업", "Mtext": "자동차 신품 부품 제조업", "Lno": "30", "ipc_main": "B60B-035/18", "Mno": "303", "country_code": "KR", "Sno": "3039", "LLtext": "제조업(10~34)", "documentId": "kr20070131352a", "application_number": "1020070131352", "Ltext": "자동차 및 트레일러 제조업", "keyword": "조향장치제조/서스펜션쇼크옵소버제조/방지장치/이물질유입/허브베어링/너클/장치/조향기능/관통공/고무링", "document_type": "A"}, {"updateDate": "20220608", "LLno": "C", "SSno": "30391", "Stext": "자동차용 기타 신품 부품 제조업", "SStext": "자동차용 신품 조향장치 및 현가장치 제조업", "Mtext": "자동차 신품 부품 제조업", "Lno": "30", "ipc_main": "B62D-065/06", "Mno": "303", "country_code": "KR", "Sno": "3039", "LLtext": "제조업(10~34)", "documentId": "kr20080017041b1", "application_number": "1020080017041", "Ltext": "자동차 및 트레일러 제조업", "keyword": "조향장치제조/핸들제조/조립시스템/핸들/인사이드/클램프/장치/코일스프링/테이블/정렬수단", "document_type": "B1"}, {"updateDate": "20220608", "LLno": "C", "SSno": "30391", "Stext": "자동차용 기타 신품 부품 제조업", "SStext": "자동차용 신품 조향장치 및 현가장치 제조업", "Mtext": "자동차 신품 부품 제조업", "Lno": "30", "ipc_main": "B60G-009/02", "Mno": "303", "country_code": "KR", "Sno": "3039", "LLtext": "제조업(10~34)", "documentId": "kr20080026101b1", "application_number": "1020080026101", "Ltext": "자동차 및 트레일러 제조업", "keyword": "조향장치제조/서스펜션쇼크옵소버제조/서스펜션/위치검출/기구/작동/장치/변경부/검출부/제어부", "document_type": "B1"}, {"updateDate": "20220608", "LLno": "C", "SSno": "30391", "Stext": "자동차용 기타 신품 부품 제조업", "SStext": "자동차용 신품 조향장치 및 현가장치 제조업", "Mtext": "자동차 신품 부품 제조업", "Lno": "30", "ipc_main": "B60G-015/06", "Mno": "303", "country_code": "KR", "Sno": "3039", "LLtext": "제조업(10~34)", "documentId": "kr20080047255a", "application_number": "1020080047255", "Ltext": "자동차 및 트레일러 제조업", "keyword": "조향장치제조/현가장치제조휠/현가장치/스트러트/쇽업소오버/하중축선변화/장치/휠캐리어/컨트롤아암/컨트롤유닛", "document_type": "A"}, {"updateDate": "20220608", "LLno": "C", "SSno": "30391", "Stext": "자동차용 기타 신품 부품 제조업", "SStext": "자동차용 신품 조향장치 및 현가장치 제조업", "Mtext": "자동차 신품 부품 제조업", "Lno": "30", "ipc_main": "B62D-001/185", "Mno": "303", "country_code": "KR", "Sno": "3039", "LLtext": "제조업(10~34)", "documentId": "kr20080075949a", "application_number": "1020080075949", "Ltext": "자동차 및 트레일러 제조업", "keyword": "조향장치제조/타이로드제조/조절장치/길이위상/3차원조절/길이조절부/장치/차륜/링크/결합길이", "document_type": "A"}, {"updateDate": "20220608", "LLno": "C", "SSno": "30391", "Stext": "자동차용 기타 신품 부품 제조업", "SStext": "자동차용 신품 조향장치 및 현가장치 제조업", "Mtext": "자동차 신품 부품 제조업", "Lno": "30", "ipc_main": "B60G-007/02", "Mno": "303", "country_code": "KR", "Sno": "3039", "LLtext": "제조업(10~34)", "documentId": "kr20080098055b1", "application_number": "1020080098055", "Ltext": "자동차 및 트레일러 제조업", "keyword": "조향장치제조/타이로드제조/링키지/조향/핸들링/회전가능/장치/아암/아암보스/일체연장", "document_type": "B1"}, {"updateDate": "20220608", "LLno": "C", "SSno": "30391", "Stext": "자동차용 기타 신품 부품 제조업", "SStext": "자동차용 신품 조향장치 및 현가장치 제조업", "Mtext": "자동차 신품 부품 제조업", "Lno": "30", "ipc_main": "B60G-007/02", "Mno": "303", "country_code": "KR", "Sno": "3039", "LLtext": "제조업(10~34)", "documentId": "kr20080120110b1", "application_number": "1020080120110", "Ltext": "자동차 및 트레일러 제조업", "keyword": "조향장치제조/현가장치제조휠/마운트유닛/스핀들/현가장치/액슬타입/장치/스핀들/토션빔/파이프너트", "document_type": "B1"}, {"updateDate": "20220608", "LLno": "C", "SSno": "30391", "Stext": "자동차용 기타 신품 부품 제조업", "SStext": "자동차용 신품 조향장치 및 현가장치 제조업", "Mtext": "자동차 신품 부품 제조업", "Lno": "30", "ipc_main": "B60G-011/02", "Mno": "303", "country_code": "KR", "Sno": "3039", "LLtext": "제조업(10~34)", "documentId": "kr20080121958a", "application_number": "1020080121958", "Ltext": "자동차 및 트레일러 제조업", "keyword": "조향장치제조/브레이크페달제조/연결구조/너클아암/드래그링크/브레이크/장치/연결/수용/하방위치", "document_type": "A"}, {"updateDate": "20220608", "LLno": "C", "SSno": "30391", "Stext": "자동차용 기타 신품 부품 제조업", "SStext": "자동차용 신품 조향장치 및 현가장치 제조업", "Mtext": "자동차 신품 부품 제조업", "Lno": "30", "ipc_main": "B62D-001/11", "Mno": "303", "country_code": "KR", "Sno": "3039", "LLtext": "제조업(10~34)", "documentId": "kr20080123883b1", "application_number": "1020080123883", "Ltext": "자동차 및 트레일러 제조업", "keyword": "조향장치제조/핸들제조/충격흡수장치/스티어링칼럼/충격흡수/차체체결/장치/마운팅브래킷/가이드홈/변형유도홀", "document_type": "B1"}, {"updateDate": "20220608", "LLno": "C", "SSno": "30391", "Stext": "자동차용 기타 신품 부품 제조업", "SStext": "자동차용 신품 조향장치 및 현가장치 제조업", "Mtext": "자동차 신품 부품 제조업", "Lno": "30", "ipc_main": "B62D-001/11", "Mno": "303", "country_code": "KR", "Sno": "3039", "LLtext": "제조업(10~34)", "documentId": "kr20080137699a", "application_number": "1020080137699", "Ltext": "자동차 및 트레일러 제조업", "keyword": "조향장치제조/핸들제조/조향샤프트/충격흡수장치/하부축/스티어링휠/장치/상부축/커넥팅홀더/인장스프링", "document_type": "A"}, {"updateDate": "20220608", "LLno": "C", "SSno": "30391", "Stext": "자동차용 기타 신품 부품 제조업", "SStext": "자동차용 신품 조향장치 및 현가장치 제조업", "Mtext": "자동차 신품 부품 제조업", "Lno": "30", "ipc_main": "B60B-027/00", "Mno": "303", "country_code": "KR", "Sno": "3039", "LLtext": "제조업(10~34)", "documentId": "kr20087029602a", "application_number": "1020087029602", "Ltext": "자동차 및 트레일러 제조업", "keyword": "조향장치제조/핸들제조/제조방법/연결구조체/휠캐리어/구름베어링/장치/휠캐리어/동축성/성형품", "document_type": "A"}, {"updateDate": "20220608", "LLno": "C", "SSno": "30391", "Stext": "자동차용 기타 신품 부품 제조업", "SStext": "자동차용 신품 조향장치 및 현가장치 제조업", "Mtext": "자동차 신품 부품 제조업", "Lno": "30", "ipc_main": "B62D-005/07", "Mno": "303", "country_code": "KR", "Sno": "3039", "LLtext": "제조업(10~34)", "documentId": "kr20090011750a", "application_number": "1020090011750", "Ltext": "자동차 및 트레일러 제조업", "keyword": "조향장치제조/핸들제조/조향장치/동력보조/유압식/노이즈저감/장치/피니언밸브/유압식/분리형성", "document_type": "A"}, {"updateDate": "20220608", "LLno": "C", "SSno": "30391", "Stext": "자동차용 기타 신품 부품 제조업", "SStext": "자동차용 신품 조향장치 및 현가장치 제조업", "Mtext": "자동차 신품 부품 제조업", "Lno": "30", "ipc_main": "B62D-001/06", "Mno": "303", "country_code": "KR", "Sno": "3039", "LLtext": "제조업(10~34)", "documentId": "kr20090016074a", "application_number": "1020090016074", "Ltext": "자동차 및 트레일러 제조업", "keyword": "조향장치제조/핸들제조/핸들카바/분리형/만곡/비용저렴/장치/절개/원통분리/대향", "document_type": "A"}, {"updateDate": "20220608", "LLno": "C", "SSno": "30391", "Stext": "자동차용 기타 신품 부품 제조업", "SStext": "자동차용 신품 조향장치 및 현가장치 제조업", "Mtext": "자동차 신품 부품 제조업", "Lno": "30", "ipc_main": "B60G-007/00", "Mno": "303", "country_code": "KR", "Sno": "3039", "LLtext": "제조업(10~34)", "documentId": "kr20090040144b1", "application_number": "1020090040144", "Ltext": "자동차 및 트레일러 제조업", "keyword": "조향장치제조/서스펜션쇼크옵소버제조/볼조인트/서스펜션/자동헤드램프/볼지지부재/장치/볼스터드/하우징/이탈방지", "document_type": "B1"}, {"updateDate": "20220608", "LLno": "C", "SSno": "30391", "Stext": "자동차용 기타 신품 부품 제조업", "SStext": "자동차용 신품 조향장치 및 현가장치 제조업", "Mtext": "자동차 신품 부품 제조업", "Lno": "30", "ipc_main": "B62D-001/04", "Mno": "303", "country_code": "KR", "Sno": "3039", "LLtext": "제조업(10~34)", "documentId": "kr20090042588a", "application_number": "1020090042588", "Ltext": "자동차 및 트레일러 제조업", "keyword": "조향장치제조/핸들제조/회전보조기구/스티어링휠/원형바/휠프레임/장치/함몰설치/볼록제작/보강플레이트", "document_type": "A"}, {"updateDate": "20220608", "LLno": "C", "SSno": "30391", "Stext": "자동차용 기타 신품 부품 제조업", "SStext": "자동차용 신품 조향장치 및 현가장치 제조업", "Mtext": "자동차 신품 부품 제조업", "Lno": "30", "ipc_main": "B62D-001/16", "Mno": "303", "country_code": "KR", "Sno": "3039", "LLtext": "제조업(10~34)", "documentId": "kr20090062383b1", "application_number": "1020090062383", "Ltext": "자동차 및 트레일러 제조업", "keyword": "조향장치제조/핸들제조/조향컬럼/삽입결합/텔레스홀/강성증대/장치/내측튜브/가이드부/구성", "document_type": "B1"}, {"updateDate": "20220608", "LLno": "C", "SSno": "30391", "Stext": "자동차용 기타 신품 부품 제조업", "SStext": "자동차용 신품 조향장치 및 현가장치 제조업", "Mtext": "자동차 신품 부품 제조업", "Lno": "30", "ipc_main": "B62D-003/12", "Mno": "303", "country_code": "KR", "Sno": "3039", "LLtext": "제조업(10~34)", "documentId": "kr20090063957a", "application_number": "1020090063957", "Ltext": "자동차 및 트레일러 제조업", "keyword": "조향장치제조/타이로드제조/조향장치/랙피니언/볼조인트/벨로우즈/장치/대경부/소경부/요홈부", "document_type": "A"}, {"updateDate": "20220608", "LLno": "C", "SSno": "30391", "Stext": "자동차용 기타 신품 부품 제조업", "SStext": "자동차용 신품 조향장치 및 현가장치 제조업", "Mtext": "자동차 신품 부품 제조업", "Lno": "30", "ipc_main": "B60G-021/05", "Mno": "303", "country_code": "KR", "Sno": "3039", "LLtext": "제조업(10~34)", "documentId": "kr20090116635a", "application_number": "1020090116635", "Ltext": "자동차 및 트레일러 제조업", "keyword": "조향장치제조/서스펜션쇼크옵소버제조/브라켓/서스펜션/에어스프링/생산성향상/장치/스프링장착부/결합부/래터럴로드", "document_type": "A"}, {"updateDate": "20220608", "LLno": "C", "SSno": "30391", "Stext": "자동차용 기타 신품 부품 제조업", "SStext": "자동차용 신품 조향장치 및 현가장치 제조업", "Mtext": "자동차 신품 부품 제조업", "Lno": "30", "ipc_main": "B62D-006/00", "Mno": "303", "country_code": "KR", "Sno": "3039", "LLtext": "제조업(10~34)", "documentId": "kr20090119414a", "application_number": "1020090119414", "Ltext": "자동차 및 트레일러 제조업", "keyword": "조향장치제조/타이로드제조/와이어장치/스티어바이/엑츄에이터/전기신호/장치/타이로드/반력모터/제어신호", "document_type": "A"}, {"updateDate": "20220608", "LLno": "C", "SSno": "30391", "Stext": "자동차용 기타 신품 부품 제조업", "SStext": "자동차용 신품 조향장치 및 현가장치 제조업", "Mtext": "자동차 신품 부품 제조업", "Lno": "30", "ipc_main": "B60G-011/46", "Mno": "303", "country_code": "KR", "Sno": "3039", "LLtext": "제조업(10~34)", "documentId": "kr20090122078a", "application_number": "1020090122078", "Ltext": "자동차 및 트레일러 제조업", "keyword": "조향장치제조/현가장치제조휠/전면현가장치/프레임/판스프링/센터프레임/장치/하부/전면/설치", "document_type": "A"}, {"updateDate": "20220608", "LLno": "C", "SSno": "30391", "Stext": "자동차용 기타 신품 부품 제조업", "SStext": "자동차용 신품 조향장치 및 현가장치 제조업", "Mtext": "자동차 신품 부품 제조업", "Lno": "30", "ipc_main": "B60G-013/04", "Mno": "303", "country_code": "KR", "Sno": "3039", "LLtext": "제조업(10~34)", "documentId": "kr20100010991a", "application_number": "1020100010991", "Ltext": "자동차 및 트레일러 제조업", "keyword": "조향장치제조/현가장치제조휠/스프링패드/스트러트/요철부/수막방지/장치/진동완충/이완/스프링패드", "document_type": "A"}, {"updateDate": "20220608", "LLno": "C", "SSno": "30391", "Stext": "자동차용 기타 신품 부품 제조업", "SStext": "자동차용 신품 조향장치 및 현가장치 제조업", "Mtext": "자동차 신품 부품 제조업", "Lno": "30", "ipc_main": "B60G-013/04", "Mno": "303", "country_code": "KR", "Sno": "3039", "LLtext": "제조업(10~34)", "documentId": "kr20100014679a", "application_number": "1020100014679", "Ltext": "자동차 및 트레일러 제조업", "keyword": "조향장치제조/현가장치제조휠/베어링/현가장치/차체연결/레이스웨어/장치/탑마운트/지지부/회전가능", "document_type": "A"}, {"updateDate": "20220608", "LLno": "C", "SSno": "30391", "Stext": "자동차용 기타 신품 부품 제조업", "SStext": "자동차용 신품 조향장치 및 현가장치 제조업", "Mtext": "자동차 신품 부품 제조업", "Lno": "30", "ipc_main": "B62D-003/12", "Mno": "303", "country_code": "KR", "Sno": "3039", "LLtext": "제조업(10~34)", "documentId": "kr20110003427b1", "application_number": "1020110003427", "Ltext": "자동차 및 트레일러 제조업", "keyword": "조향장치제조/타이로드제조/구조/랙스토퍼/조향장치/고무/장치/볼조인트/피니언기어/절곡연장", "document_type": "B1"}, {"updateDate": "20220608", "LLno": "C", "SSno": "30391", "Stext": "자동차용 기타 신품 부품 제조업", "SStext": "자동차용 신품 조향장치 및 현가장치 제조업", "Mtext": "자동차 신품 부품 제조업", "Lno": "30", "ipc_main": "B62D-001/06", "Mno": "303", "country_code": "KR", "Sno": "3039", "LLtext": "제조업(10~34)", "documentId": "kr20110004508u", "application_number": "2020110004508", "Ltext": "자동차 및 트레일러 제조업", "keyword": "조향장치제조/핸들제조/핸들커버/외피/양측표면/실리콘막/장치/커버본체/일정문양/형성", "document_type": "U"}, {"updateDate": "20220608", "LLno": "C", "SSno": "30391", "Stext": "자동차용 기타 신품 부품 제조업", "SStext": "자동차용 신품 조향장치 및 현가장치 제조업", "Mtext": "자동차 신품 부품 제조업", "Lno": "30", "ipc_main": "B62D-001/06", "Mno": "303", "country_code": "KR", "Sno": "3039", "LLtext": "제조업(10~34)", "documentId": "kr20110033765b1", "application_number": "1020110033765", "Ltext": "자동차 및 트레일러 제조업", "keyword": "조향장치제조/핸들제조/온열장치/핸들/위험요인제거/설치용이/장치/인버터/전력송신부/열선포함", "document_type": "B1"}, {"updateDate": "20220608", "LLno": "C", "SSno": "30391", "Stext": "자동차용 기타 신품 부품 제조업", "SStext": "자동차용 신품 조향장치 및 현가장치 제조업", "Mtext": "자동차 신품 부품 제조업", "Lno": "30", "ipc_main": "B60G-017/015", "Mno": "303", "country_code": "KR", "Sno": "3039", "LLtext": "제조업(10~34)", "documentId": "kr20110065541a", "application_number": "1020110065541", "Ltext": "자동차 및 트레일러 제조업", "keyword": "조향장치제조/서스펜션쇼크옵소버제조/제어방법/서스펜션/카메라/능동적/장치/카메라모듈/차량속도/제어부", "document_type": "A"}, {"updateDate": "20220608", "LLno": "C", "SSno": "30391", "Stext": "자동차용 기타 신품 부품 제조업", "SStext": "자동차용 신품 조향장치 및 현가장치 제조업", "Mtext": "자동차 신품 부품 제조업", "Lno": "30", "ipc_main": "B60G-005/06", "Mno": "303", "country_code": "KR", "Sno": "3039", "LLtext": "제조업(10~34)", "documentId": "kr20110104291a", "application_number": "1020110104291", "Ltext": "자동차 및 트레일러 제조업", "keyword": "조향장치제조/현가장치제조휠/V암로드/현가장치용/차축/진동완화/장치/부쉬공/완충기능/연결부재", "document_type": "A"}, {"updateDate": "20220608", "LLno": "C", "SSno": "30391", "Stext": "자동차용 기타 신품 부품 제조업", "SStext": "자동차용 신품 조향장치 및 현가장치 제조업", "Mtext": "자동차 신품 부품 제조업", "Lno": "30", "ipc_main": "B60G-015/06", "Mno": "303", "country_code": "KR", "Sno": "3039", "LLtext": "제조업(10~34)", "documentId": "kr20110120640b1", "application_number": "1020110120640", "Ltext": "자동차 및 트레일러 제조업", "keyword": "조향장치제조/현가장치제조휠/현가장치/중앙부근/스트럿어셈블리/로워시트/장치/스프링시트/베어링/어퍼시트", "document_type": "B1"}, {"updateDate": "20220608", "LLno": "C", "SSno": "30391", "Stext": "자동차용 기타 신품 부품 제조업", "SStext": "자동차용 신품 조향장치 및 현가장치 제조업", "Mtext": "자동차 신품 부품 제조업", "Lno": "30", "ipc_main": "B60G-003/20", "Mno": "303", "country_code": "KR", "Sno": "3039", "LLtext": "제조업(10~34)", "documentId": "kr20110129952a", "application_number": "1020110129952", "Ltext": "자동차 및 트레일러 제조업", "keyword": "조향장치제조/서스펜션쇼크옵소버제조/서스펜션/프런트휠/서브프레임/스트럿/장치/차체/휠마운트/조인트들", "document_type": "A"}, {"updateDate": "20220608", "LLno": "C", "SSno": "30391", "Stext": "자동차용 기타 신품 부품 제조업", "SStext": "자동차용 신품 조향장치 및 현가장치 제조업", "Mtext": "자동차 신품 부품 제조업", "Lno": "30", "ipc_main": "B60G-017/015", "Mno": "303", "country_code": "KR", "Sno": "3039", "LLtext": "제조업(10~34)", "documentId": "kr20110134869b1", "application_number": "1020110134869", "Ltext": "자동차 및 트레일러 제조업", "keyword": "조향장치제조/서스펜션쇼크옵소버제조/서스펜션/능동제어/절점가변수단/회전레버/장치/슬라이더/스크루홀/포크돌기", "document_type": "B1"}, {"updateDate": "20220608", "LLno": "C", "SSno": "30391", "Stext": "자동차용 기타 신품 부품 제조업", "SStext": "자동차용 신품 조향장치 및 현가장치 제조업", "Mtext": "자동차 신품 부품 제조업", "Lno": "30", "ipc_main": "B60B-035/18", "Mno": "303", "country_code": "KR", "Sno": "3039", "LLtext": "제조업(10~34)", "documentId": "kr20120019274a", "application_number": "1020120019274", "Ltext": "자동차 및 트레일러 제조업", "keyword": "조향장치제조/현가장치제조휠/휠베어링/링형상/베어링볼/압입핀/장치/휠허브/내륜/핀결합", "document_type": "A"}, {"updateDate": "20220608", "LLno": "C", "SSno": "30391", "Stext": "자동차용 기타 신품 부품 제조업", "SStext": "자동차용 신품 조향장치 및 현가장치 제조업", "Mtext": "자동차 신품 부품 제조업", "Lno": "30", "ipc_main": "B62D-001/04", "Mno": "303", "country_code": "KR", "Sno": "3039", "LLtext": "제조업(10~34)", "documentId": "kr20120086624b1", "application_number": "1020120086624", "Ltext": "자동차 및 트레일러 제조업", "keyword": "조향장치제조/핸들제조/핸들커버/교체가능/끼움홀/탈부착/장치/부분교체/내피커버/끼움홀", "document_type": "B1"}, {"updateDate": "20220608", "LLno": "C", "SSno": "30391", "Stext": "자동차용 기타 신품 부품 제조업", "SStext": "자동차용 신품 조향장치 및 현가장치 제조업", "Mtext": "자동차 신품 부품 제조업", "Lno": "30", "ipc_main": "B62D-003/02", "Mno": "303", "country_code": "KR", "Sno": "3039", "LLtext": "제조업(10~34)", "documentId": "kr20130122750a", "application_number": "1020130122750", "Ltext": "자동차 및 트레일러 제조업", "keyword": "조향장치제조/핸들제조/조향장치/하우징/커버볼트/기어박스/장치/개구부/요홈형상/그루브", "document_type": "A"}, {"updateDate": "20220608", "LLno": "C", "SSno": "30391", "Stext": "자동차용 기타 신품 부품 제조업", "SStext": "자동차용 신품 조향장치 및 현가장치 제조업", "Mtext": "자동차 신품 부품 제조업", "Lno": "30", "ipc_main": "B62D-006/00", "Mno": "303", "country_code": "KR", "Sno": "3039", "LLtext": "제조업(10~34)", "documentId": "kr20130166426b1", "application_number": "1020130166426", "Ltext": "자동차 및 트레일러 제조업", "keyword": "조향장치제조/타이로드제조/제어방법/경향가변/에커만/메커니즘/장치/어저스터/컨트롤러/전류세기변화", "document_type": "B1"}, {"updateDate": "20220608", "LLno": "C", "SSno": "30391", "Stext": "자동차용 기타 신품 부품 제조업", "SStext": "자동차용 신품 조향장치 및 현가장치 제조업", "Mtext": "자동차 신품 부품 제조업", "Lno": "30", "ipc_main": "B60G-007/02", "Mno": "303", "country_code": "KR", "Sno": "3039", "LLtext": "제조업(10~34)", "documentId": "kr20140042947a", "application_number": "1020140042947", "Ltext": "자동차 및 트레일러 제조업", "keyword": "조향장치제조/서스펜션쇼크옵소버제조/부시/서스펜션용/프레임부/연결/장치/수용공간/베이스부/권취부", "document_type": "A"}, {"updateDate": "20220608", "LLno": "C", "SSno": "30391", "Stext": "자동차용 기타 신품 부품 제조업", "SStext": "자동차용 신품 조향장치 및 현가장치 제조업", "Mtext": "자동차 신품 부품 제조업", "Lno": "30", "ipc_main": "B62D-001/06", "Mno": "303", "country_code": "KR", "Sno": "3039", "LLtext": "제조업(10~34)", "documentId": "kr20140095631b1", "application_number": "1020140095631", "Ltext": "자동차 및 트레일러 제조업", "keyword": "조향장치제조/핸들제조/어셈블리/핸들커버/연결부/전력공급/장치/히터/가이드부/탄성력", "document_type": "B1"}, {"updateDate": "20220608", "LLno": "C", "SSno": "30391", "Stext": "자동차용 기타 신품 부품 제조업", "SStext": "자동차용 신품 조향장치 및 현가장치 제조업", "Mtext": "자동차 신품 부품 제조업", "Lno": "30", "ipc_main": "B62D-009/00", "Mno": "303", "country_code": "KR", "Sno": "3039", "LLtext": "제조업(10~34)", "documentId": "kr20140098233a", "application_number": "1020140098233", "Ltext": "자동차 및 트레일러 제조업", "keyword": "조향장치제조/핸들제조/일체형장치/구동조향/전기자동차/타단연결/장치/모터/감속기/조인트", "document_type": "A"}, {"updateDate": "20220608", "LLno": "C", "SSno": "30391", "Stext": "자동차용 기타 신품 부품 제조업", "SStext": "자동차용 신품 조향장치 및 현가장치 제조업", "Mtext": "자동차 신품 부품 제조업", "Lno": "30", "ipc_main": "B62D-001/16", "Mno": "303", "country_code": "KR", "Sno": "3039", "LLtext": "제조업(10~34)", "documentId": "kr20140147164b1", "application_number": "1020140147164", "Ltext": "자동차 및 트레일러 제조업", "keyword": "조향장치제조/핸들제조/조향장치/하우징부재/베어링부재/통전부재/장치/외륜부/수직방향/내륜안착부", "document_type": "B1"}, {"updateDate": "20220608", "LLno": "C", "SSno": "30391", "Stext": "자동차용 기타 신품 부품 제조업", "SStext": "자동차용 신품 조향장치 및 현가장치 제조업", "Mtext": "자동차 신품 부품 제조업", "Lno": "30", "ipc_main": "B60G-017/015", "Mno": "303", "country_code": "KR", "Sno": "3039", "LLtext": "제조업(10~34)", "documentId": "kr20140172982a", "application_number": "1020140172982", "Ltext": "자동차 및 트레일러 제조업", "keyword": "조향장치제조/서스펜션쇼크옵소버제조/조절장치/스프링위치/서스펜션/자화재질/장치/코일스프링/안착부/스토퍼", "document_type": "A"}, {"updateDate": "20220608", "LLno": "C", "SSno": "30391", "Stext": "자동차용 기타 신품 부품 제조업", "SStext": "자동차용 신품 조향장치 및 현가장치 제조업", "Mtext": "자동차 신품 부품 제조업", "Lno": "30", "ipc_main": "B62D-006/00", "Mno": "303", "country_code": "KR", "Sno": "3039", "LLtext": "제조업(10~34)", "documentId": "kr20140175708b1", "application_number": "1020140175708", "Ltext": "자동차 및 트레일러 제조업", "keyword": "조향장치제조/핸들제조/조절방법/조향력/정보검출/생성/장치/조향력/정보검출/보조력결정", "document_type": "B1"}, {"updateDate": "20220608", "LLno": "C", "SSno": "30391", "Stext": "자동차용 기타 신품 부품 제조업", "SStext": "자동차용 신품 조향장치 및 현가장치 제조업", "Mtext": "자동차 신품 부품 제조업", "Lno": "30", "ipc_main": "B60G-011/12", "Mno": "303", "country_code": "KR", "Sno": "3039", "LLtext": "제조업(10~34)", "documentId": "kr20140179957b1", "application_number": "1020140179957", "Ltext": "자동차 및 트레일러 제조업", "keyword": "조향장치제조/서스펜션쇼크옵소버제조/보조장치/서스펜션시스템/완충장치/제공/장치/고정프라켓/회동부재/하부베어링", "document_type": "B1"}, {"updateDate": "20220608", "LLno": "C", "SSno": "30391", "Stext": "자동차용 기타 신품 부품 제조업", "SStext": "자동차용 신품 조향장치 및 현가장치 제조업", "Mtext": "자동차 신품 부품 제조업", "Lno": "30", "ipc_main": "B60G-017/00", "Mno": "303", "country_code": "KR", "Sno": "3039", "LLtext": "제조업(10~34)", "documentId": "kr20147019015a", "application_number": "1020147019015", "Ltext": "자동차 및 트레일러 제조업", "keyword": "조향장치제조/서스펜션쇼크옵소버제조/차량/스프링상공진/하중조정/감쇠계수/장치/차륜/상공진주파수/변경기구", "document_type": "A"}, {"updateDate": "20220608", "LLno": "C", "SSno": "30391", "Stext": "자동차용 기타 신품 부품 제조업", "SStext": "자동차용 신품 조향장치 및 현가장치 제조업", "Mtext": "자동차 신품 부품 제조업", "Lno": "30", "ipc_main": "B60G-007/00", "Mno": "303", "country_code": "KR", "Sno": "3039", "LLtext": "제조업(10~34)", "documentId": "kr20147023191a", "application_number": "1020147023191", "Ltext": "자동차 및 트레일러 제조업", "keyword": "조향장치제조/서스펜션쇼크옵소버제조/서스펜션/암/플레이트/용접/장치/엑슬측/플레이트/배면측", "document_type": "A"}, {"updateDate": "20220608", "LLno": "C", "SSno": "30391", "Stext": "자동차용 기타 신품 부품 제조업", "SStext": "자동차용 신품 조향장치 및 현가장치 제조업", "Mtext": "자동차 신품 부품 제조업", "Lno": "30", "ipc_main": "B62D-001/04", "Mno": "303", "country_code": "KR", "Sno": "3039", "LLtext": "제조업(10~34)", "documentId": "kr20150001295u", "application_number": "2020150001295", "Ltext": "자동차 및 트레일러 제조업", "keyword": "조향장치제조/핸들제조/보조핸들/개량고안/체결밴드/내구성/장치/환상요입홈/봉체하단부/베어링결합축", "document_type": "U"}, {"updateDate": "20220608", "LLno": "C", "SSno": "30391", "Stext": "자동차용 기타 신품 부품 제조업", "SStext": "자동차용 신품 조향장치 및 현가장치 제조업", "Mtext": "자동차 신품 부품 제조업", "Lno": "30", "ipc_main": "B60G-017/015", "Mno": "303", "country_code": "KR", "Sno": "3039", "LLtext": "제조업(10~34)", "documentId": "kr20150066902b1", "application_number": "1020150066902", "Ltext": "자동차 및 트레일러 제조업", "keyword": "조향장치제조/서스펜션쇼크옵소버제조/서스펜션/전동/액티브/어퍼볼조인트/장치/어퍼암/너클/전동식조절부", "document_type": "B1"}, {"updateDate": "20220608", "LLno": "C", "SSno": "30391", "Stext": "자동차용 기타 신품 부품 제조업", "SStext": "자동차용 신품 조향장치 및 현가장치 제조업", "Mtext": "자동차 신품 부품 제조업", "Lno": "30", "ipc_main": "B62D-025/12", "Mno": "303", "country_code": "KR", "Sno": "3039", "LLtext": "제조업(10~34)", "documentId": "kr20150091209b1", "application_number": "1020150091209", "Ltext": "자동차 및 트레일러 제조업", "keyword": "조향장치제조/핸들제조/결합구조/핸들/릴리즈/후드/장치/후드개방/일측설치/결합돌기", "document_type": "B1"}, {"updateDate": "20220608", "LLno": "C", "SSno": "30391", "Stext": "자동차용 기타 신품 부품 제조업", "SStext": "자동차용 신품 조향장치 및 현가장치 제조업", "Mtext": "자동차 신품 부품 제조업", "Lno": "30", "ipc_main": "B62D-007/16", "Mno": "303", "country_code": "KR", "Sno": "3039", "LLtext": "제조업(10~34)", "documentId": "kr20150100942b1", "application_number": "1020150100942", "Ltext": "자동차 및 트레일러 제조업", "keyword": "조향장치제조/타이로드제조/볼조인트/아우터/타이로드/너클결합/장치/지지부재/코팅부/돌출부", "document_type": "B1"}, {"updateDate": "20220608", "LLno": "C", "SSno": "30391", "Stext": "자동차용 기타 신품 부품 제조업", "SStext": "자동차용 신품 조향장치 및 현가장치 제조업", "Mtext": "자동차 신품 부품 제조업", "Lno": "30", "ipc_main": "G05G-001/50", "Mno": "303", "country_code": "KR", "Sno": "3039", "LLtext": "제조업(10~34)", "documentId": "kr20160004551u", "application_number": "2020160004551", "Ltext": "자동차 및 트레일러 제조업", "keyword": "조향장치제조/브레이크페달제조/클러치페달/브레이크페달/투블암/측면블록/장치/봉합용접/용접비드/금형", "document_type": "U"}, {"updateDate": "20220608", "LLno": "C", "SSno": "30391", "Stext": "자동차용 기타 신품 부품 제조업", "SStext": "자동차용 신품 조향장치 및 현가장치 제조업", "Mtext": "자동차 신품 부품 제조업", "Lno": "30", "ipc_main": "B62D-005/20", "Mno": "303", "country_code": "KR", "Sno": "3039", "LLtext": "제조업(10~34)", "documentId": "kr20160032599a", "application_number": "1020160032599", "Ltext": "자동차 및 트레일러 제조업", "keyword": "조향장치제조/핸들제조/MDPS장치/스티어링휠/베이스휠/전자석/장치/베이스휠/회전휠/극성전환", "document_type": "A"}, {"updateDate": "20220608", "LLno": "C", "SSno": "30391", "Stext": "자동차용 기타 신품 부품 제조업", "SStext": "자동차용 신품 조향장치 및 현가장치 제조업", "Mtext": "자동차 신품 부품 제조업", "Lno": "30", "ipc_main": "G05G-001/32", "Mno": "303", "country_code": "KR", "Sno": "3039", "LLtext": "제조업(10~34)", "documentId": "kr20160036713b1", "application_number": "1020160036713", "Ltext": "자동차 및 트레일러 제조업", "keyword": "조향장치제조/브레이크페달제조/밀림방지장치/페달/힌지결합/작동암/장치/힌지결합/접촉면/시어핀절단", "document_type": "B1"}, {"updateDate": "20220608", "LLno": "C", "SSno": "30391", "Stext": "자동차용 기타 신품 부품 제조업", "SStext": "자동차용 신품 조향장치 및 현가장치 제조업", "Mtext": "자동차 신품 부품 제조업", "Lno": "30", "ipc_main": "G05G-001/30", "Mno": "303", "country_code": "KR", "Sno": "3039", "LLtext": "제조업(10~34)", "documentId": "kr20160069568a", "application_number": "1020160069568", "Ltext": "자동차 및 트레일러 제조업", "keyword": "조향장치제조/브레이크페달제조/제어방법/작동/안전장치/페달조작/장치/수납홈/베이스패널/회전가능", "document_type": "A"}, {"updateDate": "20220608", "LLno": "C", "SSno": "30391", "Stext": "자동차용 기타 신품 부품 제조업", "SStext": "자동차용 신품 조향장치 및 현가장치 제조업", "Mtext": "자동차 신품 부품 제조업", "Lno": "30", "ipc_main": "B60G-011/16", "Mno": "303", "country_code": "KR", "Sno": "3039", "LLtext": "제조업(10~34)", "documentId": "kr20160157024a", "application_number": "1020160157024", "Ltext": "자동차 및 트레일러 제조업", "keyword": "조향장치제조/현가장치제조휠/튜브/보호용/현가장치/코스부/장치/중공형형성/튜브본체/돌기부", "document_type": "A"}, {"updateDate": "20220608", "LLno": "C", "SSno": "30391", "Stext": "자동차용 기타 신품 부품 제조업", "SStext": "자동차용 신품 조향장치 및 현가장치 제조업", "Mtext": "자동차 신품 부품 제조업", "Lno": "30", "ipc_main": "B62D-007/16", "Mno": "303", "country_code": "KR", "Sno": "3039", "LLtext": "제조업(10~34)", "documentId": "kr20170016996b1", "application_number": "1020170016996", "Ltext": "자동차 및 트레일러 제조업", "keyword": "조향장치제조/타이로드제조/타이로드/조향장치/결합부/이너볼하우징/장치/랙바/너클결합부/테이퍼부", "document_type": "B1"}, {"updateDate": "20220608", "LLno": "C", "SSno": "30391", "Stext": "자동차용 기타 신품 부품 제조업", "SStext": "자동차용 신품 조향장치 및 현가장치 제조업", "Mtext": "자동차 신품 부품 제조업", "Lno": "30", "ipc_main": "B62D-001/16", "Mno": "303", "country_code": "KR", "Sno": "3039", "LLtext": "제조업(10~34)", "documentId": "kr20170028148b1", "application_number": "1020170028148", "Ltext": "자동차 및 트레일러 제조업", "keyword": "조향장치제조/핸들제조/조향컬럼/아우터튜브/마운팅브라켓/보강부재/장치/이너튜브/곡판형성/결합홀", "document_type": "B1"}, {"updateDate": "20220608", "LLno": "C", "SSno": "30391", "Stext": "자동차용 기타 신품 부품 제조업", "SStext": "자동차용 신품 조향장치 및 현가장치 제조업", "Mtext": "자동차 신품 부품 제조업", "Lno": "30", "ipc_main": "B62D-001/185", "Mno": "303", "country_code": "KR", "Sno": "3039", "LLtext": "제조업(10~34)", "documentId": "kr20170103838b1", "application_number": "1020170103838", "Ltext": "자동차 및 트레일러 제조업", "keyword": "조향장치제조/핸들제조/조향컬럼/조향축/외측결합/고정블록/장치/내측튜브/가동블록/레버볼트", "document_type": "B1"}, {"updateDate": "20220608", "LLno": "C", "SSno": "30391", "Stext": "자동차용 기타 신품 부품 제조업", "SStext": "자동차용 신품 조향장치 및 현가장치 제조업", "Mtext": "자동차 신품 부품 제조업", "Lno": "30", "ipc_main": "G05G-001/30", "Mno": "303", "country_code": "KR", "Sno": "3039", "LLtext": "제조업(10~34)", "documentId": "kr20170111162b1", "application_number": "1020170111162", "Ltext": "자동차 및 트레일러 제조업", "keyword": "조향장치제조/클러치페달제조/누름장치/페달/조향핸들/경제적/장치/조향석/지지부/가압부", "document_type": "B1"}, {"updateDate": "20220608", "LLno": "C", "SSno": "30391", "Stext": "자동차용 기타 신품 부품 제조업", "SStext": "자동차용 신품 조향장치 및 현가장치 제조업", "Mtext": "자동차 신품 부품 제조업", "Lno": "30", "ipc_main": "B60G-015/06", "Mno": "303", "country_code": "KR", "Sno": "3039", "LLtext": "제조업(10~34)", "documentId": "kr20177033338a", "application_number": "1020177033338", "Ltext": "자동차 및 트레일러 제조업", "keyword": "조향장치제조/서스펜션쇼크옵소버제조/서스펜션/보상/조합스프링/쾌적성향상/장치/자유스프링/쇼크업소버/타이트닝", "document_type": "A"}, {"updateDate": "20220608", "LLno": "C", "SSno": "30391", "Stext": "자동차용 기타 신품 부품 제조업", "SStext": "자동차용 신품 조향장치 및 현가장치 제조업", "Mtext": "자동차 신품 부품 제조업", "Lno": "30", "ipc_main": "B62D-001/16", "Mno": "303", "country_code": "KR", "Sno": "3039", "LLtext": "제조업(10~34)", "documentId": "kr20180120074a", "application_number": "1020180120074", "Ltext": "자동차 및 트레일러 제조업", "keyword": "조향장치제조/핸들제조/조향장치/샤프트/내부삽입/댐핑부재/장치/중공/일측단부/가압부재", "document_type": "A"}, {"updateDate": "20220608", "LLno": "C", "SSno": "30391", "Stext": "자동차용 기타 신품 부품 제조업", "SStext": "자동차용 신품 조향장치 및 현가장치 제조업", "Mtext": "자동차 신품 부품 제조업", "Lno": "30", "ipc_main": "B60G-021/05", "Mno": "303", "country_code": "KR", "Sno": "3039", "LLtext": "제조업(10~34)", "documentId": "kr20187013664a", "application_number": "1020187013664", "Ltext": "자동차 및 트레일러 제조업", "keyword": "조향장치제조/핸들제조/연결장치/조향너클/회동가능/필터수단/장치/프레임워크/실린더형/매립섹션", "document_type": "A"}, {"updateDate": "20220608", "LLno": "C", "SSno": "30391", "Stext": "자동차용 기타 신품 부품 제조업", "SStext": "자동차용 신품 조향장치 및 현가장치 제조업", "Mtext": "자동차 신품 부품 제조업", "Lno": "30", "ipc_main": "B60G-011/14", "Mno": "303", "country_code": "KR", "Sno": "3039", "LLtext": "제조업(10~34)", "documentId": "kr20187016169a", "application_number": "1020187016169", "Ltext": "자동차 및 트레일러 제조업", "keyword": "조향장치제조/현가장치제조휠/현가코일스프링/스트럿형/스프링유효부/하측접촉면/장치/시트/엔드코일/유효부", "document_type": "A"}, {"updateDate": "20220608", "LLno": "C", "SSno": "30391", "Stext": "자동차용 기타 신품 부품 제조업", "SStext": "자동차용 신품 조향장치 및 현가장치 제조업", "Mtext": "자동차 신품 부품 제조업", "Lno": "30", "ipc_main": "F16F-001/371", "Mno": "303", "country_code": "KR", "Sno": "3039", "LLtext": "제조업(10~34)", "documentId": "kr20187037047a", "application_number": "1020187037047", "Ltext": "자동차 및 트레일러 제조업", "keyword": "조향장치제조/자동차용완충기제조/완충기/스프링/길이방향축/스프링부재/장치/본체/홈/링", "document_type": "A"}, {"updateDate": "20220608", "LLno": "C", "SSno": "30391", "Stext": "자동차용 기타 신품 부품 제조업", "SStext": "자동차용 신품 조향장치 및 현가장치 제조업", "Mtext": "자동차 신품 부품 제조업", "Lno": "30", "ipc_main": "B60B-027/00", "Mno": "303", "country_code": "KR", "Sno": "3039", "LLtext": "제조업(10~34)", "documentId": "kr20190039296a", "application_number": "1020190039296", "Ltext": "자동차 및 트레일러 제조업", "keyword": "조향장치제조/브레이크페달제조/휠베어링/플랜지구조/차륜/위치결정핀/장치/휠베어링/회전요소/연결부", "document_type": "A"}, {"updateDate": "20220608", "LLno": "C", "SSno": "30391", "Stext": "자동차용 기타 신품 부품 제조업", "SStext": "자동차용 신품 조향장치 및 현가장치 제조업", "Mtext": "자동차 신품 부품 제조업", "Lno": "30", "ipc_main": "G05G-001/30", "Mno": "303", "country_code": "KR", "Sno": "3039", "LLtext": "제조업(10~34)", "documentId": "kr20190129320a", "application_number": "1020190129320", "Ltext": "자동차 및 트레일러 제조업", "keyword": "조향장치제조/브레이크페달제조/조립체/페달/회전축/위치결정용/장치/회전가능/부스터/중간구멍", "document_type": "A"}, {"updateDate": "20220608", "LLno": "C", "SSno": "30391", "Stext": "자동차용 기타 신품 부품 제조업", "SStext": "자동차용 신품 조향장치 및 현가장치 제조업", "Mtext": "자동차 신품 부품 제조업", "Lno": "30", "ipc_main": "B62D-001/19", "Mno": "303", "country_code": "KR", "Sno": "3039", "LLtext": "제조업(10~34)", "documentId": "kr20200002310b1", "application_number": "1020200002310", "Ltext": "자동차 및 트레일러 제조업", "keyword": "조향장치제조/현가장치제조휠/조향장치/차량용/스티어링샤프트/충격흡수/장치/디커플링/댐핑홈/형성", "document_type": "B1"}, {"updateDate": "20220608", "LLno": "C", "SSno": "30391", "Stext": "자동차용 기타 신품 부품 제조업", "SStext": "자동차용 신품 조향장치 및 현가장치 제조업", "Mtext": "자동차 신품 부품 제조업", "Lno": "30", "ipc_main": "G05G-001/30", "Mno": "303", "country_code": "KR", "Sno": "3039", "LLtext": "제조업(10~34)", "documentId": "kr20210006574b1", "application_number": "1020210006574", "Ltext": "자동차 및 트레일러 제조업", "keyword": "조향장치제조/브레이크페달제조/페달/가변형/각도조절/경사조절봉/장치/후면결합/연결축/축인입홈", "document_type": "B1"}]}