{"dataset": [{"updateDate": "20220608", "LLno": "C", "SSno": "24322", "Stext": "비철금속 주조업", "SStext": "동 주물 주조업", "Mtext": "금속 주조업", "Lno": "24", "ipc_main": "C25D-003/12", "Mno": "243", "country_code": "KR", "Sno": "2432", "LLtext": "제조업(10~34)", "documentId": "kr19970013530b1", "application_number": "1019970013530", "Ltext": "1차 금속 제조업", "keyword": "기계부품가압주물제조/동합금주물주조/구리합금외부표면/니켈도금/니켈제거/상태조절방법/방법/맨표면/산세척/광택", "document_type": "B1"}, {"updateDate": "20220608", "LLno": "C", "SSno": "24322", "Stext": "비철금속 주조업", "SStext": "동 주물 주조업", "Mtext": "금속 주조업", "Lno": "24", "ipc_main": "B22D-017/14", "Mno": "243", "country_code": "KR", "Sno": "2432", "LLtext": "제조업(10~34)", "documentId": "kr19970034130b1", "application_number": "1019970034130", "Ltext": "1차 금속 제조업", "keyword": "동다이캐스팅제조/동제기계부품다이캐스팅제조/다이캐스팅장치/다이공동/공동압력/압력감시시스템/장치/잠금시스템/사출시스템/압력검출통로", "document_type": "B1"}, {"updateDate": "20220608", "LLno": "C", "SSno": "24322", "Stext": "비철금속 주조업", "SStext": "동 주물 주조업", "Mtext": "금속 주조업", "Lno": "24", "ipc_main": "C22C-009/02", "Mno": "243", "country_code": "KR", "Sno": "2432", "LLtext": "제조업(10~34)", "documentId": "kr19970037251b1", "application_number": "1019970037251", "Ltext": "1차 금속 제조업", "keyword": "기계부품가압주물제조/동합금주물주조/고강도동합금/전기/전자부품/기계적특성/조성물/cu/sn/ni", "document_type": "B1"}, {"updateDate": "20220608", "LLno": "C", "SSno": "24322", "Stext": "비철금속 주조업", "SStext": "동 주물 주조업", "Mtext": "금속 주조업", "Lno": "24", "ipc_main": "C22C-009/06", "Mno": "243", "country_code": "KR", "Sno": "2432", "LLtext": "제조업(10~34)", "documentId": "kr19990010460a", "application_number": "1019990010460", "Ltext": "1차 금속 제조업", "keyword": "기계부품가압주물제조/동합금주물주조/동합금판/ni/si/mg/조성물/전자부품/cu/평균결정립", "document_type": "A"}, {"updateDate": "20220608", "LLno": "C", "SSno": "24322", "Stext": "비철금속 주조업", "SStext": "동 주물 주조업", "Mtext": "금속 주조업", "Lno": "24", "ipc_main": "C22C-009/02", "Mno": "243", "country_code": "KR", "Sno": "2432", "LLtext": "제조업(10~34)", "documentId": "kr19990020787b1", "application_number": "1019990020787", "Ltext": "1차 금속 제조업", "keyword": "기계부품가압주물제조/동합금주물주조/구리계합금/cu/sn/x/조성물/미세조직/고강도/중전도도형", "document_type": "B1"}, {"updateDate": "20220608", "LLno": "C", "SSno": "24322", "Stext": "비철금속 주조업", "SStext": "동 주물 주조업", "Mtext": "금속 주조업", "Lno": "24", "ipc_main": "B22D-011/04", "Mno": "243", "country_code": "KR", "Sno": "2432", "LLtext": "제조업(10~34)", "documentId": "kr19990032368b1", "application_number": "1019990032368", "Ltext": "1차 금속 제조업", "keyword": "기계부품가압주물제조/동합금주물주조/동합금제조장치/수평연속주조/열간압출/후공정/장치/장입로/가스주입부/절연링", "document_type": "B1"}, {"updateDate": "20220608", "LLno": "C", "SSno": "24322", "Stext": "비철금속 주조업", "SStext": "동 주물 주조업", "Mtext": "금속 주조업", "Lno": "24", "ipc_main": "B22D-017/20", "Mno": "243", "country_code": "KR", "Sno": "2432", "LLtext": "제조업(10~34)", "documentId": "kr19990039734b1", "application_number": "1019990039734", "Ltext": "1차 금속 제조업", "keyword": "동다이캐스팅제조/동제기계부품다이캐스팅제조/자동윤활장치/다이캐스팅용/슬리이브/플런저팁/장치/캐비티/용탕주입구/윤활구멍", "document_type": "B1"}, {"updateDate": "20220608", "LLno": "C", "SSno": "24322", "Stext": "비철금속 주조업", "SStext": "동 주물 주조업", "Mtext": "금속 주조업", "Lno": "24", "ipc_main": "C22C-009/04", "Mno": "243", "country_code": "KR", "Sno": "2432", "LLtext": "제조업(10~34)", "documentId": "kr19997001962a", "application_number": "1019997001962", "Ltext": "1차 금속 제조업", "keyword": "기계부품가압주물제조/동합금주물주조/구리합금/기계적강도/절삭성/내식성/조성물/외력/왜에너지/금속재료", "document_type": "A"}, {"updateDate": "20220608", "LLno": "C", "SSno": "24322", "Stext": "비철금속 주조업", "SStext": "동 주물 주조업", "Mtext": "금속 주조업", "Lno": "24", "ipc_main": "B22D-017/30", "Mno": "243", "country_code": "KR", "Sno": "2432", "LLtext": "제조업(10~34)", "documentId": "kr19997011213b1", "application_number": "1019997011213", "Ltext": "1차 금속 제조업", "keyword": "동다이캐스팅제조/동제기계부품다이캐스팅제조/금속부품제조/사출성형시스템/공급기/챔버/방법/금형/용융재료/사출", "document_type": "B1"}, {"updateDate": "20220608", "LLno": "C", "SSno": "24322", "Stext": "비철금속 주조업", "SStext": "동 주물 주조업", "Mtext": "금속 주조업", "Lno": "24", "ipc_main": "B22D-041/00", "Mno": "243", "country_code": "KR", "Sno": "2432", "LLtext": "제조업(10~34)", "documentId": "kr20000018399y1", "application_number": "2020000018399", "Ltext": "1차 금속 제조업", "keyword": "동다이캐스팅제조/동제기계부품다이캐스팅제조/사출실린더장치/다이캐스팅머신/성형공동내부/용융금속/장치/원통형공간부/유압공급포트/주실린더", "document_type": "Y1"}, {"updateDate": "20220608", "LLno": "C", "SSno": "24322", "Stext": "비철금속 주조업", "SStext": "동 주물 주조업", "Mtext": "금속 주조업", "Lno": "24", "ipc_main": "B22D-041/00", "Mno": "243", "country_code": "KR", "Sno": "2432", "LLtext": "제조업(10~34)", "documentId": "kr20000021591y1", "application_number": "2020000021591", "Ltext": "1차 금속 제조업", "keyword": "기계부품가압주물제조/동합금주물주조/주조용턴디시/전기저항발열/동합금/무산소동/장치/연속주조/반연속주조/턴디시", "document_type": "Y1"}, {"updateDate": "20220608", "LLno": "C", "SSno": "24322", "Stext": "비철금속 주조업", "SStext": "동 주물 주조업", "Mtext": "금속 주조업", "Lno": "24", "ipc_main": "B22D-017/00", "Mno": "243", "country_code": "KR", "Sno": "2432", "LLtext": "제조업(10~34)", "documentId": "kr20000055362b1", "application_number": "1020000055362", "Ltext": "1차 금속 제조업", "keyword": "동다이캐스팅제조/동제기계부품다이캐스팅제조/사출실린더장치/다이캐스팅머신/성형공동내부/용융금속/장치/원통형공간부/유압공급포트/유압통로", "document_type": "B1"}, {"updateDate": "20220608", "LLno": "C", "SSno": "24322", "Stext": "비철금속 주조업", "SStext": "동 주물 주조업", "Mtext": "금속 주조업", "Lno": "24", "ipc_main": "C22C-009/02", "Mno": "243", "country_code": "KR", "Sno": "2432", "LLtext": "제조업(10~34)", "documentId": "kr20007002353a", "application_number": "1020007002353", "Ltext": "1차 금속 제조업", "keyword": "기계부품가압주물제조/동합금주물주조/cu베이스합금/전기리드콘덕터/전기/전자연결용/조성물/cu/ni/인청동합금", "document_type": "A"}, {"updateDate": "20220608", "LLno": "C", "SSno": "24322", "Stext": "비철금속 주조업", "SStext": "동 주물 주조업", "Mtext": "금속 주조업", "Lno": "24", "ipc_main": "B22D-011/06", "Mno": "243", "country_code": "KR", "Sno": "2432", "LLtext": "제조업(10~34)", "documentId": "kr20010012228b1", "application_number": "1020010012228", "Ltext": "1차 금속 제조업", "keyword": "기계부품가압주물제조/동합금주물주조/조인발와이어/내밀착성/무산소동/대량생산/장치/산소/총산화피막/산화피막", "document_type": "B1"}, {"updateDate": "20220608", "LLno": "C", "SSno": "24322", "Stext": "비철금속 주조업", "SStext": "동 주물 주조업", "Mtext": "금속 주조업", "Lno": "24", "ipc_main": "C22C-009/00", "Mno": "243", "country_code": "KR", "Sno": "2432", "LLtext": "제조업(10~34)", "documentId": "kr20010014964a", "application_number": "1020010014964", "Ltext": "1차 금속 제조업", "keyword": "기계부품가압주물제조/동합금주물주조/구리기제합금/응고물/주조방법/단조물/조성물/ag/cr/zr", "document_type": "A"}, {"updateDate": "20220608", "LLno": "C", "SSno": "24322", "Stext": "비철금속 주조업", "SStext": "동 주물 주조업", "Mtext": "금속 주조업", "Lno": "24", "ipc_main": "C22C-009/04", "Mno": "243", "country_code": "KR", "Sno": "2432", "LLtext": "제조업(10~34)", "documentId": "kr20010048853a", "application_number": "1020010048853", "Ltext": "1차 금속 제조업", "keyword": "기계부품가압주물제조/동합금주물주조/주조재료제조방법/고내식/고경도/동합금/방법/장신구/일용품/금도금한", "document_type": "A"}, {"updateDate": "20220608", "LLno": "C", "SSno": "24322", "Stext": "비철금속 주조업", "SStext": "동 주물 주조업", "Mtext": "금속 주조업", "Lno": "24", "ipc_main": "B22D-011/04", "Mno": "243", "country_code": "KR", "Sno": "2432", "LLtext": "제조업(10~34)", "documentId": "kr20010076477a", "application_number": "1020010076477", "Ltext": "1차 금속 제조업", "keyword": "기계부품가압주물제조/동합금주물주조/구리합금잉곳/수축기공/주름/표면/방법/온도구배/냉각받침대/용탕", "document_type": "A"}, {"updateDate": "20220608", "LLno": "C", "SSno": "24322", "Stext": "비철금속 주조업", "SStext": "동 주물 주조업", "Mtext": "금속 주조업", "Lno": "24", "ipc_main": "B22D-017/22", "Mno": "243", "country_code": "KR", "Sno": "2432", "LLtext": "제조업(10~34)", "documentId": "kr20020037099b1", "application_number": "1020020037099", "Ltext": "1차 금속 제조업", "keyword": "동다이캐스팅제조/동제기계부품다이캐스팅제조/냉각용보어핀/다이캐스팅금형/접촉면적/냉각효율/장치/중공부/핀몸체/관통구", "document_type": "B1"}, {"updateDate": "20220608", "LLno": "C", "SSno": "24322", "Stext": "비철금속 주조업", "SStext": "동 주물 주조업", "Mtext": "금속 주조업", "Lno": "24", "ipc_main": "B22D-017/02", "Mno": "243", "country_code": "KR", "Sno": "2432", "LLtext": "제조업(10~34)", "documentId": "kr20040000873y1", "application_number": "2020040000873", "Ltext": "1차 금속 제조업", "keyword": "동다이캐스팅제조/동제기계부품다이캐스팅제조/다이캐스팅머신/열간챔버/고품질/금형방안/장치/노즐터치실린더/클램핑장치/사출장치", "document_type": "Y1"}, {"updateDate": "20220608", "LLno": "C", "SSno": "24322", "Stext": "비철금속 주조업", "SStext": "동 주물 주조업", "Mtext": "금속 주조업", "Lno": "24", "ipc_main": "C22C-009/04", "Mno": "243", "country_code": "KR", "Sno": "2432", "LLtext": "제조업(10~34)", "documentId": "kr20040012290b1", "application_number": "1020040012290", "Ltext": "1차 금속 제조업", "keyword": "동합금주물주조/청동주물제조/청동합금/무연/쾌삭/기계적성질/조성물/구리/주석/비스무스", "document_type": "B1"}, {"updateDate": "20220608", "LLno": "C", "SSno": "24322", "Stext": "비철금속 주조업", "SStext": "동 주물 주조업", "Mtext": "금속 주조업", "Lno": "24", "ipc_main": "C22C-009/00", "Mno": "243", "country_code": "KR", "Sno": "2432", "LLtext": "제조업(10~34)", "documentId": "kr20040072428b1", "application_number": "1020040072428", "Ltext": "1차 금속 제조업", "keyword": "기계부품가압주물제조/동합금주물주조/고전도내열동합금/전기전도성/내열성/동합금/조성물/전기전자/열교환기/주조몰드", "document_type": "B1"}, {"updateDate": "20220608", "LLno": "C", "SSno": "24322", "Stext": "비철금속 주조업", "SStext": "동 주물 주조업", "Mtext": "금속 주조업", "Lno": "24", "ipc_main": "B22D-017/20", "Mno": "243", "country_code": "KR", "Sno": "2432", "LLtext": "제조업(10~34)", "documentId": "kr20040086211b1", "application_number": "1020040086211", "Ltext": "1차 금속 제조업", "keyword": "동다이캐스팅제조/동제기계부품다이캐스팅제조/플런저팁표면처리/다이캐스팅기/외주면/경도강화/방법/이물질제거단계/용사단계/퓨징단계", "document_type": "B1"}, {"updateDate": "20220608", "LLno": "C", "SSno": "24322", "Stext": "비철금속 주조업", "SStext": "동 주물 주조업", "Mtext": "금속 주조업", "Lno": "24", "ipc_main": "C22C-009/06", "Mno": "243", "country_code": "KR", "Sno": "2432", "LLtext": "제조업(10~34)", "documentId": "kr20047021553a", "application_number": "1020047021553", "Ltext": "1차 금속 제조업", "keyword": "기계부품가압주물제조/동합금주물주조/구리합금/코발트/니켈/규소/조성물/불순물/전기전도도/가공", "document_type": "A"}, {"updateDate": "20220608", "LLno": "C", "SSno": "24322", "Stext": "비철금속 주조업", "SStext": "동 주물 주조업", "Mtext": "금속 주조업", "Lno": "24", "ipc_main": "C22C-009/00", "Mno": "243", "country_code": "KR", "Sno": "2432", "LLtext": "제조업(10~34)", "documentId": "kr20050045530a", "application_number": "1020050045530", "Ltext": "1차 금속 제조업", "keyword": "기계부품가압주물제조/동합금주물주조/티탄구리/강도/도전성/굽힘가공성/조성물/구리합금/도전율/굽힘시험", "document_type": "A"}, {"updateDate": "20220608", "LLno": "C", "SSno": "24322", "Stext": "비철금속 주조업", "SStext": "동 주물 주조업", "Mtext": "금속 주조업", "Lno": "24", "ipc_main": "B21D-009/12", "Mno": "243", "country_code": "KR", "Sno": "2432", "LLtext": "제조업(10~34)", "documentId": "kr20060014100y1", "application_number": "2020060014100", "Ltext": "1차 금속 제조업", "keyword": "기계부품가압주물제조/동합금주물주조/엘보관성형장치/동합금/엘보금형/엘보관/장치/유압호스/지지대/작동레버", "document_type": "Y1"}, {"updateDate": "20220608", "LLno": "C", "SSno": "24322", "Stext": "비철금속 주조업", "SStext": "동 주물 주조업", "Mtext": "금속 주조업", "Lno": "24", "ipc_main": "B22D-017/04", "Mno": "243", "country_code": "KR", "Sno": "2432", "LLtext": "제조업(10~34)", "documentId": "kr20060015842y1", "application_number": "2020060015842", "Ltext": "1차 금속 제조업", "keyword": "동다이캐스팅제조/동제기계부품다이캐스팅제조/플런저/다이캐스팅기/플런저팁/로드/장치/커넥팅로드/냉각수관/결합홈부", "document_type": "Y1"}, {"updateDate": "20220608", "LLno": "C", "SSno": "24322", "Stext": "비철금속 주조업", "SStext": "동 주물 주조업", "Mtext": "금속 주조업", "Lno": "24", "ipc_main": "C22C-038/02", "Mno": "243", "country_code": "KR", "Sno": "2432", "LLtext": "제조업(10~34)", "documentId": "kr20067021446a", "application_number": "1020067021446", "Ltext": "1차 금속 제조업", "keyword": "기계부품가압주물제조/동합금주물주조/고동저합금강판/저합금강/용융멜트/비산화대기/조성물/강판/응고/냉각", "document_type": "A"}, {"updateDate": "20220608", "LLno": "C", "SSno": "24322", "Stext": "비철금속 주조업", "SStext": "동 주물 주조업", "Mtext": "금속 주조업", "Lno": "24", "ipc_main": "B22D-017/22", "Mno": "243", "country_code": "KR", "Sno": "2432", "LLtext": "제조업(10~34)", "documentId": "kr20070028242b1", "application_number": "1020070028242", "Ltext": "1차 금속 제조업", "keyword": "동다이캐스팅제조/동제기계부품다이캐스팅제조/다이캐스팅금형/성형코어/이젝트유닛/연동수단/장치/가이드레일/가이드블럭/언더컷성형코어", "document_type": "B1"}, {"updateDate": "20220608", "LLno": "C", "SSno": "24322", "Stext": "비철금속 주조업", "SStext": "동 주물 주조업", "Mtext": "금속 주조업", "Lno": "24", "ipc_main": "B22D-017/22", "Mno": "243", "country_code": "KR", "Sno": "2432", "LLtext": "제조업(10~34)", "documentId": "kr20070040890b1", "application_number": "1020070040890", "Ltext": "1차 금속 제조업", "keyword": "동다이캐스팅제조/동제기계부품다이캐스팅제조/주물압출장치/다이캐스팅/압출분리/지지돌기/장치/고정다이/가동다이/압출판", "document_type": "B1"}, {"updateDate": "20220608", "LLno": "C", "SSno": "24322", "Stext": "비철금속 주조업", "SStext": "동 주물 주조업", "Mtext": "금속 주조업", "Lno": "24", "ipc_main": "B22D-017/30", "Mno": "243", "country_code": "KR", "Sno": "2432", "LLtext": "제조업(10~34)", "documentId": "kr20070075973b1", "application_number": "1020070075973", "Ltext": "1차 금속 제조업", "keyword": "동다이캐스팅제조/동제기계부품다이캐스팅제조/용융금속공급장치/다이캐스팅/수위감지센서/보조저장실/장치/격벽/이송수단/샤프트", "document_type": "B1"}, {"updateDate": "20220608", "LLno": "C", "SSno": "24322", "Stext": "비철금속 주조업", "SStext": "동 주물 주조업", "Mtext": "금속 주조업", "Lno": "24", "ipc_main": "B22F-003/115", "Mno": "243", "country_code": "KR", "Sno": "2432", "LLtext": "제조업(10~34)", "documentId": "kr20070135096a", "application_number": "1020070135096", "Ltext": "1차 금속 제조업", "keyword": "기계부품가압주물제조/동합금주물주조/합금/cu/sn/가공성/방법/턴디쉬/출탕/불활성가스", "document_type": "A"}, {"updateDate": "20220608", "LLno": "C", "SSno": "24322", "Stext": "비철금속 주조업", "SStext": "동 주물 주조업", "Mtext": "금속 주조업", "Lno": "24", "ipc_main": "C22C-009/04", "Mno": "243", "country_code": "KR", "Sno": "2432", "LLtext": "제조업(10~34)", "documentId": "kr20077007251b1", "application_number": "1020077007251", "Ltext": "1차 금속 제조업", "keyword": "기계부품가압주물제조/동합금주물주조/합금/산화/내성/기계적성질/조성물/구리/아연/실리콘", "document_type": "B1"}, {"updateDate": "20220608", "LLno": "C", "SSno": "24322", "Stext": "비철금속 주조업", "SStext": "동 주물 주조업", "Mtext": "금속 주조업", "Lno": "24", "ipc_main": "B22D-035/06", "Mno": "243", "country_code": "KR", "Sno": "2432", "LLtext": "제조업(10~34)", "documentId": "kr20077015100b1", "application_number": "1020077015100", "Ltext": "1차 금속 제조업", "keyword": "기계부품가압주물제조/동합금주물주조/주조용라운더/용융금속/이송용라운더/내화성물질/장치/내화재/전지저항장치요소/송풍장치", "document_type": "B1"}, {"updateDate": "20220608", "LLno": "C", "SSno": "24322", "Stext": "비철금속 주조업", "SStext": "동 주물 주조업", "Mtext": "금속 주조업", "Lno": "24", "ipc_main": "C22C-009/04", "Mno": "243", "country_code": "KR", "Sno": "2432", "LLtext": "제조업(10~34)", "documentId": "kr20077029879b1", "application_number": "1020077029879", "Ltext": "1차 금속 제조업", "keyword": "기계부품가압주물제조/동합금주물주조/구리합금/기계적성질/주조성/수도용부재/조성물/주석/니켈/아연", "document_type": "B1"}, {"updateDate": "20220608", "LLno": "C", "SSno": "24322", "Stext": "비철금속 주조업", "SStext": "동 주물 주조업", "Mtext": "금속 주조업", "Lno": "24", "ipc_main": "B22D-017/22", "Mno": "243", "country_code": "KR", "Sno": "2432", "LLtext": "제조업(10~34)", "documentId": "kr20080016923a", "application_number": "1020080016923", "Ltext": "1차 금속 제조업", "keyword": "동다이캐스팅제조/동제기계부품다이캐스팅제조/그리퍼/다이캐스팅/취출용/초경바이트/장치/홀더/비스켓/다이캐스트주물", "document_type": "A"}, {"updateDate": "20220608", "LLno": "C", "SSno": "24322", "Stext": "비철금속 주조업", "SStext": "동 주물 주조업", "Mtext": "금속 주조업", "Lno": "24", "ipc_main": "C21D-009/00", "Mno": "243", "country_code": "KR", "Sno": "2432", "LLtext": "제조업(10~34)", "documentId": "kr20080019203b1", "application_number": "1020080019203", "Ltext": "1차 금속 제조업", "keyword": "동다이캐스팅제조/동제기계부품다이캐스팅제조/플런저팁/다이캐스팅기/철강재내부/중공성형단계/방법/용접단계/전처리단계/열처리단계", "document_type": "B1"}, {"updateDate": "20220608", "LLno": "C", "SSno": "24322", "Stext": "비철금속 주조업", "SStext": "동 주물 주조업", "Mtext": "금속 주조업", "Lno": "24", "ipc_main": "C22C-009/01", "Mno": "243", "country_code": "KR", "Sno": "2432", "LLtext": "제조업(10~34)", "documentId": "kr20080066374b1", "application_number": "1020080066374", "Ltext": "1차 금속 제조업", "keyword": "기계부품가압주물제조/동합금주물주조/동합금/변색저항/고내식성/인테리어장식물/조성물/장신구/엘리베이터내부/팔라듐", "document_type": "B1"}, {"updateDate": "20220608", "LLno": "C", "SSno": "24322", "Stext": "비철금속 주조업", "SStext": "동 주물 주조업", "Mtext": "금속 주조업", "Lno": "24", "ipc_main": "B22D-017/26", "Mno": "243", "country_code": "KR", "Sno": "2432", "LLtext": "제조업(10~34)", "documentId": "kr20080076582b1", "application_number": "1020080076582", "Ltext": "1차 금속 제조업", "keyword": "동다이캐스팅제조/동제기계부품다이캐스팅제조/합형확인장치/다이캐스팅금형/슬라이드코어/스토핑면/장치/피스톤부재/에어공급유닛/흡입유닛", "document_type": "B1"}, {"updateDate": "20220608", "LLno": "C", "SSno": "24322", "Stext": "비철금속 주조업", "SStext": "동 주물 주조업", "Mtext": "금속 주조업", "Lno": "24", "ipc_main": "C22B-003/02", "Mno": "243", "country_code": "KR", "Sno": "2432", "LLtext": "제조업(10~34)", "documentId": "kr20087000285b1", "application_number": "1020087000285", "Ltext": "1차 금속 제조업", "keyword": "기계부품가압주물제조/동합금주물주조/구리합금/고강도화/고도전율화/굽힘가공성/조성물/추출잔사/암모늄농도/메탄올용액", "document_type": "B1"}, {"updateDate": "20220608", "LLno": "C", "SSno": "24322", "Stext": "비철금속 주조업", "SStext": "동 주물 주조업", "Mtext": "금속 주조업", "Lno": "24", "ipc_main": "B22D-017/30", "Mno": "243", "country_code": "KR", "Sno": "2432", "LLtext": "제조업(10~34)", "documentId": "kr20090003323y1", "application_number": "2020090003323", "Ltext": "1차 금속 제조업", "keyword": "동다이캐스팅제조/동제기계부품다이캐스팅제조/다이캐스팅머신/금속용탕/고온챔버/이중실링구조/장치/용해조/구즈넥/플런저", "document_type": "Y1"}, {"updateDate": "20220608", "LLno": "C", "SSno": "24322", "Stext": "비철금속 주조업", "SStext": "동 주물 주조업", "Mtext": "금속 주조업", "Lno": "24", "ipc_main": "B22D-017/22", "Mno": "243", "country_code": "KR", "Sno": "2432", "LLtext": "제조업(10~34)", "documentId": "kr20090006967y1", "application_number": "2020090006967", "Ltext": "1차 금속 제조업", "keyword": "동다이캐스팅제조/동제기계부품다이캐스팅제조/다이캐스팅금형/전기밥솥열판/성형용/품질향상/장치/단자부/발열부/고정홈", "document_type": "Y1"}, {"updateDate": "20220608", "LLno": "C", "SSno": "24322", "Stext": "비철금속 주조업", "SStext": "동 주물 주조업", "Mtext": "금속 주조업", "Lno": "24", "ipc_main": "C22C-009/06", "Mno": "243", "country_code": "KR", "Sno": "2432", "LLtext": "제조업(10~34)", "documentId": "kr20090011285b1", "application_number": "1020090011285", "Ltext": "1차 금속 제조업", "keyword": "기계부품가압주물제조/동합금주물주조/동합금/도금내열박리성/응력완화성/전기전도도/조성물/고인장강도/고전도성/고가공성", "document_type": "B1"}, {"updateDate": "20220608", "LLno": "C", "SSno": "24322", "Stext": "비철금속 주조업", "SStext": "동 주물 주조업", "Mtext": "금속 주조업", "Lno": "24", "ipc_main": "B22D-017/20", "Mno": "243", "country_code": "KR", "Sno": "2432", "LLtext": "제조업(10~34)", "documentId": "kr20090081681b1", "application_number": "1020090081681", "Ltext": "1차 금속 제조업", "keyword": "동다이캐스팅제조/동제기계부품다이캐스팅제조/사출슬리브/다이캐스팅/탕구/사출플런저/장치/보호층/미세슬릿/슬리브", "document_type": "B1"}, {"updateDate": "20220608", "LLno": "C", "SSno": "24322", "Stext": "비철금속 주조업", "SStext": "동 주물 주조업", "Mtext": "금속 주조업", "Lno": "24", "ipc_main": "C22C-009/06", "Mno": "243", "country_code": "KR", "Sno": "2432", "LLtext": "제조업(10~34)", "documentId": "kr20097006854b1", "application_number": "1020097006854", "Ltext": "1차 금속 제조업", "keyword": "기계부품가압주물제조/동합금주물주조/구리합금/전자재료/도전율/굽힘가공성/조성물/co/si/질량농도비", "document_type": "B1"}, {"updateDate": "20220608", "LLno": "C", "SSno": "24322", "Stext": "비철금속 주조업", "SStext": "동 주물 주조업", "Mtext": "금속 주조업", "Lno": "24", "ipc_main": "C22C-009/06", "Mno": "243", "country_code": "KR", "Sno": "2432", "LLtext": "제조업(10~34)", "documentId": "kr20097008901a", "application_number": "1020097008901", "Ltext": "1차 금속 제조업", "keyword": "기계부품가압주물제조/동합금주물주조/동합금재/전기/전자부품/가공율/장치/연속소둔로/열처리/뒤틀림제거", "document_type": "A"}, {"updateDate": "20220608", "LLno": "C", "SSno": "24322", "Stext": "비철금속 주조업", "SStext": "동 주물 주조업", "Mtext": "금속 주조업", "Lno": "24", "ipc_main": "B22D-011/00", "Mno": "243", "country_code": "KR", "Sno": "2432", "LLtext": "제조업(10~34)", "documentId": "kr20097012226b1", "application_number": "1020097012226", "Ltext": "1차 금속 제조업", "keyword": "기계부품가압주물제조/기계부품동주물주조/다채널구리관/평행채널/도가니/다이세트/방법/중공부/다채널관/공급통로", "document_type": "B1"}, {"updateDate": "20220608", "LLno": "C", "SSno": "24322", "Stext": "비철금속 주조업", "SStext": "동 주물 주조업", "Mtext": "금속 주조업", "Lno": "24", "ipc_main": "B22D-017/22", "Mno": "243", "country_code": "KR", "Sno": "2432", "LLtext": "제조업(10~34)", "documentId": "kr20100113749b1", "application_number": "1020100113749", "Ltext": "1차 금속 제조업", "keyword": "동다이캐스팅제조/동제기계부품다이캐스팅제조/다이캐스팅용금형/가압금형/고정금형/전자기교반수단/장치/용융금속/슬리브/수납홈", "document_type": "B1"}, {"updateDate": "20220608", "LLno": "C", "SSno": "24322", "Stext": "비철금속 주조업", "SStext": "동 주물 주조업", "Mtext": "금속 주조업", "Lno": "24", "ipc_main": "B22D-017/22", "Mno": "243", "country_code": "KR", "Sno": "2432", "LLtext": "제조업(10~34)", "documentId": "kr20110010640u", "application_number": "2020110010640", "Ltext": "1차 금속 제조업", "keyword": "동다이캐스팅제조/동제기계부품다이캐스팅제조/다이캐스팅금형/가방고리/문자코어/상표/장치/고리부/결합부/연결부", "document_type": "U"}, {"updateDate": "20220608", "LLno": "C", "SSno": "24322", "Stext": "비철금속 주조업", "SStext": "동 주물 주조업", "Mtext": "금속 주조업", "Lno": "24", "ipc_main": "B22D-013/00", "Mno": "243", "country_code": "KR", "Sno": "2432", "LLtext": "제조업(10~34)", "documentId": "kr20110041365b1", "application_number": "1020110041365", "Ltext": "1차 금속 제조업", "keyword": "기계부품가압주물제조/동주물제조/구리판재/원심주조/원심주조기/원통형주물/방법/절개/수평장치/롤링", "document_type": "B1"}, {"updateDate": "20220608", "LLno": "C", "SSno": "24322", "Stext": "비철금속 주조업", "SStext": "동 주물 주조업", "Mtext": "금속 주조업", "Lno": "24", "ipc_main": "C22C-009/00", "Mno": "243", "country_code": "KR", "Sno": "2432", "LLtext": "제조업(10~34)", "documentId": "kr20110066034b1", "application_number": "1020110066034", "Ltext": "1차 금속 제조업", "keyword": "기계부품가압주물제조/동합금주물주조/구리합금/강도/전기전도도/향상/방법/주조단계/열간압연단계/냉간압연단계", "document_type": "B1"}, {"updateDate": "20220608", "LLno": "C", "SSno": "24322", "Stext": "비철금속 주조업", "SStext": "동 주물 주조업", "Mtext": "금속 주조업", "Lno": "24", "ipc_main": "B22D-017/00", "Mno": "243", "country_code": "KR", "Sno": "2432", "LLtext": "제조업(10~34)", "documentId": "kr20110070198a", "application_number": "1020110070198", "Ltext": "1차 금속 제조업", "keyword": "동다이캐스팅제조/동제기계부품다이캐스팅제조/반응고다이캐스팅/방법/가동금형/고정금형/방법/슬리브/유도가열부/슬러리", "document_type": "A"}, {"updateDate": "20220608", "LLno": "C", "SSno": "24322", "Stext": "비철금속 주조업", "SStext": "동 주물 주조업", "Mtext": "금속 주조업", "Lno": "24", "ipc_main": "C22C-009/00", "Mno": "243", "country_code": "KR", "Sno": "2432", "LLtext": "제조업(10~34)", "documentId": "kr20110105935b1", "application_number": "1020110105935", "Ltext": "1차 금속 제조업", "keyword": "기계부품가압주물제조/동합금주물주조/티탄구리/강도/도전율/굽힘가공성/조성물/Ti/입계반응상/최소굽힘반경", "document_type": "B1"}, {"updateDate": "20220608", "LLno": "C", "SSno": "24322", "Stext": "비철금속 주조업", "SStext": "동 주물 주조업", "Mtext": "금속 주조업", "Lno": "24", "ipc_main": "C22C-009/00", "Mno": "243", "country_code": "KR", "Sno": "2432", "LLtext": "제조업(10~34)", "documentId": "kr20110110857a", "application_number": "1020110110857", "Ltext": "1차 금속 제조업", "keyword": "기계부품가압주물제조/동합금주물주조/티탄구리/강도/굽힘가공성/전자부품/조성물/압연면/결정면/구리합금", "document_type": "A"}, {"updateDate": "20220608", "LLno": "C", "SSno": "24322", "Stext": "비철금속 주조업", "SStext": "동 주물 주조업", "Mtext": "금속 주조업", "Lno": "24", "ipc_main": "B22D-013/04", "Mno": "243", "country_code": "KR", "Sno": "2432", "LLtext": "제조업(10~34)", "documentId": "kr20110130104b1", "application_number": "1020110130104", "Ltext": "1차 금속 제조업", "keyword": "동다이캐스팅제조/동제기계부품다이캐스팅제조/피스톤링/다이캐스팅/장치/제조/방법/원심주조/캐비티/어널링", "document_type": "B1"}, {"updateDate": "20220608", "LLno": "C", "SSno": "24322", "Stext": "비철금속 주조업", "SStext": "동 주물 주조업", "Mtext": "금속 주조업", "Lno": "24", "ipc_main": "C22C-009/00", "Mno": "243", "country_code": "KR", "Sno": "2432", "LLtext": "제조업(10~34)", "documentId": "kr20110136270b1", "application_number": "1020110136270", "Ltext": "1차 금속 제조업", "keyword": "기계부품가압주물제조/동합금주물주조/2원계합금/금속가공/성형공정/강도/조성물/3차원적그물구조/Cu/Zr", "document_type": "B1"}, {"updateDate": "20220608", "LLno": "C", "SSno": "24322", "Stext": "비철금속 주조업", "SStext": "동 주물 주조업", "Mtext": "금속 주조업", "Lno": "24", "ipc_main": "C22C-009/06", "Mno": "243", "country_code": "KR", "Sno": "2432", "LLtext": "제조업(10~34)", "documentId": "kr20117003828b1", "application_number": "1020117003828", "Ltext": "1차 금속 제조업", "keyword": "기계부품가압주물제조/동합금주물주조/동합금압연판/고강도/고도전/연성/조성물/열간압연공정/냉간압연공정/석출열처리공정", "document_type": "B1"}, {"updateDate": "20220608", "LLno": "C", "SSno": "24322", "Stext": "비철금속 주조업", "SStext": "동 주물 주조업", "Mtext": "금속 주조업", "Lno": "24", "ipc_main": "C22C-009/06", "Mno": "243", "country_code": "KR", "Sno": "2432", "LLtext": "제조업(10~34)", "documentId": "kr20117003848b1", "application_number": "1020117003848", "Ltext": "1차 금속 제조업", "keyword": "기계부품가압주물제조/동합금주물주조/구리합금압연판/고강도/고도전/내열성/조성물/석출물/관찰면/평균입경", "document_type": "B1"}, {"updateDate": "20220608", "LLno": "C", "SSno": "24322", "Stext": "비철금속 주조업", "SStext": "동 주물 주조업", "Mtext": "금속 주조업", "Lno": "24", "ipc_main": "C22C-009/00", "Mno": "243", "country_code": "KR", "Sno": "2432", "LLtext": "제조업(10~34)", "documentId": "kr20117004937b1", "application_number": "1020117004937", "Ltext": "1차 금속 제조업", "keyword": "기계부품가압주물제조/동합금주물주조/동합금재료/전기전자부품/평균입자지름/화합물/방법/결정립지름/분산밀도/도전율", "document_type": "B1"}, {"updateDate": "20220608", "LLno": "C", "SSno": "24322", "Stext": "비철금속 주조업", "SStext": "동 주물 주조업", "Mtext": "금속 주조업", "Lno": "24", "ipc_main": "C22C-009/00", "Mno": "243", "country_code": "KR", "Sno": "2432", "LLtext": "제조업(10~34)", "documentId": "kr20117010592b1", "application_number": "1020117010592", "Ltext": "1차 금속 제조업", "keyword": "기계부품가압주물제조/동합금주물주조/동합금재료/Ni/Co/전기전자부품/조성물/엇각도/결정립/면적률", "document_type": "B1"}, {"updateDate": "20220608", "LLno": "C", "SSno": "24322", "Stext": "비철금속 주조업", "SStext": "동 주물 주조업", "Mtext": "금속 주조업", "Lno": "24", "ipc_main": "C22C-009/00", "Mno": "243", "country_code": "KR", "Sno": "2432", "LLtext": "제조업(10~34)", "documentId": "kr20127011446b1", "application_number": "1020127011446", "Ltext": "1차 금속 제조업", "keyword": "기계부품가압주물제조/동합금주물주조/구리합금판재/굽힘가공성/내응력완화특성/커넥터/장치/Ni/Co/Cube방위", "document_type": "B1"}, {"updateDate": "20220608", "LLno": "C", "SSno": "24322", "Stext": "비철금속 주조업", "SStext": "동 주물 주조업", "Mtext": "금속 주조업", "Lno": "24", "ipc_main": "B22D-007/06", "Mno": "243", "country_code": "KR", "Sno": "2432", "LLtext": "제조업(10~34)", "documentId": "kr20130118413b1", "application_number": "1020130118413", "Ltext": "1차 금속 제조업", "keyword": "기계부품가압주물제조/동합금주물주조/금형장치/동/카드뮴/합금/장치/빌렛/반연속/주조용", "document_type": "B1"}, {"updateDate": "20220608", "LLno": "C", "SSno": "24322", "Stext": "비철금속 주조업", "SStext": "동 주물 주조업", "Mtext": "금속 주조업", "Lno": "24", "ipc_main": "C22C-037/04", "Mno": "243", "country_code": "KR", "Sno": "2432", "LLtext": "제조업(10~34)", "documentId": "kr20130152202a", "application_number": "1020130152202", "Ltext": "1차 금속 제조업", "keyword": "동주물제조/동합금주물주조/구상흑연주철/고온강도/실리콘/구리/조성물/텅스텐/C/Cu", "document_type": "A"}, {"updateDate": "20220608", "LLno": "C", "SSno": "24322", "Stext": "비철금속 주조업", "SStext": "동 주물 주조업", "Mtext": "금속 주조업", "Lno": "24", "ipc_main": "C22C-009/04", "Mno": "243", "country_code": "KR", "Sno": "2432", "LLtext": "제조업(10~34)", "documentId": "kr20137024894b1", "application_number": "1020137024894", "Ltext": "1차 금속 제조업", "keyword": "기계부품가압주물제조/동합금주물주조/구리합금/열간가공성/냉간가공성/프레스성/조성물/면적률/금속조직/은백색", "document_type": "B1"}, {"updateDate": "20220608", "LLno": "C", "SSno": "24322", "Stext": "비철금속 주조업", "SStext": "동 주물 주조업", "Mtext": "금속 주조업", "Lno": "24", "ipc_main": "C22C-001/08", "Mno": "243", "country_code": "KR", "Sno": "2432", "LLtext": "제조업(10~34)", "documentId": "kr20140004485a", "application_number": "1020140004485", "Ltext": "1차 금속 제조업", "keyword": "기계부품가압주물제조/동주물제조/다공성동/동/기공률/기공크기/방법/용해/합금용금속/몰드", "document_type": "A"}, {"updateDate": "20220608", "LLno": "C", "SSno": "24322", "Stext": "비철금속 주조업", "SStext": "동 주물 주조업", "Mtext": "금속 주조업", "Lno": "24", "ipc_main": "B22D-017/22", "Mno": "243", "country_code": "KR", "Sno": "2432", "LLtext": "제조업(10~34)", "documentId": "kr20140007945b1", "application_number": "1020140007945", "Ltext": "1차 금속 제조업", "keyword": "동다이캐스팅제조/동제기계부품다이캐스팅제조/다이캐스팅금형/용탕/공기수용부/마찰/장치/고정금형/가동금형/성형면", "document_type": "B1"}, {"updateDate": "20220608", "LLno": "C", "SSno": "24322", "Stext": "비철금속 주조업", "SStext": "동 주물 주조업", "Mtext": "금속 주조업", "Lno": "24", "ipc_main": "B22D-017/22", "Mno": "243", "country_code": "KR", "Sno": "2432", "LLtext": "제조업(10~34)", "documentId": "kr20140007946b1", "application_number": "1020140007946", "Ltext": "1차 금속 제조업", "keyword": "동다이캐스팅제조/동제기계부품다이캐스팅제조/다이캐스팅금형/용탕/부착력/마찰력/장치/고정금형/성형면/공기수용부", "document_type": "B1"}, {"updateDate": "20220608", "LLno": "C", "SSno": "24322", "Stext": "비철금속 주조업", "SStext": "동 주물 주조업", "Mtext": "금속 주조업", "Lno": "24", "ipc_main": "B22D-017/24", "Mno": "243", "country_code": "KR", "Sno": "2432", "LLtext": "제조업(10~34)", "documentId": "kr20140141672b1", "application_number": "1020140141672", "Ltext": "1차 금속 제조업", "keyword": "동다이캐스팅제조/동제기계부품다이캐스팅제조/다이캐스팅방법/온도편차/후육부/결함발생/방법/주입단계/성형단계/냉각단계", "document_type": "B1"}, {"updateDate": "20220608", "LLno": "C", "SSno": "24322", "Stext": "비철금속 주조업", "SStext": "동 주물 주조업", "Mtext": "금속 주조업", "Lno": "24", "ipc_main": "B22D-013/12", "Mno": "243", "country_code": "KR", "Sno": "2432", "LLtext": "제조업(10~34)", "documentId": "kr20140178924b1", "application_number": "1020140178924", "Ltext": "1차 금속 제조업", "keyword": "기계부품가압주물제조/청동주물제조/납편석방지장치/원심주조/연청동/원심주조장치/장치/분사장치/분사구/분사관", "document_type": "B1"}, {"updateDate": "20220608", "LLno": "C", "SSno": "24322", "Stext": "비철금속 주조업", "SStext": "동 주물 주조업", "Mtext": "금속 주조업", "Lno": "24", "ipc_main": "B22D-017/18", "Mno": "243", "country_code": "KR", "Sno": "2432", "LLtext": "제조업(10~34)", "documentId": "kr20140185696b1", "application_number": "1020140185696", "Ltext": "1차 금속 제조업", "keyword": "동다이캐스팅제조/동제기계부품다이캐스팅제조/고속전동기회전자/브래이징/다이캐스팅/제조/방법/적층코어/보호링/엔드링", "document_type": "B1"}, {"updateDate": "20220608", "LLno": "C", "SSno": "24322", "Stext": "비철금속 주조업", "SStext": "동 주물 주조업", "Mtext": "금속 주조업", "Lno": "24", "ipc_main": "C22C-009/04", "Mno": "243", "country_code": "KR", "Sno": "2432", "LLtext": "제조업(10~34)", "documentId": "kr20147027070a", "application_number": "1020147027070", "Ltext": "1차 금속 제조업", "keyword": "기계부품가압주물제조/동합금주물주조/구리합금판/결정입경/입자직경/땜납젖음성/조성물/단자/커넥터재/굽힘가공성", "document_type": "A"}, {"updateDate": "20220608", "LLno": "C", "SSno": "24322", "Stext": "비철금속 주조업", "SStext": "동 주물 주조업", "Mtext": "금속 주조업", "Lno": "24", "ipc_main": "B22D-017/22", "Mno": "243", "country_code": "KR", "Sno": "2432", "LLtext": "제조업(10~34)", "documentId": "kr20150073102a", "application_number": "1020150073102", "Ltext": "1차 금속 제조업", "keyword": "동다이캐스팅제조/동제기계부품다이캐스팅제조/슬리브/다이캐스팅/금형/탕구/장치/바디부/입구부/냉각유로", "document_type": "A"}, {"updateDate": "20220608", "LLno": "C", "SSno": "24322", "Stext": "비철금속 주조업", "SStext": "동 주물 주조업", "Mtext": "금속 주조업", "Lno": "24", "ipc_main": "B22D-017/22", "Mno": "243", "country_code": "KR", "Sno": "2432", "LLtext": "제조업(10~34)", "documentId": "kr20150077013b1", "application_number": "1020150077013", "Ltext": "1차 금속 제조업", "keyword": "동다이캐스팅제조/동제기계부품다이캐스팅제조/다이캐스팅금형/제품변형방지/장관통홀/단관통홀/장치/성형물/캐비티/고정다이", "document_type": "B1"}, {"updateDate": "20220608", "LLno": "C", "SSno": "24322", "Stext": "비철금속 주조업", "SStext": "동 주물 주조업", "Mtext": "금속 주조업", "Lno": "24", "ipc_main": "B22D-017/22", "Mno": "243", "country_code": "KR", "Sno": "2432", "LLtext": "제조업(10~34)", "documentId": "kr20150161734a", "application_number": "1020150161734", "Ltext": "1차 금속 제조업", "keyword": "동다이캐스팅제조/동제기계부품다이캐스팅제조/다이캐스팅금형/슬라이드코어/왕복이동방향/경사면/장치/경사레일홈/경사캠부재/금형", "document_type": "A"}, {"updateDate": "20220608", "LLno": "C", "SSno": "24322", "Stext": "비철금속 주조업", "SStext": "동 주물 주조업", "Mtext": "금속 주조업", "Lno": "24", "ipc_main": "B22D-011/06", "Mno": "243", "country_code": "KR", "Sno": "2432", "LLtext": "제조업(10~34)", "documentId": "kr20157013526a", "application_number": "1020157013526", "Ltext": "1차 금속 제조업", "keyword": "기계부품가압주물제조/동합금주물주조/동합금선/인/난용성원소/턴디쉬/방법/연속주조기/주조동재/압연", "document_type": "A"}, {"updateDate": "20220608", "LLno": "C", "SSno": "24322", "Stext": "비철금속 주조업", "SStext": "동 주물 주조업", "Mtext": "금속 주조업", "Lno": "24", "ipc_main": "B22D-017/22", "Mno": "243", "country_code": "KR", "Sno": "2432", "LLtext": "제조업(10~34)", "documentId": "kr20160080494a", "application_number": "1020160080494", "Ltext": "1차 금속 제조업", "keyword": "동다이캐스팅제조/동제기계부품다이캐스팅제조/요크유닛/고진공/다이캐스팅/ISG시스템/장치/오버플로어챔버/플런져/이젝트플레이트", "document_type": "A"}, {"updateDate": "20220608", "LLno": "C", "SSno": "24322", "Stext": "비철금속 주조업", "SStext": "동 주물 주조업", "Mtext": "금속 주조업", "Lno": "24", "ipc_main": "B22D-017/22", "Mno": "243", "country_code": "KR", "Sno": "2432", "LLtext": "제조업(10~34)", "documentId": "kr20160080522b1", "application_number": "1020160080522", "Ltext": "1차 금속 제조업", "keyword": "동다이캐스팅제조/동제기계부품다이캐스팅제조/성형물용금형/나선형/돌기/다이캐스팅/장치/성형금형/탈형작동부/작동핀", "document_type": "B1"}, {"updateDate": "20220608", "LLno": "C", "SSno": "24322", "Stext": "비철금속 주조업", "SStext": "동 주물 주조업", "Mtext": "금속 주조업", "Lno": "24", "ipc_main": "B22D-017/20", "Mno": "243", "country_code": "KR", "Sno": "2432", "LLtext": "제조업(10~34)", "documentId": "kr20160086858a", "application_number": "1020160086858", "Ltext": "1차 금속 제조업", "keyword": "동다이캐스팅제조/동제기계부품다이캐스팅제조/플런져장치/플런져팁/플런져로드/다이캐스팅/장치/슬리브/경사각조절/조인트부", "document_type": "A"}, {"updateDate": "20220608", "LLno": "C", "SSno": "24322", "Stext": "비철금속 주조업", "SStext": "동 주물 주조업", "Mtext": "금속 주조업", "Lno": "24", "ipc_main": "B22D-017/22", "Mno": "243", "country_code": "KR", "Sno": "2432", "LLtext": "제조업(10~34)", "documentId": "kr20160155744a", "application_number": "1020160155744", "Ltext": "1차 금속 제조업", "keyword": "동다이캐스팅제조/동제기계부품다이캐스팅제조/다이캐스팅장치/세탁기/모터하우징/다이캐스팅금형/장치/패턴부/주입라인/비스켓", "document_type": "A"}, {"updateDate": "20220608", "LLno": "C", "SSno": "24322", "Stext": "비철금속 주조업", "SStext": "동 주물 주조업", "Mtext": "금속 주조업", "Lno": "24", "ipc_main": "B26B-003/02", "Mno": "243", "country_code": "KR", "Sno": "2432", "LLtext": "제조업(10~34)", "documentId": "kr20160176582b1", "application_number": "1020160176582", "Ltext": "1차 금속 제조업", "keyword": "동주물제조/청동주물제조/청동유기칼/절삭력/내마모성/백색/방법/모재성형공정/절단공정/평면칼성형공정", "document_type": "B1"}, {"updateDate": "20220608", "LLno": "C", "SSno": "24322", "Stext": "비철금속 주조업", "SStext": "동 주물 주조업", "Mtext": "금속 주조업", "Lno": "24", "ipc_main": "C22C-009/06", "Mno": "243", "country_code": "KR", "Sno": "2432", "LLtext": "제조업(10~34)", "documentId": "kr20167015761a", "application_number": "1020167015761", "Ltext": "1차 금속 제조업", "keyword": "기계부품가압주물제조/동합금주물주조/구리합금판재/커넥터/항복강도/영률/조성물/결정립/장경/방위밀도", "document_type": "A"}, {"updateDate": "20220608", "LLno": "C", "SSno": "24322", "Stext": "비철금속 주조업", "SStext": "동 주물 주조업", "Mtext": "금속 주조업", "Lno": "24", "ipc_main": "C22C-009/06", "Mno": "243", "country_code": "KR", "Sno": "2432", "LLtext": "제조업(10~34)", "documentId": "kr20167016642a", "application_number": "1020167016642", "Ltext": "1차 금속 제조업", "keyword": "기계부품가압주물제조/동합금주물주조/구리합금판재/커넥터/항복강도/굽힘가공성/조성물/방위밀도/방위/결정립", "document_type": "A"}, {"updateDate": "20220608", "LLno": "C", "SSno": "24322", "Stext": "비철금속 주조업", "SStext": "동 주물 주조업", "Mtext": "금속 주조업", "Lno": "24", "ipc_main": "B22D-011/00", "Mno": "243", "country_code": "KR", "Sno": "2432", "LLtext": "제조업(10~34)", "documentId": "kr20167017289b1", "application_number": "1020167017289", "Ltext": "1차 금속 제조업", "keyword": "기계부품가압주물제조/동합금주물주조/구리주괴/밸트캐스터/연속주조기/산화물/조성물/탄소/산소/수소", "document_type": "B1"}, {"updateDate": "20220608", "LLno": "C", "SSno": "24322", "Stext": "비철금속 주조업", "SStext": "동 주물 주조업", "Mtext": "금속 주조업", "Lno": "24", "ipc_main": "C22C-009/00", "Mno": "243", "country_code": "KR", "Sno": "2432", "LLtext": "제조업(10~34)", "documentId": "kr20167033418a", "application_number": "1020167033418", "Ltext": "1차 금속 제조업", "keyword": "기계부품가압주물제조/동합금주물주조/구리합금판재/태양광발전/도전성/전기전자부품/장치/입경/결정립/면적률", "document_type": "A"}, {"updateDate": "20220608", "LLno": "C", "SSno": "24322", "Stext": "비철금속 주조업", "SStext": "동 주물 주조업", "Mtext": "금속 주조업", "Lno": "24", "ipc_main": "B22D-013/10", "Mno": "243", "country_code": "KR", "Sno": "2432", "LLtext": "제조업(10~34)", "documentId": "kr20170023167b1", "application_number": "1020170023167", "Ltext": "1차 금속 제조업", "keyword": "기계부품가압주물제조/동합금주물주조/진공원심주조장치/전기자동차/배터리/고순도구리커넥터/장치/캐비닛/회전축/가열수단", "document_type": "B1"}, {"updateDate": "20220608", "LLno": "C", "SSno": "24322", "Stext": "비철금속 주조업", "SStext": "동 주물 주조업", "Mtext": "금속 주조업", "Lno": "24", "ipc_main": "B22D-017/22", "Mno": "243", "country_code": "KR", "Sno": "2432", "LLtext": "제조업(10~34)", "documentId": "kr20170033868b1", "application_number": "1020170033868", "Ltext": "1차 금속 제조업", "keyword": "동다이캐스팅제조/동제기계부품다이캐스팅제조/다이캐스팅금형/금속제품/언더컷성형/슬라이드코어/장치/실린더부재/피스톤부재/이형제분사유로", "document_type": "B1"}, {"updateDate": "20220608", "LLno": "C", "SSno": "24322", "Stext": "비철금속 주조업", "SStext": "동 주물 주조업", "Mtext": "금속 주조업", "Lno": "24", "ipc_main": "C22C-009/06", "Mno": "243", "country_code": "KR", "Sno": "2432", "LLtext": "제조업(10~34)", "documentId": "kr20170041704a", "application_number": "1020170041704", "Ltext": "1차 금속 제조업", "keyword": "기계부품가압주물제조/동합금주물주조/호일/구리합금/제조방법/금속산화물/방법/산화물/나노파우더/제조단계", "document_type": "A"}, {"updateDate": "20220608", "LLno": "C", "SSno": "24322", "Stext": "비철금속 주조업", "SStext": "동 주물 주조업", "Mtext": "금속 주조업", "Lno": "24", "ipc_main": "B22D-017/14", "Mno": "243", "country_code": "KR", "Sno": "2432", "LLtext": "제조업(10~34)", "documentId": "kr20180032722a", "application_number": "1020180032722", "Ltext": "1차 금속 제조업", "keyword": "동다이캐스팅제조/동제기계부품다이캐스팅제조/금형장치/사출실린더/진공성형수단/고진공/장치/피스톤부재/스프링/구동유닛", "document_type": "A"}, {"updateDate": "20220608", "LLno": "C", "SSno": "24322", "Stext": "비철금속 주조업", "SStext": "동 주물 주조업", "Mtext": "금속 주조업", "Lno": "24", "ipc_main": "C22C-009/01", "Mno": "243", "country_code": "KR", "Sno": "2432", "LLtext": "제조업(10~34)", "documentId": "kr20180066387b1", "application_number": "1020180066387", "Ltext": "1차 금속 제조업", "keyword": "기계부품가압주물제조/동합금주물주조/동합금주물/동합금/골드/칼라/조성물/색차테스트/명도/티타늄", "document_type": "B1"}, {"updateDate": "20220608", "LLno": "C", "SSno": "24322", "Stext": "비철금속 주조업", "SStext": "동 주물 주조업", "Mtext": "금속 주조업", "Lno": "24", "ipc_main": "B22D-017/28", "Mno": "243", "country_code": "KR", "Sno": "2432", "LLtext": "제조업(10~34)", "documentId": "kr20180092795b1", "application_number": "1020180092795", "Ltext": "1차 금속 제조업", "keyword": "동다이캐스팅제조/동제기계부품다이캐스팅제조/용융물공급장치/용융물/저장조/스토퍼/장치/슬리브/주입구/다이캐스팅", "document_type": "B1"}, {"updateDate": "20220608", "LLno": "C", "SSno": "24322", "Stext": "비철금속 주조업", "SStext": "동 주물 주조업", "Mtext": "금속 주조업", "Lno": "24", "ipc_main": "C22C-033/04", "Mno": "243", "country_code": "KR", "Sno": "2432", "LLtext": "제조업(10~34)", "documentId": "kr20180119825a", "application_number": "1020180119825", "Ltext": "1차 금속 제조업", "keyword": "동합금주물주조/동주물제조/철구리합금/열전도성/기계적물성/전자기파차폐성/조성물/철/구리/합금", "document_type": "A"}, {"updateDate": "20220608", "LLno": "C", "SSno": "24322", "Stext": "비철금속 주조업", "SStext": "동 주물 주조업", "Mtext": "금속 주조업", "Lno": "24", "ipc_main": "C22C-009/00", "Mno": "243", "country_code": "KR", "Sno": "2432", "LLtext": "제조업(10~34)", "documentId": "kr20180154367b1", "application_number": "1020180154367", "Ltext": "1차 금속 제조업", "keyword": "기계부품가압주물제조/동합금주물주조/동합금/과포화/고강도/고전도도/장치/기지조직/정출상/종횡비", "document_type": "B1"}, {"updateDate": "20220608", "LLno": "C", "SSno": "24322", "Stext": "비철금속 주조업", "SStext": "동 주물 주조업", "Mtext": "금속 주조업", "Lno": "24", "ipc_main": "C22C-001/06", "Mno": "243", "country_code": "KR", "Sno": "2432", "LLtext": "제조업(10~34)", "documentId": "kr20180168227b1", "application_number": "1020180168227", "Ltext": "1차 금속 제조업", "keyword": "기계부품가압주물제조/동합금주물주조/철동합금/포러스플러그/용탕처리/가스공급관/방법/용해로/알루미나/마그네시아", "document_type": "B1"}, {"updateDate": "20220608", "LLno": "C", "SSno": "24322", "Stext": "비철금속 주조업", "SStext": "동 주물 주조업", "Mtext": "금속 주조업", "Lno": "24", "ipc_main": "C22C-009/00", "Mno": "243", "country_code": "KR", "Sno": "2432", "LLtext": "제조업(10~34)", "documentId": "kr20187010746a", "application_number": "1020187010746", "Ltext": "1차 금속 제조업", "keyword": "기계부품가압주물제조/동합금주물주조/구리합금판재/도전성/강도/내응력완화특성/조성물/개수밀도/압연평행방향/인장강도", "document_type": "A"}, {"updateDate": "20220608", "LLno": "C", "SSno": "24322", "Stext": "비철금속 주조업", "SStext": "동 주물 주조업", "Mtext": "금속 주조업", "Lno": "24", "ipc_main": "C23C-014/34", "Mno": "243", "country_code": "KR", "Sno": "2432", "LLtext": "제조업(10~34)", "documentId": "kr20187026266b1", "application_number": "1020187026266", "Ltext": "1차 금속 제조업", "keyword": "기계부품가압주물제조/동합금주물주조/구리합금타킷/구리/구리합금/스퍼터링타깃/장치/아르곤/수소/양자", "document_type": "B1"}, {"updateDate": "20220608", "LLno": "C", "SSno": "24322", "Stext": "비철금속 주조업", "SStext": "동 주물 주조업", "Mtext": "금속 주조업", "Lno": "24", "ipc_main": "B22D-017/22", "Mno": "243", "country_code": "KR", "Sno": "2432", "LLtext": "제조업(10~34)", "documentId": "kr20190023309b1", "application_number": "1020190023309", "Ltext": "1차 금속 제조업", "keyword": "동다이캐스팅제조/동제기계부품다이캐스팅제조/다이캐스팅시스템/제트쿨러/고정금형/가동금형/시스템/랙축/요크홀부/파워팩조립부", "document_type": "B1"}, {"updateDate": "20220608", "LLno": "C", "SSno": "24322", "Stext": "비철금속 주조업", "SStext": "동 주물 주조업", "Mtext": "금속 주조업", "Lno": "24", "ipc_main": "C22C-009/06", "Mno": "243", "country_code": "KR", "Sno": "2432", "LLtext": "제조업(10~34)", "documentId": "kr20190090805b1", "application_number": "1020190090805", "Ltext": "1차 금속 제조업", "keyword": "기계부품가압주물제조/동합금주물주조/동합금판재/니켈/코발트/실리콘/방법/주조/냉간압연/고용화열처리", "document_type": "B1"}, {"updateDate": "20220608", "LLno": "C", "SSno": "24322", "Stext": "비철금속 주조업", "SStext": "동 주물 주조업", "Mtext": "금속 주조업", "Lno": "24", "ipc_main": "B22D-017/32", "Mno": "243", "country_code": "KR", "Sno": "2432", "LLtext": "제조업(10~34)", "documentId": "kr20190156543b1", "application_number": "1020190156543", "Ltext": "1차 금속 제조업", "keyword": "동다이캐스팅제조/동합금다이캐스팅제조/공정관리시스템/딥러닝/다이캐스팅/알고리즘/시스템/온도센서부/학습부/공정관리부", "document_type": "B1"}, {"updateDate": "20220608", "LLno": "C", "SSno": "24322", "Stext": "비철금속 주조업", "SStext": "동 주물 주조업", "Mtext": "금속 주조업", "Lno": "24", "ipc_main": "C22C-009/06", "Mno": "243", "country_code": "KR", "Sno": "2432", "LLtext": "제조업(10~34)", "documentId": "kr20190171713a", "application_number": "1020190171713", "Ltext": "1차 금속 제조업", "keyword": "동주물제조/동합금주물주조/구리합금/고강도/고전도도/불순물/조성물/과포화/Cu/Fe", "document_type": "A"}, {"updateDate": "20220608", "LLno": "C", "SSno": "24322", "Stext": "비철금속 주조업", "SStext": "동 주물 주조업", "Mtext": "금속 주조업", "Lno": "24", "ipc_main": "C22C-009/04", "Mno": "243", "country_code": "KR", "Sno": "2432", "LLtext": "제조업(10~34)", "documentId": "kr20197003647b1", "application_number": "1020197003647", "Ltext": "1차 금속 제조업", "keyword": "기계부품가압주물제조/동합금주물주조/구리합금/쾌삭성/면적률/장변/조성물/Cu/Si/Sn", "document_type": "B1"}, {"updateDate": "20220608", "LLno": "C", "SSno": "24322", "Stext": "비철금속 주조업", "SStext": "동 주물 주조업", "Mtext": "금속 주조업", "Lno": "24", "ipc_main": "B22D-019/08", "Mno": "243", "country_code": "KR", "Sno": "2432", "LLtext": "제조업(10~34)", "documentId": "kr20197019297b1", "application_number": "1020197019297", "Ltext": "1차 금속 제조업", "keyword": "기계부품가압주물제조/동합금주물주조/복합전도성재료/결합강도/구리/알루미늄/방법/알루미늄용해/구리용해/구리알루미늄복합", "document_type": "B1"}, {"updateDate": "20220608", "LLno": "C", "SSno": "24322", "Stext": "비철금속 주조업", "SStext": "동 주물 주조업", "Mtext": "금속 주조업", "Lno": "24", "ipc_main": "B22D-017/22", "Mno": "243", "country_code": "KR", "Sno": "2432", "LLtext": "제조업(10~34)", "documentId": "kr20200046001b1", "application_number": "1020200046001", "Ltext": "1차 금속 제조업", "keyword": "동다이캐스팅제조/동합금다이캐스팅제조/다이캐스팅금형/조향모터하우징/커버제작용/게이트/장치/용탕/캐비티/절곡부", "document_type": "B1"}, {"updateDate": "20220608", "LLno": "C", "SSno": "24322", "Stext": "비철금속 주조업", "SStext": "동 주물 주조업", "Mtext": "금속 주조업", "Lno": "24", "ipc_main": "B22F-003/105", "Mno": "243", "country_code": "KR", "Sno": "2432", "LLtext": "제조업(10~34)", "documentId": "kr20200157546b1", "application_number": "1020200157546", "Ltext": "1차 금속 제조업", "keyword": "기계부품동주물제조/동합금주물제조/동합금프로펠러/원심주조법/허브/블레이드/방법/3D/단계/프린팅", "document_type": "B1"}, {"updateDate": "20220608", "LLno": "C", "SSno": "24322", "Stext": "비철금속 주조업", "SStext": "동 주물 주조업", "Mtext": "금속 주조업", "Lno": "24", "ipc_main": "C22C-001/02", "Mno": "243", "country_code": "KR", "Sno": "2432", "LLtext": "제조업(10~34)", "documentId": "kr20200177814a", "application_number": "1020200177814", "Ltext": "1차 금속 제조업", "keyword": "기계부품가압주물제조/동합금주물제조/동철합금/모합금/용해단계/주조단계/장치/Fe/Mg/Sn", "document_type": "A"}, {"updateDate": "20220608", "LLno": "C", "SSno": "24322", "Stext": "비철금속 주조업", "SStext": "동 주물 주조업", "Mtext": "금속 주조업", "Lno": "24", "ipc_main": "C22C-009/02", "Mno": "243", "country_code": "KR", "Sno": "2432", "LLtext": "제조업(10~34)", "documentId": "kr20207020273a", "application_number": "1020207020273", "Ltext": "1차 금속 제조업", "keyword": "동주물제조/동합금주물주조/생성의개선/구리/주석/납/조성물/니켈/철/건조중량", "document_type": "A"}, {"updateDate": "20220608", "LLno": "C", "SSno": "24322", "Stext": "비철금속 주조업", "SStext": "동 주물 주조업", "Mtext": "금속 주조업", "Lno": "24", "ipc_main": "C22C-009/06", "Mno": "243", "country_code": "KR", "Sno": "2432", "LLtext": "제조업(10~34)", "documentId": "kr20207027336a", "application_number": "1020207027336", "Ltext": "1차 금속 제조업", "keyword": "기계부품가압주물제조/동합금주물주조/구리합금판재/프레스가공성/커넥터/KAM평균치/장치/압연평행방향/판두께/EBSD", "document_type": "A"}]}