{"dataset": [{"updateDate": "20220608", "LLno": "C", "SSno": "33409", "Stext": "인형, 장난감 및 오락용품 제조업", "SStext": "기타 오락용품 제조업", "Mtext": "인형, 장난감 및 오락용품 제조업", "Lno": "33", "ipc_main": "A63F-013/00", "Mno": "334", "country_code": "KR", "Sno": "3340", "LLtext": "제조업(10~34)", "documentId": "kr20100002251u", "application_number": "2020100002251", "Ltext": "기타 제품 제조업", "keyword": "슬롯머신게임기제조/게임용테이블제조/테이블식전자컴퓨터게임기/전자컴퓨터게임기모니터/터치스크린모니터/상호관계형성/장치/테이블면/터치스크린모니터/", "document_type": "U"}, {"updateDate": "20220608", "LLno": "C", "SSno": "33409", "Stext": "인형, 장난감 및 오락용품 제조업", "SStext": "기타 오락용품 제조업", "Mtext": "인형, 장난감 및 오락용품 제조업", "Lno": "33", "ipc_main": "A63D-015/02", "Mno": "334", "country_code": "KR", "Sno": "3340", "LLtext": "제조업(10~34)", "documentId": "kr20110008528u", "application_number": "2020110008528", "Ltext": "기타 제품 제조업", "keyword": "당구공제조/당구대제조/양면당구대/분리용합판/탈부착/다양한게임제공/장치/바닥/쿠션/양면", "document_type": "U"}, {"updateDate": "20220608", "LLno": "C", "SSno": "33409", "Stext": "인형, 장난감 및 오락용품 제조업", "SStext": "기타 오락용품 제조업", "Mtext": "인형, 장난감 및 오락용품 제조업", "Lno": "33", "ipc_main": "A63F-013/40", "Mno": "334", "country_code": "KR", "Sno": "3340", "LLtext": "제조업(10~34)", "documentId": "kr20120115670b1", "application_number": "1020120115670", "Ltext": "기타 제품 제조업", "keyword": "휴대용체스제조/실내게임용구제조/스마트TV게임제어방법/스마트TV/휴대용스마트TV/시간지연최소화/방법/서비스제공서버/인증번호/동기화", "document_type": "B1"}, {"updateDate": "20220608", "LLno": "C", "SSno": "33409", "Stext": "인형, 장난감 및 오락용품 제조업", "SStext": "기타 오락용품 제조업", "Mtext": "인형, 장난감 및 오락용품 제조업", "Lno": "33", "ipc_main": "A63F-013/79", "Mno": "334", "country_code": "KR", "Sno": "3340", "LLtext": "제조업(10~34)", "documentId": "kr20120153351a", "application_number": "1020120153351", "Ltext": "기타 제품 제조업", "keyword": "실내게임용구제조/게임용카드제조/게임관리시스템/카드리더부/관리서버/시스템개시/시스템/카드발급부/카드리더부/카드정보", "document_type": "A"}, {"updateDate": "20220608", "LLno": "C", "SSno": "33409", "Stext": "인형, 장난감 및 오락용품 제조업", "SStext": "기타 오락용품 제조업", "Mtext": "인형, 장난감 및 오락용품 제조업", "Lno": "33", "ipc_main": "A63F-013/00", "Mno": "334", "country_code": "KR", "Sno": "3340", "LLtext": "제조업(10~34)", "documentId": "kr20130027975b1", "application_number": "1020130027975", "Ltext": "기타 제품 제조업", "keyword": "실내게임용구제조/판(보드)게임용구제조/게임제어장치/실행수단/판정수단/게임시스템제공/장치/정보취득수단/통지수단/파라미터값", "document_type": "B1"}, {"updateDate": "20220608", "LLno": "C", "SSno": "33409", "Stext": "인형, 장난감 및 오락용품 제조업", "SStext": "기타 오락용품 제조업", "Mtext": "인형, 장난감 및 오락용품 제조업", "Lno": "33", "ipc_main": "A63F-013/00", "Mno": "334", "country_code": "KR", "Sno": "3340", "LLtext": "제조업(10~34)", "documentId": "kr20130035683b1", "application_number": "1020130035683", "Ltext": "기타 제품 제조업", "keyword": "슬롯머신게임기제조/게임용테이블제조/멀티릴게임기/릴표시부/제어부/흥미제공/장치/입력유닛/베팅라인/배당률", "document_type": "B1"}, {"updateDate": "20220608", "LLno": "C", "SSno": "33409", "Stext": "인형, 장난감 및 오락용품 제조업", "SStext": "기타 오락용품 제조업", "Mtext": "인형, 장난감 및 오락용품 제조업", "Lno": "33", "ipc_main": "A63D-015/00", "Mno": "334", "country_code": "KR", "Sno": "3340", "LLtext": "제조업(10~34)", "documentId": "kr20130039210a", "application_number": "1020130039210", "Ltext": "기타 제품 제조업", "keyword": "당구공제조/당구대제조/당구공세척장치/회전저항용바/세척원판/세척효율향상/장치/종동폴리/구동폴리/세척융", "document_type": "A"}, {"updateDate": "20220608", "LLno": "C", "SSno": "33409", "Stext": "인형, 장난감 및 오락용품 제조업", "SStext": "기타 오락용품 제조업", "Mtext": "인형, 장난감 및 오락용품 제조업", "Lno": "33", "ipc_main": "A63F-013/843", "Mno": "334", "country_code": "KR", "Sno": "3340", "LLtext": "제조업(10~34)", "documentId": "kr20130050837b1", "application_number": "1020130050837", "Ltext": "기타 제품 제조업", "keyword": "실내게임용구제조/판(보드)게임용구제조/게임방법/NPC/개별종목게임/게임참여도고취/방법/종합게임/친구목록/선택신호", "document_type": "B1"}, {"updateDate": "20220608", "LLno": "C", "SSno": "33409", "Stext": "인형, 장난감 및 오락용품 제조업", "SStext": "기타 오락용품 제조업", "Mtext": "인형, 장난감 및 오락용품 제조업", "Lno": "33", "ipc_main": "A63F-009/24", "Mno": "334", "country_code": "KR", "Sno": "3340", "LLtext": "제조업(10~34)", "documentId": "kr20130053648b1", "application_number": "1020130053648", "Ltext": "기타 제품 제조업", "keyword": "서바이벌게임용모총제조/실내게임용구제조/서바이벌게임용리스폰장치/초기화버튼/리스폰신호송출기/외부컴퓨터제공/장치/서바이벌게임/리스폰장치/모니터부", "document_type": "B1"}, {"updateDate": "20220608", "LLno": "C", "SSno": "33409", "Stext": "인형, 장난감 및 오락용품 제조업", "SStext": "기타 오락용품 제조업", "Mtext": "인형, 장난감 및 오락용품 제조업", "Lno": "33", "ipc_main": "A63F-013/424", "Mno": "334", "country_code": "KR", "Sno": "3340", "LLtext": "제조업(10~34)", "documentId": "kr20130062244a", "application_number": "1020130062244", "Ltext": "기타 제품 제조업", "keyword": "실내게임용구제조/판(보드)게임용구제조/토이게임방법/휴대단말기/애플리케이션프로그램/게임방법제공/방법/스마트토이/오디오신호/선택신호", "document_type": "A"}, {"updateDate": "20220608", "LLno": "C", "SSno": "33409", "Stext": "인형, 장난감 및 오락용품 제조업", "SStext": "기타 오락용품 제조업", "Mtext": "인형, 장난감 및 오락용품 제조업", "Lno": "33", "ipc_main": "A63F-013/2145", "Mno": "334", "country_code": "KR", "Sno": "3340", "LLtext": "제조업(10~34)", "documentId": "kr20130081641b1", "application_number": "1020130081641", "Ltext": "기타 제품 제조업", "keyword": "카지노게임용테이블제조/실내게임용구제조/카지노이벤트전달시스템/단말기/디스플레이장치/시각적효과극대화/시스템/이벤트생성장치/이벤트정보/수신포트", "document_type": "B1"}, {"updateDate": "20220608", "LLno": "C", "SSno": "33409", "Stext": "인형, 장난감 및 오락용품 제조업", "SStext": "기타 오락용품 제조업", "Mtext": "인형, 장난감 및 오락용품 제조업", "Lno": "33", "ipc_main": "A63F-009/00", "Mno": "334", "country_code": "KR", "Sno": "3340", "LLtext": "제조업(10~34)", "documentId": "kr20130118339b1", "application_number": "1020130118339", "Ltext": "기타 제품 제조업", "keyword": "슬롯머신게임기제조/실내게임용구제조/경품유출게임기/베팅존/제어부/상품선택제공/장치/베팅버튼부/경품진열장/램프", "document_type": "B1"}, {"updateDate": "20220608", "LLno": "C", "SSno": "33409", "Stext": "인형, 장난감 및 오락용품 제조업", "SStext": "기타 오락용품 제조업", "Mtext": "인형, 장난감 및 오락용품 제조업", "Lno": "33", "ipc_main": "A63F-001/04", "Mno": "334", "country_code": "KR", "Sno": "3340", "LLtext": "제조업(10~34)", "documentId": "kr20130119098a", "application_number": "1020130119098", "Ltext": "기타 제품 제조업", "keyword": "게임용카드제조/게임용주사위제조/주사위숫자카드게임/카드/주사위/게임제공/방법/선택한카드/새겨진카드/숫자", "document_type": "A"}, {"updateDate": "20220608", "LLno": "C", "SSno": "33409", "Stext": "인형, 장난감 및 오락용품 제조업", "SStext": "기타 오락용품 제조업", "Mtext": "인형, 장난감 및 오락용품 제조업", "Lno": "33", "ipc_main": "A63F-001/12", "Mno": "334", "country_code": "KR", "Sno": "3340", "LLtext": "제조업(10~34)", "documentId": "kr20137012301b1", "application_number": "1020137012301", "Ltext": "기타 제품 제조업", "keyword": "카지노게임용테이블제조/게임용카드제조/카드처리시스템/셔플링장치/슈장치/시스템제공/시스템/카드이송시스템/표시/검출", "document_type": "B1"}, {"updateDate": "20220608", "LLno": "C", "SSno": "33409", "Stext": "인형, 장난감 및 오락용품 제조업", "SStext": "기타 오락용품 제조업", "Mtext": "인형, 장난감 및 오락용품 제조업", "Lno": "33", "ipc_main": "A63F-013/69", "Mno": "334", "country_code": "KR", "Sno": "3340", "LLtext": "제조업(10~34)", "documentId": "kr20140015226a", "application_number": "1020140015226", "Ltext": "기타 제품 제조업", "keyword": "실내게임용구제조/판(보드)게임용구제조/상호연계형게임시스템/게임콘텐츠관리부/게임/시스템제공/시스템/제1목표/제2목표/공유", "document_type": "A"}, {"updateDate": "20220608", "LLno": "C", "SSno": "33409", "Stext": "인형, 장난감 및 오락용품 제조업", "SStext": "기타 오락용품 제조업", "Mtext": "인형, 장난감 및 오락용품 제조업", "Lno": "33", "ipc_main": "A63F-003/02", "Mno": "334", "country_code": "KR", "Sno": "3340", "LLtext": "제조업(10~34)", "documentId": "kr20140015844a", "application_number": "1020140015844", "Ltext": "기타 제품 제조업", "keyword": "바둑판/실내게임용구제조(영상용게임기제외)/투명바둑판/대국/장시간/통증예방/장치/발광소자/회전축/높이조절쇠", "document_type": "A"}, {"updateDate": "20220608", "LLno": "C", "SSno": "33409", "Stext": "인형, 장난감 및 오락용품 제조업", "SStext": "기타 오락용품 제조업", "Mtext": "인형, 장난감 및 오락용품 제조업", "Lno": "33", "ipc_main": "A63F-013/55", "Mno": "334", "country_code": "KR", "Sno": "3340", "LLtext": "제조업(10~34)", "documentId": "kr20140024894b1", "application_number": "1020140024894", "Ltext": "기타 제품 제조업", "keyword": "실내게임용구제조/판(보드)게임용구제조/알피지캐릭터조작방법/드래그/드롭방식/만족감향상/방법/터치스크린/드롭좌표값/스마트디바이스", "document_type": "B1"}, {"updateDate": "20220608", "LLno": "C", "SSno": "33409", "Stext": "인형, 장난감 및 오락용품 제조업", "SStext": "기타 오락용품 제조업", "Mtext": "인형, 장난감 및 오락용품 제조업", "Lno": "33", "ipc_main": "A63D-005/00", "Mno": "334", "country_code": "KR", "Sno": "3340", "LLtext": "제조업(10~34)", "documentId": "kr20140125037a", "application_number": "1020140125037", "Ltext": "기타 제품 제조업", "keyword": "게임용카드제조/게임용테이블제조/볼게임시스템/볼/타겟핀/시스템제공/시스템/이동궤적/투구패턴/스코어정보", "document_type": "A"}, {"updateDate": "20220608", "LLno": "C", "SSno": "33409", "Stext": "인형, 장난감 및 오락용품 제조업", "SStext": "기타 오락용품 제조업", "Mtext": "인형, 장난감 및 오락용품 제조업", "Lno": "33", "ipc_main": "A63D-015/02", "Mno": "334", "country_code": "KR", "Sno": "3340", "LLtext": "제조업(10~34)", "documentId": "kr20140151385a", "application_number": "1020140151385", "Ltext": "기타 제품 제조업", "keyword": "당구공제조/당구대제조/판정용당구대/쿠션/충격검출/당구대/성공여부판단/장치/본체/충돌센서/제어보드", "document_type": "A"}, {"updateDate": "20220608", "LLno": "C", "SSno": "33409", "Stext": "인형, 장난감 및 오락용품 제조업", "SStext": "기타 오락용품 제조업", "Mtext": "인형, 장난감 및 오락용품 제조업", "Lno": "33", "ipc_main": "A63F-013/214", "Mno": "334", "country_code": "KR", "Sno": "3340", "LLtext": "제조업(10~34)", "documentId": "kr20140190596b1", "application_number": "1020140190596", "Ltext": "기타 제품 제조업", "keyword": "게임용테이블제조//판(보드)게임용구제조/스마트센싱보드/감지본체/동작감지센서/센싱보드제공/장치/제어부/저장부/동작발생영역", "document_type": "B1"}, {"updateDate": "20220608", "LLno": "C", "SSno": "33409", "Stext": "인형, 장난감 및 오락용품 제조업", "SStext": "기타 오락용품 제조업", "Mtext": "인형, 장난감 및 오락용품 제조업", "Lno": "33", "ipc_main": "A63F-013/30", "Mno": "334", "country_code": "KR", "Sno": "3340", "LLtext": "제조업(10~34)", "documentId": "kr20147034497b1", "application_number": "1020147034497", "Ltext": "기타 제품 제조업", "keyword": "실내게임용구제조/판(보드)게임용구제조/게임제어장치/실행수단/판정수단/장치제공/장치/제공수단/통지수단/사용자등록유무", "document_type": "B1"}, {"updateDate": "20220608", "LLno": "C", "SSno": "33409", "Stext": "인형, 장난감 및 오락용품 제조업", "SStext": "기타 오락용품 제조업", "Mtext": "인형, 장난감 및 오락용품 제조업", "Lno": "33", "ipc_main": "A63F-013/80", "Mno": "334", "country_code": "KR", "Sno": "3340", "LLtext": "제조업(10~34)", "documentId": "kr20150002602u", "application_number": "2020150002602", "Ltext": "기타 제품 제조업", "keyword": "게임용카드제조/게임용주사위제조/게임밍장치/주사위/카드/장치제공/장치/캐릭터카드/스테이지/아이템획득이벤트", "document_type": "U"}, {"updateDate": "20220608", "LLno": "C", "SSno": "33409", "Stext": "인형, 장난감 및 오락용품 제조업", "SStext": "기타 오락용품 제조업", "Mtext": "인형, 장난감 및 오락용품 제조업", "Lno": "33", "ipc_main": "A63D-015/16", "Mno": "334", "country_code": "KR", "Sno": "3340", "LLtext": "제조업(10~34)", "documentId": "kr20150006845y1", "application_number": "2020150006845", "Ltext": "기타 제품 제조업", "keyword": "당구용초크제조/당구공제조/당구용쵸크케이스/금속판/하부케이스/케이스제공/장치/마그네트/통형상/케이스커버", "document_type": "Y1"}, {"updateDate": "20220608", "LLno": "C", "SSno": "33409", "Stext": "인형, 장난감 및 오락용품 제조업", "SStext": "기타 오락용품 제조업", "Mtext": "인형, 장난감 및 오락용품 제조업", "Lno": "33", "ipc_main": "A63D-015/08", "Mno": "334", "country_code": "KR", "Sno": "3340", "LLtext": "제조업(10~34)", "documentId": "kr20150007822y1", "application_number": "2020150007822", "Ltext": "기타 제품 제조업", "keyword": "당구공제조/당구대제조/당구큐대용익스텐션/콜렛트/그립부/익스텐션제공/장치/원통형상/커플러/", "document_type": "Y1"}, {"updateDate": "20220608", "LLno": "C", "SSno": "33409", "Stext": "인형, 장난감 및 오락용품 제조업", "SStext": "기타 오락용품 제조업", "Mtext": "인형, 장난감 및 오락용품 제조업", "Lno": "33", "ipc_main": "A63F-003/00", "Mno": "334", "country_code": "KR", "Sno": "3340", "LLtext": "제조업(10~34)", "documentId": "kr20150052418b1", "application_number": "1020150052418", "Ltext": "기타 제품 제조업", "keyword": "판(보드)게임용구제조/게임용주사위제조/레이저보드게임장치/게임판/말/공간지각능력발달/장치/레이저궤적패턴/개구부/블록", "document_type": "B1"}, {"updateDate": "20220608", "LLno": "C", "SSno": "33409", "Stext": "인형, 장난감 및 오락용품 제조업", "SStext": "기타 오락용품 제조업", "Mtext": "인형, 장난감 및 오락용품 제조업", "Lno": "33", "ipc_main": "A63F-013/30", "Mno": "334", "country_code": "KR", "Sno": "3340", "LLtext": "제조업(10~34)", "documentId": "kr20150055833b1", "application_number": "1020150055833", "Ltext": "기타 제품 제조업", "keyword": "실내게임용구제조/판(보드)게임용구제조/다중접속온라인게임위치예측방법/사용자단말/게임서버/사용자단말제공/장치/게임실행부/대상위치확인부/예측위치산출부", "document_type": "B1"}, {"updateDate": "20220608", "LLno": "C", "SSno": "33409", "Stext": "인형, 장난감 및 오락용품 제조업", "SStext": "기타 오락용품 제조업", "Mtext": "인형, 장난감 및 오락용품 제조업", "Lno": "33", "ipc_main": "A63F-013/85", "Mno": "334", "country_code": "KR", "Sno": "3340", "LLtext": "제조업(10~34)", "documentId": "kr20150152974a", "application_number": "1020150152974", "Ltext": "기타 제품 제조업", "keyword": "게임용카드제조/게임용테이블제조/게임제공장치/카메라거래부/영상관리부/장치제공/장치/카메라아이템/촬영/", "document_type": "A"}, {"updateDate": "20220608", "LLno": "C", "SSno": "33409", "Stext": "인형, 장난감 및 오락용품 제조업", "SStext": "기타 오락용품 제조업", "Mtext": "인형, 장난감 및 오락용품 제조업", "Lno": "33", "ipc_main": "A63D-015/14", "Mno": "334", "country_code": "KR", "Sno": "3340", "LLtext": "제조업(10~34)", "documentId": "kr20160001461u", "application_number": "2020160001461", "Ltext": "기타 제품 제조업", "keyword": "당구공제조/당구대제조/팁가공장치/가죽재질/경질/장치제공/장치/팁연마석/본체/", "document_type": "U"}, {"updateDate": "20220608", "LLno": "C", "SSno": "33409", "Stext": "인형, 장난감 및 오락용품 제조업", "SStext": "기타 오락용품 제조업", "Mtext": "인형, 장난감 및 오락용품 제조업", "Lno": "33", "ipc_main": "A63F-013/00", "Mno": "334", "country_code": "KR", "Sno": "3340", "LLtext": "제조업(10~34)", "documentId": "kr20160007894a", "application_number": "1020160007894", "Ltext": "기타 제품 제조업", "keyword": "게임용카드제조/게임용테이블제조/게임인터페이스제공장치/게이밍디바이스/표시제어부/장치제공/장치/입력부/선택부/객체선택영역", "document_type": "A"}, {"updateDate": "20220608", "LLno": "C", "SSno": "33409", "Stext": "인형, 장난감 및 오락용품 제조업", "SStext": "기타 오락용품 제조업", "Mtext": "인형, 장난감 및 오락용품 제조업", "Lno": "33", "ipc_main": "A63F-013/30", "Mno": "334", "country_code": "KR", "Sno": "3340", "LLtext": "제조업(10~34)", "documentId": "kr20160027305b1", "application_number": "1020160027305", "Ltext": "기타 제품 제조업", "keyword": "게임용카드제조/게임용테이블제조/피규어연계게임시스템/피규어/단말/시스템제공/시스템/등록부/특전부여부/등록해제부", "document_type": "B1"}, {"updateDate": "20220608", "LLno": "C", "SSno": "33409", "Stext": "인형, 장난감 및 오락용품 제조업", "SStext": "기타 오락용품 제조업", "Mtext": "인형, 장난감 및 오락용품 제조업", "Lno": "33", "ipc_main": "A63F-013/814", "Mno": "334", "country_code": "KR", "Sno": "3340", "LLtext": "제조업(10~34)", "documentId": "kr20160048836b1", "application_number": "1020160048836", "Ltext": "기타 제품 제조업", "keyword": "실내게임용구제조/판(보드)게임용구제조/타이밍판정형게임장치/인터페이스부/메모리부/장치제공/장치/입력분석부/지시자제어부/매칭판정부", "document_type": "B1"}, {"updateDate": "20220608", "LLno": "C", "SSno": "33409", "Stext": "인형, 장난감 및 오락용품 제조업", "SStext": "기타 오락용품 제조업", "Mtext": "인형, 장난감 및 오락용품 제조업", "Lno": "33", "ipc_main": "A63B-071/06", "Mno": "334", "country_code": "KR", "Sno": "3340", "LLtext": "제조업(10~34)", "documentId": "kr20160071925b1", "application_number": "1020160071925", "Ltext": "기타 제품 제조업", "keyword": "게임용카드제조/게임용테이블제조/게임시스템/영상제공부/볼지정부/시스템제공/시스템/타격감지부/궤적산출부/방향감지부", "document_type": "B1"}, {"updateDate": "20220608", "LLno": "C", "SSno": "33409", "Stext": "인형, 장난감 및 오락용품 제조업", "SStext": "기타 오락용품 제조업", "Mtext": "인형, 장난감 및 오락용품 제조업", "Lno": "33", "ipc_main": "A63F-013/30", "Mno": "334", "country_code": "KR", "Sno": "3340", "LLtext": "제조업(10~34)", "documentId": "kr20160081931a", "application_number": "1020160081931", "Ltext": "기타 제품 제조업", "keyword": "게임용카드제조/게임용테이블제조/게임제공장치/기록관리부/비정상기록판별부/장치제공/장치/게임수행기록/결과산정부/", "document_type": "A"}, {"updateDate": "20220608", "LLno": "C", "SSno": "33409", "Stext": "인형, 장난감 및 오락용품 제조업", "SStext": "기타 오락용품 제조업", "Mtext": "인형, 장난감 및 오락용품 제조업", "Lno": "33", "ipc_main": "A63F-001/16", "Mno": "334", "country_code": "KR", "Sno": "3340", "LLtext": "제조업(10~34)", "documentId": "kr20160098665a", "application_number": "1020160098665", "Ltext": "기타 제품 제조업", "keyword": "게임용카드제조/카지노게임용테이블제조/카지노카드디스펜서/디스펜서/센서/눈속임장치/장치/알람장치/이동감지센서/배출받침대", "document_type": "A"}, {"updateDate": "20220608", "LLno": "C", "SSno": "33409", "Stext": "인형, 장난감 및 오락용품 제조업", "SStext": "기타 오락용품 제조업", "Mtext": "인형, 장난감 및 오락용품 제조업", "Lno": "33", "ipc_main": "A63D-015/00", "Mno": "334", "country_code": "KR", "Sno": "3340", "LLtext": "제조업(10~34)", "documentId": "kr20160102874b1", "application_number": "1020160102874", "Ltext": "기타 제품 제조업", "keyword": "당구공제조/게임용테이블제조/당구게임시스템/위치검출수단/송수신기/활성화기여/시스템/가이드레일/작동실린더/작동구", "document_type": "B1"}, {"updateDate": "20220608", "LLno": "C", "SSno": "33409", "Stext": "인형, 장난감 및 오락용품 제조업", "SStext": "기타 오락용품 제조업", "Mtext": "인형, 장난감 및 오락용품 제조업", "Lno": "33", "ipc_main": "A63D-015/08", "Mno": "334", "country_code": "KR", "Sno": "3340", "LLtext": "제조업(10~34)", "documentId": "kr20160113293a", "application_number": "1020160113293", "Ltext": "기타 제품 제조업", "keyword": "당구공제조/당구대제조/당구큐/볼/팁/시스템제공/시스템/손잡이부/센서/부재", "document_type": "A"}, {"updateDate": "20220608", "LLno": "C", "SSno": "33409", "Stext": "인형, 장난감 및 오락용품 제조업", "SStext": "기타 오락용품 제조업", "Mtext": "인형, 장난감 및 오락용품 제조업", "Lno": "33", "ipc_main": "A63F-009/02", "Mno": "334", "country_code": "KR", "Sno": "3340", "LLtext": "제조업(10~34)", "documentId": "kr20160136063a", "application_number": "1020160136063", "Ltext": "기타 제품 제조업", "keyword": "게임용카드제조/게임용테이블제조/사격게임/PC/서버/시스템개시/시스템/스크린/탄환/사격기능부", "document_type": "A"}, {"updateDate": "20220608", "LLno": "C", "SSno": "33409", "Stext": "인형, 장난감 및 오락용품 제조업", "SStext": "기타 오락용품 제조업", "Mtext": "인형, 장난감 및 오락용품 제조업", "Lno": "33", "ipc_main": "A63F-013/45", "Mno": "334", "country_code": "KR", "Sno": "3340", "LLtext": "제조업(10~34)", "documentId": "kr20160172457a", "application_number": "1020160172457", "Ltext": "기타 제품 제조업", "keyword": "게임용카드제조/게임용테이블제조/보물찾기게임/서버/자판기/서비스제공/방법/온,오프라인/참가자단말기/통합형", "document_type": "A"}, {"updateDate": "20220608", "LLno": "C", "SSno": "33409", "Stext": "인형, 장난감 및 오락용품 제조업", "SStext": "기타 오락용품 제조업", "Mtext": "인형, 장난감 및 오락용품 제조업", "Lno": "33", "ipc_main": "A63F-013/77", "Mno": "334", "country_code": "KR", "Sno": "3340", "LLtext": "제조업(10~34)", "documentId": "kr20160180147a", "application_number": "1020160180147", "Ltext": "기타 제품 제조업", "keyword": "게임용카드제조/게임용테이블제조/게임제공방법/서버/애플리케이션/방법제공/방법/점검신호/점검완료여부/", "document_type": "A"}, {"updateDate": "20220608", "LLno": "C", "SSno": "33409", "Stext": "인형, 장난감 및 오락용품 제조업", "SStext": "기타 오락용품 제조업", "Mtext": "인형, 장난감 및 오락용품 제조업", "Lno": "33", "ipc_main": "A63F-013/358", "Mno": "334", "country_code": "KR", "Sno": "3340", "LLtext": "제조업(10~34)", "documentId": "kr20167026179a", "application_number": "1020167026179", "Ltext": "기타 제품 제조업", "keyword": "실내게임용구제조/판(보드)게임용구제조/게임동작방법/온라인게임/패턴식별/방법제공/방법/통신네트워크/위험성패턴/방지", "document_type": "A"}, {"updateDate": "20220608", "LLno": "C", "SSno": "33409", "Stext": "인형, 장난감 및 오락용품 제조업", "SStext": "기타 오락용품 제조업", "Mtext": "인형, 장난감 및 오락용품 제조업", "Lno": "33", "ipc_main": "A63F-005/04", "Mno": "334", "country_code": "KR", "Sno": "3340", "LLtext": "제조업(10~34)", "documentId": "kr20167037045a", "application_number": "1020167037045", "Ltext": "기타 제품 제조업", "keyword": "실내게임용구제조/판(보드)게임용구제조/게이밍장치/게임휠/스크린/장치제공/장치/회전가능/휠축/조작자제어콘솔", "document_type": "A"}, {"updateDate": "20220608", "LLno": "C", "SSno": "33409", "Stext": "인형, 장난감 및 오락용품 제조업", "SStext": "기타 오락용품 제조업", "Mtext": "인형, 장난감 및 오락용품 제조업", "Lno": "33", "ipc_main": "A63F-009/12", "Mno": "334", "country_code": "KR", "Sno": "3340", "LLtext": "제조업(10~34)", "documentId": "kr20170004370a", "application_number": "1020170004370", "Ltext": "기타 제품 제조업", "keyword": "게임용다이스(dice,주사위)제조/게임용주사위제조/블록게임세트/블록/그림판/세트제공/장치/구성블록/특별부호/변형주사위", "document_type": "A"}, {"updateDate": "20220608", "LLno": "C", "SSno": "33409", "Stext": "인형, 장난감 및 오락용품 제조업", "SStext": "기타 오락용품 제조업", "Mtext": "인형, 장난감 및 오락용품 제조업", "Lno": "33", "ipc_main": "A63D-015/00", "Mno": "334", "country_code": "KR", "Sno": "3340", "LLtext": "제조업(10~34)", "documentId": "kr20170004417y1", "application_number": "2020170004417", "Ltext": "기타 제품 제조업", "keyword": "당구공제조/당구대제조/스트로크연습기/연습본체/정지턱/연습기제공/장치/충격흡수차단부/충격흡수통/완충부재", "document_type": "Y1"}, {"updateDate": "20220608", "LLno": "C", "SSno": "33409", "Stext": "인형, 장난감 및 오락용품 제조업", "SStext": "기타 오락용품 제조업", "Mtext": "인형, 장난감 및 오락용품 제조업", "Lno": "33", "ipc_main": "A63B-037/00", "Mno": "334", "country_code": "KR", "Sno": "3340", "LLtext": "제조업(10~34)", "documentId": "kr20170005913u", "application_number": "2020170005913", "Ltext": "기타 제품 제조업", "keyword": "당구공제조/당구대제조/쓰리쿠션당구공/회전/타점/경기능력향상/장치/타점표시/쓰리쿠션/", "document_type": "U"}, {"updateDate": "20220608", "LLno": "C", "SSno": "33409", "Stext": "인형, 장난감 및 오락용품 제조업", "SStext": "기타 오락용품 제조업", "Mtext": "인형, 장난감 및 오락용품 제조업", "Lno": "33", "ipc_main": "A63F-003/00", "Mno": "334", "country_code": "KR", "Sno": "3340", "LLtext": "제조업(10~34)", "documentId": "kr20170018586a", "application_number": "1020170018586", "Ltext": "기타 제품 제조업", "keyword": "판(보드)게임용구제조/게임용카드제조/보드게임장치/아이디카드/카드리더기/장치제공/장치/무선/사용자정보/", "document_type": "A"}, {"updateDate": "20220608", "LLno": "C", "SSno": "33409", "Stext": "인형, 장난감 및 오락용품 제조업", "SStext": "기타 오락용품 제조업", "Mtext": "인형, 장난감 및 오락용품 제조업", "Lno": "33", "ipc_main": "A63F-013/42", "Mno": "334", "country_code": "KR", "Sno": "3340", "LLtext": "제조업(10~34)", "documentId": "kr20170020595b1", "application_number": "1020170020595", "Ltext": "기타 제품 제조업", "keyword": "게임용카드제조/게임용테이블제조/스마트디바이스/터치액션/규칙연속/시스템제공/시스템/터치스크린/모듈/모바일퍼즐게임", "document_type": "B1"}, {"updateDate": "20220608", "LLno": "C", "SSno": "33409", "Stext": "인형, 장난감 및 오락용품 제조업", "SStext": "기타 오락용품 제조업", "Mtext": "인형, 장난감 및 오락용품 제조업", "Lno": "33", "ipc_main": "A63D-015/16", "Mno": "334", "country_code": "KR", "Sno": "3340", "LLtext": "제조업(10~34)", "documentId": "kr20170026046a", "application_number": "1020170026046", "Ltext": "기타 제품 제조업", "keyword": "당구용초크제조/당구공제조/당구용초크/자성부재/홀더/초크제공/장치/수납용기/자력/홀더", "document_type": "A"}, {"updateDate": "20220608", "LLno": "C", "SSno": "33409", "Stext": "인형, 장난감 및 오락용품 제조업", "SStext": "기타 오락용품 제조업", "Mtext": "인형, 장난감 및 오락용품 제조업", "Lno": "33", "ipc_main": "A63F-013/812", "Mno": "334", "country_code": "KR", "Sno": "3340", "LLtext": "제조업(10~34)", "documentId": "kr20170027826a", "application_number": "1020170027826", "Ltext": "기타 제품 제조업", "keyword": "실내게임용테이블제조/게임용테이블제조/야구게임서버/서버/데이터테이블/가상야구게임제공/장치/통신부/저장부/매칭부", "document_type": "A"}, {"updateDate": "20220608", "LLno": "C", "SSno": "33409", "Stext": "인형, 장난감 및 오락용품 제조업", "SStext": "기타 오락용품 제조업", "Mtext": "인형, 장난감 및 오락용품 제조업", "Lno": "33", "ipc_main": "A63F-003/02", "Mno": "334", "country_code": "KR", "Sno": "3340", "LLtext": "제조업(10~34)", "documentId": "kr20170064169a", "application_number": "1020170064169", "Ltext": "기타 제품 제조업", "keyword": "바둑판/바둑알제조/바둑판/광안내부/제어부/바둑기보데이터생성/시스템/착점개구/수광소자/광검출결과", "document_type": "A"}, {"updateDate": "20220608", "LLno": "C", "SSno": "33409", "Stext": "인형, 장난감 및 오락용품 제조업", "SStext": "기타 오락용품 제조업", "Mtext": "인형, 장난감 및 오락용품 제조업", "Lno": "33", "ipc_main": "A63F-013/55", "Mno": "334", "country_code": "KR", "Sno": "3340", "LLtext": "제조업(10~34)", "documentId": "kr20170069861a", "application_number": "1020170069861", "Ltext": "기타 제품 제조업", "keyword": "게임용카드제조/게임용테이블제조/게임제공장치/수집부/분석부/장치제공/장치/인자조정부/뇌파정보/심박수정보", "document_type": "A"}, {"updateDate": "20220608", "LLno": "C", "SSno": "33409", "Stext": "인형, 장난감 및 오락용품 제조업", "SStext": "기타 오락용품 제조업", "Mtext": "인형, 장난감 및 오락용품 제조업", "Lno": "33", "ipc_main": "A63F-013/65", "Mno": "334", "country_code": "KR", "Sno": "3340", "LLtext": "제조업(10~34)", "documentId": "kr20170083680b1", "application_number": "1020170083680", "Ltext": "기타 제품 제조업", "keyword": "게임용카드제조/게임용테이블제조/게임어플리케이션프로그램/콘텐츠/사운드효과/프로그램제공/시스템/게임실행부/액티비티처리부/자이로센서", "document_type": "B1"}, {"updateDate": "20220608", "LLno": "C", "SSno": "33409", "Stext": "인형, 장난감 및 오락용품 제조업", "SStext": "기타 오락용품 제조업", "Mtext": "인형, 장난감 및 오락용품 제조업", "Lno": "33", "ipc_main": "A63F-013/55", "Mno": "334", "country_code": "KR", "Sno": "3340", "LLtext": "제조업(10~34)", "documentId": "kr20170083814a", "application_number": "1020170083814", "Ltext": "기타 제품 제조업", "keyword": "게임용카드제조/게임용테이블제조/게임제공장치/메모리/행동/장치제공/장치/캐릭터/아이템/제어부", "document_type": "A"}, {"updateDate": "20220608", "LLno": "C", "SSno": "33409", "Stext": "인형, 장난감 및 오락용품 제조업", "SStext": "기타 오락용품 제조업", "Mtext": "인형, 장난감 및 오락용품 제조업", "Lno": "33", "ipc_main": "A63D-015/00", "Mno": "334", "country_code": "KR", "Sno": "3340", "LLtext": "제조업(10~34)", "documentId": "kr20170089202b1", "application_number": "1020170089202", "Ltext": "기타 제품 제조업", "keyword": "게임용테이블제조/카지노게임용테이블제조/포켓볼게임장치/쿠션부/쿠션지지판/장치개시/장치/포켓볼테이블/포켓셔터/결제부재", "document_type": "B1"}, {"updateDate": "20220608", "LLno": "C", "SSno": "33409", "Stext": "인형, 장난감 및 오락용품 제조업", "SStext": "기타 오락용품 제조업", "Mtext": "인형, 장난감 및 오락용품 제조업", "Lno": "33", "ipc_main": "A63F-013/798", "Mno": "334", "country_code": "KR", "Sno": "3340", "LLtext": "제조업(10~34)", "documentId": "kr20170093233a", "application_number": "1020170093233", "Ltext": "기타 제품 제조업", "keyword": "게임용카드제조/게임용테이블제조/온라인게임제공시스템/단말/통신망/시스템제공//시스템/NPC/상태정보DB/제어부", "document_type": "A"}, {"updateDate": "20220608", "LLno": "C", "SSno": "33409", "Stext": "인형, 장난감 및 오락용품 제조업", "SStext": "기타 오락용품 제조업", "Mtext": "인형, 장난감 및 오락용품 제조업", "Lno": "33", "ipc_main": "A63F-013/67", "Mno": "334", "country_code": "KR", "Sno": "3340", "LLtext": "제조업(10~34)", "documentId": "kr20170103397a", "application_number": "1020170103397", "Ltext": "기타 제품 제조업", "keyword": "게임용카드제조/게임용테이블제조/스킬제어시스템/액티브스킬/데미지스킬/시스템개시/시스템/쿨타임주기/전략스킬/", "document_type": "A"}, {"updateDate": "20220608", "LLno": "C", "SSno": "33409", "Stext": "인형, 장난감 및 오락용품 제조업", "SStext": "기타 오락용품 제조업", "Mtext": "인형, 장난감 및 오락용품 제조업", "Lno": "33", "ipc_main": "A63F-003/04", "Mno": "334", "country_code": "KR", "Sno": "3340", "LLtext": "제조업(10~34)", "documentId": "kr20170109159a", "application_number": "1020170109159", "Ltext": "기타 제품 제조업", "keyword": "판(보드)게임용구제조/게임용주사위제조/보드게임/자석결합/주사위/사칙연산교육제공/장치/칙연산기호/정사면체/", "document_type": "A"}, {"updateDate": "20220608", "LLno": "C", "SSno": "33409", "Stext": "인형, 장난감 및 오락용품 제조업", "SStext": "기타 오락용품 제조업", "Mtext": "인형, 장난감 및 오락용품 제조업", "Lno": "33", "ipc_main": "A63D-015/00", "Mno": "334", "country_code": "KR", "Sno": "3340", "LLtext": "제조업(10~34)", "documentId": "kr20170109505b1", "application_number": "1020170109505", "Ltext": "기타 제품 제조업", "keyword": "당구공제조/당구대제조/당구훈련평가장치/위치표시기/제어기/장치제공/장치/표시기/빔/반사광", "document_type": "B1"}, {"updateDate": "20220608", "LLno": "C", "SSno": "33409", "Stext": "인형, 장난감 및 오락용품 제조업", "SStext": "기타 오락용품 제조업", "Mtext": "인형, 장난감 및 오락용품 제조업", "Lno": "33", "ipc_main": "A63F-013/44", "Mno": "334", "country_code": "KR", "Sno": "3340", "LLtext": "제조업(10~34)", "documentId": "kr20170111248b1", "application_number": "1020170111248", "Ltext": "기타 제품 제조업", "keyword": "실내게임용테이블제조/게임용테이블제조/3매치퍼즐게임/사용자인터페이스/칩스왑/방법제공/방법/칩매치/중력/맵데이터", "document_type": "B1"}, {"updateDate": "20220608", "LLno": "C", "SSno": "33409", "Stext": "인형, 장난감 및 오락용품 제조업", "SStext": "기타 오락용품 제조업", "Mtext": "인형, 장난감 및 오락용품 제조업", "Lno": "33", "ipc_main": "A63D-015/08", "Mno": "334", "country_code": "KR", "Sno": "3340", "LLtext": "제조업(10~34)", "documentId": "kr20170111947a", "application_number": "1020170111947", "Ltext": "기타 제품 제조업", "keyword": "당구공제조/당구대제조/당구큐용그립/외주면/실리콘접착인쇄/그립제공/장치/연질합성수지/실리콘재질/미끄럼방지층", "document_type": "A"}, {"updateDate": "20220608", "LLno": "C", "SSno": "33409", "Stext": "인형, 장난감 및 오락용품 제조업", "SStext": "기타 오락용품 제조업", "Mtext": "인형, 장난감 및 오락용품 제조업", "Lno": "33", "ipc_main": "A63F-013/67", "Mno": "334", "country_code": "KR", "Sno": "3340", "LLtext": "제조업(10~34)", "documentId": "kr20170113957a", "application_number": "1020170113957", "Ltext": "기타 제품 제조업", "keyword": "게임용카드제조/게임용테이블제조/게임서비스제공장치/스크린샷/오브젝트/방법제공/방법/위치정보/자동이동/", "document_type": "A"}, {"updateDate": "20220608", "LLno": "C", "SSno": "33409", "Stext": "인형, 장난감 및 오락용품 제조업", "SStext": "기타 오락용품 제조업", "Mtext": "인형, 장난감 및 오락용품 제조업", "Lno": "33", "ipc_main": "A63F-009/00", "Mno": "334", "country_code": "KR", "Sno": "3340", "LLtext": "제조업(10~34)", "documentId": "kr20170116050b1", "application_number": "1020170116050", "Ltext": "기타 제품 제조업", "keyword": "유희용구제조/게임용카드제조/유희용게임기/회로부/엘이디/장치제공/장치/게임모드/벌칙/술병", "document_type": "B1"}, {"updateDate": "20220608", "LLno": "C", "SSno": "33409", "Stext": "인형, 장난감 및 오락용품 제조업", "SStext": "기타 오락용품 제조업", "Mtext": "인형, 장난감 및 오락용품 제조업", "Lno": "33", "ipc_main": "A63F-013/85", "Mno": "334", "country_code": "KR", "Sno": "3340", "LLtext": "제조업(10~34)", "documentId": "kr20170118487a", "application_number": "1020170118487", "Ltext": "기타 제품 제조업", "keyword": "게임용카드제조/게임용테이블제조/카드게임제공방법/운영서버/단말/방법개시/방법/가상게이머/공용카드패/관찰자시점", "document_type": "A"}, {"updateDate": "20220608", "LLno": "C", "SSno": "33409", "Stext": "인형, 장난감 및 오락용품 제조업", "SStext": "기타 오락용품 제조업", "Mtext": "인형, 장난감 및 오락용품 제조업", "Lno": "33", "ipc_main": "A63F-013/30", "Mno": "334", "country_code": "KR", "Sno": "3340", "LLtext": "제조업(10~34)", "documentId": "kr20170122322b1", "application_number": "1020170122322", "Ltext": "기타 제품 제조업", "keyword": "게임용카드제조/게임용테이블제조/게임시스템/증강게임캐릭터/서버/시스템제공/시스템/인터랙션/증강객체/액추에이터", "document_type": "B1"}, {"updateDate": "20220608", "LLno": "C", "SSno": "33409", "Stext": "인형, 장난감 및 오락용품 제조업", "SStext": "기타 오락용품 제조업", "Mtext": "인형, 장난감 및 오락용품 제조업", "Lno": "33", "ipc_main": "A63F-003/04", "Mno": "334", "country_code": "KR", "Sno": "3340", "LLtext": "제조업(10~34)", "documentId": "kr20170126184a", "application_number": "1020170126184", "Ltext": "기타 제품 제조업", "keyword": "게임용카드제조/게임용카드및화투제조/카드게임교구/학습카드/알림종/교구제공/방법/스마트단말/AR이미지/", "document_type": "A"}, {"updateDate": "20220608", "LLno": "C", "SSno": "33409", "Stext": "인형, 장난감 및 오락용품 제조업", "SStext": "기타 오락용품 제조업", "Mtext": "인형, 장난감 및 오락용품 제조업", "Lno": "33", "ipc_main": "A63F-013/73", "Mno": "334", "country_code": "KR", "Sno": "3340", "LLtext": "제조업(10~34)", "documentId": "kr20170134425a", "application_number": "1020170134425", "Ltext": "기타 제품 제조업", "keyword": "게임용카드제조/게임용테이블제조/게임서비스데이터처리방법/데이터수신부/제어부/방법개시/방법/스탬프/디텍트/", "document_type": "A"}, {"updateDate": "20220608", "LLno": "C", "SSno": "33409", "Stext": "인형, 장난감 및 오락용품 제조업", "SStext": "기타 오락용품 제조업", "Mtext": "인형, 장난감 및 오락용품 제조업", "Lno": "33", "ipc_main": "A63F-013/45", "Mno": "334", "country_code": "KR", "Sno": "3340", "LLtext": "제조업(10~34)", "documentId": "kr20170135234a", "application_number": "1020170135234", "Ltext": "기타 제품 제조업", "keyword": "게임용카드제조/게임용테이블제조/컴퓨터프로그램/통계정보/진행모드/방법제공/방법/숙련도//", "document_type": "A"}, {"updateDate": "20220608", "LLno": "C", "SSno": "33409", "Stext": "인형, 장난감 및 오락용품 제조업", "SStext": "기타 오락용품 제조업", "Mtext": "인형, 장난감 및 오락용품 제조업", "Lno": "33", "ipc_main": "A63F-013/75", "Mno": "334", "country_code": "KR", "Sno": "3340", "LLtext": "제조업(10~34)", "documentId": "kr20170136109a", "application_number": "1020170136109", "Ltext": "기타 제품 제조업", "keyword": "게임용카드제조/게임용테이블제조/게임제공장치/유저/매칭/장치개시/장치/신고정보/제1유저/제2유저", "document_type": "A"}, {"updateDate": "20220608", "LLno": "C", "SSno": "33409", "Stext": "인형, 장난감 및 오락용품 제조업", "SStext": "기타 오락용품 제조업", "Mtext": "인형, 장난감 및 오락용품 제조업", "Lno": "33", "ipc_main": "A63F-007/06", "Mno": "334", "country_code": "KR", "Sno": "3340", "LLtext": "제조업(10~34)", "documentId": "kr20170153199a", "application_number": "1020170153199", "Ltext": "기타 제품 제조업", "keyword": "실내게임용테이블제조/게임용테이블제조/스마트테이블/바조종/랠리제어/테이블제공/장치/조종장치/경로산출부/바구동부", "document_type": "A"}, {"updateDate": "20220608", "LLno": "C", "SSno": "33409", "Stext": "인형, 장난감 및 오락용품 제조업", "SStext": "기타 오락용품 제조업", "Mtext": "인형, 장난감 및 오락용품 제조업", "Lno": "33", "ipc_main": "A63F-001/04", "Mno": "334", "country_code": "KR", "Sno": "3340", "LLtext": "제조업(10~34)", "documentId": "kr20170156254a", "application_number": "1020170156254", "Ltext": "기타 제품 제조업", "keyword": "게임용카드제조/게임용주사위제조/주사위카드게임/주사위/카드/게임제공/장치/숫자카드/마이너스카드/반복", "document_type": "A"}, {"updateDate": "20220608", "LLno": "C", "SSno": "33409", "Stext": "인형, 장난감 및 오락용품 제조업", "SStext": "기타 오락용품 제조업", "Mtext": "인형, 장난감 및 오락용품 제조업", "Lno": "33", "ipc_main": "A63F-013/21", "Mno": "334", "country_code": "KR", "Sno": "3340", "LLtext": "제조업(10~34)", "documentId": "kr20170158457b1", "application_number": "1020170158457", "Ltext": "기타 제품 제조업", "keyword": "게임용카드제조/게임용테이블제조/맞춤형게임제작시스템/신체동작/측정/시스템제공/시스템/데이터연산부/감지센서/데이터전송부", "document_type": "B1"}, {"updateDate": "20220608", "LLno": "C", "SSno": "33409", "Stext": "인형, 장난감 및 오락용품 제조업", "SStext": "기타 오락용품 제조업", "Mtext": "인형, 장난감 및 오락용품 제조업", "Lno": "33", "ipc_main": "A63F-013/00", "Mno": "334", "country_code": "KR", "Sno": "3340", "LLtext": "제조업(10~34)", "documentId": "kr20170172428a", "application_number": "1020170172428", "Ltext": "기타 제품 제조업", "keyword": "게임용카드제조/게임용테이블제조/게임중계시스템/단말기/데이터/시스템제공/시스템/프로파일/전송/", "document_type": "A"}, {"updateDate": "20220608", "LLno": "C", "SSno": "33409", "Stext": "인형, 장난감 및 오락용품 제조업", "SStext": "기타 오락용품 제조업", "Mtext": "인형, 장난감 및 오락용품 제조업", "Lno": "33", "ipc_main": "A63F-013/65", "Mno": "334", "country_code": "KR", "Sno": "3340", "LLtext": "제조업(10~34)", "documentId": "kr20177011358a", "application_number": "1020177011358", "Ltext": "기타 제품 제조업", "keyword": "실내게임용구제조/판(보드)게임용구제조/게임시스템/데이터처리시스템/식별요소/시스템개시/시스템/가상환경/가상객체/수행패턴절차", "document_type": "A"}, {"updateDate": "20220608", "LLno": "C", "SSno": "33409", "Stext": "인형, 장난감 및 오락용품 제조업", "SStext": "기타 오락용품 제조업", "Mtext": "인형, 장난감 및 오락용품 제조업", "Lno": "33", "ipc_main": "A63F-005/00", "Mno": "334", "country_code": "KR", "Sno": "3340", "LLtext": "제조업(10~34)", "documentId": "kr20177023354a", "application_number": "1020177023354", "Ltext": "기타 제품 제조업", "keyword": "실내게임용구제조/판(보드)게임용구제조/게임장치/가동부/표시부/게임장치제공/장치/동작제어부/화상제어부/", "document_type": "A"}, {"updateDate": "20220608", "LLno": "C", "SSno": "33409", "Stext": "인형, 장난감 및 오락용품 제조업", "SStext": "기타 오락용품 제조업", "Mtext": "인형, 장난감 및 오락용품 제조업", "Lno": "33", "ipc_main": "A63F-013/44", "Mno": "334", "country_code": "KR", "Sno": "3340", "LLtext": "제조업(10~34)", "documentId": "kr20177035891a", "application_number": "1020177035891", "Ltext": "기타 제품 제조업", "keyword": "게임용카드제조/게임용테이블제조/게임시스템/컨트롤패널/조작시기/시스템제공/시스템/음악게임/기회부여수단/특성부여수단", "document_type": "A"}, {"updateDate": "20220608", "LLno": "C", "SSno": "33409", "Stext": "인형, 장난감 및 오락용품 제조업", "SStext": "기타 오락용품 제조업", "Mtext": "인형, 장난감 및 오락용품 제조업", "Lno": "33", "ipc_main": "A63F-013/71", "Mno": "334", "country_code": "KR", "Sno": "3340", "LLtext": "제조업(10~34)", "documentId": "kr20180005999a", "application_number": "1020180005999", "Ltext": "기타 제품 제조업", "keyword": "게임용카드제조/게임용테이블제조/게임포인트시스템/블록체인/유통모듈/시스템제공/시스템/총합계/가치치환수단/해킹", "document_type": "A"}, {"updateDate": "20220608", "LLno": "C", "SSno": "33409", "Stext": "인형, 장난감 및 오락용품 제조업", "SStext": "기타 오락용품 제조업", "Mtext": "인형, 장난감 및 오락용품 제조업", "Lno": "33", "ipc_main": "A63F-003/00", "Mno": "334", "country_code": "KR", "Sno": "3340", "LLtext": "제조업(10~34)", "documentId": "kr20180013135a", "application_number": "1020180013135", "Ltext": "기타 제품 제조업", "keyword": "게임용카드제조/게임용테이블제조/게임도구/글자스티커/단위모형체/도구제공/장치/직육면체//", "document_type": "A"}, {"updateDate": "20220608", "LLno": "C", "SSno": "33409", "Stext": "인형, 장난감 및 오락용품 제조업", "SStext": "기타 오락용품 제조업", "Mtext": "인형, 장난감 및 오락용품 제조업", "Lno": "33", "ipc_main": "A63F-013/837", "Mno": "334", "country_code": "KR", "Sno": "3340", "LLtext": "제조업(10~34)", "documentId": "kr20180014925a", "application_number": "1020180014925", "Ltext": "기타 제품 제조업", "keyword": "게임용카드제조/게임용테이블제조/게임제어방법/동작감지/명령생성/방법개시/방법/컨트롤러/제어명령/", "document_type": "A"}, {"updateDate": "20220608", "LLno": "C", "SSno": "33409", "Stext": "인형, 장난감 및 오락용품 제조업", "SStext": "기타 오락용품 제조업", "Mtext": "인형, 장난감 및 오락용품 제조업", "Lno": "33", "ipc_main": "A63F-013/45", "Mno": "334", "country_code": "KR", "Sno": "3340", "LLtext": "제조업(10~34)", "documentId": "kr20180021924b1", "application_number": "1020180021924", "Ltext": "기타 제품 제조업", "keyword": "게임용카드제조/게임용테이블제조/게임서비스제공장치/플레이어레벨/유닛/장치제공/장치/정보제공부/레벨설정부/선택부", "document_type": "B1"}, {"updateDate": "20220608", "LLno": "C", "SSno": "33409", "Stext": "인형, 장난감 및 오락용품 제조업", "SStext": "기타 오락용품 제조업", "Mtext": "인형, 장난감 및 오락용품 제조업", "Lno": "33", "ipc_main": "A63F-001/04", "Mno": "334", "country_code": "KR", "Sno": "3340", "LLtext": "제조업(10~34)", "documentId": "kr20180027269a", "application_number": "1020180027269", "Ltext": "기타 제품 제조업", "keyword": "게임용카드제조/게임용주사위제조/메이크10게임/카드/주사위/게임제공/방법/숫자카드/배열/뺄셈", "document_type": "A"}, {"updateDate": "20220608", "LLno": "C", "SSno": "33409", "Stext": "인형, 장난감 및 오락용품 제조업", "SStext": "기타 오락용품 제조업", "Mtext": "인형, 장난감 및 오락용품 제조업", "Lno": "33", "ipc_main": "A63D-015/00", "Mno": "334", "country_code": "KR", "Sno": "3340", "LLtext": "제조업(10~34)", "documentId": "kr20180027968b1", "application_number": "1020180027968", "Ltext": "기타 제품 제조업", "keyword": "당구공제조/당구대제조/당구코칭시스템/카메라/서버/시스템제공/시스템/당구대/레슨알고리즘/디스플레이장치", "document_type": "B1"}, {"updateDate": "20220608", "LLno": "C", "SSno": "33409", "Stext": "인형, 장난감 및 오락용품 제조업", "SStext": "기타 오락용품 제조업", "Mtext": "인형, 장난감 및 오락용품 제조업", "Lno": "33", "ipc_main": "A63F-013/49", "Mno": "334", "country_code": "KR", "Sno": "3340", "LLtext": "제조업(10~34)", "documentId": "kr20180042918a", "application_number": "1020180042918", "Ltext": "기타 제품 제조업", "keyword": "게임용카드제조/게임용테이블제조/컴퓨터프로그램/등록/수행/방법제공/방법/블록체인네트워크/결과정보/히스토리정보", "document_type": "A"}, {"updateDate": "20220608", "LLno": "C", "SSno": "33409", "Stext": "인형, 장난감 및 오락용품 제조업", "SStext": "기타 오락용품 제조업", "Mtext": "인형, 장난감 및 오락용품 제조업", "Lno": "33", "ipc_main": "A63F-013/70", "Mno": "334", "country_code": "KR", "Sno": "3340", "LLtext": "제조업(10~34)", "documentId": "kr20180068321b1", "application_number": "1020180068321", "Ltext": "기타 제품 제조업", "keyword": "게임용카드제조/게임용테이블제조/게임알림정보제공방법/식별정보수신/정보획득/방법제공/방법/알림/게시판/", "document_type": "B1"}, {"updateDate": "20220608", "LLno": "C", "SSno": "33409", "Stext": "인형, 장난감 및 오락용품 제조업", "SStext": "기타 오락용품 제조업", "Mtext": "인형, 장난감 및 오락용품 제조업", "Lno": "33", "ipc_main": "A63F-013/355", "Mno": "334", "country_code": "KR", "Sno": "3340", "LLtext": "제조업(10~34)", "documentId": "kr20180069929a", "application_number": "1020180069929", "Ltext": "기타 제품 제조업", "keyword": "게임용카드제조/게임용테이블제조/컨텐츠제공방법/업로드/태그데이터/컨텐츠제공/방법/게임서버/이미지/재생", "document_type": "A"}, {"updateDate": "20220608", "LLno": "C", "SSno": "33409", "Stext": "인형, 장난감 및 오락용품 제조업", "SStext": "기타 오락용품 제조업", "Mtext": "인형, 장난감 및 오락용품 제조업", "Lno": "33", "ipc_main": "A63F-013/795", "Mno": "334", "country_code": "KR", "Sno": "3340", "LLtext": "제조업(10~34)", "documentId": "kr20180083291b1", "application_number": "1020180083291", "Ltext": "기타 제품 제조업", "keyword": "게임용카드제조/게임용테이블제조/게임매칭장치/정보생성부/매칭부/장치제공/장치/특정사용자/수치/컨트롤정보", "document_type": "B1"}, {"updateDate": "20220608", "LLno": "C", "SSno": "33409", "Stext": "인형, 장난감 및 오락용품 제조업", "SStext": "기타 오락용품 제조업", "Mtext": "인형, 장난감 및 오락용품 제조업", "Lno": "33", "ipc_main": "A63F-013/30", "Mno": "334", "country_code": "KR", "Sno": "3340", "LLtext": "제조업(10~34)", "documentId": "kr20180083824a", "application_number": "1020180083824", "Ltext": "기타 제품 제조업", "keyword": "게임용카드제조/게임용테이블제조/게임테스트자동화장치/데이터베이스/테스트수행부/방법제공/방법///", "document_type": "A"}, {"updateDate": "20220608", "LLno": "C", "SSno": "33409", "Stext": "인형, 장난감 및 오락용품 제조업", "SStext": "기타 오락용품 제조업", "Mtext": "인형, 장난감 및 오락용품 제조업", "Lno": "33", "ipc_main": "A63D-015/08", "Mno": "334", "country_code": "KR", "Sno": "3340", "LLtext": "제조업(10~34)", "documentId": "kr20180097699b1", "application_number": "1020180097699", "Ltext": "기타 제품 제조업", "keyword": "당구공제조/당구대제조/큐보조장치/와전류/몸체/장치제공/장치/가이드바/결합부/영구자석", "document_type": "B1"}, {"updateDate": "20220608", "LLno": "C", "SSno": "33409", "Stext": "인형, 장난감 및 오락용품 제조업", "SStext": "기타 오락용품 제조업", "Mtext": "인형, 장난감 및 오락용품 제조업", "Lno": "33", "ipc_main": "A63D-015/00", "Mno": "334", "country_code": "KR", "Sno": "3340", "LLtext": "제조업(10~34)", "documentId": "kr20180107028b1", "application_number": "1020180107028", "Ltext": "기타 제품 제조업", "keyword": "당구공제조/당구대제조/레이저포인터/레이저출력부/힌지/경로표시/장치/스마트폰/당점/경로가이드", "document_type": "B1"}, {"updateDate": "20220608", "LLno": "C", "SSno": "33409", "Stext": "인형, 장난감 및 오락용품 제조업", "SStext": "기타 오락용품 제조업", "Mtext": "인형, 장난감 및 오락용품 제조업", "Lno": "33", "ipc_main": "A63D-015/02", "Mno": "334", "country_code": "KR", "Sno": "3340", "LLtext": "제조업(10~34)", "documentId": "kr20180119382a", "application_number": "1020180119382", "Ltext": "기타 제품 제조업", "keyword": "당구공제조/당구대제조/다각형당구대/커버체/석판변형/문제점해소/장치/사각형/모형/", "document_type": "A"}, {"updateDate": "20220608", "LLno": "C", "SSno": "33409", "Stext": "인형, 장난감 및 오락용품 제조업", "SStext": "기타 오락용품 제조업", "Mtext": "인형, 장난감 및 오락용품 제조업", "Lno": "33", "ipc_main": "A63F-013/825", "Mno": "334", "country_code": "KR", "Sno": "3340", "LLtext": "제조업(10~34)", "documentId": "kr20180122280b1", "application_number": "1020180122280", "Ltext": "기타 제품 제조업", "keyword": "게임용카드제조/게임용테이블제조/전자다트게임/정보/식별번호/시스템개시/시스템/사용자단말/다트게임장치/라이브방송", "document_type": "B1"}, {"updateDate": "20220608", "LLno": "C", "SSno": "33409", "Stext": "인형, 장난감 및 오락용품 제조업", "SStext": "기타 오락용품 제조업", "Mtext": "인형, 장난감 및 오락용품 제조업", "Lno": "33", "ipc_main": "A63F-013/55", "Mno": "334", "country_code": "KR", "Sno": "3340", "LLtext": "제조업(10~34)", "documentId": "kr20180137641a", "application_number": "1020180137641", "Ltext": "기타 제품 제조업", "keyword": "게임용카드제조/게임용테이블제조/게임제공장치/유닛/공격레인/장치제공/장치/명령수신부/자원투입부/", "document_type": "A"}, {"updateDate": "20220608", "LLno": "C", "SSno": "33409", "Stext": "인형, 장난감 및 오락용품 제조업", "SStext": "기타 오락용품 제조업", "Mtext": "인형, 장난감 및 오락용품 제조업", "Lno": "33", "ipc_main": "A63F-013/85", "Mno": "334", "country_code": "KR", "Sno": "3340", "LLtext": "제조업(10~34)", "documentId": "kr20180145650a", "application_number": "1020180145650", "Ltext": "기타 제품 제조업", "keyword": "게임용카드제조/게임용테이블제조/전자장치/상태정보/콘텐츠/방법제공/방법/검색정보/겸색결과/", "document_type": "A"}, {"updateDate": "20220608", "LLno": "C", "SSno": "33409", "Stext": "인형, 장난감 및 오락용품 제조업", "SStext": "기타 오락용품 제조업", "Mtext": "인형, 장난감 및 오락용품 제조업", "Lno": "33", "ipc_main": "A63F-013/216", "Mno": "334", "country_code": "KR", "Sno": "3340", "LLtext": "제조업(10~34)", "documentId": "kr20180151033b1", "application_number": "1020180151033", "Ltext": "기타 제품 제조업", "keyword": "게임용카드제조/게임용테이블제조/단말장치/위치기반/서버장치/장치개시/장치/통신회로/프로세서/행사진행", "document_type": "B1"}, {"updateDate": "20220608", "LLno": "C", "SSno": "33409", "Stext": "인형, 장난감 및 오락용품 제조업", "SStext": "기타 오락용품 제조업", "Mtext": "인형, 장난감 및 오락용품 제조업", "Lno": "33", "ipc_main": "A63F-013/75", "Mno": "334", "country_code": "KR", "Sno": "3340", "LLtext": "제조업(10~34)", "documentId": "kr20180164090a", "application_number": "1020180164090", "Ltext": "기타 제품 제조업", "keyword": "게임용카드제조/게임용테이블제조/로그데이터처리방법/로그데이터/클러스터링/어뷰저검출/장치/게임어뷰저//", "document_type": "A"}, {"updateDate": "20220608", "LLno": "C", "SSno": "33409", "Stext": "인형, 장난감 및 오락용품 제조업", "SStext": "기타 오락용품 제조업", "Mtext": "인형, 장난감 및 오락용품 제조업", "Lno": "33", "ipc_main": "A63D-015/20", "Mno": "334", "country_code": "KR", "Sno": "3340", "LLtext": "제조업(10~34)", "documentId": "kr20180168051b1", "application_number": "1020180168051", "Ltext": "기타 제품 제조업", "keyword": "당구장점수기제조/게임용카드제조/당구점수카운트시스템/카메라모듈/디지털점수판/시스템제공/시스템/지문인식부/통신부/영상처리부", "document_type": "B1"}, {"updateDate": "20220608", "LLno": "C", "SSno": "33409", "Stext": "인형, 장난감 및 오락용품 제조업", "SStext": "기타 오락용품 제조업", "Mtext": "인형, 장난감 및 오락용품 제조업", "Lno": "33", "ipc_main": "A63F-001/06", "Mno": "334", "country_code": "KR", "Sno": "3340", "LLtext": "제조업(10~34)", "documentId": "kr20187003429a", "application_number": "1020187003429", "Ltext": "기타 제품 제조업", "keyword": "게임용모조화폐제조/게임용테이블제조/테이블게임/화상분석/유기용대용화폐/시스템제공/시스템/카드배포장치/측정장치/유기테이블", "document_type": "A"}, {"updateDate": "20220608", "LLno": "C", "SSno": "33409", "Stext": "인형, 장난감 및 오락용품 제조업", "SStext": "기타 오락용품 제조업", "Mtext": "인형, 장난감 및 오락용품 제조업", "Lno": "33", "ipc_main": "A63F-013/79", "Mno": "334", "country_code": "KR", "Sno": "3340", "LLtext": "제조업(10~34)", "documentId": "kr20187029756a", "application_number": "1020187029756", "Ltext": "기타 제품 제조업", "keyword": "게임용카드제조/게임용테이블제조/피어투피어게임/클라이언트/데이터/방법제공/방법/토너먼트/인스턴스/캡처", "document_type": "A"}, {"updateDate": "20220608", "LLno": "C", "SSno": "33409", "Stext": "인형, 장난감 및 오락용품 제조업", "SStext": "기타 오락용품 제조업", "Mtext": "인형, 장난감 및 오락용품 제조업", "Lno": "33", "ipc_main": "A63F-013/95", "Mno": "334", "country_code": "KR", "Sno": "3340", "LLtext": "제조업(10~34)", "documentId": "kr20187033894a", "application_number": "1020187033894", "Ltext": "기타 제품 제조업", "keyword": "게임용카드제조/게임용테이블제조/게임장치/물품정보/실행/체험제공/장치/제시수단/생성수단/취득수단", "document_type": "A"}, {"updateDate": "20220608", "LLno": "C", "SSno": "33409", "Stext": "인형, 장난감 및 오락용품 제조업", "SStext": "기타 오락용품 제조업", "Mtext": "인형, 장난감 및 오락용품 제조업", "Lno": "33", "ipc_main": "A63F-003/00", "Mno": "334", "country_code": "KR", "Sno": "3340", "LLtext": "제조업(10~34)", "documentId": "kr20190017228b1", "application_number": "1020190017228", "Ltext": "기타 제품 제조업", "keyword": "판(보드)게임용구제조/게임용주사위제조/보드게임/식별코드/정보갱신/흥미유발/장치/게임말/콘텐츠서버/게임자기기", "document_type": "B1"}, {"updateDate": "20220608", "LLno": "C", "SSno": "33409", "Stext": "인형, 장난감 및 오락용품 제조업", "SStext": "기타 오락용품 제조업", "Mtext": "인형, 장난감 및 오락용품 제조업", "Lno": "33", "ipc_main": "A63F-013/822", "Mno": "334", "country_code": "KR", "Sno": "3340", "LLtext": "제조업(10~34)", "documentId": "kr20190022915b1", "application_number": "1020190022915", "Ltext": "기타 제품 제조업", "keyword": "게임용테이블제조/게임용카드제조/게임단말/상태정보/아이템/방법개시/방법/개폐오브젝트/무기/몬스터", "document_type": "B1"}, {"updateDate": "20220608", "LLno": "C", "SSno": "33409", "Stext": "인형, 장난감 및 오락용품 제조업", "SStext": "기타 오락용품 제조업", "Mtext": "인형, 장난감 및 오락용품 제조업", "Lno": "33", "ipc_main": "A63F-013/85", "Mno": "334", "country_code": "KR", "Sno": "3340", "LLtext": "제조업(10~34)", "documentId": "kr20190026331b1", "application_number": "1020190026331", "Ltext": "기타 제품 제조업", "keyword": "게임용카드제조/게임용테이블제조/게임서비스제공방법/판단/인터페이스/방법제공/방법/사용자캐릭터/버튼/가이드컨텐츠", "document_type": "B1"}, {"updateDate": "20220608", "LLno": "C", "SSno": "33409", "Stext": "인형, 장난감 및 오락용품 제조업", "SStext": "기타 오락용품 제조업", "Mtext": "인형, 장난감 및 오락용품 제조업", "Lno": "33", "ipc_main": "A63F-013/85", "Mno": "334", "country_code": "KR", "Sno": "3340", "LLtext": "제조업(10~34)", "documentId": "kr20190026689b1", "application_number": "1020190026689", "Ltext": "기타 제품 제조업", "keyword": "게임용카드제조/게임용테이블제조/게임설정정보제공방법/수집/결정/방법제공/방법/크래시/로지스틱회귀모델/리소스", "document_type": "B1"}, {"updateDate": "20220608", "LLno": "C", "SSno": "33409", "Stext": "인형, 장난감 및 오락용품 제조업", "SStext": "기타 오락용품 제조업", "Mtext": "인형, 장난감 및 오락용품 제조업", "Lno": "33", "ipc_main": "A63F-013/327", "Mno": "334", "country_code": "KR", "Sno": "3340", "LLtext": "제조업(10~34)", "documentId": "kr20190039896a", "application_number": "1020190039896", "Ltext": "기타 제품 제조업", "keyword": "게임용카드제조/게임용테이블제조/게임제공방법/BLE/비콘/방법제공/방법/식별정보/블루투스기술/가상공간", "document_type": "A"}, {"updateDate": "20220608", "LLno": "C", "SSno": "33409", "Stext": "인형, 장난감 및 오락용품 제조업", "SStext": "기타 오락용품 제조업", "Mtext": "인형, 장난감 및 오락용품 제조업", "Lno": "33", "ipc_main": "A63F-013/70", "Mno": "334", "country_code": "KR", "Sno": "3340", "LLtext": "제조업(10~34)", "documentId": "kr20190049749a", "application_number": "1020190049749", "Ltext": "기타 제품 제조업", "keyword": "게임용카드제조/게임용주사위제조/게임서비스/형태소검출/문제식별/모니터링/방법/타겟형태소//", "document_type": "A"}, {"updateDate": "20220608", "LLno": "C", "SSno": "33409", "Stext": "인형, 장난감 및 오락용품 제조업", "SStext": "기타 오락용품 제조업", "Mtext": "인형, 장난감 및 오락용품 제조업", "Lno": "33", "ipc_main": "A63F-003/00", "Mno": "334", "country_code": "KR", "Sno": "3340", "LLtext": "제조업(10~34)", "documentId": "kr20190050602a", "application_number": "1020190050602", "Ltext": "기타 제품 제조업", "keyword": "판(보드)게임용구제조/게임용카드제조/보드게임도구/게임판/숫자카드/게임제공/방법/타일조각/연산자타일/모양조각", "document_type": "A"}, {"updateDate": "20220608", "LLno": "C", "SSno": "33409", "Stext": "인형, 장난감 및 오락용품 제조업", "SStext": "기타 오락용품 제조업", "Mtext": "인형, 장난감 및 오락용품 제조업", "Lno": "33", "ipc_main": "A63D-015/00", "Mno": "334", "country_code": "KR", "Sno": "3340", "LLtext": "제조업(10~34)", "documentId": "kr20190053541a", "application_number": "1020190053541", "Ltext": "기타 제품 제조업", "keyword": "당구공제조/당구대제조/운영시스템/카메라/빔프로젝터/시스템제공/시스템/제어단말기/조준방향/실시간", "document_type": "A"}, {"updateDate": "20220608", "LLno": "C", "SSno": "33409", "Stext": "인형, 장난감 및 오락용품 제조업", "SStext": "기타 오락용품 제조업", "Mtext": "인형, 장난감 및 오락용품 제조업", "Lno": "33", "ipc_main": "A63F-013/70", "Mno": "334", "country_code": "KR", "Sno": "3340", "LLtext": "제조업(10~34)", "documentId": "kr20190065259b1", "application_number": "1020190065259", "Ltext": "기타 제품 제조업", "keyword": "게임용카드제조/게임용주사위제조/컴퓨터프로그램/가상머신구동/프로세서/프로그램개시/장치/로그데이터/로그식별정보/스크린샷", "document_type": "B1"}, {"updateDate": "20220608", "LLno": "C", "SSno": "33409", "Stext": "인형, 장난감 및 오락용품 제조업", "SStext": "기타 오락용품 제조업", "Mtext": "인형, 장난감 및 오락용품 제조업", "Lno": "33", "ipc_main": "A63F-003/00", "Mno": "334", "country_code": "KR", "Sno": "3340", "LLtext": "제조업(10~34)", "documentId": "kr20190078663a", "application_number": "1020190078663", "Ltext": "기타 제품 제조업", "keyword": "카지노게임용테이블제조/게임용주사위제조/카지노게임/랜딩영역/숫자/흥미향상/장치/센서부/카메라부/제어부", "document_type": "A"}, {"updateDate": "20220608", "LLno": "C", "SSno": "33409", "Stext": "인형, 장난감 및 오락용품 제조업", "SStext": "기타 오락용품 제조업", "Mtext": "인형, 장난감 및 오락용품 제조업", "Lno": "33", "ipc_main": "A63F-009/24", "Mno": "334", "country_code": "KR", "Sno": "3340", "LLtext": "제조업(10~34)", "documentId": "kr20190083052b1", "application_number": "1020190083052", "Ltext": "기타 제품 제조업", "keyword": "게임용카드제조/게임용주사위제조/스마트놀이시설/놀이영역/제어모듈/방법제공/방법/구동모듈/디스플레이/제어부", "document_type": "B1"}, {"updateDate": "20220608", "LLno": "C", "SSno": "33409", "Stext": "인형, 장난감 및 오락용품 제조업", "SStext": "기타 오락용품 제조업", "Mtext": "인형, 장난감 및 오락용품 제조업", "Lno": "33", "ipc_main": "A63B-043/06", "Mno": "334", "country_code": "KR", "Sno": "3340", "LLtext": "제조업(10~34)", "documentId": "kr20190092730a", "application_number": "1020190092730", "Ltext": "기타 제품 제조업", "keyword": "당구공제조/당구대제조/발광당구공/LED램프/센서/당구공제공/장치/바디/발광조건/발산", "document_type": "A"}, {"updateDate": "20220608", "LLno": "C", "SSno": "33409", "Stext": "인형, 장난감 및 오락용품 제조업", "SStext": "기타 오락용품 제조업", "Mtext": "인형, 장난감 및 오락용품 제조업", "Lno": "33", "ipc_main": "A63F-003/06", "Mno": "334", "country_code": "KR", "Sno": "3340", "LLtext": "제조업(10~34)", "documentId": "kr20190094186b1", "application_number": "1020190094186", "Ltext": "기타 제품 제조업", "keyword": "게임용카드제조/게임용주사위제조/추출장치/로또/혼합/오염방지/장치/수용함/배출관/회전판", "document_type": "B1"}, {"updateDate": "20220608", "LLno": "C", "SSno": "33409", "Stext": "인형, 장난감 및 오락용품 제조업", "SStext": "기타 오락용품 제조업", "Mtext": "인형, 장난감 및 오락용품 제조업", "Lno": "33", "ipc_main": "A63F-013/45", "Mno": "334", "country_code": "KR", "Sno": "3340", "LLtext": "제조업(10~34)", "documentId": "kr20190099434a", "application_number": "1020190099434", "Ltext": "기타 제품 제조업", "keyword": "게임용카드제조/게임용테이블제조/게임제공장치/젠포인트/메모리/장치제공/장치/파티/몬스터/제어부", "document_type": "A"}, {"updateDate": "20220608", "LLno": "C", "SSno": "33409", "Stext": "인형, 장난감 및 오락용품 제조업", "SStext": "기타 오락용품 제조업", "Mtext": "인형, 장난감 및 오락용품 제조업", "Lno": "33", "ipc_main": "A63F-013/45", "Mno": "334", "country_code": "KR", "Sno": "3340", "LLtext": "제조업(10~34)", "documentId": "kr20190107435a", "application_number": "1020190107435", "Ltext": "기타 제품 제조업", "keyword": "게임용카드제조/게임용테이블제조/게임서비스제공장치/통신부/제어부/장치제공/장치/인터페이스부/차량/의사", "document_type": "A"}, {"updateDate": "20220608", "LLno": "C", "SSno": "33409", "Stext": "인형, 장난감 및 오락용품 제조업", "SStext": "기타 오락용품 제조업", "Mtext": "인형, 장난감 및 오락용품 제조업", "Lno": "33", "ipc_main": "A63D-015/10", "Mno": "334", "country_code": "KR", "Sno": "3340", "LLtext": "제조업(10~34)", "documentId": "kr20190141832b1", "application_number": "1020190141832", "Ltext": "기타 제품 제조업", "keyword": "당구공제조/당구대제조/스트로크연습용대차/몸체/안착구/대차제공/장치/바퀴/손잡이부/오목", "document_type": "B1"}, {"updateDate": "20220608", "LLno": "C", "SSno": "33409", "Stext": "인형, 장난감 및 오락용품 제조업", "SStext": "기타 오락용품 제조업", "Mtext": "인형, 장난감 및 오락용품 제조업", "Lno": "33", "ipc_main": "A63D-015/00", "Mno": "334", "country_code": "KR", "Sno": "3340", "LLtext": "제조업(10~34)", "documentId": "kr20190146546b1", "application_number": "1020190146546", "Ltext": "기타 제품 제조업", "keyword": "당구공제조/당구대제조/스윙타격연습기/브리지/타깃/연습기제공/장치/큐유지부스프링/레일", "document_type": "B1"}, {"updateDate": "20220608", "LLno": "C", "SSno": "33409", "Stext": "인형, 장난감 및 오락용품 제조업", "SStext": "기타 오락용품 제조업", "Mtext": "인형, 장난감 및 오락용품 제조업", "Lno": "33", "ipc_main": "A63D-015/00", "Mno": "334", "country_code": "KR", "Sno": "3340", "LLtext": "제조업(10~34)", "documentId": "kr20190147286b1", "application_number": "1020190147286", "Ltext": "기타 제품 제조업", "keyword": "당구공제조/게임용테이블제조/연습용교정기구/위치조정/테이블/기구제공/장치/회전제어판/완충판/모터", "document_type": "B1"}, {"updateDate": "20220608", "LLno": "C", "SSno": "33409", "Stext": "인형, 장난감 및 오락용품 제조업", "SStext": "기타 오락용품 제조업", "Mtext": "인형, 장난감 및 오락용품 제조업", "Lno": "33", "ipc_main": "A63F-013/85", "Mno": "334", "country_code": "KR", "Sno": "3340", "LLtext": "제조업(10~34)", "documentId": "kr20190157322a", "application_number": "1020190157322", "Ltext": "기타 제품 제조업", "keyword": "판(보드)게임용구제조/게임용카드제조/보드게임추천시스템/저장모듈/설정모듈/시스템제공/시스템/분석모듈/출력모듈/", "document_type": "A"}, {"updateDate": "20220608", "LLno": "C", "SSno": "33409", "Stext": "인형, 장난감 및 오락용품 제조업", "SStext": "기타 오락용품 제조업", "Mtext": "인형, 장난감 및 오락용품 제조업", "Lno": "33", "ipc_main": "A63F-013/86", "Mno": "334", "country_code": "KR", "Sno": "3340", "LLtext": "제조업(10~34)", "documentId": "kr20190158332a", "application_number": "1020190158332", "Ltext": "기타 제품 제조업", "keyword": "게임용카드제조/게임용테이블제조/중계방법/온라인/단말/방법제공/방법/개설/등록/배정", "document_type": "A"}, {"updateDate": "20220608", "LLno": "C", "SSno": "33409", "Stext": "인형, 장난감 및 오락용품 제조업", "SStext": "기타 오락용품 제조업", "Mtext": "인형, 장난감 및 오락용품 제조업", "Lno": "33", "ipc_main": "A63D-015/00", "Mno": "334", "country_code": "KR", "Sno": "3340", "LLtext": "제조업(10~34)", "documentId": "kr20190160058a", "application_number": "1020190160058", "Ltext": "기타 제품 제조업", "keyword": "당구공제조/당구대제조/가이드제공장치/카메라/촬영/장치제공/장치/제어부/추천당점/추천이동경로", "document_type": "A"}, {"updateDate": "20220608", "LLno": "C", "SSno": "33409", "Stext": "인형, 장난감 및 오락용품 제조업", "SStext": "기타 오락용품 제조업", "Mtext": "인형, 장난감 및 오락용품 제조업", "Lno": "33", "ipc_main": "A63D-015/00", "Mno": "334", "country_code": "KR", "Sno": "3340", "LLtext": "제조업(10~34)", "documentId": "kr20190175620b1", "application_number": "1020190175620", "Ltext": "기타 제품 제조업", "keyword": "당구공제조/당구대제조/키오스크시스템/카메라/단말기/레슨제공/시스템/딥러닝학습/마커/판별", "document_type": "B1"}, {"updateDate": "20220608", "LLno": "C", "SSno": "33409", "Stext": "인형, 장난감 및 오락용품 제조업", "SStext": "기타 오락용품 제조업", "Mtext": "인형, 장난감 및 오락용품 제조업", "Lno": "33", "ipc_main": "A63F-001/06", "Mno": "334", "country_code": "KR", "Sno": "3340", "LLtext": "제조업(10~34)", "documentId": "kr20197002711a", "application_number": "1020197002711", "Ltext": "기타 제품 제조업", "keyword": "카지노게임용테이블제조/게임용테이블제조/관리시스템/카메라/배포장치/시스템개시/시스템/판정장치/산출장치/기록장치", "document_type": "A"}, {"updateDate": "20220608", "LLno": "C", "SSno": "33409", "Stext": "인형, 장난감 및 오락용품 제조업", "SStext": "기타 오락용품 제조업", "Mtext": "인형, 장난감 및 오락용품 제조업", "Lno": "33", "ipc_main": "A63F-001/12", "Mno": "334", "country_code": "KR", "Sno": "3340", "LLtext": "제조업(10~34)", "documentId": "kr20197014982a", "application_number": "1020197014982", "Ltext": "기타 제품 제조업", "keyword": "게임용카드제조/유희용카드제조/셔플링시스템/스펙트럼필터/이미지/카드검출/시스템/메커니즘/카메라/조명기", "document_type": "A"}, {"updateDate": "20220608", "LLno": "C", "SSno": "33409", "Stext": "인형, 장난감 및 오락용품 제조업", "SStext": "기타 오락용품 제조업", "Mtext": "인형, 장난감 및 오락용품 제조업", "Lno": "33", "ipc_main": "A63F-013/52", "Mno": "334", "country_code": "KR", "Sno": "3340", "LLtext": "제조업(10~34)", "documentId": "kr20197015465a", "application_number": "1020197015465", "Ltext": "기타 제품 제조업", "keyword": "게임용카드제조/게임용테이블제조/게임제어장치/조작/프레임레이트/장치제공/장치/기본값/판정/변경", "document_type": "A"}, {"updateDate": "20220608", "LLno": "C", "SSno": "33409", "Stext": "인형, 장난감 및 오락용품 제조업", "SStext": "기타 오락용품 제조업", "Mtext": "인형, 장난감 및 오락용품 제조업", "Lno": "33", "ipc_main": "A63F-001/06", "Mno": "334", "country_code": "KR", "Sno": "3340", "LLtext": "제조업(10~34)", "documentId": "kr20197026890a", "application_number": "1020197026890", "Ltext": "기타 제품 제조업", "keyword": "게임용카드제조/게임용테이블제조/테이블게임/폐기용카톤단위/카톤ID/폐기여부관리/시스템/패키지/관리제어장치/폐기용카톤", "document_type": "A"}, {"updateDate": "20220608", "LLno": "C", "SSno": "33409", "Stext": "인형, 장난감 및 오락용품 제조업", "SStext": "기타 오락용품 제조업", "Mtext": "인형, 장난감 및 오락용품 제조업", "Lno": "33", "ipc_main": "A63D-005/08", "Mno": "334", "country_code": "KR", "Sno": "3340", "LLtext": "제조업(10~34)", "documentId": "kr20200000496b1", "application_number": "1020200000496", "Ltext": "기타 제품 제조업", "keyword": "유희용카드제조/유희용구제조/볼링기구/레인플레이트/핀볼블럭/재설치간편/장치/굴림볼/핀볼/핀볼안내부", "document_type": "B1"}, {"updateDate": "20220608", "LLno": "C", "SSno": "33409", "Stext": "인형, 장난감 및 오락용품 제조업", "SStext": "기타 오락용품 제조업", "Mtext": "인형, 장난감 및 오락용품 제조업", "Lno": "33", "ipc_main": "A63F-003/00", "Mno": "334", "country_code": "KR", "Sno": "3340", "LLtext": "제조업(10~34)", "documentId": "kr20200009637a", "application_number": "1020200009637", "Ltext": "기타 제품 제조업", "keyword": "게임용카드제조/게임용주사위제조/나루토게임/엔드카드/보드판/게임제공/장치/주사위/게임스탑/점수", "document_type": "A"}, {"updateDate": "20220608", "LLno": "C", "SSno": "33409", "Stext": "인형, 장난감 및 오락용품 제조업", "SStext": "기타 오락용품 제조업", "Mtext": "인형, 장난감 및 오락용품 제조업", "Lno": "33", "ipc_main": "A63F-013/35", "Mno": "334", "country_code": "KR", "Sno": "3340", "LLtext": "제조업(10~34)", "documentId": "kr20200014213b1", "application_number": "1020200014213", "Ltext": "기타 제품 제조업", "keyword": "당구장점수기제조/게임용카드제조/게임플레이서버/딥러닝/에이전트모델/서버제공/장치/퍼즐/프로세서/게임맵", "document_type": "B1"}, {"updateDate": "20220608", "LLno": "C", "SSno": "33409", "Stext": "인형, 장난감 및 오락용품 제조업", "SStext": "기타 오락용품 제조업", "Mtext": "인형, 장난감 및 오락용품 제조업", "Lno": "33", "ipc_main": "A63F-003/00", "Mno": "334", "country_code": "KR", "Sno": "3340", "LLtext": "제조업(10~34)", "documentId": "kr20200021432a", "application_number": "1020200021432", "Ltext": "기타 제품 제조업", "keyword": "판(보드)게임용구제조/게임용주사위제조/어벤져스엔드게임/보드판/게임말/게임제공/방법/인피니트스톤/타노스/", "document_type": "A"}, {"updateDate": "20220608", "LLno": "C", "SSno": "33409", "Stext": "인형, 장난감 및 오락용품 제조업", "SStext": "기타 오락용품 제조업", "Mtext": "인형, 장난감 및 오락용품 제조업", "Lno": "33", "ipc_main": "A63D-015/00", "Mno": "334", "country_code": "KR", "Sno": "3340", "LLtext": "제조업(10~34)", "documentId": "kr20200065927b1", "application_number": "1020200065927", "Ltext": "기타 제품 제조업", "keyword": "당구공제조/당구대제조/수구정확도연습장치/이미지정보/거리정보/장치제공/장치/본체부/센서부/두께산출생성부", "document_type": "B1"}, {"updateDate": "20220608", "LLno": "C", "SSno": "33409", "Stext": "인형, 장난감 및 오락용품 제조업", "SStext": "기타 오락용품 제조업", "Mtext": "인형, 장난감 및 오락용품 제조업", "Lno": "33", "ipc_main": "A63F-009/02", "Mno": "334", "country_code": "KR", "Sno": "3340", "LLtext": "제조업(10~34)", "documentId": "kr20200109948a", "application_number": "1020200109948", "Ltext": "기타 제품 제조업", "keyword": "슬롯머신게임기제조(전자식)/당구장점수기제조/다트시스템/다트보드/동작인식/시스템제공/시스템/다트판/다트핀/디스플레이", "document_type": "A"}, {"updateDate": "20220608", "LLno": "C", "SSno": "33409", "Stext": "인형, 장난감 및 오락용품 제조업", "SStext": "기타 오락용품 제조업", "Mtext": "인형, 장난감 및 오락용품 제조업", "Lno": "33", "ipc_main": "A63F-013/214", "Mno": "334", "country_code": "KR", "Sno": "3340", "LLtext": "제조업(10~34)", "documentId": "kr20200126113b1", "application_number": "1020200126113", "Ltext": "기타 제품 제조업", "keyword": "바둑판//바둑판시스템/센서/발광소자/시스템구현/시스템/타이머/발광소자/스위치", "document_type": "B1"}, {"updateDate": "20220608", "LLno": "C", "SSno": "33409", "Stext": "인형, 장난감 및 오락용품 제조업", "SStext": "기타 오락용품 제조업", "Mtext": "인형, 장난감 및 오락용품 제조업", "Lno": "33", "ipc_main": "A63D-015/16", "Mno": "334", "country_code": "KR", "Sno": "3340", "LLtext": "제조업(10~34)", "documentId": "kr20200144142b1", "application_number": "1020200144142", "Ltext": "기타 제품 제조업", "keyword": "당구공제조/당구대제조/쵸크케이스제조방법/상호분리/결합/케이스제조/방법/정합/곡률/자석", "document_type": "B1"}, {"updateDate": "20220608", "LLno": "C", "SSno": "33409", "Stext": "인형, 장난감 및 오락용품 제조업", "SStext": "기타 오락용품 제조업", "Mtext": "인형, 장난감 및 오락용품 제조업", "Lno": "33", "ipc_main": "A63D-015/16", "Mno": "334", "country_code": "KR", "Sno": "3340", "LLtext": "제조업(10~34)", "documentId": "kr20200144149b1", "application_number": "1020200144149", "Ltext": "기타 제품 제조업", "keyword": "당구공제조/당구대제조/쵸크케이스제조방법/상호분리/결합/케이스제조/방법/자석배치/정합/곡률", "document_type": "B1"}, {"updateDate": "20220608", "LLno": "C", "SSno": "33409", "Stext": "인형, 장난감 및 오락용품 제조업", "SStext": "기타 오락용품 제조업", "Mtext": "인형, 장난감 및 오락용품 제조업", "Lno": "33", "ipc_main": "A63D-015/14", "Mno": "334", "country_code": "KR", "Sno": "3340", "LLtext": "제조업(10~34)", "documentId": "kr20200144165b1", "application_number": "1020200144165", "Ltext": "기타 제품 제조업", "keyword": "당구공제조/당구대제조/양면슬라이딩줄판/일정곡률/알각쉐이퍼/줄판제공/장치/거칠기패턴/자석결합홈/팁손질커버", "document_type": "B1"}, {"updateDate": "20220608", "LLno": "C", "SSno": "33409", "Stext": "인형, 장난감 및 오락용품 제조업", "SStext": "기타 오락용품 제조업", "Mtext": "인형, 장난감 및 오락용품 제조업", "Lno": "33", "ipc_main": "A63F-001/02", "Mno": "334", "country_code": "KR", "Sno": "3340", "LLtext": "제조업(10~34)", "documentId": "kr20207008954a", "application_number": "1020207008954", "Ltext": "기타 제품 제조업", "keyword": "게임용카드제조/유희용카드제조/플레잉카드/잉크/적외선투과/카드제공/방법/가시광선/카본/절단기", "document_type": "A"}, {"updateDate": "20220608", "LLno": "C", "SSno": "33409", "Stext": "인형, 장난감 및 오락용품 제조업", "SStext": "기타 오락용품 제조업", "Mtext": "인형, 장난감 및 오락용품 제조업", "Lno": "33", "ipc_main": "A63F-013/798", "Mno": "334", "country_code": "KR", "Sno": "3340", "LLtext": "제조업(10~34)", "documentId": "kr20207022089a", "application_number": "1020207022089", "Ltext": "기타 제품 제조업", "keyword": "게임용카드제조/게임용테이블제조/게임시스템/판정수단/결정수단/시스템개시/시스템/계층정보/미실행/제한수단", "document_type": "A"}, {"updateDate": "20220608", "LLno": "C", "SSno": "33409", "Stext": "인형, 장난감 및 오락용품 제조업", "SStext": "기타 오락용품 제조업", "Mtext": "인형, 장난감 및 오락용품 제조업", "Lno": "33", "ipc_main": "A63F-013/45", "Mno": "334", "country_code": "KR", "Sno": "3340", "LLtext": "제조업(10~34)", "documentId": "kr20207023691a", "application_number": "1020207023691", "Ltext": "기타 제품 제조업", "keyword": "게임용카드제조/게임용테이블제조/게임시스템/오브젝트//시스템제공/시스템/부분동작/평가수단/접수수단", "document_type": "A"}, {"updateDate": "20220608", "LLno": "C", "SSno": "33409", "Stext": "인형, 장난감 및 오락용품 제조업", "SStext": "기타 오락용품 제조업", "Mtext": "인형, 장난감 및 오락용품 제조업", "Lno": "33", "ipc_main": "A63F-013/87", "Mno": "334", "country_code": "KR", "Sno": "3340", "LLtext": "제조업(10~34)", "documentId": "kr20207025486a", "application_number": "1020207025486", "Ltext": "기타 제품 제조업", "keyword": "게임용카드제조/게임용테이블제조/프로그램/단말장치/내용정보/프로그램제공/방법/취득부/출력제어부/진행정보", "document_type": "A"}, {"updateDate": "20220608", "LLno": "C", "SSno": "33409", "Stext": "인형, 장난감 및 오락용품 제조업", "SStext": "기타 오락용품 제조업", "Mtext": "인형, 장난감 및 오락용품 제조업", "Lno": "33", "ipc_main": "A63F-013/70", "Mno": "334", "country_code": "KR", "Sno": "3340", "LLtext": "제조업(10~34)", "documentId": "kr20210047078a", "application_number": "1020210047078", "Ltext": "기타 제품 제조업", "keyword": "게임용카드제조/게임용테이블제조/플레이장치/서버/클라이언트/장치제공/장치/클라이언트실행부/설정값처리부/설정값비교부", "document_type": "A"}, {"updateDate": "20220608", "LLno": "C", "SSno": "33409", "Stext": "인형, 장난감 및 오락용품 제조업", "SStext": "기타 오락용품 제조업", "Mtext": "인형, 장난감 및 오락용품 제조업", "Lno": "33", "ipc_main": "A63F-013/42", "Mno": "334", "country_code": "KR", "Sno": "3340", "LLtext": "제조업(10~34)", "documentId": "kr20217008895a", "application_number": "1020217008895", "Ltext": "기타 제품 제조업", "keyword": "게임용카드제조/게임용주사위제조/스트리밍게임/게임비디오/게임데이터/그래픽오버레이구현/방법/디스플레이/식별/상호작용", "document_type": "A"}]}