{"dataset": [{"updateDate": "20220608", "LLno": "C", "SSno": "18121", "Stext": "인쇄관련 산업", "SStext": "제판 및 조판업", "Mtext": "인쇄 및 인쇄관련 산업", "Lno": "18", "ipc_main": "B41F-017/10", "Mno": "181", "country_code": "KR", "Sno": "1812", "LLtext": "제조업(10~34)", "documentId": "kr20010075331a", "application_number": "1020010075331", "Ltext": "인쇄 및 기록매체 복제업", "keyword": "인쇄제판/전사판제조/양면인쇄/잉크노즐/인쇄문자노즐면/인쇄로울러/장치/외주면/회전축/잉크저장통", "document_type": "A"}, {"updateDate": "20220608", "LLno": "C", "SSno": "18121", "Stext": "인쇄관련 산업", "SStext": "제판 및 조판업", "Mtext": "인쇄 및 인쇄관련 산업", "Lno": "18", "ipc_main": "B41N-001/06", "Mno": "181", "country_code": "KR", "Sno": "1812", "LLtext": "제조업(10~34)", "documentId": "kr20020022657y1", "application_number": "2020020022657", "Ltext": "인쇄 및 기록매체 복제업", "keyword": "인쇄제판/전사판제조/탱기대/판재/프레임구조/구동모터/장치/기어트렌스/이송대/문자인쇄", "document_type": "Y1"}, {"updateDate": "20220608", "LLno": "C", "SSno": "18121", "Stext": "인쇄관련 산업", "SStext": "제판 및 조판업", "Mtext": "인쇄 및 인쇄관련 산업", "Lno": "18", "ipc_main": "B41J-013/26", "Mno": "181", "country_code": "KR", "Sno": "1812", "LLtext": "제조업(10~34)", "documentId": "kr20030000445a", "application_number": "1020030000445", "Ltext": "인쇄 및 기록매체 복제업", "keyword": "인쇄제판/제판활동/프린터/인쇄용지/적재/인쇄잡/방법/페이지/배지/종료", "document_type": "A"}, {"updateDate": "20220608", "LLno": "C", "SSno": "18121", "Stext": "인쇄관련 산업", "SStext": "제판 및 조판업", "Mtext": "인쇄 및 인쇄관련 산업", "Lno": "18", "ipc_main": "B41C-001/14", "Mno": "181", "country_code": "KR", "Sno": "1812", "LLtext": "제조업(10~34)", "documentId": "kr20030000591y1", "application_number": "2020030000591", "Ltext": "인쇄 및 기록매체 복제업", "keyword": "인쇄제판/날염용제판가공/스크린/원화지/합성수지재/발광수단/장치/감광대/유리판/필름압축판", "document_type": "Y1"}, {"updateDate": "20220608", "LLno": "C", "SSno": "18121", "Stext": "인쇄관련 산업", "SStext": "제판 및 조판업", "Mtext": "인쇄 및 인쇄관련 산업", "Lno": "18", "ipc_main": "B41F-017/00", "Mno": "181", "country_code": "KR", "Sno": "1812", "LLtext": "제조업(10~34)", "documentId": "kr20030012344a", "application_number": "1020030012344", "Ltext": "인쇄 및 기록매체 복제업", "keyword": "인쇄제판/전사판제조/칼라무늬/건축자재/칼날/인쇄농도/장치/동판롤러/고무롤러/세척용제", "document_type": "A"}, {"updateDate": "20220608", "LLno": "C", "SSno": "18121", "Stext": "인쇄관련 산업", "SStext": "제판 및 조판업", "Mtext": "인쇄 및 인쇄관련 산업", "Lno": "18", "ipc_main": "B41M-003/14", "Mno": "181", "country_code": "KR", "Sno": "1812", "LLtext": "제조업(10~34)", "documentId": "kr20030033405b1", "application_number": "1020030033405", "Ltext": "인쇄 및 기록매체 복제업", "keyword": "인쇄제판/제판활동/인쇄잉크/인쇄용지/공인인증표식/보호층/조성물/보안용잉크/형광잉크/희석제", "document_type": "B1"}, {"updateDate": "20220608", "LLno": "C", "SSno": "18121", "Stext": "인쇄관련 산업", "SStext": "제판 및 조판업", "Mtext": "인쇄 및 인쇄관련 산업", "Lno": "18", "ipc_main": "B41F-031/07", "Mno": "181", "country_code": "KR", "Sno": "1812", "LLtext": "제조업(10~34)", "documentId": "kr20030036758y1", "application_number": "2020030036758", "Ltext": "인쇄 및 기록매체 복제업", "keyword": "그라비아제판활동/제판활동/건조/원적외선/다공판/건조챔버/시스템/그라비아/히터/배기다공구", "document_type": "Y1"}, {"updateDate": "20220608", "LLno": "C", "SSno": "18121", "Stext": "인쇄관련 산업", "SStext": "제판 및 조판업", "Mtext": "인쇄 및 인쇄관련 산업", "Lno": "18", "ipc_main": "B41F-015/16", "Mno": "181", "country_code": "KR", "Sno": "1812", "LLtext": "제조업(10~34)", "documentId": "kr20030051181a", "application_number": "1020030051181", "Ltext": "인쇄 및 기록매체 복제업", "keyword": "날염용스크린사진제판가공/인쇄제판/써멀헤드/실크스크린/인쇄패턴/균일품질/장치/받침부재/절개공/제판장치", "document_type": "A"}, {"updateDate": "20220608", "LLno": "C", "SSno": "18121", "Stext": "인쇄관련 산업", "SStext": "제판 및 조판업", "Mtext": "인쇄 및 인쇄관련 산업", "Lno": "18", "ipc_main": "B41M-003/14", "Mno": "181", "country_code": "KR", "Sno": "1812", "LLtext": "제조업(10~34)", "documentId": "kr20030058514a", "application_number": "1020030058514", "Ltext": "인쇄 및 기록매체 복제업", "keyword": "인쇄제판/전사판제조/위조방지/인쇄물/잉크/인쇄위조방지/장치/유가증권/지폐/위조방지색상부", "document_type": "A"}, {"updateDate": "20220608", "LLno": "C", "SSno": "18121", "Stext": "인쇄관련 산업", "SStext": "제판 및 조판업", "Mtext": "인쇄 및 인쇄관련 산업", "Lno": "18", "ipc_main": "B41J-029/393", "Mno": "181", "country_code": "KR", "Sno": "1812", "LLtext": "제조업(10~34)", "documentId": "kr20030068212a", "application_number": "1020030068212", "Ltext": "인쇄 및 기록매체 복제업", "keyword": "인쇄제판/제판활동/인쇄시스템/화상형성/저장매체/인쇄옵션/방법/디스플레이/데이터/리포트", "document_type": "A"}, {"updateDate": "20220608", "LLno": "C", "SSno": "18121", "Stext": "인쇄관련 산업", "SStext": "제판 및 조판업", "Mtext": "인쇄 및 인쇄관련 산업", "Lno": "18", "ipc_main": "B41F-015/08", "Mno": "181", "country_code": "KR", "Sno": "1812", "LLtext": "제조업(10~34)", "documentId": "kr20030093646a", "application_number": "1020030093646", "Ltext": "인쇄 및 기록매체 복제업", "keyword": "인쇄제판/날염용스크린사진제판가공/스크린인쇄/동력발생기구/대상물/잉크분사/장치/프레임/지그/캠유닛", "document_type": "A"}, {"updateDate": "20220608", "LLno": "C", "SSno": "18121", "Stext": "인쇄관련 산업", "SStext": "제판 및 조판업", "Mtext": "인쇄 및 인쇄관련 산업", "Lno": "18", "ipc_main": "B41J-002/32", "Mno": "181", "country_code": "KR", "Sno": "1812", "LLtext": "제조업(10~34)", "documentId": "kr20037012676a", "application_number": "1020037012676", "Ltext": "인쇄 및 기록매체 복제업", "keyword": "인쇄제판/전사판제조/재기록/도료/급지롤러/정보전달/장치/인쇄처리부/소거처리부/감열매체", "document_type": "A"}, {"updateDate": "20220608", "LLno": "C", "SSno": "18121", "Stext": "인쇄관련 산업", "SStext": "제판 및 조판업", "Mtext": "인쇄 및 인쇄관련 산업", "Lno": "18", "ipc_main": "B41C-001/02", "Mno": "181", "country_code": "KR", "Sno": "1812", "LLtext": "제조업(10~34)", "documentId": "kr20040011240a", "application_number": "1020040011240", "Ltext": "인쇄 및 기록매체 복제업", "keyword": "그라비아제판활동/전사제판/그라비아인쇄/피제판로울/도금공정/턴테이블/장치/로울펠렛/원주배열/로울적재장치", "document_type": "A"}, {"updateDate": "20220608", "LLno": "C", "SSno": "18121", "Stext": "인쇄관련 산업", "SStext": "제판 및 조판업", "Mtext": "인쇄 및 인쇄관련 산업", "Lno": "18", "ipc_main": "B41N-001/24", "Mno": "181", "country_code": "KR", "Sno": "1812", "LLtext": "제조업(10~34)", "documentId": "kr20040012840b1", "application_number": "1020040012840", "Ltext": "인쇄 및 기록매체 복제업", "keyword": "인쇄용플레이트제조/전사판제조/도색판/가스통/외주벽/숫자판/장치/문자공/투시구/숫자표시공", "document_type": "B1"}, {"updateDate": "20220608", "LLno": "C", "SSno": "18121", "Stext": "인쇄관련 산업", "SStext": "제판 및 조판업", "Mtext": "인쇄 및 인쇄관련 산업", "Lno": "18", "ipc_main": "B41J-029/38", "Mno": "181", "country_code": "KR", "Sno": "1812", "LLtext": "제조업(10~34)", "documentId": "kr20040024113a", "application_number": "1020040024113", "Ltext": "인쇄 및 기록매체 복제업", "keyword": "인쇄제판/제판활동/중복출력/화상형성/데이터/인쇄여부/방법/호스트컴퓨터/허용조건/통계산출", "document_type": "A"}, {"updateDate": "20220608", "LLno": "C", "SSno": "18121", "Stext": "인쇄관련 산업", "SStext": "제판 및 조판업", "Mtext": "인쇄 및 인쇄관련 산업", "Lno": "18", "ipc_main": "B41J-019/78", "Mno": "181", "country_code": "KR", "Sno": "1812", "LLtext": "제조업(10~34)", "documentId": "kr20040056872b1", "application_number": "1020040056872", "Ltext": "인쇄 및 기록매체 복제업", "keyword": "인쇄제판/전사판제조/인쇄장치/프린터/반송/유효인쇄/장치/인쇄매체/인쇄헤드/슬립지", "document_type": "B1"}, {"updateDate": "20220608", "LLno": "C", "SSno": "18121", "Stext": "인쇄관련 산업", "SStext": "제판 및 조판업", "Mtext": "인쇄 및 인쇄관련 산업", "Lno": "18", "ipc_main": "B41J-029/38", "Mno": "181", "country_code": "KR", "Sno": "1812", "LLtext": "제조업(10~34)", "documentId": "kr20040087058a", "application_number": "1020040087058", "Ltext": "인쇄 및 기록매체 복제업", "keyword": "인쇄제판/제판활동/잉크젯/인쇄제어/데이타/재인쇄/방법/용지공급장치/중송/프린터", "document_type": "A"}, {"updateDate": "20220608", "LLno": "C", "SSno": "18121", "Stext": "인쇄관련 산업", "SStext": "제판 및 조판업", "Mtext": "인쇄 및 인쇄관련 산업", "Lno": "18", "ipc_main": "B41J-002/21", "Mno": "181", "country_code": "KR", "Sno": "1812", "LLtext": "제조업(10~34)", "documentId": "kr20040089215a", "application_number": "1020040089215", "Ltext": "인쇄 및 기록매체 복제업", "keyword": "인쇄제판/제판활동/잉크젯/프린트헤드/데이터/화상농도/방법/노즐/인쇄도트/수평피치", "document_type": "A"}, {"updateDate": "20220608", "LLno": "C", "SSno": "18121", "Stext": "인쇄관련 산업", "SStext": "제판 및 조판업", "Mtext": "인쇄 및 인쇄관련 산업", "Lno": "18", "ipc_main": "B41F-017/06", "Mno": "181", "country_code": "KR", "Sno": "1812", "LLtext": "제조업(10~34)", "documentId": "kr20040094837a", "application_number": "1020040094837", "Ltext": "인쇄 및 기록매체 복제업", "keyword": "인쇄제판/전사판제조/판재/무늬/잉크/현장인쇄/장치/받침로울러/무늬로울러/잉크함", "document_type": "A"}, {"updateDate": "20220608", "LLno": "C", "SSno": "18121", "Stext": "인쇄관련 산업", "SStext": "제판 및 조판업", "Mtext": "인쇄 및 인쇄관련 산업", "Lno": "18", "ipc_main": "B41J-002/01", "Mno": "181", "country_code": "KR", "Sno": "1812", "LLtext": "제조업(10~34)", "documentId": "kr20040107730b1", "application_number": "1020040107730", "Ltext": "인쇄 및 기록매체 복제업", "keyword": "전사판제조/인쇄제판/인쇄헤드/소자/구동회로/레이아웃/장치/소자보드/화상데이터/선택회로", "document_type": "B1"}, {"updateDate": "20220608", "LLno": "C", "SSno": "18121", "Stext": "인쇄관련 산업", "SStext": "제판 및 조판업", "Mtext": "인쇄 및 인쇄관련 산업", "Lno": "18", "ipc_main": "B41M-009/00", "Mno": "181", "country_code": "KR", "Sno": "1812", "LLtext": "제조업(10~34)", "documentId": "kr20050038588a", "application_number": "1020050038588", "Ltext": "인쇄 및 기록매체 복제업", "keyword": "그라비아제판활동/제판활동/그라비아/인쇄물/레지스터/정밀성/방법/불투명필름/인쇄유니트/오차제어", "document_type": "A"}, {"updateDate": "20220608", "LLno": "C", "SSno": "18121", "Stext": "인쇄관련 산업", "SStext": "제판 및 조판업", "Mtext": "인쇄 및 인쇄관련 산업", "Lno": "18", "ipc_main": "B41M-003/06", "Mno": "181", "country_code": "KR", "Sno": "1812", "LLtext": "제조업(10~34)", "documentId": "kr20050063027a", "application_number": "1020050063027", "Ltext": "인쇄 및 기록매체 복제업", "keyword": "인쇄제판/전사판제조/렌티큘러/투명비닐원단/전사코팅/프레스/장치/일반인쇄물/반사잉크/반사효과", "document_type": "A"}, {"updateDate": "20220608", "LLno": "C", "SSno": "18121", "Stext": "인쇄관련 산업", "SStext": "제판 및 조판업", "Mtext": "인쇄 및 인쇄관련 산업", "Lno": "18", "ipc_main": "B41M-001/12", "Mno": "181", "country_code": "KR", "Sno": "1812", "LLtext": "제조업(10~34)", "documentId": "kr20050067505b1", "application_number": "1020050067505", "Ltext": "인쇄 및 기록매체 복제업", "keyword": "날염용스크린사진제판가공/제판활동/실크스크린/옻액혼합액/전처리공정/내구성/방법/금속시트/건조공정/코팅", "document_type": "B1"}, {"updateDate": "20220608", "LLno": "C", "SSno": "18121", "Stext": "인쇄관련 산업", "SStext": "제판 및 조판업", "Mtext": "인쇄 및 인쇄관련 산업", "Lno": "18", "ipc_main": "B41N-001/14", "Mno": "181", "country_code": "KR", "Sno": "1812", "LLtext": "제조업(10~34)", "documentId": "kr20057001259a", "application_number": "1020057001259", "Ltext": "인쇄 및 기록매체 복제업", "keyword": "평판인쇄원판제조/전사판제조/원판/수지조성물/친수성폴리머/감광층/조성물/친수기/평판/감광성", "document_type": "A"}, {"updateDate": "20220608", "LLno": "C", "SSno": "18121", "Stext": "인쇄관련 산업", "SStext": "제판 및 조판업", "Mtext": "인쇄 및 인쇄관련 산업", "Lno": "18", "ipc_main": "B41N-001/04", "Mno": "181", "country_code": "KR", "Sno": "1812", "LLtext": "제조업(10~34)", "documentId": "kr20057006757a", "application_number": "1020057006757", "Ltext": "인쇄 및 기록매체 복제업", "keyword": "인쇄제판/전사판제조/플렉스/인쇄재료/피인쇄물/볼록부/장치/볼록부/정상면/인쇄판", "document_type": "A"}, {"updateDate": "20220608", "LLno": "C", "SSno": "18121", "Stext": "인쇄관련 산업", "SStext": "제판 및 조판업", "Mtext": "인쇄 및 인쇄관련 산업", "Lno": "18", "ipc_main": "B41J-029/393", "Mno": "181", "country_code": "KR", "Sno": "1812", "LLtext": "제조업(10~34)", "documentId": "kr20060014113a", "application_number": "1020060014113", "Ltext": "인쇄 및 기록매체 복제업", "keyword": "인쇄제판/제판활동/인쇄장치/인쇄부/취득부/화상/장치/매체/도트형성/노즐", "document_type": "A"}, {"updateDate": "20220608", "LLno": "C", "SSno": "18121", "Stext": "인쇄관련 산업", "SStext": "제판 및 조판업", "Mtext": "인쇄 및 인쇄관련 산업", "Lno": "18", "ipc_main": "B41N-007/00", "Mno": "181", "country_code": "KR", "Sno": "1812", "LLtext": "제조업(10~34)", "documentId": "kr20060019319b1", "application_number": "1020060019319", "Ltext": "인쇄 및 기록매체 복제업", "keyword": "인쇄제판/인쇄용동판식각/드럼/비닐계수지필름/전기가열식/표면인쇄/장치/금속제/원형드럼/전기가열봉", "document_type": "B1"}, {"updateDate": "20220608", "LLno": "C", "SSno": "18121", "Stext": "인쇄관련 산업", "SStext": "제판 및 조판업", "Mtext": "인쇄 및 인쇄관련 산업", "Lno": "18", "ipc_main": "B41M-001/28", "Mno": "181", "country_code": "KR", "Sno": "1812", "LLtext": "제조업(10~34)", "documentId": "kr20060020037y1", "application_number": "2020060020037", "Ltext": "인쇄 및 기록매체 복제업", "keyword": "평판인쇄원판제조/전사판제조/금속판/이미지/접착제/반영구적/장치/경화제/도포층/도료", "document_type": "Y1"}, {"updateDate": "20220608", "LLno": "C", "SSno": "18121", "Stext": "인쇄관련 산업", "SStext": "제판 및 조판업", "Mtext": "인쇄 및 인쇄관련 산업", "Lno": "18", "ipc_main": "B41F-023/04", "Mno": "181", "country_code": "KR", "Sno": "1812", "LLtext": "제조업(10~34)", "documentId": "kr20060028018a", "application_number": "1020060028018", "Ltext": "인쇄 및 기록매체 복제업", "keyword": "인쇄용플레이트제조/전사판제조/건조장치/시트/건조/수축방지/방법/소정패턴/건조영역/장력인가수단", "document_type": "A"}, {"updateDate": "20220608", "LLno": "C", "SSno": "18121", "Stext": "인쇄관련 산업", "SStext": "제판 및 조판업", "Mtext": "인쇄 및 인쇄관련 산업", "Lno": "18", "ipc_main": "B41M-001/12", "Mno": "181", "country_code": "KR", "Sno": "1812", "LLtext": "제조업(10~34)", "documentId": "kr20060028726b1", "application_number": "1020060028726", "Ltext": "인쇄 및 기록매체 복제업", "keyword": "날염용스크린사진제판가공/제판활동/인레이/판넬/배면인쇄/실크스크린/방법/감광막/흡광판/폴리카보네이트", "document_type": "B1"}, {"updateDate": "20220608", "LLno": "C", "SSno": "18121", "Stext": "인쇄관련 산업", "SStext": "제판 및 조판업", "Mtext": "인쇄 및 인쇄관련 산업", "Lno": "18", "ipc_main": "B41M-001/34", "Mno": "181", "country_code": "KR", "Sno": "1812", "LLtext": "제조업(10~34)", "documentId": "kr20060053876b1", "application_number": "1020060053876", "Ltext": "인쇄 및 기록매체 복제업", "keyword": "인쇄제판/제판활동/유리표면/코팅제/자외선/광택/방법/펄혼합인쇄/시트지/부착", "document_type": "B1"}, {"updateDate": "20220608", "LLno": "C", "SSno": "18121", "Stext": "인쇄관련 산업", "SStext": "제판 및 조판업", "Mtext": "인쇄 및 인쇄관련 산업", "Lno": "18", "ipc_main": "B41J-011/42", "Mno": "181", "country_code": "KR", "Sno": "1812", "LLtext": "제조업(10~34)", "documentId": "kr20060056145b1", "application_number": "1020060056145", "Ltext": "인쇄 및 기록매체 복제업", "keyword": "전사제판/전사판제조/잉크젯/기록매체/급지조건/회복작동/장치/잉크토출/노즐/인쇄헤드", "document_type": "B1"}, {"updateDate": "20220608", "LLno": "C", "SSno": "18121", "Stext": "인쇄관련 산업", "SStext": "제판 및 조판업", "Mtext": "인쇄 및 인쇄관련 산업", "Lno": "18", "ipc_main": "H01L-021/02", "Mno": "181", "country_code": "KR", "Sno": "1812", "LLtext": "제조업(10~34)", "documentId": "kr20060128713b1", "application_number": "1020060128713", "Ltext": "인쇄 및 기록매체 복제업", "keyword": "인쇄제판/제판활동/미세패턴/격막/잉크전이/소수성/방법/인쇄영역/기판/연질경화", "document_type": "B1"}, {"updateDate": "20220608", "LLno": "C", "SSno": "18121", "Stext": "인쇄관련 산업", "SStext": "제판 및 조판업", "Mtext": "인쇄 및 인쇄관련 산업", "Lno": "18", "ipc_main": "B41J-002/01", "Mno": "181", "country_code": "KR", "Sno": "1812", "LLtext": "제조업(10~34)", "documentId": "kr20070063580a", "application_number": "1020070063580", "Ltext": "인쇄 및 기록매체 복제업", "keyword": "인쇄제판/제판활동/인쇄장치/인쇄패스/밴딩/피인쇄면/장치/반송부/인쇄헤드/인쇄영역", "document_type": "A"}, {"updateDate": "20220608", "LLno": "C", "SSno": "18121", "Stext": "인쇄관련 산업", "SStext": "제판 및 조판업", "Mtext": "인쇄 및 인쇄관련 산업", "Lno": "18", "ipc_main": "B41M-005/00", "Mno": "181", "country_code": "KR", "Sno": "1812", "LLtext": "제조업(10~34)", "documentId": "kr20070064924a", "application_number": "1020070064924", "Ltext": "인쇄 및 기록매체 복제업", "keyword": "인쇄제판/제판활동/실크인쇄지/이미지/전사용지/자연건조/방법/열전사기/출력/재단", "document_type": "A"}, {"updateDate": "20220608", "LLno": "C", "SSno": "18121", "Stext": "인쇄관련 산업", "SStext": "제판 및 조판업", "Mtext": "인쇄 및 인쇄관련 산업", "Lno": "18", "ipc_main": "B41F-015/08", "Mno": "181", "country_code": "KR", "Sno": "1812", "LLtext": "제조업(10~34)", "documentId": "kr20070069407b1", "application_number": "1020070069407", "Ltext": "인쇄 및 기록매체 복제업", "keyword": "인쇄제판/날염용스크린사진제판가공/스크린인쇄/인쇄물/롤러부/인쇄층형성/장치/모터/구동롤러/스퀴지", "document_type": "B1"}, {"updateDate": "20220608", "LLno": "C", "SSno": "18121", "Stext": "인쇄관련 산업", "SStext": "제판 및 조판업", "Mtext": "인쇄 및 인쇄관련 산업", "Lno": "18", "ipc_main": "B41M-005/00", "Mno": "181", "country_code": "KR", "Sno": "1812", "LLtext": "제조업(10~34)", "documentId": "kr20070069756b1", "application_number": "1020070069756", "Ltext": "인쇄 및 기록매체 복제업", "keyword": "인쇄제판/전사판제조/필름/전사필름/실크인쇄/그라비아/장치/인쇄층/코팅층/인몰드", "document_type": "B1"}, {"updateDate": "20220608", "LLno": "C", "SSno": "18121", "Stext": "인쇄관련 산업", "SStext": "제판 및 조판업", "Mtext": "인쇄 및 인쇄관련 산업", "Lno": "18", "ipc_main": "B41C-001/00", "Mno": "181", "country_code": "KR", "Sno": "1812", "LLtext": "제조업(10~34)", "documentId": "kr20070074188b1", "application_number": "1020070074188", "Ltext": "인쇄 및 기록매체 복제업", "keyword": "인쇄제판/전사제판/스크린인쇄판/DLC코팅층/인쇄패턴/고내구성/장치/감광성/망상구조/감광성폴리머층", "document_type": "B1"}, {"updateDate": "20220608", "LLno": "C", "SSno": "18121", "Stext": "인쇄관련 산업", "SStext": "제판 및 조판업", "Mtext": "인쇄 및 인쇄관련 산업", "Lno": "18", "ipc_main": "B41J-002/05", "Mno": "181", "country_code": "KR", "Sno": "1812", "LLtext": "제조업(10~34)", "documentId": "kr20070114830b1", "application_number": "1020070114830", "Ltext": "인쇄 및 기록매체 복제업", "keyword": "인쇄제판/인쇄용플레이트제조/카트리지/기판/인쇄소자/신호지연/장치/구동회로/시프트레지스터/인쇄데이터", "document_type": "B1"}, {"updateDate": "20220608", "LLno": "C", "SSno": "18121", "Stext": "인쇄관련 산업", "SStext": "제판 및 조판업", "Mtext": "인쇄 및 인쇄관련 산업", "Lno": "18", "ipc_main": "B41M-005/00", "Mno": "181", "country_code": "KR", "Sno": "1812", "LLtext": "제조업(10~34)", "documentId": "kr20070116427b1", "application_number": "1020070116427", "Ltext": "인쇄 및 기록매체 복제업", "keyword": "디지털제판제조/제판활동/디지털사진/합성수지/잉크수용층/백색인쇄층/방법/반짝이가루/그라비아인쇄/스크린인쇄", "document_type": "B1"}, {"updateDate": "20220608", "LLno": "C", "SSno": "18121", "Stext": "인쇄관련 산업", "SStext": "제판 및 조판업", "Mtext": "인쇄 및 인쇄관련 산업", "Lno": "18", "ipc_main": "B41M-005/00", "Mno": "181", "country_code": "KR", "Sno": "1812", "LLtext": "제조업(10~34)", "documentId": "kr20070139555a", "application_number": "1020070139555", "Ltext": "인쇄 및 기록매체 복제업", "keyword": "전사제판/전사판제조/전사지/직물지/핫멜트/솔벤트잉크/장치/인쇄층/비수용성/이형지", "document_type": "A"}, {"updateDate": "20220608", "LLno": "C", "SSno": "18121", "Stext": "인쇄관련 산업", "SStext": "제판 및 조판업", "Mtext": "인쇄 및 인쇄관련 산업", "Lno": "18", "ipc_main": "B41N-003/08", "Mno": "181", "country_code": "KR", "Sno": "1812", "LLtext": "제조업(10~34)", "documentId": "kr20077026900a", "application_number": "1020077026900", "Ltext": "인쇄 및 기록매체 복제업", "keyword": "인쇄제판/제판활동/무전해/패턴/친수성상/스탬프인쇄/방법/수용매체/침착/접촉인쇄", "document_type": "A"}, {"updateDate": "20220608", "LLno": "C", "SSno": "18121", "Stext": "인쇄관련 산업", "SStext": "제판 및 조판업", "Mtext": "인쇄 및 인쇄관련 산업", "Lno": "18", "ipc_main": "B41N-001/00", "Mno": "181", "country_code": "KR", "Sno": "1812", "LLtext": "제조업(10~34)", "documentId": "kr20080005144b1", "application_number": "1020080005144", "Ltext": "인쇄 및 기록매체 복제업", "keyword": "옵셋인쇄제판제작/제판활동/오프셋인쇄/유리기재/포토레지스트/코팅/방법/스퍼터링/구리금속/노광", "document_type": "B1"}, {"updateDate": "20220608", "LLno": "C", "SSno": "18121", "Stext": "인쇄관련 산업", "SStext": "제판 및 조판업", "Mtext": "인쇄 및 인쇄관련 산업", "Lno": "18", "ipc_main": "B41N-010/00", "Mno": "181", "country_code": "KR", "Sno": "1812", "LLtext": "제조업(10~34)", "documentId": "kr20080014827a", "application_number": "1020080014827", "Ltext": "인쇄 및 기록매체 복제업", "keyword": "인쇄제판/전사판제조/블랭킷/패턴형성/잉크도포/인쇄기재/장치/음각부/양각부/인쇄용블랭킷", "document_type": "A"}, {"updateDate": "20220608", "LLno": "C", "SSno": "18121", "Stext": "인쇄관련 산업", "SStext": "제판 및 조판업", "Mtext": "인쇄 및 인쇄관련 산업", "Lno": "18", "ipc_main": "B41M-005/46", "Mno": "181", "country_code": "KR", "Sno": "1812", "LLtext": "제조업(10~34)", "documentId": "kr20080021500a", "application_number": "1020080021500", "Ltext": "인쇄 및 기록매체 복제업", "keyword": "전사제판/전사판제조/필름/이형제처리/시온잉크/화학물질/장치/필름상면/접착제/열전사필름", "document_type": "A"}, {"updateDate": "20220608", "LLno": "C", "SSno": "18121", "Stext": "인쇄관련 산업", "SStext": "제판 및 조판업", "Mtext": "인쇄 및 인쇄관련 산업", "Lno": "18", "ipc_main": "B41F-016/00", "Mno": "181", "country_code": "KR", "Sno": "1812", "LLtext": "제조업(10~34)", "documentId": "kr20080071791a", "application_number": "1020080071791", "Ltext": "인쇄 및 기록매체 복제업", "keyword": "전사제판/제판활동/전사장치/잉크염료/건조/자동제어/시스템/인쇄재/발열램프/장력롤러", "document_type": "A"}, {"updateDate": "20220608", "LLno": "C", "SSno": "18121", "Stext": "인쇄관련 산업", "SStext": "제판 및 조판업", "Mtext": "인쇄 및 인쇄관련 산업", "Lno": "18", "ipc_main": "B41M-005/40", "Mno": "181", "country_code": "KR", "Sno": "1812", "LLtext": "제조업(10~34)", "documentId": "kr20080079982a", "application_number": "1020080079982", "Ltext": "인쇄 및 기록매체 복제업", "keyword": "인쇄제판/제판활동/전이형인쇄/피인쇄물/브랑켓/코팅/방법/화상/접착제/전이층", "document_type": "A"}, {"updateDate": "20220608", "LLno": "C", "SSno": "18121", "Stext": "인쇄관련 산업", "SStext": "제판 및 조판업", "Mtext": "인쇄 및 인쇄관련 산업", "Lno": "18", "ipc_main": "H05K-003/10", "Mno": "181", "country_code": "KR", "Sno": "1812", "LLtext": "제조업(10~34)", "documentId": "kr20080089092b1", "application_number": "1020080089092", "Ltext": "인쇄 및 기록매체 복제업", "keyword": "인쇄제판/제판활동/잉크젯/기판/회로배선/비트맵이미지/방법/촬상/이미지비교/잉크젯장치", "document_type": "B1"}, {"updateDate": "20220608", "LLno": "C", "SSno": "18121", "Stext": "인쇄관련 산업", "SStext": "제판 및 조판업", "Mtext": "인쇄 및 인쇄관련 산업", "Lno": "18", "ipc_main": "B41J-002/155", "Mno": "181", "country_code": "KR", "Sno": "1812", "LLtext": "제조업(10~34)", "documentId": "kr20080090358a", "application_number": "1020080090358", "Ltext": "인쇄 및 기록매체 복제업", "keyword": "전사판제조/인쇄제판/잉크젯/인쇄매체/프린트헤드/화상형성/장치/잉크/노즐부/롤링유닛", "document_type": "A"}, {"updateDate": "20220608", "LLno": "C", "SSno": "18121", "Stext": "인쇄관련 산업", "SStext": "제판 및 조판업", "Mtext": "인쇄 및 인쇄관련 산업", "Lno": "18", "ipc_main": "B41M-005/00", "Mno": "181", "country_code": "KR", "Sno": "1812", "LLtext": "제조업(10~34)", "documentId": "kr20087015150b1", "application_number": "1020087015150", "Ltext": "인쇄 및 기록매체 복제업", "keyword": "인쇄제판/전사판제조/인쇄물/지지체/플라스틱층/잉크수용층/장치/박리/무기충전제/유기계미립자", "document_type": "B1"}, {"updateDate": "20220608", "LLno": "C", "SSno": "18121", "Stext": "인쇄관련 산업", "SStext": "제판 및 조판업", "Mtext": "인쇄 및 인쇄관련 산업", "Lno": "18", "ipc_main": "B41M-005/52", "Mno": "181", "country_code": "KR", "Sno": "1812", "LLtext": "제조업(10~34)", "documentId": "kr20087019810b1", "application_number": "1020087019810", "Ltext": "인쇄 및 기록매체 복제업", "keyword": "전사제판/전사판제조/열전사/이미지/잉크젯인쇄/재전사중간시트/장치/기재/이미지수용코팅/폴리머결합제", "document_type": "B1"}, {"updateDate": "20220608", "LLno": "C", "SSno": "18121", "Stext": "인쇄관련 산업", "SStext": "제판 및 조판업", "Mtext": "인쇄 및 인쇄관련 산업", "Lno": "18", "ipc_main": "B41M-005/00", "Mno": "181", "country_code": "KR", "Sno": "1812", "LLtext": "제조업(10~34)", "documentId": "kr20087030948a", "application_number": "1020087030948", "Ltext": "인쇄 및 기록매체 복제업", "keyword": "인쇄제판/전사판제조/시트/잉크젯/요철감/고내구성/장치/반고화/회반죽/인쇄층", "document_type": "A"}, {"updateDate": "20220608", "LLno": "C", "SSno": "18121", "Stext": "인쇄관련 산업", "SStext": "제판 및 조판업", "Mtext": "인쇄 및 인쇄관련 산업", "Lno": "18", "ipc_main": "B41M-005/00", "Mno": "181", "country_code": "KR", "Sno": "1812", "LLtext": "제조업(10~34)", "documentId": "kr20090013527a", "application_number": "1020090013527", "Ltext": "인쇄 및 기록매체 복제업", "keyword": "인쇄제판/전사판제조/롤러/인쇄시트/롤러지지체/홈/장치/베이스필름/접착층/인쇄층", "document_type": "A"}, {"updateDate": "20220608", "LLno": "C", "SSno": "18121", "Stext": "인쇄관련 산업", "SStext": "제판 및 조판업", "Mtext": "인쇄 및 인쇄관련 산업", "Lno": "18", "ipc_main": "B41J-002/01", "Mno": "181", "country_code": "KR", "Sno": "1812", "LLtext": "제조업(10~34)", "documentId": "kr20090022934b1", "application_number": "1020090022934", "Ltext": "인쇄 및 기록매체 복제업", "keyword": "인쇄제판/전사판제조/인쇄장치/프레임/프린팅헤드/파손최소화/장치/종이매체/바코드/감지홀", "document_type": "B1"}, {"updateDate": "20220608", "LLno": "C", "SSno": "18121", "Stext": "인쇄관련 산업", "SStext": "제판 및 조판업", "Mtext": "인쇄 및 인쇄관련 산업", "Lno": "18", "ipc_main": "B41M-001/12", "Mno": "181", "country_code": "KR", "Sno": "1812", "LLtext": "제조업(10~34)", "documentId": "kr20090059907b1", "application_number": "1020090059907", "Ltext": "인쇄 및 기록매체 복제업", "keyword": "제판활동/인쇄제판/엠보인쇄/감광층/피인쇄물/입체감/방법/감광제/잉크/스퀴지", "document_type": "B1"}, {"updateDate": "20220608", "LLno": "C", "SSno": "18121", "Stext": "인쇄관련 산업", "SStext": "제판 및 조판업", "Mtext": "인쇄 및 인쇄관련 산업", "Lno": "18", "ipc_main": "B41M-001/00", "Mno": "181", "country_code": "KR", "Sno": "1812", "LLtext": "제조업(10~34)", "documentId": "kr20090061238b1", "application_number": "1020090061238", "Ltext": "인쇄 및 기록매체 복제업", "keyword": "인쇄제판/전사판제조/회로패턴/인쇄매체/잉크/위치보정/장치/베이스플레이트/위치판독부재/비젼부재", "document_type": "B1"}, {"updateDate": "20220608", "LLno": "C", "SSno": "18121", "Stext": "인쇄관련 산업", "SStext": "제판 및 조판업", "Mtext": "인쇄 및 인쇄관련 산업", "Lno": "18", "ipc_main": "B41N-010/02", "Mno": "181", "country_code": "KR", "Sno": "1812", "LLtext": "제조업(10~34)", "documentId": "kr20090062333a", "application_number": "1020090062333", "Ltext": "인쇄 및 기록매체 복제업", "keyword": "옵셋인쇄제판제작/전사판제조/블랭킷/리버스오프셋/표면인쇄층/인압마진/장치/쿠션층/실리콘오일/지지층", "document_type": "A"}, {"updateDate": "20220608", "LLno": "C", "SSno": "18121", "Stext": "인쇄관련 산업", "SStext": "제판 및 조판업", "Mtext": "인쇄 및 인쇄관련 산업", "Lno": "18", "ipc_main": "B41N-010/02", "Mno": "181", "country_code": "KR", "Sno": "1812", "LLtext": "제조업(10~34)", "documentId": "kr20090071378b1", "application_number": "1020090071378", "Ltext": "인쇄 및 기록매체 복제업", "keyword": "인쇄제판/전사판제조/블랭킷/지지층/인쇄패턴/정밀성/장치/잉크/도포/실리콘고무", "document_type": "B1"}, {"updateDate": "20220608", "LLno": "C", "SSno": "18121", "Stext": "인쇄관련 산업", "SStext": "제판 및 조판업", "Mtext": "인쇄 및 인쇄관련 산업", "Lno": "18", "ipc_main": "B41M-001/12", "Mno": "181", "country_code": "KR", "Sno": "1812", "LLtext": "제조업(10~34)", "documentId": "kr20090078843a", "application_number": "1020090078843", "Ltext": "인쇄 및 기록매체 복제업", "keyword": "인쇄제판/전사판제조/인쇄장치/실크스크린/금박인쇄/복합인쇄/장치/프레임/턴테이블/건조부", "document_type": "A"}, {"updateDate": "20220608", "LLno": "C", "SSno": "18121", "Stext": "인쇄관련 산업", "SStext": "제판 및 조판업", "Mtext": "인쇄 및 인쇄관련 산업", "Lno": "18", "ipc_main": "B41N-010/00", "Mno": "181", "country_code": "KR", "Sno": "1812", "LLtext": "제조업(10~34)", "documentId": "kr20090079115b1", "application_number": "1020090079115", "Ltext": "인쇄 및 기록매체 복제업", "keyword": "인쇄제판/전사판제조/블랭킷/밀착수단/표면인쇄층/갠트리/장치/기재/필름/코팅유닛", "document_type": "B1"}, {"updateDate": "20220608", "LLno": "C", "SSno": "18121", "Stext": "인쇄관련 산업", "SStext": "제판 및 조판업", "Mtext": "인쇄 및 인쇄관련 산업", "Lno": "18", "ipc_main": "G03F-005/00", "Mno": "181", "country_code": "KR", "Sno": "1812", "LLtext": "제조업(10~34)", "documentId": "kr20090110577b1", "application_number": "1020090110577", "Ltext": "인쇄 및 기록매체 복제업", "keyword": "인쇄제판/전사제판/스크린/금속망/재판용스크린/포토레지스트/장치/홀/인쇄영역형성/노광장치", "document_type": "B1"}, {"updateDate": "20220608", "LLno": "C", "SSno": "18121", "Stext": "인쇄관련 산업", "SStext": "제판 및 조판업", "Mtext": "인쇄 및 인쇄관련 산업", "Lno": "18", "ipc_main": "B41F-017/00", "Mno": "181", "country_code": "KR", "Sno": "1812", "LLtext": "제조업(10~34)", "documentId": "kr20090110966a", "application_number": "1020090110966", "Ltext": "인쇄 및 기록매체 복제업", "keyword": "인쇄제판/전사판제조/패드/합성수지/로터리회전판/자동인쇄/장치/패턴판/지그/패턴홈", "document_type": "A"}, {"updateDate": "20220608", "LLno": "C", "SSno": "18121", "Stext": "인쇄관련 산업", "SStext": "제판 및 조판업", "Mtext": "인쇄 및 인쇄관련 산업", "Lno": "18", "ipc_main": "B41J-029/38", "Mno": "181", "country_code": "KR", "Sno": "1812", "LLtext": "제조업(10~34)", "documentId": "kr20090117869a", "application_number": "1020090117869", "Ltext": "인쇄 및 기록매체 복제업", "keyword": "인쇄제판/제판활동/잉크젯/노즐/인쇄대상물/간격/장치/스테이지/프레임/높이조절제어부", "document_type": "A"}, {"updateDate": "20220608", "LLno": "C", "SSno": "18121", "Stext": "인쇄관련 산업", "SStext": "제판 및 조판업", "Mtext": "인쇄 및 인쇄관련 산업", "Lno": "18", "ipc_main": "B41J-029/38", "Mno": "181", "country_code": "KR", "Sno": "1812", "LLtext": "제조업(10~34)", "documentId": "kr20090117875b1", "application_number": "1020090117875", "Ltext": "인쇄 및 기록매체 복제업", "keyword": "인쇄제판/제판활동/잉크젯/어레이/분사간격/인쇄품질/방법/노즐/인쇄대상물/닷", "document_type": "B1"}, {"updateDate": "20220608", "LLno": "C", "SSno": "18121", "Stext": "인쇄관련 산업", "SStext": "제판 및 조판업", "Mtext": "인쇄 및 인쇄관련 산업", "Lno": "18", "ipc_main": "B41F-022/00", "Mno": "181", "country_code": "KR", "Sno": "1812", "LLtext": "제조업(10~34)", "documentId": "kr20090124264a", "application_number": "1020090124264", "Ltext": "인쇄 및 기록매체 복제업", "keyword": "인쇄제판/전사판제조/잉크/종이매체/프린팅헤드/번짐방지/장치/이송부/인쇄유닛/페이지넘김부", "document_type": "A"}, {"updateDate": "20220608", "LLno": "C", "SSno": "18121", "Stext": "인쇄관련 산업", "SStext": "제판 및 조판업", "Mtext": "인쇄 및 인쇄관련 산업", "Lno": "18", "ipc_main": "B41J-011/42", "Mno": "181", "country_code": "KR", "Sno": "1812", "LLtext": "제조업(10~34)", "documentId": "kr20097005894a", "application_number": "1020097005894", "Ltext": "인쇄 및 기록매체 복제업", "keyword": "인쇄제판/제판활동/시트/프린터/인쇄매체/운송/방법/수집/배출/유지력", "document_type": "A"}, {"updateDate": "20220608", "LLno": "C", "SSno": "18121", "Stext": "인쇄관련 산업", "SStext": "제판 및 조판업", "Mtext": "인쇄 및 인쇄관련 산업", "Lno": "18", "ipc_main": "B41J-003/407", "Mno": "181", "country_code": "KR", "Sno": "1812", "LLtext": "제조업(10~34)", "documentId": "kr20097020294b1", "application_number": "1020097020294", "Ltext": "인쇄 및 기록매체 복제업", "keyword": "전사제판/인쇄제판/용기/인쇄물/이미지/다색인쇄/장치/인쇄헤드/이송요소/인쇄교대", "document_type": "B1"}, {"updateDate": "20220608", "LLno": "C", "SSno": "18121", "Stext": "인쇄관련 산업", "SStext": "제판 및 조판업", "Mtext": "인쇄 및 인쇄관련 산업", "Lno": "18", "ipc_main": "B41J-035/00", "Mno": "181", "country_code": "KR", "Sno": "1812", "LLtext": "제조업(10~34)", "documentId": "kr20100019917b1", "application_number": "1020100019917", "Ltext": "인쇄 및 기록매체 복제업", "keyword": "인쇄제판/전사판제조/프린터/인쇄정보/히팅수단/유출방지/장치/공급롤/인쇄리본/열전달롤러", "document_type": "B1"}, {"updateDate": "20220608", "LLno": "C", "SSno": "18121", "Stext": "인쇄관련 산업", "SStext": "제판 및 조판업", "Mtext": "인쇄 및 인쇄관련 산업", "Lno": "18", "ipc_main": "B41N-010/02", "Mno": "181", "country_code": "KR", "Sno": "1812", "LLtext": "제조업(10~34)", "documentId": "kr20100066119a", "application_number": "1020100066119", "Ltext": "인쇄 및 기록매체 복제업", "keyword": "인쇄제판/제판활동/용제흡수체/기재/실리콘블랭킷/팽윤율/장치/흡수층/흡수층/적층구조", "document_type": "A"}, {"updateDate": "20220608", "LLno": "C", "SSno": "18121", "Stext": "인쇄관련 산업", "SStext": "제판 및 조판업", "Mtext": "인쇄 및 인쇄관련 산업", "Lno": "18", "ipc_main": "B41M-001/12", "Mno": "181", "country_code": "KR", "Sno": "1812", "LLtext": "제조업(10~34)", "documentId": "kr20100082437b1", "application_number": "1020100082437", "Ltext": "인쇄 및 기록매체 복제업", "keyword": "인쇄제판/제판활동/프로파일/피인쇄물/커팅공정/라미네이팅공정/방법/스크린망사/하강장착공정/UV건조공정", "document_type": "B1"}, {"updateDate": "20220608", "LLno": "C", "SSno": "18121", "Stext": "인쇄관련 산업", "SStext": "제판 및 조판업", "Mtext": "인쇄 및 인쇄관련 산업", "Lno": "18", "ipc_main": "B41N-001/04", "Mno": "181", "country_code": "KR", "Sno": "1812", "LLtext": "제조업(10~34)", "documentId": "kr20100099463a", "application_number": "1020100099463", "Ltext": "인쇄 및 기록매체 복제업", "keyword": "평판인쇄원판제조/전사판제조/금박인쇄판/승강작동판/금박포일/가열압착/장치/금박인쇄/인쇄원통/스토퍼", "document_type": "A"}, {"updateDate": "20220608", "LLno": "C", "SSno": "18121", "Stext": "인쇄관련 산업", "SStext": "제판 및 조판업", "Mtext": "인쇄 및 인쇄관련 산업", "Lno": "18", "ipc_main": "H05K-003/14", "Mno": "181", "country_code": "KR", "Sno": "1812", "LLtext": "제조업(10~34)", "documentId": "kr20100123921a", "application_number": "1020100123921", "Ltext": "인쇄 및 기록매체 복제업", "keyword": "인쇄제판/전사제판/스크린인쇄/인쇄회로기판/스텐실/스퀴지/장치/회로패턴/납액/얼라이닝유닛", "document_type": "A"}, {"updateDate": "20220608", "LLno": "C", "SSno": "18121", "Stext": "인쇄관련 산업", "SStext": "제판 및 조판업", "Mtext": "인쇄 및 인쇄관련 산업", "Lno": "18", "ipc_main": "B41M-001/18", "Mno": "181", "country_code": "KR", "Sno": "1812", "LLtext": "제조업(10~34)", "documentId": "kr20100126392a", "application_number": "1020100126392", "Ltext": "인쇄 및 기록매체 복제업", "keyword": "인쇄제판/제판활동/입체화상/프라이머/실크스크린/요철형상/방법/기재/건조/화상층", "document_type": "A"}, {"updateDate": "20220608", "LLno": "C", "SSno": "18121", "Stext": "인쇄관련 산업", "SStext": "제판 및 조판업", "Mtext": "인쇄 및 인쇄관련 산업", "Lno": "18", "ipc_main": "B41F-031/00", "Mno": "181", "country_code": "KR", "Sno": "1812", "LLtext": "제조업(10~34)", "documentId": "kr20110003783y1", "application_number": "2020110003783", "Ltext": "인쇄 및 기록매체 복제업", "keyword": "그라비아제판활동/인쇄용동판식각/교반봉/그라비아인쇄/인쇄롤러/얼룩방지/장치/돌기/자석/잉크", "document_type": "Y1"}, {"updateDate": "20220608", "LLno": "C", "SSno": "18121", "Stext": "인쇄관련 산업", "SStext": "제판 및 조판업", "Mtext": "인쇄 및 인쇄관련 산업", "Lno": "18", "ipc_main": "B41N-001/04", "Mno": "181", "country_code": "KR", "Sno": "1812", "LLtext": "제조업(10~34)", "documentId": "kr20110011607b1", "application_number": "1020110011607", "Ltext": "인쇄 및 기록매체 복제업", "keyword": "평판인쇄원판제조/전사판제조/더블레이어/스크린인쇄/메쉬/도안/장치/개구/스크린/인쇄판", "document_type": "B1"}, {"updateDate": "20220608", "LLno": "C", "SSno": "18121", "Stext": "인쇄관련 산업", "SStext": "제판 및 조판업", "Mtext": "인쇄 및 인쇄관련 산업", "Lno": "18", "ipc_main": "B41C-003/00", "Mno": "181", "country_code": "KR", "Sno": "1812", "LLtext": "제조업(10~34)", "documentId": "kr20110025349a", "application_number": "1020110025349", "Ltext": "인쇄 및 기록매체 복제업", "keyword": "인쇄용동판식각/제판활동/원통금형/패턴/식각/잉크인쇄/방법/복제/잉크/도포", "document_type": "A"}, {"updateDate": "20220608", "LLno": "C", "SSno": "18121", "Stext": "인쇄관련 산업", "SStext": "제판 및 조판업", "Mtext": "인쇄 및 인쇄관련 산업", "Lno": "18", "ipc_main": "B41M-005/50", "Mno": "181", "country_code": "KR", "Sno": "1812", "LLtext": "제조업(10~34)", "documentId": "kr20110044824a", "application_number": "1020110044824", "Ltext": "인쇄 및 기록매체 복제업", "keyword": "인쇄제판/전사판제조/소재/금속층/솔벤트잉크/불투명도/장치/잉크층/코팅/인쇄시트", "document_type": "A"}, {"updateDate": "20220608", "LLno": "C", "SSno": "18121", "Stext": "인쇄관련 산업", "SStext": "제판 및 조판업", "Mtext": "인쇄 및 인쇄관련 산업", "Lno": "18", "ipc_main": "B41C-001/00", "Mno": "181", "country_code": "KR", "Sno": "1812", "LLtext": "제조업(10~34)", "documentId": "kr20110071402a", "application_number": "1020110071402", "Ltext": "인쇄 및 기록매체 복제업", "keyword": "인쇄제판/제판활동/인쇄판/베이스기판/금속층/금속패턴/방법/패터닝/포토레지스트/식각", "document_type": "A"}, {"updateDate": "20220608", "LLno": "C", "SSno": "18121", "Stext": "인쇄관련 산업", "SStext": "제판 및 조판업", "Mtext": "인쇄 및 인쇄관련 산업", "Lno": "18", "ipc_main": "B41C-001/00", "Mno": "181", "country_code": "KR", "Sno": "1812", "LLtext": "제조업(10~34)", "documentId": "kr20110075059b1", "application_number": "1020110075059", "Ltext": "인쇄 및 기록매체 복제업", "keyword": "인쇄제판/전사제판/CTP/드럼/금속플레이트/플레이트이송부/장치/인쇄판/배출부/안착판", "document_type": "B1"}, {"updateDate": "20220608", "LLno": "C", "SSno": "18121", "Stext": "인쇄관련 산업", "SStext": "제판 및 조판업", "Mtext": "인쇄 및 인쇄관련 산업", "Lno": "18", "ipc_main": "H05K-003/12", "Mno": "181", "country_code": "KR", "Sno": "1812", "LLtext": "제조업(10~34)", "documentId": "kr20110080279b1", "application_number": "1020110080279", "Ltext": "인쇄 및 기록매체 복제업", "keyword": "디지털제판제조/인쇄용플레이트제조/인쇄회로기판/스퀴즈/힌지부/지지프레임/장치/잉크/실린더/스크래퍼", "document_type": "B1"}, {"updateDate": "20220608", "LLno": "C", "SSno": "18121", "Stext": "인쇄관련 산업", "SStext": "제판 및 조판업", "Mtext": "인쇄 및 인쇄관련 산업", "Lno": "18", "ipc_main": "B41F-015/08", "Mno": "181", "country_code": "KR", "Sno": "1812", "LLtext": "제조업(10~34)", "documentId": "kr20110107795a", "application_number": "1020110107795", "Ltext": "인쇄 및 기록매체 복제업", "keyword": "전사제판/평판인쇄원판제조/실크인쇄기/피인쇄물/평판프레임/연속공정/장치/조립형프레임/스프로킷/모터제어구동부", "document_type": "A"}, {"updateDate": "20220608", "LLno": "C", "SSno": "18121", "Stext": "인쇄관련 산업", "SStext": "제판 및 조판업", "Mtext": "인쇄 및 인쇄관련 산업", "Lno": "18", "ipc_main": "B41F-007/02", "Mno": "181", "country_code": "KR", "Sno": "1812", "LLtext": "제조업(10~34)", "documentId": "kr20110107799b1", "application_number": "1020110107799", "Ltext": "인쇄 및 기록매체 복제업", "keyword": "옵셋인쇄제판제작/인쇄제판/실리콘고무층/평판판재/옵셋인쇄하우징/인쇄품질/장치/인쇄실린더/잉크공급장치/무습수옵셋인쇄", "document_type": "B1"}, {"updateDate": "20220608", "LLno": "C", "SSno": "18121", "Stext": "인쇄관련 산업", "SStext": "제판 및 조판업", "Mtext": "인쇄 및 인쇄관련 산업", "Lno": "18", "ipc_main": "B41N-010/02", "Mno": "181", "country_code": "KR", "Sno": "1812", "LLtext": "제조업(10~34)", "documentId": "kr20110122557a", "application_number": "1020110122557", "Ltext": "인쇄 및 기록매체 복제업", "keyword": "인쇄제판/전사판제조/블랭킷/롤몸체/일체/인쇄품질/장치/블랭킷롤/도포/경화", "document_type": "A"}, {"updateDate": "20220608", "LLno": "C", "SSno": "18121", "Stext": "인쇄관련 산업", "SStext": "제판 및 조판업", "Mtext": "인쇄 및 인쇄관련 산업", "Lno": "18", "ipc_main": "B41N-001/24", "Mno": "181", "country_code": "KR", "Sno": "1812", "LLtext": "제조업(10~34)", "documentId": "kr20117000752a", "application_number": "1020117000752", "Ltext": "인쇄 및 기록매체 복제업", "keyword": "날염용스크린사진제판가공/전사판제조/스크린인쇄/패턴/레이저광/인쇄판/장치/스크린거즈/카본블랙/수지도막", "document_type": "A"}, {"updateDate": "20220608", "LLno": "C", "SSno": "18121", "Stext": "인쇄관련 산업", "SStext": "제판 및 조판업", "Mtext": "인쇄 및 인쇄관련 산업", "Lno": "18", "ipc_main": "B41N-001/12", "Mno": "181", "country_code": "KR", "Sno": "1812", "LLtext": "제조업(10~34)", "documentId": "kr20117011182b1", "application_number": "1020117011182", "Ltext": "인쇄 및 기록매체 복제업", "keyword": "인쇄제판/전사판제조/롤/드라이프로세스/레이저빔/피복형성/장치/기재/서멧용사/DLC막층", "document_type": "B1"}, {"updateDate": "20220608", "LLno": "C", "SSno": "18121", "Stext": "인쇄관련 산업", "SStext": "제판 및 조판업", "Mtext": "인쇄 및 인쇄관련 산업", "Lno": "18", "ipc_main": "B41F-023/08", "Mno": "181", "country_code": "KR", "Sno": "1812", "LLtext": "제조업(10~34)", "documentId": "kr20120015359a", "application_number": "1020120015359", "Ltext": "인쇄 및 기록매체 복제업", "keyword": "인쇄용동판식각/전사제판/히터장치/색발현장치/램프/온도제어센서/장치/염료잉크/위치조절수단/전열판재", "document_type": "A"}, {"updateDate": "20220608", "LLno": "C", "SSno": "18121", "Stext": "인쇄관련 산업", "SStext": "제판 및 조판업", "Mtext": "인쇄 및 인쇄관련 산업", "Lno": "18", "ipc_main": "B41N-001/00", "Mno": "181", "country_code": "KR", "Sno": "1812", "LLtext": "제조업(10~34)", "documentId": "kr20120082746a", "application_number": "1020120082746", "Ltext": "인쇄 및 기록매체 복제업", "keyword": "평판인쇄원판제조/제판활동/요철패턴/원판/레지스트패턴/주형형성/방법/기판/도금층/중간구조물", "document_type": "A"}, {"updateDate": "20220608", "LLno": "C", "SSno": "18121", "Stext": "인쇄관련 산업", "SStext": "제판 및 조판업", "Mtext": "인쇄 및 인쇄관련 산업", "Lno": "18", "ipc_main": "B41C-001/00", "Mno": "181", "country_code": "KR", "Sno": "1812", "LLtext": "제조업(10~34)", "documentId": "kr20120097754a", "application_number": "1020120097754", "Ltext": "인쇄 및 기록매체 복제업", "keyword": "인쇄제판/인쇄용플레이트제조/인쇄판/고정밀/인쇄기판/도금패턴/장치/상부/코팅층/고정밀인쇄판", "document_type": "A"}, {"updateDate": "20220608", "LLno": "C", "SSno": "18121", "Stext": "인쇄관련 산업", "SStext": "제판 및 조판업", "Mtext": "인쇄 및 인쇄관련 산업", "Lno": "18", "ipc_main": "B41M-003/14", "Mno": "181", "country_code": "KR", "Sno": "1812", "LLtext": "제조업(10~34)", "documentId": "kr20120144212b1", "application_number": "1020120144212", "Ltext": "인쇄 및 기록매체 복제업", "keyword": "옵셋인쇄제판제작/그라비아제판활동/위변조방지/중첩인쇄/인쇄유닛/패턴/방법/요판효과/부식제판/블랭킷", "document_type": "B1"}, {"updateDate": "20220608", "LLno": "C", "SSno": "18121", "Stext": "인쇄관련 산업", "SStext": "제판 및 조판업", "Mtext": "인쇄 및 인쇄관련 산업", "Lno": "18", "ipc_main": "B41N-010/04", "Mno": "181", "country_code": "KR", "Sno": "1812", "LLtext": "제조업(10~34)", "documentId": "kr20130061306a", "application_number": "1020130061306", "Ltext": "인쇄 및 기록매체 복제업", "keyword": "인쇄제판/전사판제조/블랭킷/지지층/인쇄층/실리콘고무조성물/장치/경화물/스펙트럼/피크면적", "document_type": "A"}, {"updateDate": "20220608", "LLno": "C", "SSno": "18121", "Stext": "인쇄관련 산업", "SStext": "제판 및 조판업", "Mtext": "인쇄 및 인쇄관련 산업", "Lno": "18", "ipc_main": "H01L-021/027", "Mno": "181", "country_code": "KR", "Sno": "1812", "LLtext": "제조업(10~34)", "documentId": "kr20130067629a", "application_number": "1020130067629", "Ltext": "인쇄 및 기록매체 복제업", "keyword": "그라비아제판활동/인쇄제판/그라비어/가공/도금/포토레지스트/방법/코팅/노광/현상", "document_type": "A"}, {"updateDate": "20220608", "LLno": "C", "SSno": "18121", "Stext": "인쇄관련 산업", "SStext": "제판 및 조판업", "Mtext": "인쇄 및 인쇄관련 산업", "Lno": "18", "ipc_main": "B41F-023/00", "Mno": "181", "country_code": "KR", "Sno": "1812", "LLtext": "제조업(10~34)", "documentId": "kr20130067905b1", "application_number": "1020130067905", "Ltext": "인쇄 및 기록매체 복제업", "keyword": "인쇄제판/전사제판/레벨링/매체기판/레벨링부재/나노구조물/장치/필라/텍스처링표면/오버행구조물", "document_type": "B1"}, {"updateDate": "20220608", "LLno": "C", "SSno": "18121", "Stext": "인쇄관련 산업", "SStext": "제판 및 조판업", "Mtext": "인쇄 및 인쇄관련 산업", "Lno": "18", "ipc_main": "B41C-001/10", "Mno": "181", "country_code": "KR", "Sno": "1812", "LLtext": "제조업(10~34)", "documentId": "kr20130070448a", "application_number": "1020130070448", "Ltext": "인쇄 및 기록매체 복제업", "keyword": "인쇄제판/전사판제조/패턴/유리기판/알루미늄/산화피막/방법/포토레지스트/코팅/아노다이징", "document_type": "A"}, {"updateDate": "20220608", "LLno": "C", "SSno": "18121", "Stext": "인쇄관련 산업", "SStext": "제판 및 조판업", "Mtext": "인쇄 및 인쇄관련 산업", "Lno": "18", "ipc_main": "B41F-017/14", "Mno": "181", "country_code": "KR", "Sno": "1812", "LLtext": "제조업(10~34)", "documentId": "kr20130080920b1", "application_number": "1020130080920", "Ltext": "인쇄 및 기록매체 복제업", "keyword": "인쇄제판/전사판제조/인쇄장치/피인쇄물/인쇄스테이지/고정밀전사/장치/판동구동수단/기대구동수단/제어수단", "document_type": "B1"}, {"updateDate": "20220608", "LLno": "C", "SSno": "18121", "Stext": "인쇄관련 산업", "SStext": "제판 및 조판업", "Mtext": "인쇄 및 인쇄관련 산업", "Lno": "18", "ipc_main": "B41F-016/00", "Mno": "181", "country_code": "KR", "Sno": "1812", "LLtext": "제조업(10~34)", "documentId": "kr20130092847b1", "application_number": "1020130092847", "Ltext": "인쇄 및 기록매체 복제업", "keyword": "전사제판/전사판제조/복합처리장치/매질/전처리유닛/전사유닛/장치/건조유닛/결합롤러/승강구동부", "document_type": "B1"}, {"updateDate": "20220608", "LLno": "C", "SSno": "18121", "Stext": "인쇄관련 산업", "SStext": "제판 및 조판업", "Mtext": "인쇄 및 인쇄관련 산업", "Lno": "18", "ipc_main": "B41C-001/10", "Mno": "181", "country_code": "KR", "Sno": "1812", "LLtext": "제조업(10~34)", "documentId": "kr20130142182b1", "application_number": "1020130142182", "Ltext": "인쇄 및 기록매체 복제업", "keyword": "인쇄제판/전사판제조/대면적인쇄판/마더글래스/접착필름/가열램프/장치/러더/합착장치/컨베이어유닛", "document_type": "B1"}, {"updateDate": "20220608", "LLno": "C", "SSno": "18121", "Stext": "인쇄관련 산업", "SStext": "제판 및 조판업", "Mtext": "인쇄 및 인쇄관련 산업", "Lno": "18", "ipc_main": "B41F-016/00", "Mno": "181", "country_code": "KR", "Sno": "1812", "LLtext": "제조업(10~34)", "documentId": "kr20137007732b1", "application_number": "1020137007732", "Ltext": "인쇄 및 기록매체 복제업", "keyword": "인쇄제판/인쇄용플레이트제조/스탬핑/시트/평압인쇄기/그리퍼바/장치/필름/스탬핑포일/송풍기부재", "document_type": "B1"}, {"updateDate": "20220608", "LLno": "C", "SSno": "18121", "Stext": "인쇄관련 산업", "SStext": "제판 및 조판업", "Mtext": "인쇄 및 인쇄관련 산업", "Lno": "18", "ipc_main": "B41F-003/38", "Mno": "181", "country_code": "KR", "Sno": "1812", "LLtext": "제조업(10~34)", "documentId": "kr20137017164b1", "application_number": "1020137017164", "Ltext": "인쇄 및 기록매체 복제업", "keyword": "옵셋인쇄제판제작/전사판제조/오프셋인쇄/닥터블레이드/블랭킷롤/피인쇄체/장치/인쇄판/피인쇄부/인쇄정반", "document_type": "B1"}, {"updateDate": "20220608", "LLno": "C", "SSno": "18121", "Stext": "인쇄관련 산업", "SStext": "제판 및 조판업", "Mtext": "인쇄 및 인쇄관련 산업", "Lno": "18", "ipc_main": "B41F-009/10", "Mno": "181", "country_code": "KR", "Sno": "1812", "LLtext": "제조업(10~34)", "documentId": "kr20140067827b1", "application_number": "1020140067827", "Ltext": "인쇄 및 기록매체 복제업", "keyword": "옵셋인쇄제판제작/인쇄제판/인쇄장치/구동유닛/스테이지유닛/얼라이먼트포지셔닝/장치/인쇄요판/닥터블레이드/인쇄시트유닛", "document_type": "B1"}, {"updateDate": "20220608", "LLno": "C", "SSno": "18121", "Stext": "인쇄관련 산업", "SStext": "제판 및 조판업", "Mtext": "인쇄 및 인쇄관련 산업", "Lno": "18", "ipc_main": "B41N-010/04", "Mno": "181", "country_code": "KR", "Sno": "1812", "LLtext": "제조업(10~34)", "documentId": "kr20140092135b1", "application_number": "1020140092135", "Ltext": "인쇄 및 기록매체 복제업", "keyword": "옵셋인쇄제판제작/인쇄제판/블랭킷/메탈메쉬/오프셋인쇄/표면인쇄층/장치/접착층/지지층/쿠션층", "document_type": "B1"}, {"updateDate": "20220608", "LLno": "C", "SSno": "18121", "Stext": "인쇄관련 산업", "SStext": "제판 및 조판업", "Mtext": "인쇄 및 인쇄관련 산업", "Lno": "18", "ipc_main": "G03F-007/028", "Mno": "181", "country_code": "KR", "Sno": "1812", "LLtext": "제조업(10~34)", "documentId": "kr20140188491b1", "application_number": "1020140188491", "Ltext": "인쇄 및 기록매체 복제업", "keyword": "인쇄제판/전사제판/포토레지스트/드라이필름/감광성수지조성물/현상액/조성물/광중합개시제/바인더폴리머/폴리에테르화합물", "document_type": "B1"}, {"updateDate": "20220608", "LLno": "C", "SSno": "18121", "Stext": "인쇄관련 산업", "SStext": "제판 및 조판업", "Mtext": "인쇄 및 인쇄관련 산업", "Lno": "18", "ipc_main": "B41N-001/10", "Mno": "181", "country_code": "KR", "Sno": "1812", "LLtext": "제조업(10~34)", "documentId": "kr20147002421b1", "application_number": "1020147002421", "Ltext": "인쇄 및 기록매체 복제업", "keyword": "인쇄제판/제판활동/스탬프/미세접촉/서브마스터/임프레션/방법/패턴화/경질화/잉킹재료", "document_type": "B1"}, {"updateDate": "20220608", "LLno": "C", "SSno": "18121", "Stext": "인쇄관련 산업", "SStext": "제판 및 조판업", "Mtext": "인쇄 및 인쇄관련 산업", "Lno": "18", "ipc_main": "B41M-005/00", "Mno": "181", "country_code": "KR", "Sno": "1812", "LLtext": "제조업(10~34)", "documentId": "kr20147005285a", "application_number": "1020147005285", "Ltext": "인쇄 및 기록매체 복제업", "keyword": "인쇄제판/제판활동/잉크젯/전사화상/전사매체/고화질/방법/라텍스잉크/가열/건조", "document_type": "A"}, {"updateDate": "20220608", "LLno": "C", "SSno": "18121", "Stext": "인쇄관련 산업", "SStext": "제판 및 조판업", "Mtext": "인쇄 및 인쇄관련 산업", "Lno": "18", "ipc_main": "B41F-033/00", "Mno": "181", "country_code": "KR", "Sno": "1812", "LLtext": "제조업(10~34)", "documentId": "kr20150065398b1", "application_number": "1020150065398", "Ltext": "인쇄 및 기록매체 복제업", "keyword": "인쇄제판/활판제조/표지/책자형인쇄물/트레이/비용절감/장치/승강장치/급지부/위치감지센서", "document_type": "B1"}, {"updateDate": "20220608", "LLno": "C", "SSno": "18121", "Stext": "인쇄관련 산업", "SStext": "제판 및 조판업", "Mtext": "인쇄 및 인쇄관련 산업", "Lno": "18", "ipc_main": "B41M-001/26", "Mno": "181", "country_code": "KR", "Sno": "1812", "LLtext": "제조업(10~34)", "documentId": "kr20150129319a", "application_number": "1020150129319", "Ltext": "인쇄 및 기록매체 복제업", "keyword": "인쇄제판/제판활동/합지물/지지층/인쇄대상층/박리/방법/필름/점착제/도무송", "document_type": "A"}, {"updateDate": "20220608", "LLno": "C", "SSno": "18121", "Stext": "인쇄관련 산업", "SStext": "제판 및 조판업", "Mtext": "인쇄 및 인쇄관련 산업", "Lno": "18", "ipc_main": "B41M-001/40", "Mno": "181", "country_code": "KR", "Sno": "1812", "LLtext": "제조업(10~34)", "documentId": "kr20150163808a", "application_number": "1020150163808", "Ltext": "인쇄 및 기록매체 복제업", "keyword": "인쇄제판/제판활동/광투과식버튼/잉크/진공/공정불량/방법/금속판/홈/관통홀", "document_type": "A"}, {"updateDate": "20220608", "LLno": "C", "SSno": "18121", "Stext": "인쇄관련 산업", "SStext": "제판 및 조판업", "Mtext": "인쇄 및 인쇄관련 산업", "Lno": "18", "ipc_main": "B41C-001/18", "Mno": "181", "country_code": "KR", "Sno": "1812", "LLtext": "제조업(10~34)", "documentId": "kr20150166914b1", "application_number": "1020150166914", "Ltext": "인쇄 및 기록매체 복제업", "keyword": "인쇄제판/제판활동/적층세라믹/피인쇄물/페이스트/균일성/장치/패턴/지그재그형상/칸막이제방", "document_type": "B1"}, {"updateDate": "20220608", "LLno": "C", "SSno": "18121", "Stext": "인쇄관련 산업", "SStext": "제판 및 조판업", "Mtext": "인쇄 및 인쇄관련 산업", "Lno": "18", "ipc_main": "B41J-003/60", "Mno": "181", "country_code": "KR", "Sno": "1812", "LLtext": "제조업(10~34)", "documentId": "kr20157000933b1", "application_number": "1020157000933", "Ltext": "인쇄 및 기록매체 복제업", "keyword": "인쇄제판/전사판제조/듀플렉서/잉크젯/인쇄헤드/인쇄매체공급/장치/고정식/매체공급경로/공급기계장치", "document_type": "B1"}, {"updateDate": "20220608", "LLno": "C", "SSno": "18121", "Stext": "인쇄관련 산업", "SStext": "제판 및 조판업", "Mtext": "인쇄 및 인쇄관련 산업", "Lno": "18", "ipc_main": "G03F-007/20", "Mno": "181", "country_code": "KR", "Sno": "1812", "LLtext": "제조업(10~34)", "documentId": "kr20160057545a", "application_number": "1020160057545", "Ltext": "인쇄 및 기록매체 복제업", "keyword": "디지털제판제조/인쇄제판/회로기판/캐리지/투명판/감광액/장치/프레임/피스톤로드/노광장치", "document_type": "A"}, {"updateDate": "20220608", "LLno": "C", "SSno": "18121", "Stext": "인쇄관련 산업", "SStext": "제판 및 조판업", "Mtext": "인쇄 및 인쇄관련 산업", "Lno": "18", "ipc_main": "B41J-029/38", "Mno": "181", "country_code": "KR", "Sno": "1812", "LLtext": "제조업(10~34)", "documentId": "kr20160078339a", "application_number": "1020160078339", "Ltext": "인쇄 및 기록매체 복제업", "keyword": "인쇄제판/전사제판/제어장치/인쇄잡/도큐먼트/래스터화/장치/페이지범위/수신유닛/래스터화유닛", "document_type": "A"}, {"updateDate": "20220608", "LLno": "C", "SSno": "18121", "Stext": "인쇄관련 산업", "SStext": "제판 및 조판업", "Mtext": "인쇄 및 인쇄관련 산업", "Lno": "18", "ipc_main": "B41M-005/00", "Mno": "181", "country_code": "KR", "Sno": "1812", "LLtext": "제조업(10~34)", "documentId": "kr20160158144a", "application_number": "1020160158144", "Ltext": "인쇄 및 기록매체 복제업", "keyword": "평판인쇄원판제조/인쇄제판/고점도물질/적외선/실리콘오일/수용체/장치/가변데이터/축임액/광수용체", "document_type": "A"}, {"updateDate": "20220608", "LLno": "C", "SSno": "18121", "Stext": "인쇄관련 산업", "SStext": "제판 및 조판업", "Mtext": "인쇄 및 인쇄관련 산업", "Lno": "18", "ipc_main": "B41C-001/00", "Mno": "181", "country_code": "KR", "Sno": "1812", "LLtext": "제조업(10~34)", "documentId": "kr20167030682a", "application_number": "1020167030682", "Ltext": "인쇄 및 기록매체 복제업", "keyword": "인쇄제판/제판활동/플렉소/분할체/스페이서/정밀도/방법/보강시트/감광성수지조성물/활성광선", "document_type": "A"}, {"updateDate": "20220608", "LLno": "C", "SSno": "18121", "Stext": "인쇄관련 산업", "SStext": "제판 및 조판업", "Mtext": "인쇄 및 인쇄관련 산업", "Lno": "18", "ipc_main": "B41J-003/54", "Mno": "181", "country_code": "KR", "Sno": "1812", "LLtext": "제조업(10~34)", "documentId": "kr20170008259a", "application_number": "1020170008259", "Ltext": "인쇄 및 기록매체 복제업", "keyword": "인쇄제판/제판활동/멀티헤드/디자인시안/인쇄매체/인쇄속도/시스템/컨트롤러/이송플레이트/프린팅부", "document_type": "A"}, {"updateDate": "20220608", "LLno": "C", "SSno": "18121", "Stext": "인쇄관련 산업", "SStext": "제판 및 조판업", "Mtext": "인쇄 및 인쇄관련 산업", "Lno": "18", "ipc_main": "B41N-001/06", "Mno": "181", "country_code": "KR", "Sno": "1812", "LLtext": "제조업(10~34)", "documentId": "kr20170060034a", "application_number": "1020170060034", "Ltext": "인쇄 및 기록매체 복제업", "keyword": "그라비아제판활동/제판활동/전자부품/그라비어인쇄판/그라비어롤/생산성/장치/원통상/셀/도형", "document_type": "A"}, {"updateDate": "20220608", "LLno": "C", "SSno": "18121", "Stext": "인쇄관련 산업", "SStext": "제판 및 조판업", "Mtext": "인쇄 및 인쇄관련 산업", "Lno": "18", "ipc_main": "B41F-013/11", "Mno": "181", "country_code": "KR", "Sno": "1812", "LLtext": "제조업(10~34)", "documentId": "kr20170095198b1", "application_number": "1020170095198", "Ltext": "인쇄 및 기록매체 복제업", "keyword": "그라비아제판활동/인쇄제판/위치조절장치/로울러/가이드레일/나사봉/장치/지지부/이동부재/스톱홈", "document_type": "B1"}, {"updateDate": "20220608", "LLno": "C", "SSno": "18121", "Stext": "인쇄관련 산업", "SStext": "제판 및 조판업", "Mtext": "인쇄 및 인쇄관련 산업", "Lno": "18", "ipc_main": "B41F-001/16", "Mno": "181", "country_code": "KR", "Sno": "1812", "LLtext": "제조업(10~34)", "documentId": "kr20180019554a", "application_number": "1020180019554", "Ltext": "인쇄 및 기록매체 복제업", "keyword": "옵셋인쇄제판제작/그라비아제판활동/다색그라비어/블랭킷롤/스퀴즈부/입체인쇄/장치/원통형/전사판/다색인쇄", "document_type": "A"}, {"updateDate": "20220608", "LLno": "C", "SSno": "18121", "Stext": "인쇄관련 산업", "SStext": "제판 및 조판업", "Mtext": "인쇄 및 인쇄관련 산업", "Lno": "18", "ipc_main": "B41F-016/02", "Mno": "181", "country_code": "KR", "Sno": "1812", "LLtext": "제조업(10~34)", "documentId": "kr20180100220a", "application_number": "1020180100220", "Ltext": "인쇄 및 기록매체 복제업", "keyword": "전사제판/인쇄제판/미네랄안료/직편물/원적외선/비침방지/방법/전사용지/코팅/열전사", "document_type": "A"}, {"updateDate": "20220608", "LLno": "C", "SSno": "18121", "Stext": "인쇄관련 산업", "SStext": "제판 및 조판업", "Mtext": "인쇄 및 인쇄관련 산업", "Lno": "18", "ipc_main": "B41M-001/12", "Mno": "181", "country_code": "KR", "Sno": "1812", "LLtext": "제조업(10~34)", "documentId": "kr20180102087a", "application_number": "1020180102087", "Ltext": "인쇄 및 기록매체 복제업", "keyword": "인쇄제판/전사제판/상패/실크인쇄/크리스털/용제/방법/이물질/정착액/솔벤트", "document_type": "A"}, {"updateDate": "20220608", "LLno": "C", "SSno": "18121", "Stext": "인쇄관련 산업", "SStext": "제판 및 조판업", "Mtext": "인쇄 및 인쇄관련 산업", "Lno": "18", "ipc_main": "B41M-003/14", "Mno": "181", "country_code": "KR", "Sno": "1812", "LLtext": "제조업(10~34)", "documentId": "kr20180127852a", "application_number": "1020180127852", "Ltext": "인쇄 및 기록매체 복제업", "keyword": "인쇄제판/제판활동/위조방지/보안패턴/잠상부/잉크/장치/사이각/배경부/색분해", "document_type": "A"}, {"updateDate": "20220608", "LLno": "C", "SSno": "18121", "Stext": "인쇄관련 산업", "SStext": "제판 및 조판업", "Mtext": "인쇄 및 인쇄관련 산업", "Lno": "18", "ipc_main": "B41C-001/10", "Mno": "181", "country_code": "KR", "Sno": "1812", "LLtext": "제조업(10~34)", "documentId": "kr20190052815a", "application_number": "1020190052815", "Ltext": "인쇄 및 기록매체 복제업", "keyword": "옵셋인쇄제판제작/제판활동/디지털/잉크/기판/전사/시스템/리소그래피/박층/패터닝", "document_type": "A"}, {"updateDate": "20220608", "LLno": "C", "SSno": "18121", "Stext": "인쇄관련 산업", "SStext": "제판 및 조판업", "Mtext": "인쇄 및 인쇄관련 산업", "Lno": "18", "ipc_main": "B41M-003/00", "Mno": "181", "country_code": "KR", "Sno": "1812", "LLtext": "제조업(10~34)", "documentId": "kr20190080446b1", "application_number": "1020190080446", "Ltext": "인쇄 및 기록매체 복제업", "keyword": "전사제판/제판활동/호일워터데칼/전사대지/실크잉크/핫스템핑/방법/포일층/스크래퍼/스퀴즈", "document_type": "B1"}, {"updateDate": "20220608", "LLno": "C", "SSno": "18121", "Stext": "인쇄관련 산업", "SStext": "제판 및 조판업", "Mtext": "인쇄 및 인쇄관련 산업", "Lno": "18", "ipc_main": "B41F-016/00", "Mno": "181", "country_code": "KR", "Sno": "1812", "LLtext": "제조업(10~34)", "documentId": "kr20190124525a", "application_number": "1020190124525", "Ltext": "인쇄 및 기록매체 복제업", "keyword": "전사제판/전사판제조/프레스/유증기/하우징/배출부/장치/전사패턴/기름공급부/전사부", "document_type": "A"}, {"updateDate": "20220608", "LLno": "C", "SSno": "18121", "Stext": "인쇄관련 산업", "SStext": "제판 및 조판업", "Mtext": "인쇄 및 인쇄관련 산업", "Lno": "18", "ipc_main": "B41M-005/00", "Mno": "181", "country_code": "KR", "Sno": "1812", "LLtext": "제조업(10~34)", "documentId": "kr20190129501a", "application_number": "1020190129501", "Ltext": "인쇄 및 기록매체 복제업", "keyword": "인쇄제판/전사제판/한지/기계코팅/잉크/중첩/방법/농도/이미지/2차인쇄", "document_type": "A"}, {"updateDate": "20220608", "LLno": "C", "SSno": "18121", "Stext": "인쇄관련 산업", "SStext": "제판 및 조판업", "Mtext": "인쇄 및 인쇄관련 산업", "Lno": "18", "ipc_main": "B41M-001/12", "Mno": "181", "country_code": "KR", "Sno": "1812", "LLtext": "제조업(10~34)", "documentId": "kr20190164351a", "application_number": "1020190164351", "Ltext": "인쇄 및 기록매체 복제업", "keyword": "날염용스크린사진제판가공/인쇄제판/글라스고보/실크스크린/판유리/디자인/방법/잉크/스퀴지/패턴", "document_type": "A"}, {"updateDate": "20220608", "LLno": "C", "SSno": "18121", "Stext": "인쇄관련 산업", "SStext": "제판 및 조판업", "Mtext": "인쇄 및 인쇄관련 산업", "Lno": "18", "ipc_main": "B41M-001/30", "Mno": "181", "country_code": "KR", "Sno": "1812", "LLtext": "제조업(10~34)", "documentId": "kr20197022526b1", "application_number": "1020197022526", "Ltext": "인쇄 및 기록매체 복제업", "keyword": "인쇄제판/제판활동/인쇄물/잉크/필름기재/밀착성/방법/질소원소/아민에스테르/방전처리", "document_type": "B1"}, {"updateDate": "20220608", "LLno": "C", "SSno": "18121", "Stext": "인쇄관련 산업", "SStext": "제판 및 조판업", "Mtext": "인쇄 및 인쇄관련 산업", "Lno": "18", "ipc_main": "B41J-011/00", "Mno": "181", "country_code": "KR", "Sno": "1812", "LLtext": "제조업(10~34)", "documentId": "kr20200036025a", "application_number": "1020200036025", "Ltext": "인쇄 및 기록매체 복제업", "keyword": "제판활동/인쇄제판/정보처리/매체/모드/특성값/시스템/취득유닛/입력유닛/제어유닛", "document_type": "A"}, {"updateDate": "20220608", "LLno": "C", "SSno": "18121", "Stext": "인쇄관련 산업", "SStext": "제판 및 조판업", "Mtext": "인쇄 및 인쇄관련 산업", "Lno": "18", "ipc_main": "B41F-017/08", "Mno": "181", "country_code": "KR", "Sno": "1812", "LLtext": "제조업(10~34)", "documentId": "kr20200038954b1", "application_number": "1020200038954", "Ltext": "인쇄 및 기록매체 복제업", "keyword": "사진제판/사진원판제작/필름/언와인더/프린팅유닛/리와인더/장치/건조챔버/필름이송안내부/열풍배출부", "document_type": "B1"}, {"updateDate": "20220608", "LLno": "C", "SSno": "18121", "Stext": "인쇄관련 산업", "SStext": "제판 및 조판업", "Mtext": "인쇄 및 인쇄관련 산업", "Lno": "18", "ipc_main": "B41M-003/00", "Mno": "181", "country_code": "KR", "Sno": "1812", "LLtext": "제조업(10~34)", "documentId": "kr20200131552b1", "application_number": "1020200131552", "Ltext": "인쇄 및 기록매체 복제업", "keyword": "인쇄제판/제판활동/에칭코팅/인쇄물/일반잉크/바니쉬층/방법/하이브리드/자외선/램프", "document_type": "B1"}, {"updateDate": "20220608", "LLno": "C", "SSno": "18121", "Stext": "인쇄관련 산업", "SStext": "제판 및 조판업", "Mtext": "인쇄 및 인쇄관련 산업", "Lno": "18", "ipc_main": "B41J-029/393", "Mno": "181", "country_code": "KR", "Sno": "1812", "LLtext": "제조업(10~34)", "documentId": "kr20200150255b1", "application_number": "1020200150255", "Ltext": "인쇄 및 기록매체 복제업", "keyword": "인쇄제판/제판활동/제어/에러/정보누설/캔슬/장치/수신유닛/저장유닛/제어유닛", "document_type": "B1"}, {"updateDate": "20220608", "LLno": "C", "SSno": "18121", "Stext": "인쇄관련 산업", "SStext": "제판 및 조판업", "Mtext": "인쇄 및 인쇄관련 산업", "Lno": "18", "ipc_main": "G03F-007/004", "Mno": "181", "country_code": "KR", "Sno": "1812", "LLtext": "제조업(10~34)", "documentId": "kr20207036336a", "application_number": "1020207036336", "Ltext": "인쇄 및 기록매체 복제업", "keyword": "인쇄제판/제판활동/패터닝조성물/박막코팅/방사선/현상제/방법/유기금속코팅/유기리간드/주석조성물", "document_type": "A"}, {"updateDate": "20220608", "LLno": "C", "SSno": "18121", "Stext": "인쇄관련 산업", "SStext": "제판 및 조판업", "Mtext": "인쇄 및 인쇄관련 산업", "Lno": "18", "ipc_main": "B41J-003/60", "Mno": "181", "country_code": "KR", "Sno": "1812", "LLtext": "제조업(10~34)", "documentId": "kr20217012180a", "application_number": "1020217012180", "Ltext": "인쇄 및 기록매체 복제업", "keyword": "인쇄제판/제판활동/양면인쇄/원고/편차/정확성/방법/재료/조정/이미지", "document_type": "A"}]}