{"dataset": [{"updateDate": "20220608", "LLno": "C", "SSno": "30203", "Stext": "자동차 차체 및 트레일러 제조업", "SStext": "트레일러 및 세미 트레일러 제조업", "Mtext": "자동차 차체 및 트레일러 제조업", "Lno": "30", "ipc_main": "B60P-001/26", "Mno": "302", "country_code": "KR", "Sno": "3020", "LLtext": "제조업(10~34)", "documentId": "kr19940027449u", "application_number": "2019940027449", "Ltext": "자동차 및 트레일러 제조업", "keyword": "트레일러제조/트레일러부분품제조/적재/트레일러/화물/바닥판/장치/안내홈/베어링/실린더", "document_type": "U"}, {"updateDate": "20220608", "LLno": "C", "SSno": "30203", "Stext": "자동차 차체 및 트레일러 제조업", "SStext": "트레일러 및 세미 트레일러 제조업", "Mtext": "자동차 차체 및 트레일러 제조업", "Lno": "30", "ipc_main": "B62D-025/20", "Mno": "302", "country_code": "KR", "Sno": "3020", "LLtext": "제조업(10~34)", "documentId": "kr19950040355u", "application_number": "2019950040355", "Ltext": "자동차 및 트레일러 제조업", "keyword": "트레일러제조/자동차용트레일러제조/링크취부구조/자동차저면부/사이드프레임/작업능률향상/장치/결합공/플랜저/링크브라켓트", "document_type": "U"}, {"updateDate": "20220608", "LLno": "C", "SSno": "30203", "Stext": "자동차 차체 및 트레일러 제조업", "SStext": "트레일러 및 세미 트레일러 제조업", "Mtext": "자동차 차체 및 트레일러 제조업", "Lno": "30", "ipc_main": "B60P-003/32", "Mno": "302", "country_code": "KR", "Sno": "3020", "LLtext": "제조업(10~34)", "documentId": "kr19950043259a", "application_number": "1019950043259", "Ltext": "자동차 및 트레일러 제조업", "keyword": "컨테이너제조/운송용컨테이너제조/적재함용적가변장치/적재함/보조적재함/차량용도/장치/지지실린더구조/피스톤롯드/가동안내레일", "document_type": "A"}, {"updateDate": "20220608", "LLno": "C", "SSno": "30203", "Stext": "자동차 차체 및 트레일러 제조업", "SStext": "트레일러 및 세미 트레일러 제조업", "Mtext": "자동차 차체 및 트레일러 제조업", "Lno": "30", "ipc_main": "B62D-053/00", "Mno": "302", "country_code": "KR", "Sno": "3020", "LLtext": "제조업(10~34)", "documentId": "kr19950061676b1", "application_number": "1019950061676", "Ltext": "자동차 및 트레일러 제조업", "keyword": "트레일러제조/트레일러부분품제조/토우바/연결/메인빔/임펙트빔/장치/지지부재/바디페치/연결패치", "document_type": "B1"}, {"updateDate": "20220608", "LLno": "C", "SSno": "30203", "Stext": "자동차 차체 및 트레일러 제조업", "SStext": "트레일러 및 세미 트레일러 제조업", "Mtext": "자동차 차체 및 트레일러 제조업", "Lno": "30", "ipc_main": "B65D-006/00", "Mno": "302", "country_code": "KR", "Sno": "3020", "LLtext": "제조업(10~34)", "documentId": "kr19960026660b1", "application_number": "1019960026660", "Ltext": "자동차 및 트레일러 제조업", "keyword": "컨테이너제조/운송용컨테이너제조/컨테이너/웨이퍼/공기입구/운반/장치/공기출구/여과기/가스저장소", "document_type": "B1"}, {"updateDate": "20220608", "LLno": "C", "SSno": "30203", "Stext": "자동차 차체 및 트레일러 제조업", "SStext": "트레일러 및 세미 트레일러 제조업", "Mtext": "자동차 차체 및 트레일러 제조업", "Lno": "30", "ipc_main": "B60P-001/04", "Mno": "302", "country_code": "KR", "Sno": "3020", "LLtext": "제조업(10~34)", "documentId": "kr19960043561a", "application_number": "1019960043561", "Ltext": "자동차 및 트레일러 제조업", "keyword": "트레일러제조/트레일러부분품제조/하역/컨테이너/적재물/능률/장치/회전/지지/승하강", "document_type": "A"}, {"updateDate": "20220608", "LLno": "C", "SSno": "30203", "Stext": "자동차 차체 및 트레일러 제조업", "SStext": "트레일러 및 세미 트레일러 제조업", "Mtext": "자동차 차체 및 트레일러 제조업", "Lno": "30", "ipc_main": "B65D-071/00", "Mno": "302", "country_code": "KR", "Sno": "3020", "LLtext": "제조업(10~34)", "documentId": "kr19970059450b1", "application_number": "1019970059450", "Ltext": "자동차 및 트레일러 제조업", "keyword": "컨테이너제조/운송용컨테이너제조/휴대용캐리어/커버부재/컨테이너캡/하우징부재/장치/단부/개구/밸브작동기캡", "document_type": "B1"}, {"updateDate": "20220608", "LLno": "C", "SSno": "30203", "Stext": "자동차 차체 및 트레일러 제조업", "SStext": "트레일러 및 세미 트레일러 제조업", "Mtext": "자동차 차체 및 트레일러 제조업", "Lno": "30", "ipc_main": "B61J-001/00", "Mno": "302", "country_code": "KR", "Sno": "3020", "LLtext": "제조업(10~34)", "documentId": "kr19980001695u", "application_number": "2019980001695", "Ltext": "자동차 및 트레일러 제조업", "keyword": "트레일러제조/자동차용트레일러제조/조립식트레일러/망상테이블판/휠어셈블리/현장출동가능/장치/사각프레임/액슬/적재부", "document_type": "U"}, {"updateDate": "20220608", "LLno": "C", "SSno": "30203", "Stext": "자동차 차체 및 트레일러 제조업", "SStext": "트레일러 및 세미 트레일러 제조업", "Mtext": "자동차 차체 및 트레일러 제조업", "Lno": "30", "ipc_main": "B65D-088/10", "Mno": "302", "country_code": "KR", "Sno": "3020", "LLtext": "제조업(10~34)", "documentId": "kr19987005567a", "application_number": "1019980705567", "Ltext": "자동차 및 트레일러 제조업", "keyword": "단열컨테이너제조/컨테이너제조/냉동컨테이너/부설컨테이너/단열케이스/냉장장치/장치/천정/흐름채널/얼음저장통", "document_type": "A"}, {"updateDate": "20220608", "LLno": "C", "SSno": "30203", "Stext": "자동차 차체 및 트레일러 제조업", "SStext": "트레일러 및 세미 트레일러 제조업", "Mtext": "자동차 차체 및 트레일러 제조업", "Lno": "30", "ipc_main": "B65D-090/00", "Mno": "302", "country_code": "KR", "Sno": "3020", "LLtext": "제조업(10~34)", "documentId": "kr19987010289a", "application_number": "1019980710289", "Ltext": "자동차 및 트레일러 제조업", "keyword": "컨테이너제조/운송용컨테이너제조/컨테이너/고청정실/로더/개구부/장치/열림장치/잠금장치/잠금턱", "document_type": "A"}, {"updateDate": "20220608", "LLno": "C", "SSno": "30203", "Stext": "자동차 차체 및 트레일러 제조업", "SStext": "트레일러 및 세미 트레일러 제조업", "Mtext": "자동차 차체 및 트레일러 제조업", "Lno": "30", "ipc_main": "B60P-003/00", "Mno": "302", "country_code": "KR", "Sno": "3020", "LLtext": "제조업(10~34)", "documentId": "kr19990006355u", "application_number": "2019990006355", "Ltext": "자동차 및 트레일러 제조업", "keyword": "트레일러제조/화물운송용트레일러제조/곡물/저장탱크/회전/승강/장치/스크류축/원통관/지지관", "document_type": "U"}, {"updateDate": "20220608", "LLno": "C", "SSno": "30203", "Stext": "자동차 차체 및 트레일러 제조업", "SStext": "트레일러 및 세미 트레일러 제조업", "Mtext": "자동차 차체 및 트레일러 제조업", "Lno": "30", "ipc_main": "B62D-053/00", "Mno": "302", "country_code": "KR", "Sno": "3020", "LLtext": "제조업(10~34)", "documentId": "kr19990007993a", "application_number": "1019990007993", "Ltext": "자동차 및 트레일러 제조업", "keyword": "트레일러제조/트레일러부분품제조/견인연결장치/트랙터/연결핀/후크/장치/통공/연장편/걸림턱", "document_type": "A"}, {"updateDate": "20220608", "LLno": "C", "SSno": "30203", "Stext": "자동차 차체 및 트레일러 제조업", "SStext": "트레일러 및 세미 트레일러 제조업", "Mtext": "자동차 차체 및 트레일러 제조업", "Lno": "30", "ipc_main": "B60P-003/00", "Mno": "302", "country_code": "KR", "Sno": "3020", "LLtext": "제조업(10~34)", "documentId": "kr19990015156y1", "application_number": "2019990015156", "Ltext": "자동차 및 트레일러 제조업", "keyword": "트레일러제조/자동차용트레일러제조/트레일러용곡물운반탱크/고정판/전후방패널/곡물량조절/장치/절곡편/체결공/배출부재", "document_type": "Y1"}, {"updateDate": "20220608", "LLno": "C", "SSno": "30203", "Stext": "자동차 차체 및 트레일러 제조업", "SStext": "트레일러 및 세미 트레일러 제조업", "Mtext": "자동차 차체 및 트레일러 제조업", "Lno": "30", "ipc_main": "B60P-003/335", "Mno": "302", "country_code": "KR", "Sno": "3020", "LLtext": "제조업(10~34)", "documentId": "kr19990017061y1", "application_number": "2019990017061", "Ltext": "자동차 및 트레일러 제조업", "keyword": "트레일러제조/트레일러부분품제조/높이조절/연동축/승강자재/받침대/장치/베벨기어/구동축/연결관", "document_type": "Y1"}, {"updateDate": "20220608", "LLno": "C", "SSno": "30203", "Stext": "자동차 차체 및 트레일러 제조업", "SStext": "트레일러 및 세미 트레일러 제조업", "Mtext": "자동차 차체 및 트레일러 제조업", "Lno": "30", "ipc_main": "B60P-003/335", "Mno": "302", "country_code": "KR", "Sno": "3020", "LLtext": "제조업(10~34)", "documentId": "kr19990026760y1", "application_number": "2019990026760", "Ltext": "자동차 및 트레일러 제조업", "keyword": "트레일러제조/자동차용트레일러제조/트레일러구동장치/유니버설커플링/종동케이스/주행속도방지/장치/구동축/디스크/확장부", "document_type": "Y1"}, {"updateDate": "20220608", "LLno": "C", "SSno": "30203", "Stext": "자동차 차체 및 트레일러 제조업", "SStext": "트레일러 및 세미 트레일러 제조업", "Mtext": "자동차 차체 및 트레일러 제조업", "Lno": "30", "ipc_main": "E04B-001/348", "Mno": "302", "country_code": "KR", "Sno": "3020", "LLtext": "제조업(10~34)", "documentId": "kr20000007427y1", "application_number": "2020000007427", "Ltext": "자동차 및 트레일러 제조업", "keyword": "컨테이너제조/이동주택용트레일러제조/조립식/결합/분해/벽체골조부재/장치/지붕체골조부재/판넬/사각판체형", "document_type": "Y1"}, {"updateDate": "20220608", "LLno": "C", "SSno": "30203", "Stext": "자동차 차체 및 트레일러 제조업", "SStext": "트레일러 및 세미 트레일러 제조업", "Mtext": "자동차 차체 및 트레일러 제조업", "Lno": "30", "ipc_main": "B60P-003/00", "Mno": "302", "country_code": "KR", "Sno": "3020", "LLtext": "제조업(10~34)", "documentId": "kr20000031946y1", "application_number": "2020000031946", "Ltext": "자동차 및 트레일러 제조업", "keyword": "트레일러제조/화물운송용트레일러제조/구즈넥/콘테이너/고정암/고정홀/장치/손잡이/비임/레버", "document_type": "Y1"}, {"updateDate": "20220608", "LLno": "C", "SSno": "30203", "Stext": "자동차 차체 및 트레일러 제조업", "SStext": "트레일러 및 세미 트레일러 제조업", "Mtext": "자동차 차체 및 트레일러 제조업", "Lno": "30", "ipc_main": "B65D-088/10", "Mno": "302", "country_code": "KR", "Sno": "3020", "LLtext": "제조업(10~34)", "documentId": "kr20000035598y1", "application_number": "2020000035598", "Ltext": "자동차 및 트레일러 제조업", "keyword": "단열컨테이너제조/컨테이너제조/운송용컨테이너/외곽체/간격유지부재/안전하게운송/장치/완충내벽재/적재실/단열층", "document_type": "Y1"}, {"updateDate": "20220608", "LLno": "C", "SSno": "30203", "Stext": "자동차 차체 및 트레일러 제조업", "SStext": "트레일러 및 세미 트레일러 제조업", "Mtext": "자동차 차체 및 트레일러 제조업", "Lno": "30", "ipc_main": "B65D-088/22", "Mno": "302", "country_code": "KR", "Sno": "3020", "LLtext": "제조업(10~34)", "documentId": "kr20000051671b1", "application_number": "1020000051671", "Ltext": "자동차 및 트레일러 제조업", "keyword": "컨테이너제조/운송용컨테이너제조/컨테이너/액체/운송/가요성/장치/상면부/저면부/슬라이드", "document_type": "B1"}, {"updateDate": "20220608", "LLno": "C", "SSno": "30203", "Stext": "자동차 차체 및 트레일러 제조업", "SStext": "트레일러 및 세미 트레일러 제조업", "Mtext": "자동차 차체 및 트레일러 제조업", "Lno": "30", "ipc_main": "B60P-003/12", "Mno": "302", "country_code": "KR", "Sno": "3020", "LLtext": "제조업(10~34)", "documentId": "kr20010008230y1", "application_number": "2020010008230", "Ltext": "자동차 및 트레일러 제조업", "keyword": "트레일러제조/화물운송용트레일러제조/차량견인/탑재작업/유압실린더/피스톤/장치/유압지지대/바퀴/연결대", "document_type": "Y1"}, {"updateDate": "20220608", "LLno": "C", "SSno": "30203", "Stext": "자동차 차체 및 트레일러 제조업", "SStext": "트레일러 및 세미 트레일러 제조업", "Mtext": "자동차 차체 및 트레일러 제조업", "Lno": "30", "ipc_main": "B62D-063/06", "Mno": "302", "country_code": "KR", "Sno": "3020", "LLtext": "제조업(10~34)", "documentId": "kr20010048214a", "application_number": "1020010048214", "Ltext": "자동차 및 트레일러 제조업", "keyword": "트레일러제조/소형트레일러제조/2륜차/외장판넬/바퀴부/연결구/장치/트레일러본체/후미등/방향표시등", "document_type": "A"}, {"updateDate": "20220608", "LLno": "C", "SSno": "30203", "Stext": "자동차 차체 및 트레일러 제조업", "SStext": "트레일러 및 세미 트레일러 제조업", "Mtext": "자동차 차체 및 트레일러 제조업", "Lno": "30", "ipc_main": "B60P-003/08", "Mno": "302", "country_code": "KR", "Sno": "3020", "LLtext": "제조업(10~34)", "documentId": "kr20010059072a", "application_number": "1020010059072", "Ltext": "자동차 및 트레일러 제조업", "keyword": "트레일러제조/트레일러부분품제조/카캐리어/승강장치/고정프레임/승강안내레일/장치/안내롤러/차체빔/승강프레임", "document_type": "A"}, {"updateDate": "20220608", "LLno": "C", "SSno": "30203", "Stext": "자동차 차체 및 트레일러 제조업", "SStext": "트레일러 및 세미 트레일러 제조업", "Mtext": "자동차 차체 및 트레일러 제조업", "Lno": "30", "ipc_main": "B65D-088/06", "Mno": "302", "country_code": "KR", "Sno": "3020", "LLtext": "제조업(10~34)", "documentId": "kr20017007619a", "application_number": "1020017007619", "Ltext": "자동차 및 트레일러 제조업", "keyword": "컨테이너제조/운송용컨테이너제조/유체컨테이너/베이스/환상형리세스/벽/장치/챔버/개구내/리드", "document_type": "A"}, {"updateDate": "20220608", "LLno": "C", "SSno": "30203", "Stext": "자동차 차체 및 트레일러 제조업", "SStext": "트레일러 및 세미 트레일러 제조업", "Mtext": "자동차 차체 및 트레일러 제조업", "Lno": "30", "ipc_main": "A61G-003/00", "Mno": "302", "country_code": "KR", "Sno": "3020", "LLtext": "제조업(10~34)", "documentId": "kr20020015844y1", "application_number": "2020020015844", "Ltext": "자동차 및 트레일러 제조업", "keyword": "컨테이너제조/운송용컨테이너제조/분리형컨테이너/보강부재/연장부/인명구조효율성/장치/컨테이너실린더부재/견인부재/파워유니트", "document_type": "Y1"}, {"updateDate": "20220608", "LLno": "C", "SSno": "30203", "Stext": "자동차 차체 및 트레일러 제조업", "SStext": "트레일러 및 세미 트레일러 제조업", "Mtext": "자동차 차체 및 트레일러 제조업", "Lno": "30", "ipc_main": "E04B-001/348", "Mno": "302", "country_code": "KR", "Sno": "3020", "LLtext": "제조업(10~34)", "documentId": "kr20020028588y1", "application_number": "2020020028588", "Ltext": "자동차 및 트레일러 제조업", "keyword": "컨테이너제조/이동주택용트레일러제조/쉘터컨테이너/에프알피/단열수단/박스형하우징/장치/차폐/결합부재/고정", "document_type": "Y1"}, {"updateDate": "20220608", "LLno": "C", "SSno": "30203", "Stext": "자동차 차체 및 트레일러 제조업", "SStext": "트레일러 및 세미 트레일러 제조업", "Mtext": "자동차 차체 및 트레일러 제조업", "Lno": "30", "ipc_main": "B62D-053/00", "Mno": "302", "country_code": "KR", "Sno": "3020", "LLtext": "제조업(10~34)", "documentId": "kr20020031655a", "application_number": "1020020031655", "Ltext": "자동차 및 트레일러 제조업", "keyword": "트레일러제조/화물운송용트레일러제조/철강코일/적재장치/코일지지대/코일받침대/장치/하부프레임/개폐장치/보호패드", "document_type": "A"}, {"updateDate": "20220608", "LLno": "C", "SSno": "30203", "Stext": "자동차 차체 및 트레일러 제조업", "SStext": "트레일러 및 세미 트레일러 제조업", "Mtext": "자동차 차체 및 트레일러 제조업", "Lno": "30", "ipc_main": "E04H-001/12", "Mno": "302", "country_code": "KR", "Sno": "3020", "LLtext": "제조업(10~34)", "documentId": "kr20020045482b1", "application_number": "1020020045482", "Ltext": "자동차 및 트레일러 제조업", "keyword": "컨테이너제조/단열컨테이너제조/에프알피컨테이너/무인국사/유무선통신장비/배선반실/장치/방수합판/미장합판/멜라민보드", "document_type": "B1"}, {"updateDate": "20220608", "LLno": "C", "SSno": "30203", "Stext": "자동차 차체 및 트레일러 제조업", "SStext": "트레일러 및 세미 트레일러 제조업", "Mtext": "자동차 차체 및 트레일러 제조업", "Lno": "30", "ipc_main": "B62D-063/06", "Mno": "302", "country_code": "KR", "Sno": "3020", "LLtext": "제조업(10~34)", "documentId": "kr20030009541a", "application_number": "1020030009541", "Ltext": "자동차 및 트레일러 제조업", "keyword": "트레일러제조/화물운송용트레일러제조/트레일러/킹핀이동장치/리브/가이드캡/장치/전방덱/트랙터/킹핀", "document_type": "A"}, {"updateDate": "20220608", "LLno": "C", "SSno": "30203", "Stext": "자동차 차체 및 트레일러 제조업", "SStext": "트레일러 및 세미 트레일러 제조업", "Mtext": "자동차 차체 및 트레일러 제조업", "Lno": "30", "ipc_main": "B65D-088/12", "Mno": "302", "country_code": "KR", "Sno": "3020", "LLtext": "제조업(10~34)", "documentId": "kr20040017815y1", "application_number": "2020040017815", "Ltext": "자동차 및 트레일러 제조업", "keyword": "컨테이너제조/운송용컨테이너제조/겸용컨테이너/구조변환/바닥부/개폐도어/장치/V형적재함/코일적재부/평판적재부", "document_type": "Y1"}, {"updateDate": "20220608", "LLno": "C", "SSno": "30203", "Stext": "자동차 차체 및 트레일러 제조업", "SStext": "트레일러 및 세미 트레일러 제조업", "Mtext": "자동차 차체 및 트레일러 제조업", "Lno": "30", "ipc_main": "B65D-088/12", "Mno": "302", "country_code": "KR", "Sno": "3020", "LLtext": "제조업(10~34)", "documentId": "kr20040030226y1", "application_number": "2020040030226", "Ltext": "자동차 및 트레일러 제조업", "keyword": "컨테이너제조/운송용컨테이너제조/확장/실내공간/다기능/상판/장치/횡방향측판/가이드레일/스토퍼홈", "document_type": "Y1"}, {"updateDate": "20220608", "LLno": "C", "SSno": "30203", "Stext": "자동차 차체 및 트레일러 제조업", "SStext": "트레일러 및 세미 트레일러 제조업", "Mtext": "자동차 차체 및 트레일러 제조업", "Lno": "30", "ipc_main": "B65D-088/12", "Mno": "302", "country_code": "KR", "Sno": "3020", "LLtext": "제조업(10~34)", "documentId": "kr20040047242a", "application_number": "1020040047242", "Ltext": "자동차 및 트레일러 제조업", "keyword": "컨테이너제조/운송용컨테이너제조/겸용컨테이너/구조변환/바닥부/개폐도어/장치/V형적재함/코일적재부/평판적재부", "document_type": "A"}, {"updateDate": "20220608", "LLno": "C", "SSno": "30203", "Stext": "자동차 차체 및 트레일러 제조업", "SStext": "트레일러 및 세미 트레일러 제조업", "Mtext": "자동차 차체 및 트레일러 제조업", "Lno": "30", "ipc_main": "B65D-088/12", "Mno": "302", "country_code": "KR", "Sno": "3020", "LLtext": "제조업(10~34)", "documentId": "kr20050000822y1", "application_number": "2020050000822", "Ltext": "자동차 및 트레일러 제조업", "keyword": "컨테이너제조/운송용컨테이너제조/방사성폐기물드럼/밀폐/우레탄층/납처리/장치/방사선차폐/유압실린더/도어", "document_type": "Y1"}, {"updateDate": "20220608", "LLno": "C", "SSno": "30203", "Stext": "자동차 차체 및 트레일러 제조업", "SStext": "트레일러 및 세미 트레일러 제조업", "Mtext": "자동차 차체 및 트레일러 제조업", "Lno": "30", "ipc_main": "B60P-003/08", "Mno": "302", "country_code": "KR", "Sno": "3020", "LLtext": "제조업(10~34)", "documentId": "kr20050051075b1", "application_number": "1020050051075", "Ltext": "자동차 및 트레일러 제조업", "keyword": "트레일러제조/화물운송용트레일러제조/자동차운반용/고정장치/승강장치/모니터/장치/지지아암/고정홈/바퀴축고정판", "document_type": "B1"}, {"updateDate": "20220608", "LLno": "C", "SSno": "30203", "Stext": "자동차 차체 및 트레일러 제조업", "SStext": "트레일러 및 세미 트레일러 제조업", "Mtext": "자동차 차체 및 트레일러 제조업", "Lno": "30", "ipc_main": "B65D-088/28", "Mno": "302", "country_code": "KR", "Sno": "3020", "LLtext": "제조업(10~34)", "documentId": "kr20050072381a", "application_number": "1020050072381", "Ltext": "자동차 및 트레일러 제조업", "keyword": "컨테이너제조/운송용컨테이너제조/컨테이너/합성수지/파쇄/연료/장치/투입부/배출부/작동부", "document_type": "A"}, {"updateDate": "20220608", "LLno": "C", "SSno": "30203", "Stext": "자동차 차체 및 트레일러 제조업", "SStext": "트레일러 및 세미 트레일러 제조업", "Mtext": "자동차 차체 및 트레일러 제조업", "Lno": "30", "ipc_main": "B65D-025/08", "Mno": "302", "country_code": "KR", "Sno": "3020", "LLtext": "제조업(10~34)", "documentId": "kr20057008547b1", "application_number": "1020057008547", "Ltext": "자동차 및 트레일러 제조업", "keyword": "컨테이너제조/운송용컨테이너제조/조립체시스템/조립체유닛/제형/격벽컨테이너/밀봉/시스템/카트리지유닛/디스펜싱유닛/밀폐형부재", "document_type": "B1"}, {"updateDate": "20220608", "LLno": "C", "SSno": "30203", "Stext": "자동차 차체 및 트레일러 제조업", "SStext": "트레일러 및 세미 트레일러 제조업", "Mtext": "자동차 차체 및 트레일러 제조업", "Lno": "30", "ipc_main": "B60P-001/02", "Mno": "302", "country_code": "KR", "Sno": "3020", "LLtext": "제조업(10~34)", "documentId": "kr20057015076a", "application_number": "1020057015076", "Ltext": "자동차 및 트레일러 제조업", "keyword": "트레일러제조/화물운송용트레일러제조/이동가능/플로어/플랫폼/단부/장치/측벽/웰/화물이송플랫폼", "document_type": "A"}, {"updateDate": "20220608", "LLno": "C", "SSno": "30203", "Stext": "자동차 차체 및 트레일러 제조업", "SStext": "트레일러 및 세미 트레일러 제조업", "Mtext": "자동차 차체 및 트레일러 제조업", "Lno": "30", "ipc_main": "B60P-007/13", "Mno": "302", "country_code": "KR", "Sno": "3020", "LLtext": "제조업(10~34)", "documentId": "kr20057017897a", "application_number": "1020057017897", "Ltext": "자동차 및 트레일러 제조업", "keyword": "컨테이너제조/운송용컨테이너제조/언로딩장치/인상부재/전방단부/이동부재/장치/병진장치/후방단부/컨테이너", "document_type": "A"}, {"updateDate": "20220608", "LLno": "C", "SSno": "30203", "Stext": "자동차 차체 및 트레일러 제조업", "SStext": "트레일러 및 세미 트레일러 제조업", "Mtext": "자동차 차체 및 트레일러 제조업", "Lno": "30", "ipc_main": "B65D-090/00", "Mno": "302", "country_code": "KR", "Sno": "3020", "LLtext": "제조업(10~34)", "documentId": "kr20057022000a", "application_number": "1020057022000", "Ltext": "자동차 및 트레일러 제조업", "keyword": "컨테이너제조/운송용컨테이너제조/카고컨테이너/자동항행/추진시스템/모터/장치/스티어링컨트롤/제어장치/커넥터", "document_type": "A"}, {"updateDate": "20220608", "LLno": "C", "SSno": "30203", "Stext": "자동차 차체 및 트레일러 제조업", "SStext": "트레일러 및 세미 트레일러 제조업", "Mtext": "자동차 차체 및 트레일러 제조업", "Lno": "30", "ipc_main": "B62D-059/00", "Mno": "302", "country_code": "KR", "Sno": "3020", "LLtext": "제조업(10~34)", "documentId": "kr20060025013a", "application_number": "1020060025013", "Ltext": "자동차 및 트레일러 제조업", "keyword": "컨테이너제조/트레일러제조/트레일러샤시/메인빔/볼스터/록하우징/장치/트위스트록/록핀/양단부", "document_type": "A"}, {"updateDate": "20220608", "LLno": "C", "SSno": "30203", "Stext": "자동차 차체 및 트레일러 제조업", "SStext": "트레일러 및 세미 트레일러 제조업", "Mtext": "자동차 차체 및 트레일러 제조업", "Lno": "30", "ipc_main": "B60P-003/12", "Mno": "302", "country_code": "KR", "Sno": "3020", "LLtext": "제조업(10~34)", "documentId": "kr20060037859b1", "application_number": "1020060037859", "Ltext": "자동차 및 트레일러 제조업", "keyword": "트레일러제조/화물운송용트레일러제조/견인차량용/연장판실린더/연결대실린더/적재판/장치/회전축/프레임/받침판", "document_type": "B1"}, {"updateDate": "20220608", "LLno": "C", "SSno": "30203", "Stext": "자동차 차체 및 트레일러 제조업", "SStext": "트레일러 및 세미 트레일러 제조업", "Mtext": "자동차 차체 및 트레일러 제조업", "Lno": "30", "ipc_main": "B65G-007/02", "Mno": "302", "country_code": "KR", "Sno": "3020", "LLtext": "제조업(10~34)", "documentId": "kr20060048227b1", "application_number": "1020060048227", "Ltext": "자동차 및 트레일러 제조업", "keyword": "컨테이너제조/운송용컨테이너제조/이동용스케이트/스케이트바디/돌출캠/피벗축/장치/작동링크/가이드캡/스토퍼", "document_type": "B1"}, {"updateDate": "20220608", "LLno": "C", "SSno": "30203", "Stext": "자동차 차체 및 트레일러 제조업", "SStext": "트레일러 및 세미 트레일러 제조업", "Mtext": "자동차 차체 및 트레일러 제조업", "Lno": "30", "ipc_main": "E04B-001/348", "Mno": "302", "country_code": "KR", "Sno": "3020", "LLtext": "제조업(10~34)", "documentId": "kr20060074970b1", "application_number": "1020060074970", "Ltext": "자동차 및 트레일러 제조업", "keyword": "컨테이너제조/운송용컨테이너제조/컨테이너하우스/마그네틱홀더/지면/경비절약/장치/지지축/지지대/철고정물", "document_type": "B1"}, {"updateDate": "20220608", "LLno": "C", "SSno": "30203", "Stext": "자동차 차체 및 트레일러 제조업", "SStext": "트레일러 및 세미 트레일러 제조업", "Mtext": "자동차 차체 및 트레일러 제조업", "Lno": "30", "ipc_main": "B60P-003/08", "Mno": "302", "country_code": "KR", "Sno": "3020", "LLtext": "제조업(10~34)", "documentId": "kr20060125679b1", "application_number": "1020060125679", "Ltext": "자동차 및 트레일러 제조업", "keyword": "트레일러제조/화물운송용트레일러제조/접철식포스트/카캐리어/지지브라켓/포스트본체/장치/회동수단/힌지결합/승강베드", "document_type": "B1"}, {"updateDate": "20220608", "LLno": "C", "SSno": "30203", "Stext": "자동차 차체 및 트레일러 제조업", "SStext": "트레일러 및 세미 트레일러 제조업", "Mtext": "자동차 차체 및 트레일러 제조업", "Lno": "30", "ipc_main": "B62D-033/02", "Mno": "302", "country_code": "KR", "Sno": "3020", "LLtext": "제조업(10~34)", "documentId": "kr20070007695y1", "application_number": "2020070007695", "Ltext": "자동차 및 트레일러 제조업", "keyword": "트레일러제조/트레일러부분품제조/사이드/가드프레임/메인프레임/메인빔/장치/견인부/보강부재/고정장치", "document_type": "Y1"}, {"updateDate": "20220608", "LLno": "C", "SSno": "30203", "Stext": "자동차 차체 및 트레일러 제조업", "SStext": "트레일러 및 세미 트레일러 제조업", "Mtext": "자동차 차체 및 트레일러 제조업", "Lno": "30", "ipc_main": "B65D-071/50", "Mno": "302", "country_code": "KR", "Sno": "3020", "LLtext": "제조업(10~34)", "documentId": "kr20077020292a", "application_number": "1020077020292", "Ltext": "자동차 및 트레일러 제조업", "keyword": "컨테이너제조/운송용컨테이너제조/컨테이너캐리어/플렉서블캐리어/플렉서블시트/핸들/장치/애퍼쳐열/웰드/패널", "document_type": "A"}, {"updateDate": "20220608", "LLno": "C", "SSno": "30203", "Stext": "자동차 차체 및 트레일러 제조업", "SStext": "트레일러 및 세미 트레일러 제조업", "Mtext": "자동차 차체 및 트레일러 제조업", "Lno": "30", "ipc_main": "E04B-001/348", "Mno": "302", "country_code": "KR", "Sno": "3020", "LLtext": "제조업(10~34)", "documentId": "kr20080002930y1", "application_number": "2020080002930", "Ltext": "자동차 및 트레일러 제조업", "keyword": "컨테이너제조/이동주택용트레일러제조/코너캐스팅/일체형캡/삽입공간/측면/장치/길이/절단/내측", "document_type": "Y1"}, {"updateDate": "20220608", "LLno": "C", "SSno": "30203", "Stext": "자동차 차체 및 트레일러 제조업", "SStext": "트레일러 및 세미 트레일러 제조업", "Mtext": "자동차 차체 및 트레일러 제조업", "Lno": "30", "ipc_main": "B60P-001/02", "Mno": "302", "country_code": "KR", "Sno": "3020", "LLtext": "제조업(10~34)", "documentId": "kr20080078262b1", "application_number": "1020080078262", "Ltext": "자동차 및 트레일러 제조업", "keyword": "트레일러제조/트레일러부분품제조/길이조절장치/고정가이드/연결핀/지지판/장치/슬라이드공/전방확장바/스톱부재", "document_type": "B1"}, {"updateDate": "20220608", "LLno": "C", "SSno": "30203", "Stext": "자동차 차체 및 트레일러 제조업", "SStext": "트레일러 및 세미 트레일러 제조업", "Mtext": "자동차 차체 및 트레일러 제조업", "Lno": "30", "ipc_main": "B62D-053/08", "Mno": "302", "country_code": "KR", "Sno": "3020", "LLtext": "제조업(10~34)", "documentId": "kr20087006892a", "application_number": "1020087006892", "Ltext": "자동차 및 트레일러 제조업", "keyword": "트레일러제조/화물운송용트레일러제조/트랙터/연결여부/센서/센서장치/장치/베어링플레이트/커플러/히치", "document_type": "A"}, {"updateDate": "20220608", "LLno": "C", "SSno": "30203", "Stext": "자동차 차체 및 트레일러 제조업", "SStext": "트레일러 및 세미 트레일러 제조업", "Mtext": "자동차 차체 및 트레일러 제조업", "Lno": "30", "ipc_main": "B62D-053/00", "Mno": "302", "country_code": "KR", "Sno": "3020", "LLtext": "제조업(10~34)", "documentId": "kr20090014032u", "application_number": "2020090014032", "Ltext": "자동차 및 트레일러 제조업", "keyword": "트레일러제조/화물운송용트레일러제조/싸인보드/방향전환/견인식/회전/장치/슬라이딩방식/회전프레임/컨트롤박스", "document_type": "U"}, {"updateDate": "20220608", "LLno": "C", "SSno": "30203", "Stext": "자동차 차체 및 트레일러 제조업", "SStext": "트레일러 및 세미 트레일러 제조업", "Mtext": "자동차 차체 및 트레일러 제조업", "Lno": "30", "ipc_main": "B60P-001/64", "Mno": "302", "country_code": "KR", "Sno": "3020", "LLtext": "제조업(10~34)", "documentId": "kr20090016454y1", "application_number": "2020090016454", "Ltext": "자동차 및 트레일러 제조업", "keyword": "트레일러제조/화물운송용트레일러제조/콤바인/적재대/실린더/견인바/장치/선회레버축/바퀴/승강", "document_type": "Y1"}, {"updateDate": "20220608", "LLno": "C", "SSno": "30203", "Stext": "자동차 차체 및 트레일러 제조업", "SStext": "트레일러 및 세미 트레일러 제조업", "Mtext": "자동차 차체 및 트레일러 제조업", "Lno": "30", "ipc_main": "E04B-001/02", "Mno": "302", "country_code": "KR", "Sno": "3020", "LLtext": "제조업(10~34)", "documentId": "kr20090045145b1", "application_number": "1020090045145", "Ltext": "자동차 및 트레일러 제조업", "keyword": "컨테이너제조/이동주택용트레일러제조/접철방식/조립식/베이스/회전/장치/수직판/루프프레임/수용부", "document_type": "B1"}, {"updateDate": "20220608", "LLno": "C", "SSno": "30203", "Stext": "자동차 차체 및 트레일러 제조업", "SStext": "트레일러 및 세미 트레일러 제조업", "Mtext": "자동차 차체 및 트레일러 제조업", "Lno": "30", "ipc_main": "B60P-001/44", "Mno": "302", "country_code": "KR", "Sno": "3020", "LLtext": "제조업(10~34)", "documentId": "kr20090072692a", "application_number": "1020090072692", "Ltext": "자동차 및 트레일러 제조업", "keyword": "컨테이너제조/운송용컨테이너제조/2중모드/로딩/언로딩/적재면/장치/수직구동수단/수평주행수단/지지수단", "document_type": "A"}, {"updateDate": "20220608", "LLno": "C", "SSno": "30203", "Stext": "자동차 차체 및 트레일러 제조업", "SStext": "트레일러 및 세미 트레일러 제조업", "Mtext": "자동차 차체 및 트레일러 제조업", "Lno": "30", "ipc_main": "B01D-024/00", "Mno": "302", "country_code": "KR", "Sno": "3020", "LLtext": "제조업(10~34)", "documentId": "kr20090076708b1", "application_number": "1020090076708", "Ltext": "자동차 및 트레일러 제조업", "keyword": "컨테이너제조/트레일러제조/컨테이너형다목적장치/컨테이너기본구조체/컨테이너형흡착지/흡착기능/장치/배출구/유공파이프망/세척수유입구", "document_type": "B1"}, {"updateDate": "20220608", "LLno": "C", "SSno": "30203", "Stext": "자동차 차체 및 트레일러 제조업", "SStext": "트레일러 및 세미 트레일러 제조업", "Mtext": "자동차 차체 및 트레일러 제조업", "Lno": "30", "ipc_main": "B62D-035/02", "Mno": "302", "country_code": "KR", "Sno": "3020", "LLtext": "제조업(10~34)", "documentId": "kr20090089620a", "application_number": "1020090089620", "Ltext": "자동차 및 트레일러 제조업", "keyword": "트레일러제조/자동차용트레일러제조/유선형덮개/상단커버부/전면커버부/수직간막이/장치/전면상단/단면/트렉터", "document_type": "A"}, {"updateDate": "20220608", "LLno": "C", "SSno": "30203", "Stext": "자동차 차체 및 트레일러 제조업", "SStext": "트레일러 및 세미 트레일러 제조업", "Mtext": "자동차 차체 및 트레일러 제조업", "Lno": "30", "ipc_main": "F25D-023/06", "Mno": "302", "country_code": "KR", "Sno": "3020", "LLtext": "제조업(10~34)", "documentId": "kr20097022347a", "application_number": "1020097022347", "Ltext": "자동차 및 트레일러 제조업", "keyword": "컨테이너제조/단열컨테이너제조/케이싱구조/내측케이싱/발포제/제조원가절감/장치/외측케이싱/발포공간/걸림부", "document_type": "A"}, {"updateDate": "20220608", "LLno": "C", "SSno": "30203", "Stext": "자동차 차체 및 트레일러 제조업", "SStext": "트레일러 및 세미 트레일러 제조업", "Mtext": "자동차 차체 및 트레일러 제조업", "Lno": "30", "ipc_main": "E04B-001/348", "Mno": "302", "country_code": "KR", "Sno": "3020", "LLtext": "제조업(10~34)", "documentId": "kr20100002535a", "application_number": "1020100002535", "Ltext": "자동차 및 트레일러 제조업", "keyword": "컨테이너제조/운송용컨테이너제조/컨테이너박스/각재/복합소재/강도확보/장치/바닥판/출입문/벽면", "document_type": "A"}, {"updateDate": "20220608", "LLno": "C", "SSno": "30203", "Stext": "자동차 차체 및 트레일러 제조업", "SStext": "트레일러 및 세미 트레일러 제조업", "Mtext": "자동차 차체 및 트레일러 제조업", "Lno": "30", "ipc_main": "B60P-001/16", "Mno": "302", "country_code": "KR", "Sno": "3020", "LLtext": "제조업(10~34)", "documentId": "kr20100002954u", "application_number": "2020100002954", "Ltext": "자동차 및 트레일러 제조업", "keyword": "트레일러제조/화물운송용트레일러제조/틸팅트레일러/길이가변/메인프레임/견인부/장치/주행부/힌지결합/실린더장치", "document_type": "U"}, {"updateDate": "20220608", "LLno": "C", "SSno": "30203", "Stext": "자동차 차체 및 트레일러 제조업", "SStext": "트레일러 및 세미 트레일러 제조업", "Mtext": "자동차 차체 및 트레일러 제조업", "Lno": "30", "ipc_main": "B65D-088/12", "Mno": "302", "country_code": "KR", "Sno": "3020", "LLtext": "제조업(10~34)", "documentId": "kr20100022184b1", "application_number": "1020100022184", "Ltext": "자동차 및 트레일러 제조업", "keyword": "컨테이너제조/운송용컨테이너제조/컨테이너/화물/힌지/적재/장치/락킹/레일/슬라이드", "document_type": "B1"}, {"updateDate": "20220608", "LLno": "C", "SSno": "30203", "Stext": "자동차 차체 및 트레일러 제조업", "SStext": "트레일러 및 세미 트레일러 제조업", "Mtext": "자동차 차체 및 트레일러 제조업", "Lno": "30", "ipc_main": "B65D-088/74", "Mno": "302", "country_code": "KR", "Sno": "3020", "LLtext": "제조업(10~34)", "documentId": "kr20100077283a", "application_number": "1020100077283", "Ltext": "자동차 및 트레일러 제조업", "keyword": "컨테이너제조/냉동컨테이너제조/컨테이너/냉동/가스켓/회전/장치/힌지/단차/개폐", "document_type": "A"}, {"updateDate": "20220608", "LLno": "C", "SSno": "30203", "Stext": "자동차 차체 및 트레일러 제조업", "SStext": "트레일러 및 세미 트레일러 제조업", "Mtext": "자동차 차체 및 트레일러 제조업", "Lno": "30", "ipc_main": "B65D-088/12", "Mno": "302", "country_code": "KR", "Sno": "3020", "LLtext": "제조업(10~34)", "documentId": "kr20100135385b1", "application_number": "1020100135385", "Ltext": "자동차 및 트레일러 제조업", "keyword": "컨테이너제조/운송용컨테이너제조/윙도어/케이스프레임/회전력/출력축/장치/감속기/전달수단/직진변환수단", "document_type": "B1"}, {"updateDate": "20220608", "LLno": "C", "SSno": "30203", "Stext": "자동차 차체 및 트레일러 제조업", "SStext": "트레일러 및 세미 트레일러 제조업", "Mtext": "자동차 차체 및 트레일러 제조업", "Lno": "30", "ipc_main": "B65D-088/12", "Mno": "302", "country_code": "KR", "Sno": "3020", "LLtext": "제조업(10~34)", "documentId": "kr20107014419a", "application_number": "1020107014419", "Ltext": "자동차 및 트레일러 제조업", "keyword": "컨테이너제조/운송용컨테이너제조/연결금구/코너캐스팅/소켓/분리/장치/상측콘/하측콘/축회전", "document_type": "A"}, {"updateDate": "20220608", "LLno": "C", "SSno": "30203", "Stext": "자동차 차체 및 트레일러 제조업", "SStext": "트레일러 및 세미 트레일러 제조업", "Mtext": "자동차 차체 및 트레일러 제조업", "Lno": "30", "ipc_main": "B65D-077/06", "Mno": "302", "country_code": "KR", "Sno": "3020", "LLtext": "제조업(10~34)", "documentId": "kr20110002015y1", "application_number": "2020110002015", "Ltext": "자동차 및 트레일러 제조업", "keyword": "컨테이너제조/운송용컨테이너제조/고정거치대/지지판/스토퍼플레이트/운반효율성/장치/컨테이너상부/용기주입구/판형지지구", "document_type": "Y1"}, {"updateDate": "20220608", "LLno": "C", "SSno": "30203", "Stext": "자동차 차체 및 트레일러 제조업", "SStext": "트레일러 및 세미 트레일러 제조업", "Mtext": "자동차 차체 및 트레일러 제조업", "Lno": "30", "ipc_main": "B60P-003/20", "Mno": "302", "country_code": "KR", "Sno": "3020", "LLtext": "제조업(10~34)", "documentId": "kr20110042385a", "application_number": "1020110042385", "Ltext": "자동차 및 트레일러 제조업", "keyword": "단열컨테이너제조/컨테이너제조/냉장차/컨테이너벽체/단열재패널/냉각열효율/장치/냉각장치/접착층/필러", "document_type": "A"}, {"updateDate": "20220608", "LLno": "C", "SSno": "30203", "Stext": "자동차 차체 및 트레일러 제조업", "SStext": "트레일러 및 세미 트레일러 제조업", "Mtext": "자동차 차체 및 트레일러 제조업", "Lno": "30", "ipc_main": "B65D-088/12", "Mno": "302", "country_code": "KR", "Sno": "3020", "LLtext": "제조업(10~34)", "documentId": "kr20110087918b1", "application_number": "1020110087918", "Ltext": "자동차 및 트레일러 제조업", "keyword": "컨테이너제조/냉동컨테이너제조/운송용컨테이너/본체/냉동기/온도유지/장치/격벽/레일부/덕트", "document_type": "B1"}, {"updateDate": "20220608", "LLno": "C", "SSno": "30203", "Stext": "자동차 차체 및 트레일러 제조업", "SStext": "트레일러 및 세미 트레일러 제조업", "Mtext": "자동차 차체 및 트레일러 제조업", "Lno": "30", "ipc_main": "B60P-001/64", "Mno": "302", "country_code": "KR", "Sno": "3020", "LLtext": "제조업(10~34)", "documentId": "kr20120002797b1", "application_number": "1020120002797", "Ltext": "자동차 및 트레일러 제조업", "keyword": "트레일러제조/트레일러부분품제조/지지장치/아웃트리거/수동/기어/장치/외통체/내통체/전동모터", "document_type": "B1"}, {"updateDate": "20220608", "LLno": "C", "SSno": "30203", "Stext": "자동차 차체 및 트레일러 제조업", "SStext": "트레일러 및 세미 트레일러 제조업", "Mtext": "자동차 차체 및 트레일러 제조업", "Lno": "30", "ipc_main": "B60P-003/10", "Mno": "302", "country_code": "KR", "Sno": "3020", "LLtext": "제조업(10~34)", "documentId": "kr20120011590y1", "application_number": "2020120011590", "Ltext": "자동차 및 트레일러 제조업", "keyword": "트레일러제조/트레일러부분품제조/보트트레일러/하부저상축장치/하부축공/고정공/장치/지지봉/상부축공/저상축", "document_type": "Y1"}, {"updateDate": "20220608", "LLno": "C", "SSno": "30203", "Stext": "자동차 차체 및 트레일러 제조업", "SStext": "트레일러 및 세미 트레일러 제조업", "Mtext": "자동차 차체 및 트레일러 제조업", "Lno": "30", "ipc_main": "B60P-003/34", "Mno": "302", "country_code": "KR", "Sno": "3020", "LLtext": "제조업(10~34)", "documentId": "kr20120030851a", "application_number": "1020120030851", "Ltext": "자동차 및 트레일러 제조업", "keyword": "트레일러제조/주거용및캠핑용트레일러제조/캠핑트레일러/커버/다용도판/프레임/장치/매트리스/하우징/한국형", "document_type": "A"}, {"updateDate": "20220608", "LLno": "C", "SSno": "30203", "Stext": "자동차 차체 및 트레일러 제조업", "SStext": "트레일러 및 세미 트레일러 제조업", "Mtext": "자동차 차체 및 트레일러 제조업", "Lno": "30", "ipc_main": "F28D-020/02", "Mno": "302", "country_code": "KR", "Sno": "3020", "LLtext": "제조업(10~34)", "documentId": "kr20120046101b1", "application_number": "1020120046101", "Ltext": "자동차 및 트레일러 제조업", "keyword": "냉동컨테이너제조/컨테이너제조/축냉식저온저장고/냉매가스열교환기/응축기/온도유지/장치/공기배출구/온도제어컨트롤박스/내부축냉조", "document_type": "B1"}, {"updateDate": "20220608", "LLno": "C", "SSno": "30203", "Stext": "자동차 차체 및 트레일러 제조업", "SStext": "트레일러 및 세미 트레일러 제조업", "Mtext": "자동차 차체 및 트레일러 제조업", "Lno": "30", "ipc_main": "B65D-088/12", "Mno": "302", "country_code": "KR", "Sno": "3020", "LLtext": "제조업(10~34)", "documentId": "kr20120076117b1", "application_number": "1020120076117", "Ltext": "자동차 및 트레일러 제조업", "keyword": "컨테이너제조/운송용컨테이너제조/코너캐스팅/상하적층/상하연결장치/구멍/장치/연결몸체/탄발스프링/힌지축", "document_type": "B1"}, {"updateDate": "20220608", "LLno": "C", "SSno": "30203", "Stext": "자동차 차체 및 트레일러 제조업", "SStext": "트레일러 및 세미 트레일러 제조업", "Mtext": "자동차 차체 및 트레일러 제조업", "Lno": "30", "ipc_main": "B65D-090/48", "Mno": "302", "country_code": "KR", "Sno": "3020", "LLtext": "제조업(10~34)", "documentId": "kr20120086629a", "application_number": "1020120086629", "Ltext": "자동차 및 트레일러 제조업", "keyword": "컨테이너제조/운송용컨테이너제조/감지시스템/송수신부/확인센서/실시간확인/장치/본체/노브/제어부", "document_type": "A"}, {"updateDate": "20220608", "LLno": "C", "SSno": "30203", "Stext": "자동차 차체 및 트레일러 제조업", "SStext": "트레일러 및 세미 트레일러 제조업", "Mtext": "자동차 차체 및 트레일러 제조업", "Lno": "30", "ipc_main": "B65D-088/54", "Mno": "302", "country_code": "KR", "Sno": "3020", "LLtext": "제조업(10~34)", "documentId": "kr20120095251b1", "application_number": "1020120095251", "Ltext": "자동차 및 트레일러 제조업", "keyword": "컨테이너제조/운송용컨테이너제조/승강식컨테이너/적재부/승강부/유동방지부/장치/이동부/드레일러/가이드부재", "document_type": "B1"}, {"updateDate": "20220608", "LLno": "C", "SSno": "30203", "Stext": "자동차 차체 및 트레일러 제조업", "SStext": "트레일러 및 세미 트레일러 제조업", "Mtext": "자동차 차체 및 트레일러 제조업", "Lno": "30", "ipc_main": "B65D-088/12", "Mno": "302", "country_code": "KR", "Sno": "3020", "LLtext": "제조업(10~34)", "documentId": "kr20120156515a", "application_number": "1020120156515", "Ltext": "자동차 및 트레일러 제조업", "keyword": "컨테이너제조/운송용컨테이너제조/적재/모서리부/경사면/라운드면/장치/풍하층/단층/컨테이너박스", "document_type": "A"}, {"updateDate": "20220608", "LLno": "C", "SSno": "30203", "Stext": "자동차 차체 및 트레일러 제조업", "SStext": "트레일러 및 세미 트레일러 제조업", "Mtext": "자동차 차체 및 트레일러 제조업", "Lno": "30", "ipc_main": "B65D-088/52", "Mno": "302", "country_code": "KR", "Sno": "3020", "LLtext": "제조업(10~34)", "documentId": "kr20130001821u", "application_number": "2020130001821", "Ltext": "자동차 및 트레일러 제조업", "keyword": "컨테이너제조/운송용컨테이너제조/펼쳐짐/절첩식/매립홈/고정구/장치/스프링경첩/클램핑수단/지지봉", "document_type": "U"}, {"updateDate": "20220608", "LLno": "C", "SSno": "30203", "Stext": "자동차 차체 및 트레일러 제조업", "SStext": "트레일러 및 세미 트레일러 제조업", "Mtext": "자동차 차체 및 트레일러 제조업", "Lno": "30", "ipc_main": "B65D-088/52", "Mno": "302", "country_code": "KR", "Sno": "3020", "LLtext": "제조업(10~34)", "documentId": "kr20130003830y1", "application_number": "2020130003830", "Ltext": "자동차 및 트레일러 제조업", "keyword": "컨테이너제조/운송용컨테이너제조/절첩식/분할/좌우개폐/전후열림판/장치/회전작동축/좌우도어/도어로킹부", "document_type": "Y1"}, {"updateDate": "20220608", "LLno": "C", "SSno": "30203", "Stext": "자동차 차체 및 트레일러 제조업", "SStext": "트레일러 및 세미 트레일러 제조업", "Mtext": "자동차 차체 및 트레일러 제조업", "Lno": "30", "ipc_main": "B60P-003/335", "Mno": "302", "country_code": "KR", "Sno": "3020", "LLtext": "제조업(10~34)", "documentId": "kr20130055126a", "application_number": "1020130055126", "Ltext": "자동차 및 트레일러 제조업", "keyword": "트레일러제조/주거용및캠핑용트레일러제조/캠핑트레일러/출입도어/적재함펜스/적재함/장치/보조도어/출입도어/차단판", "document_type": "A"}, {"updateDate": "20220608", "LLno": "C", "SSno": "30203", "Stext": "자동차 차체 및 트레일러 제조업", "SStext": "트레일러 및 세미 트레일러 제조업", "Mtext": "자동차 차체 및 트레일러 제조업", "Lno": "30", "ipc_main": "B60P-003/35", "Mno": "302", "country_code": "KR", "Sno": "3020", "LLtext": "제조업(10~34)", "documentId": "kr20130080487b1", "application_number": "1020130080487", "Ltext": "자동차 및 트레일러 제조업", "keyword": "트레일러제조/주거용및캠핑용트레일러제조/캠핑트레일러/텐트/지면펼침/회전판/장치/연결프레임부/적재부/회전판", "document_type": "B1"}, {"updateDate": "20220608", "LLno": "C", "SSno": "30203", "Stext": "자동차 차체 및 트레일러 제조업", "SStext": "트레일러 및 세미 트레일러 제조업", "Mtext": "자동차 차체 및 트레일러 제조업", "Lno": "30", "ipc_main": "B65D-088/12", "Mno": "302", "country_code": "KR", "Sno": "3020", "LLtext": "제조업(10~34)", "documentId": "kr20130081916a", "application_number": "1020130081916", "Ltext": "자동차 및 트레일러 제조업", "keyword": "컨테이너제조/운송용컨테이너제조/운반전용컨테이너/레일/코너포스트/본체/장치/천정패널/바닥패널/이동방지장치", "document_type": "A"}, {"updateDate": "20220608", "LLno": "C", "SSno": "30203", "Stext": "자동차 차체 및 트레일러 제조업", "SStext": "트레일러 및 세미 트레일러 제조업", "Mtext": "자동차 차체 및 트레일러 제조업", "Lno": "30", "ipc_main": "B62D-021/20", "Mno": "302", "country_code": "KR", "Sno": "3020", "LLtext": "제조업(10~34)", "documentId": "kr20130085256b1", "application_number": "1020130085256", "Ltext": "자동차 및 트레일러 제조업", "keyword": "트레일러제조/화물운송용트레일러제조/캠버력/프레임보강구조/지지프레임/프리스트레스/장치/상판/복부판/하판", "document_type": "B1"}, {"updateDate": "20220608", "LLno": "C", "SSno": "30203", "Stext": "자동차 차체 및 트레일러 제조업", "SStext": "트레일러 및 세미 트레일러 제조업", "Mtext": "자동차 차체 및 트레일러 제조업", "Lno": "30", "ipc_main": "B65D-088/52", "Mno": "302", "country_code": "KR", "Sno": "3020", "LLtext": "제조업(10~34)", "documentId": "kr20130085940b1", "application_number": "1020130085940", "Ltext": "자동차 및 트레일러 제조업", "keyword": "컨테이너제조/운송용컨테이너제조/접이식/컨테이너/기둥/하부지지체/장치/연결부재/고정부/수직", "document_type": "B1"}, {"updateDate": "20220608", "LLno": "C", "SSno": "30203", "Stext": "자동차 차체 및 트레일러 제조업", "SStext": "트레일러 및 세미 트레일러 제조업", "Mtext": "자동차 차체 및 트레일러 제조업", "Lno": "30", "ipc_main": "B65G-067/60", "Mno": "302", "country_code": "KR", "Sno": "3020", "LLtext": "제조업(10~34)", "documentId": "kr20130096534a", "application_number": "1020130096534", "Ltext": "자동차 및 트레일러 제조업", "keyword": "컨테이너제조/운송용컨테이너제조/컨테이너리프트장치/트롤리/수평이송크레인/작업효율성/장치/상하강판/플랫폼/스프레드", "document_type": "A"}, {"updateDate": "20220608", "LLno": "C", "SSno": "30203", "Stext": "자동차 차체 및 트레일러 제조업", "SStext": "트레일러 및 세미 트레일러 제조업", "Mtext": "자동차 차체 및 트레일러 제조업", "Lno": "30", "ipc_main": "B60P-003/35", "Mno": "302", "country_code": "KR", "Sno": "3020", "LLtext": "제조업(10~34)", "documentId": "kr20130098671a", "application_number": "1020130098671", "Ltext": "자동차 및 트레일러 제조업", "keyword": "트레일러제조/주거용및캠핑용트레일러제조/캠핑트레일러/수륙양용/부력공간/고정고리/장치/모터보트엔진/부력통/캐빈", "document_type": "A"}, {"updateDate": "20220608", "LLno": "C", "SSno": "30203", "Stext": "자동차 차체 및 트레일러 제조업", "SStext": "트레일러 및 세미 트레일러 제조업", "Mtext": "자동차 차체 및 트레일러 제조업", "Lno": "30", "ipc_main": "E04B-001/348", "Mno": "302", "country_code": "KR", "Sno": "3020", "LLtext": "제조업(10~34)", "documentId": "kr20130102258b1", "application_number": "1020130102258", "Ltext": "자동차 및 트레일러 제조업", "keyword": "단열컨테이너제조/컨테이너제조/컨테이너하우스/벽체패널/데크/태양광모듈/장치/펠릿보일러/제어부/컨트롤패널", "document_type": "B1"}, {"updateDate": "20220608", "LLno": "C", "SSno": "30203", "Stext": "자동차 차체 및 트레일러 제조업", "SStext": "트레일러 및 세미 트레일러 제조업", "Mtext": "자동차 차체 및 트레일러 제조업", "Lno": "30", "ipc_main": "B60P-003/10", "Mno": "302", "country_code": "KR", "Sno": "3020", "LLtext": "제조업(10~34)", "documentId": "kr20140039622b1", "application_number": "1020140039622", "Ltext": "자동차 및 트레일러 제조업", "keyword": "트레일러제조/화물운송용트레일러제조/보트트레일러/레저용보트/완충용스프링/받침대/장치/견인프레임/지지용바퀴/메인프레임", "document_type": "B1"}, {"updateDate": "20220608", "LLno": "C", "SSno": "30203", "Stext": "자동차 차체 및 트레일러 제조업", "SStext": "트레일러 및 세미 트레일러 제조업", "Mtext": "자동차 차체 및 트레일러 제조업", "Lno": "30", "ipc_main": "B60P-003/34", "Mno": "302", "country_code": "KR", "Sno": "3020", "LLtext": "제조업(10~34)", "documentId": "kr20140047272b1", "application_number": "1020140047272", "Ltext": "자동차 및 트레일러 제조업", "keyword": "트레일러제조/주거용및캠핑용트레일러제조/경량트레일러/캐리어/본체/휠/장치/견인부/패널/수직기둥", "document_type": "B1"}, {"updateDate": "20220608", "LLno": "C", "SSno": "30203", "Stext": "자동차 차체 및 트레일러 제조업", "SStext": "트레일러 및 세미 트레일러 제조업", "Mtext": "자동차 차체 및 트레일러 제조업", "Lno": "30", "ipc_main": "B60P-003/06", "Mno": "302", "country_code": "KR", "Sno": "3020", "LLtext": "제조업(10~34)", "documentId": "kr20140058519b1", "application_number": "1020140058519", "Ltext": "자동차 및 트레일러 제조업", "keyword": "트레일러제조/화물운송용트레일러제조/상하차/커플러/수평이송로울/회전축부/장치/후방이송안내대/접속로울/이송체인", "document_type": "B1"}, {"updateDate": "20220608", "LLno": "C", "SSno": "30203", "Stext": "자동차 차체 및 트레일러 제조업", "SStext": "트레일러 및 세미 트레일러 제조업", "Mtext": "자동차 차체 및 트레일러 제조업", "Lno": "30", "ipc_main": "H02S-020/30", "Mno": "302", "country_code": "KR", "Sno": "3020", "LLtext": "제조업(10~34)", "documentId": "kr20140081301a", "application_number": "1020140081301", "Ltext": "자동차 및 트레일러 제조업", "keyword": "컨테이너제조/단열컨테이너제조/태양광시스템/태양전지패널/각도조절부/환경보호/장치/상부/구조물/컨테이너", "document_type": "A"}, {"updateDate": "20220608", "LLno": "C", "SSno": "30203", "Stext": "자동차 차체 및 트레일러 제조업", "SStext": "트레일러 및 세미 트레일러 제조업", "Mtext": "자동차 차체 및 트레일러 제조업", "Lno": "30", "ipc_main": "B60P-003/34", "Mno": "302", "country_code": "KR", "Sno": "3020", "LLtext": "제조업(10~34)", "documentId": "kr20140084991a", "application_number": "1020140084991", "Ltext": "자동차 및 트레일러 제조업", "keyword": "트레일러제조/트레일러부분품제조/리프트장치/레일/롤러/기둥/장치/쇼크업쇼바/홀더/관절", "document_type": "A"}, {"updateDate": "20220608", "LLno": "C", "SSno": "30203", "Stext": "자동차 차체 및 트레일러 제조업", "SStext": "트레일러 및 세미 트레일러 제조업", "Mtext": "자동차 차체 및 트레일러 제조업", "Lno": "30", "ipc_main": "B62D-053/08", "Mno": "302", "country_code": "KR", "Sno": "3020", "LLtext": "제조업(10~34)", "documentId": "kr20150086059b1", "application_number": "1020150086059", "Ltext": "자동차 및 트레일러 제조업", "keyword": "트레일러제조/트레일러부분품제조/지게차/클램프/후미/힌지축/장치/후단부/클램핑바/탄성지지유닛", "document_type": "B1"}, {"updateDate": "20220608", "LLno": "C", "SSno": "30203", "Stext": "자동차 차체 및 트레일러 제조업", "SStext": "트레일러 및 세미 트레일러 제조업", "Mtext": "자동차 차체 및 트레일러 제조업", "Lno": "30", "ipc_main": "B65D-088/52", "Mno": "302", "country_code": "KR", "Sno": "3020", "LLtext": "제조업(10~34)", "documentId": "kr20150089278b1", "application_number": "1020150089278", "Ltext": "자동차 및 트레일러 제조업", "keyword": "컨테이너제조/운송용컨테이너제조/철재컨테이너/분해가능/베이스플레이트/벽판/장치/가이드프레임/사이드힌지/상승방지돌기", "document_type": "B1"}, {"updateDate": "20220608", "LLno": "C", "SSno": "30203", "Stext": "자동차 차체 및 트레일러 제조업", "SStext": "트레일러 및 세미 트레일러 제조업", "Mtext": "자동차 차체 및 트레일러 제조업", "Lno": "30", "ipc_main": "A01G-031/02", "Mno": "302", "country_code": "KR", "Sno": "3020", "LLtext": "제조업(10~34)", "documentId": "kr20150094705a", "application_number": "1020150094705", "Ltext": "자동차 및 트레일러 제조업", "keyword": "컨테이너제조/운송용컨테이너제조/식물재배장치/컨테이너/수용공간/온도조절수단/장치/공조수단/용수배출수단/제어부", "document_type": "A"}, {"updateDate": "20220608", "LLno": "C", "SSno": "30203", "Stext": "자동차 차체 및 트레일러 제조업", "SStext": "트레일러 및 세미 트레일러 제조업", "Mtext": "자동차 차체 및 트레일러 제조업", "Lno": "30", "ipc_main": "B63B-011/04", "Mno": "302", "country_code": "KR", "Sno": "3020", "LLtext": "제조업(10~34)", "documentId": "kr20150140301a", "application_number": "1020150140301", "Ltext": "자동차 및 트레일러 제조업", "keyword": "단열컨테이너제조/컨테이너제조/컨테이너운반선/탱크룸/가스공급기/액화가스저장탱크/장치/단열공간/불화성가스/외측단열공간", "document_type": "A"}, {"updateDate": "20220608", "LLno": "C", "SSno": "30203", "Stext": "자동차 차체 및 트레일러 제조업", "SStext": "트레일러 및 세미 트레일러 제조업", "Mtext": "자동차 차체 및 트레일러 제조업", "Lno": "30", "ipc_main": "B65D-085/68", "Mno": "302", "country_code": "KR", "Sno": "3020", "LLtext": "제조업(10~34)", "documentId": "kr20150146917a", "application_number": "1020150146917", "Ltext": "자동차 및 트레일러 제조업", "keyword": "컨테이너제조/운송용컨테이너제조/운반컨테이너/자전거프레임/리어휠/스템/장치/휠수용부/안정요소/외부컨테이너", "document_type": "A"}, {"updateDate": "20220608", "LLno": "C", "SSno": "30203", "Stext": "자동차 차체 및 트레일러 제조업", "SStext": "트레일러 및 세미 트레일러 제조업", "Mtext": "자동차 차체 및 트레일러 제조업", "Lno": "30", "ipc_main": "B65D-090/00", "Mno": "302", "country_code": "KR", "Sno": "3020", "LLtext": "제조업(10~34)", "documentId": "kr20150185109b1", "application_number": "1020150185109", "Ltext": "자동차 및 트레일러 제조업", "keyword": "컨테이너제조/운송용컨테이너제조/측벽/가압/중량물지지대/지지부/장치/스토퍼/고정장치/로드부재", "document_type": "B1"}, {"updateDate": "20220608", "LLno": "C", "SSno": "30203", "Stext": "자동차 차체 및 트레일러 제조업", "SStext": "트레일러 및 세미 트레일러 제조업", "Mtext": "자동차 차체 및 트레일러 제조업", "Lno": "30", "ipc_main": "B65D-090/00", "Mno": "302", "country_code": "KR", "Sno": "3020", "LLtext": "제조업(10~34)", "documentId": "kr20160002043b1", "application_number": "1020160002043", "Ltext": "자동차 및 트레일러 제조업", "keyword": "컨테이너제조/운송용컨테이너제조/내진성/바닥부/천장부/측벽부/장치/내부공간/고정/랙", "document_type": "B1"}, {"updateDate": "20220608", "LLno": "C", "SSno": "30203", "Stext": "자동차 차체 및 트레일러 제조업", "SStext": "트레일러 및 세미 트레일러 제조업", "Mtext": "자동차 차체 및 트레일러 제조업", "Lno": "30", "ipc_main": "B62D-063/06", "Mno": "302", "country_code": "KR", "Sno": "3020", "LLtext": "제조업(10~34)", "documentId": "kr20160047635b1", "application_number": "1020160047635", "Ltext": "자동차 및 트레일러 제조업", "keyword": "트레일러제조/화물운송용트레일러제조/접이식/탑재형/지붕/바퀴/장치/섀시/브래킷/연결수단", "document_type": "B1"}, {"updateDate": "20220608", "LLno": "C", "SSno": "30203", "Stext": "자동차 차체 및 트레일러 제조업", "SStext": "트레일러 및 세미 트레일러 제조업", "Mtext": "자동차 차체 및 트레일러 제조업", "Lno": "30", "ipc_main": "B65D-088/52", "Mno": "302", "country_code": "KR", "Sno": "3020", "LLtext": "제조업(10~34)", "documentId": "kr20160162751a", "application_number": "1020160162751", "Ltext": "자동차 및 트레일러 제조업", "keyword": "컨테이너제조/운송용컨테이너제조/화물용컨테이너/프레임부/패널부/리드스크류/장치/가이드브라켓/돌출부/고정브라켓", "document_type": "A"}, {"updateDate": "20220608", "LLno": "C", "SSno": "30203", "Stext": "자동차 차체 및 트레일러 제조업", "SStext": "트레일러 및 세미 트레일러 제조업", "Mtext": "자동차 차체 및 트레일러 제조업", "Lno": "30", "ipc_main": "B62D-021/20", "Mno": "302", "country_code": "KR", "Sno": "3020", "LLtext": "제조업(10~34)", "documentId": "kr20170001098u", "application_number": "2020170001098", "Ltext": "자동차 및 트레일러 제조업", "keyword": "트레일러제조/트레일러부분품제조/메인비임/보강부재/적재중량/플랜지/장치/요철부/웨브/길이방향", "document_type": "U"}, {"updateDate": "20220608", "LLno": "C", "SSno": "30203", "Stext": "자동차 차체 및 트레일러 제조업", "SStext": "트레일러 및 세미 트레일러 제조업", "Mtext": "자동차 차체 및 트레일러 제조업", "Lno": "30", "ipc_main": "B65D-088/12", "Mno": "302", "country_code": "KR", "Sno": "3020", "LLtext": "제조업(10~34)", "documentId": "kr20170039467b1", "application_number": "1020170039467", "Ltext": "자동차 및 트레일러 제조업", "keyword": "컨테이너제조/운송용컨테이너제조/벌크화물/덮개부/덮개부재/덮개연결부/장치/덮개프레임/고정부재/개방부", "document_type": "B1"}, {"updateDate": "20220608", "LLno": "C", "SSno": "30203", "Stext": "자동차 차체 및 트레일러 제조업", "SStext": "트레일러 및 세미 트레일러 제조업", "Mtext": "자동차 차체 및 트레일러 제조업", "Lno": "30", "ipc_main": "B65D-090/02", "Mno": "302", "country_code": "KR", "Sno": "3020", "LLtext": "제조업(10~34)", "documentId": "kr20170043752b1", "application_number": "1020170043752", "Ltext": "자동차 및 트레일러 제조업", "keyword": "컨테이너제조/운송용컨테이너제조/모듈패널/데크플레이트/측면플레이트/루프플레이트/장치/프레임/내판패널/삽입연장면", "document_type": "B1"}, {"updateDate": "20220608", "LLno": "C", "SSno": "30203", "Stext": "자동차 차체 및 트레일러 제조업", "SStext": "트레일러 및 세미 트레일러 제조업", "Mtext": "자동차 차체 및 트레일러 제조업", "Lno": "30", "ipc_main": "B65D-088/52", "Mno": "302", "country_code": "KR", "Sno": "3020", "LLtext": "제조업(10~34)", "documentId": "kr20170050255b1", "application_number": "1020170050255", "Ltext": "자동차 및 트레일러 제조업", "keyword": "컨테이너제조/운송용컨테이너제조/화물용컨테이너/프레임부/패널부/리드스크류/장치/가이드브라켓/가이드패널/돌출부", "document_type": "B1"}, {"updateDate": "20220608", "LLno": "C", "SSno": "30203", "Stext": "자동차 차체 및 트레일러 제조업", "SStext": "트레일러 및 세미 트레일러 제조업", "Mtext": "자동차 차체 및 트레일러 제조업", "Lno": "30", "ipc_main": "B65D-088/12", "Mno": "302", "country_code": "KR", "Sno": "3020", "LLtext": "제조업(10~34)", "documentId": "kr20170111678b1", "application_number": "1020170111678", "Ltext": "자동차 및 트레일러 제조업", "keyword": "컨테이너제조/운송용컨테이너제조/플랫트랙/확장지지체/지지프레임/지지플레이트/장치/고정장치/고정벨트/결속", "document_type": "B1"}, {"updateDate": "20220608", "LLno": "C", "SSno": "30203", "Stext": "자동차 차체 및 트레일러 제조업", "SStext": "트레일러 및 세미 트레일러 제조업", "Mtext": "자동차 차체 및 트레일러 제조업", "Lno": "30", "ipc_main": "B62D-021/14", "Mno": "302", "country_code": "KR", "Sno": "3020", "LLtext": "제조업(10~34)", "documentId": "kr20180070832a", "application_number": "1020180070832", "Ltext": "자동차 및 트레일러 제조업", "keyword": "트레일러제조/화물운송용트레일러제조/가변트레일러/커넥터유닛/프레임유닛/프레임유닛/장치/기둥모양/슬라이딩/지지유닛", "document_type": "A"}, {"updateDate": "20220608", "LLno": "C", "SSno": "30203", "Stext": "자동차 차체 및 트레일러 제조업", "SStext": "트레일러 및 세미 트레일러 제조업", "Mtext": "자동차 차체 및 트레일러 제조업", "Lno": "30", "ipc_main": "B65D-090/02", "Mno": "302", "country_code": "KR", "Sno": "3020", "LLtext": "제조업(10~34)", "documentId": "kr20180078735b1", "application_number": "1020180078735", "Ltext": "자동차 및 트레일러 제조업", "keyword": "컨테이너제조/단열컨테이너제조/단열컨테이너/지그/표준규격/구조물/장치/측면/밀폐부/단열모듈", "document_type": "B1"}, {"updateDate": "20220608", "LLno": "C", "SSno": "30203", "Stext": "자동차 차체 및 트레일러 제조업", "SStext": "트레일러 및 세미 트레일러 제조업", "Mtext": "자동차 차체 및 트레일러 제조업", "Lno": "30", "ipc_main": "A01G-018/60", "Mno": "302", "country_code": "KR", "Sno": "3020", "LLtext": "제조업(10~34)", "documentId": "kr20180085567b1", "application_number": "1020180085567", "Ltext": "자동차 및 트레일러 제조업", "keyword": "단열컨테이너제조/컨테이너제조/컨테이너형버섯재배장치/본체/송기덕트/최적버섯재배/장치/발열수단/하우징/적외선송신수단", "document_type": "B1"}, {"updateDate": "20220608", "LLno": "C", "SSno": "30203", "Stext": "자동차 차체 및 트레일러 제조업", "SStext": "트레일러 및 세미 트레일러 제조업", "Mtext": "자동차 차체 및 트레일러 제조업", "Lno": "30", "ipc_main": "B60P-007/04", "Mno": "302", "country_code": "KR", "Sno": "3020", "LLtext": "제조업(10~34)", "documentId": "kr20180095627b1", "application_number": "1020180095627", "Ltext": "자동차 및 트레일러 제조업", "keyword": "트레일러제조/트레일러부분품제조/복포장치/회전구동부/회전암/복포막/장치/감기부재/고정부재/트레일러", "document_type": "B1"}, {"updateDate": "20220608", "LLno": "C", "SSno": "30203", "Stext": "자동차 차체 및 트레일러 제조업", "SStext": "트레일러 및 세미 트레일러 제조업", "Mtext": "자동차 차체 및 트레일러 제조업", "Lno": "30", "ipc_main": "B60P-003/36", "Mno": "302", "country_code": "KR", "Sno": "3020", "LLtext": "제조업(10~34)", "documentId": "kr20180095912b1", "application_number": "1020180095912", "Ltext": "자동차 및 트레일러 제조업", "keyword": "트레일러제조/주거용및캠핑용트레일러제조/가변식시트부/테이블/시트부/승강수단/장치/이동수단/시트받침부/주거공간부", "document_type": "B1"}, {"updateDate": "20220608", "LLno": "C", "SSno": "30203", "Stext": "자동차 차체 및 트레일러 제조업", "SStext": "트레일러 및 세미 트레일러 제조업", "Mtext": "자동차 차체 및 트레일러 제조업", "Lno": "30", "ipc_main": "B62D-013/02", "Mno": "302", "country_code": "KR", "Sno": "3020", "LLtext": "제조업(10~34)", "documentId": "kr20180104427a", "application_number": "1020180104427", "Ltext": "자동차 및 트레일러 제조업", "keyword": "트레일러제조/트레일러부분품제조/2점히치/독립회전액슬/견인차량/후진방향/장치/액슬회전축/체결/커플러", "document_type": "A"}, {"updateDate": "20220608", "LLno": "C", "SSno": "30203", "Stext": "자동차 차체 및 트레일러 제조업", "SStext": "트레일러 및 세미 트레일러 제조업", "Mtext": "자동차 차체 및 트레일러 제조업", "Lno": "30", "ipc_main": "B65D-071/50", "Mno": "302", "country_code": "KR", "Sno": "3020", "LLtext": "제조업(10~34)", "documentId": "kr20187035877a", "application_number": "1020187035877", "Ltext": "자동차 및 트레일러 제조업", "keyword": "컨테이너제조/운송용컨테이너제조/컨테이너캐리어/원형구조체/본체/암/장치/원주리브/돌출부/핸들", "document_type": "A"}, {"updateDate": "20220608", "LLno": "C", "SSno": "30203", "Stext": "자동차 차체 및 트레일러 제조업", "SStext": "트레일러 및 세미 트레일러 제조업", "Mtext": "자동차 차체 및 트레일러 제조업", "Lno": "30", "ipc_main": "B62D-021/20", "Mno": "302", "country_code": "KR", "Sno": "3020", "LLtext": "제조업(10~34)", "documentId": "kr20190026121a", "application_number": "1020190026121", "Ltext": "자동차 및 트레일러 제조업", "keyword": "트레일러제조/자동차용트레일러제조/적재받침목/내부지지판/프레임/작업편리/장치/격판/고무판/마감캡", "document_type": "A"}, {"updateDate": "20220608", "LLno": "C", "SSno": "30203", "Stext": "자동차 차체 및 트레일러 제조업", "SStext": "트레일러 및 세미 트레일러 제조업", "Mtext": "자동차 차체 및 트레일러 제조업", "Lno": "30", "ipc_main": "B60P-003/39", "Mno": "302", "country_code": "KR", "Sno": "3020", "LLtext": "제조업(10~34)", "documentId": "kr20190054673b1", "application_number": "1020190054673", "Ltext": "자동차 및 트레일러 제조업", "keyword": "트레일러제조/트레일러부분품제조/침대/캠핑/트레일러/확장/장치/지지부재/연장/패널", "document_type": "B1"}, {"updateDate": "20220608", "LLno": "C", "SSno": "30203", "Stext": "자동차 차체 및 트레일러 제조업", "SStext": "트레일러 및 세미 트레일러 제조업", "Mtext": "자동차 차체 및 트레일러 제조업", "Lno": "30", "ipc_main": "B62D-053/06", "Mno": "302", "country_code": "KR", "Sno": "3020", "LLtext": "제조업(10~34)", "documentId": "kr20190079714a", "application_number": "1020190079714", "Ltext": "자동차 및 트레일러 제조업", "keyword": "트레일러제조/트레일러부분품제조/적재베드/분리가능/구즈넥/주행부/장치/리어장착부/프론트장착부/분리형", "document_type": "A"}, {"updateDate": "20220608", "LLno": "C", "SSno": "30203", "Stext": "자동차 차체 및 트레일러 제조업", "SStext": "트레일러 및 세미 트레일러 제조업", "Mtext": "자동차 차체 및 트레일러 제조업", "Lno": "30", "ipc_main": "B60P-003/36", "Mno": "302", "country_code": "KR", "Sno": "3020", "LLtext": "제조업(10~34)", "documentId": "kr20190117984b1", "application_number": "1020190117984", "Ltext": "자동차 및 트레일러 제조업", "keyword": "트레일러제조/주거용및캠핑용트레일러제조/캠핑트레일러/지지대/메인바퀴/보조바퀴/장치/견인구/사이드도어/지지부", "document_type": "B1"}, {"updateDate": "20220608", "LLno": "C", "SSno": "30203", "Stext": "자동차 차체 및 트레일러 제조업", "SStext": "트레일러 및 세미 트레일러 제조업", "Mtext": "자동차 차체 및 트레일러 제조업", "Lno": "30", "ipc_main": "B65D-081/18", "Mno": "302", "country_code": "KR", "Sno": "3020", "LLtext": "제조업(10~34)", "documentId": "kr20190159755a", "application_number": "1020190159755", "Ltext": "자동차 및 트레일러 제조업", "keyword": "운송용컨테이너제조/냉동용컨테이너제조/보온보냉컨테이너/상면개폐구조/이중단열구조본체부/운반용보온컨테이너/장치/복수냉매통/냉기공급부/온도센서", "document_type": "A"}, {"updateDate": "20220608", "LLno": "C", "SSno": "30203", "Stext": "자동차 차체 및 트레일러 제조업", "SStext": "트레일러 및 세미 트레일러 제조업", "Mtext": "자동차 차체 및 트레일러 제조업", "Lno": "30", "ipc_main": "B65G-001/04", "Mno": "302", "country_code": "KR", "Sno": "3020", "LLtext": "제조업(10~34)", "documentId": "kr20197009914a", "application_number": "1020197009914", "Ltext": "자동차 및 트레일러 제조업", "keyword": "컨테이너제조/운송용컨테이너제조/이동방법/입체창고/이동용스태커/랙구획/방법/저장모듈/화물홀딩/신축식홀더", "document_type": "A"}, {"updateDate": "20220608", "LLno": "C", "SSno": "30203", "Stext": "자동차 차체 및 트레일러 제조업", "SStext": "트레일러 및 세미 트레일러 제조업", "Mtext": "자동차 차체 및 트레일러 제조업", "Lno": "30", "ipc_main": "B65D-019/38", "Mno": "302", "country_code": "KR", "Sno": "3020", "LLtext": "제조업(10~34)", "documentId": "kr20200012406b1", "application_number": "1020200012406", "Ltext": "자동차 및 트레일러 제조업", "keyword": "컨테이너제조/운송용컨테이너제조/팔레트/차량이송/판상형/격자형태/장치/리프팅잭/대차/높이고정부", "document_type": "B1"}, {"updateDate": "20220608", "LLno": "C", "SSno": "30203", "Stext": "자동차 차체 및 트레일러 제조업", "SStext": "트레일러 및 세미 트레일러 제조업", "Mtext": "자동차 차체 및 트레일러 제조업", "Lno": "30", "ipc_main": "B65D-090/06", "Mno": "302", "country_code": "KR", "Sno": "3020", "LLtext": "제조업(10~34)", "documentId": "kr20200022785a", "application_number": "1020200022785", "Ltext": "자동차 및 트레일러 제조업", "keyword": "단열컨테이너제조/컨테이너제조/컨테이너/진공단열패널/내부공간/도어/장치/진공/외벽/일면", "document_type": "A"}, {"updateDate": "20220608", "LLno": "C", "SSno": "30203", "Stext": "자동차 차체 및 트레일러 제조업", "SStext": "트레일러 및 세미 트레일러 제조업", "Mtext": "자동차 차체 및 트레일러 제조업", "Lno": "30", "ipc_main": "B62D-053/08", "Mno": "302", "country_code": "KR", "Sno": "3020", "LLtext": "제조업(10~34)", "documentId": "kr20200053550b1", "application_number": "1020200053550", "Ltext": "자동차 및 트레일러 제조업", "keyword": "트레일러제조/트레일러부분품제조/연결장치/트레일러/트랙터/킹핀/장치/결속력/회동축/지지부", "document_type": "B1"}, {"updateDate": "20220608", "LLno": "C", "SSno": "30203", "Stext": "자동차 차체 및 트레일러 제조업", "SStext": "트레일러 및 세미 트레일러 제조업", "Mtext": "자동차 차체 및 트레일러 제조업", "Lno": "30", "ipc_main": "B62D-053/10", "Mno": "302", "country_code": "KR", "Sno": "3020", "LLtext": "제조업(10~34)", "documentId": "kr20200060655b1", "application_number": "1020200060655", "Ltext": "자동차 및 트레일러 제조업", "keyword": "트레일러제조/주거용및캠핑용트레일러제조/하우스트레일러/장착/견인형/트랙터/장치/차대/연결부/고정부", "document_type": "B1"}, {"updateDate": "20220608", "LLno": "C", "SSno": "30203", "Stext": "자동차 차체 및 트레일러 제조업", "SStext": "트레일러 및 세미 트레일러 제조업", "Mtext": "자동차 차체 및 트레일러 제조업", "Lno": "30", "ipc_main": "B65D-088/16", "Mno": "302", "country_code": "KR", "Sno": "3020", "LLtext": "제조업(10~34)", "documentId": "kr20200094584b1", "application_number": "1020200094584", "Ltext": "자동차 및 트레일러 제조업", "keyword": "컨테이너제조/운송용컨테이너제조/컨테이너백/보강부/원단/생산성저하/방법/원단직조단계/절단단계/재봉단계", "document_type": "B1"}, {"updateDate": "20220608", "LLno": "C", "SSno": "30203", "Stext": "자동차 차체 및 트레일러 제조업", "SStext": "트레일러 및 세미 트레일러 제조업", "Mtext": "자동차 차체 및 트레일러 제조업", "Lno": "30", "ipc_main": "B62D-063/06", "Mno": "302", "country_code": "KR", "Sno": "3020", "LLtext": "제조업(10~34)", "documentId": "kr20200100908b1", "application_number": "1020200100908", "Ltext": "자동차 및 트레일러 제조업", "keyword": "운송용컨테이너제조/화물운송용트레일러제조/트레일러장치/컨테이너/트레일러유닛/항습항온/장치/결합부/고정부/지지리프트", "document_type": "B1"}]}