{"dataset": [{"updateDate": "20220608", "LLno": "C", "SSno": "20499", "Stext": "그 외 기타 화학제품 제조업", "SStext": "그 외 기타 분류 안된 화학제품 제조업", "Mtext": "기타 화학제품 제조업", "Lno": "20", "ipc_main": "C23C-002/08", "Mno": "204", "country_code": "KR", "Sno": "2049", "LLtext": "제조업(10~34)", "documentId": "kr19980017320a", "application_number": "1019980017320", "Ltext": "화학 물질 및 화학제품 제조업; 의약품 제외", "keyword": "금속표면처리용제제조/금속표면처리침지조제품제조/도금/주석/전해처리/크롬/방법/강판/화학처리/음극처리", "document_type": "A"}, {"updateDate": "20220608", "LLno": "C", "SSno": "20499", "Stext": "그 외 기타 화학제품 제조업", "SStext": "그 외 기타 분류 안된 화학제품 제조업", "Mtext": "기타 화학제품 제조업", "Lno": "20", "ipc_main": "C23C-028/00", "Mno": "204", "country_code": "KR", "Sno": "2049", "LLtext": "제조업(10~34)", "documentId": "kr19980035982b1", "application_number": "1019980035982", "Ltext": "화학 물질 및 화학제품 제조업; 의약품 제외", "keyword": "금속표면처리용제제조/금속표면처리침지조제품제조/도금/기판/기포/가스/방법/도금챔버/가열단계/도금단계", "document_type": "B1"}, {"updateDate": "20220608", "LLno": "C", "SSno": "20499", "Stext": "그 외 기타 화학제품 제조업", "SStext": "그 외 기타 분류 안된 화학제품 제조업", "Mtext": "기타 화학제품 제조업", "Lno": "20", "ipc_main": "C09K-005/00", "Mno": "204", "country_code": "KR", "Sno": "2049", "LLtext": "제조업(10~34)", "documentId": "kr19990058533a", "application_number": "1019990058533", "Ltext": "화학 물질 및 화학제품 제조업; 의약품 제외", "keyword": "금속표면처리용제제조/금속표면처리침지조제품제조/페이스트/전극/열처리/발열/방법/Ru/Ag/발열체", "document_type": "A"}, {"updateDate": "20220608", "LLno": "C", "SSno": "20499", "Stext": "그 외 기타 화학제품 제조업", "SStext": "그 외 기타 분류 안된 화학제품 제조업", "Mtext": "기타 화학제품 제조업", "Lno": "20", "ipc_main": "C09K-003/20", "Mno": "204", "country_code": "KR", "Sno": "2049", "LLtext": "제조업(10~34)", "documentId": "kr19990067756b1", "application_number": "1019990067756", "Ltext": "화학 물질 및 화학제품 제조업; 의약품 제외", "keyword": "가솔린첨가제제조/가솔린엔진용시동액제조/부동액/글리콜/트리아졸/침전/방법/알킬기/염/실록산", "document_type": "B1"}, {"updateDate": "20220608", "LLno": "C", "SSno": "20499", "Stext": "그 외 기타 화학제품 제조업", "SStext": "그 외 기타 분류 안된 화학제품 제조업", "Mtext": "기타 화학제품 제조업", "Lno": "20", "ipc_main": "A61K-031/56", "Mno": "204", "country_code": "KR", "Sno": "2049", "LLtext": "제조업(10~34)", "documentId": "kr19997010765b1", "application_number": "1019997010765", "Ltext": "화학 물질 및 화학제품 제조업; 의약품 제외", "keyword": "광물활성화물질/광물유조제첨가용세정제제조/사포닌유사체/지질/지방산/면역/방법/글루쿠론산/카르복실/탄소", "document_type": "B1"}, {"updateDate": "20220608", "LLno": "C", "SSno": "20499", "Stext": "그 외 기타 화학제품 제조업", "SStext": "그 외 기타 분류 안된 화학제품 제조업", "Mtext": "기타 화학제품 제조업", "Lno": "20", "ipc_main": "A01N-063/00", "Mno": "204", "country_code": "KR", "Sno": "2049", "LLtext": "제조업(10~34)", "documentId": "kr20000014656a", "application_number": "1020000014656", "Ltext": "화학 물질 및 화학제품 제조업; 의약품 제외", "keyword": "광물활성화물질/광물유조제첨가용세정제제조/세라믹/식물성장/원적외선/토양/방법/세라믹/미세분체/돈모", "document_type": "A"}, {"updateDate": "20220608", "LLno": "C", "SSno": "20499", "Stext": "그 외 기타 화학제품 제조업", "SStext": "그 외 기타 분류 안된 화학제품 제조업", "Mtext": "기타 화학제품 제조업", "Lno": "20", "ipc_main": "C23C-016/453", "Mno": "204", "country_code": "KR", "Sno": "2049", "LLtext": "제조업(10~34)", "documentId": "kr20000081262b1", "application_number": "1020000081262", "Ltext": "화학 물질 및 화학제품 제조업; 의약품 제외", "keyword": "금속표면처리용제제조/금속표면처리침지조제품제조/도금/피스톤/링/열/방법/가열로/흑연/수소", "document_type": "B1"}, {"updateDate": "20220608", "LLno": "C", "SSno": "20499", "Stext": "그 외 기타 화학제품 제조업", "SStext": "그 외 기타 분류 안된 화학제품 제조업", "Mtext": "기타 화학제품 제조업", "Lno": "20", "ipc_main": "A61K-031/50", "Mno": "204", "country_code": "KR", "Sno": "2049", "LLtext": "제조업(10~34)", "documentId": "kr20007001968b1", "application_number": "1020007001968", "Ltext": "화학 물질 및 화학제품 제조업; 의약품 제외", "keyword": "광물활성화물질/광물유조제첨가용세정제제조/촉진제/피리다지논/염/혈관/방법/담체/수소/할로겐", "document_type": "B1"}, {"updateDate": "20220608", "LLno": "C", "SSno": "20499", "Stext": "그 외 기타 화학제품 제조업", "SStext": "그 외 기타 분류 안된 화학제품 제조업", "Mtext": "기타 화학제품 제조업", "Lno": "20", "ipc_main": "A61K-031/55", "Mno": "204", "country_code": "KR", "Sno": "2049", "LLtext": "제조업(10~34)", "documentId": "kr20007003684a", "application_number": "1020007003684", "Ltext": "화학 물질 및 화학제품 제조업; 의약품 제외", "keyword": "광물활성화물질/광물유조제첨가용세정제제조/억제제/케토아미드/프로테아제/근육/조성물/할로겐/알킬/피라지노일", "document_type": "A"}, {"updateDate": "20220608", "LLno": "C", "SSno": "20499", "Stext": "그 외 기타 화학제품 제조업", "SStext": "그 외 기타 분류 안된 화학제품 제조업", "Mtext": "기타 화학제품 제조업", "Lno": "20", "ipc_main": "A61K-031/37", "Mno": "204", "country_code": "KR", "Sno": "2049", "LLtext": "제조업(10~34)", "documentId": "kr20007004425a", "application_number": "1020007004425", "Ltext": "화학 물질 및 화학제품 제조업; 의약품 제외", "keyword": "광물활성화물질/광물유조제첨가용세정제제조/쿠마린/할로겐/알콕시기/효소/방법/간장/할로겐/카르복시산", "document_type": "A"}, {"updateDate": "20220608", "LLno": "C", "SSno": "20499", "Stext": "그 외 기타 화학제품 제조업", "SStext": "그 외 기타 분류 안된 화학제품 제조업", "Mtext": "기타 화학제품 제조업", "Lno": "20", "ipc_main": "A61K-031/445", "Mno": "204", "country_code": "KR", "Sno": "2049", "LLtext": "제조업(10~34)", "documentId": "kr20017009537a", "application_number": "1020017009537", "Ltext": "화학 물질 및 화학제품 제조업; 의약품 제외", "keyword": "광물활성화물질/광물유조제첨가용세정제제조/방출제어/염/용매화물/담즙/방법/수산기/아미노기/알킬기", "document_type": "A"}, {"updateDate": "20220608", "LLno": "C", "SSno": "20499", "Stext": "그 외 기타 화학제품 제조업", "SStext": "그 외 기타 분류 안된 화학제품 제조업", "Mtext": "기타 화학제품 제조업", "Lno": "20", "ipc_main": "A61K-007/42", "Mno": "204", "country_code": "KR", "Sno": "2049", "LLtext": "제조업(10~34)", "documentId": "kr20017012201a", "application_number": "1020017012201", "Ltext": "화학 물질 및 화학제품 제조업; 의약품 제외", "keyword": "광물활성화물질/광물유조제첨가용세정제제조/안정제/디벤조일/메탄/유도체/방법/화장품/나프탈렌/폴리에스테르", "document_type": "A"}, {"updateDate": "20220608", "LLno": "C", "SSno": "20499", "Stext": "그 외 기타 화학제품 제조업", "SStext": "그 외 기타 분류 안된 화학제품 제조업", "Mtext": "기타 화학제품 제조업", "Lno": "20", "ipc_main": "A61K-031/4164", "Mno": "204", "country_code": "KR", "Sno": "2049", "LLtext": "제조업(10~34)", "documentId": "kr20017015051a", "application_number": "1020017015051", "Ltext": "화학 물질 및 화학제품 제조업; 의약품 제외", "keyword": "광물활성화물질/광물유조제첨가용세정제제조/촉진제/MAG발현/염류/미엘린/방법/할로겐/알킬기/알콕시기", "document_type": "A"}, {"updateDate": "20220608", "LLno": "C", "SSno": "20499", "Stext": "그 외 기타 화학제품 제조업", "SStext": "그 외 기타 분류 안된 화학제품 제조업", "Mtext": "기타 화학제품 제조업", "Lno": "20", "ipc_main": "C09K-003/14", "Mno": "204", "country_code": "KR", "Sno": "2049", "LLtext": "제조업(10~34)", "documentId": "kr20020023087a", "application_number": "1020020023087", "Ltext": "화학 물질 및 화학제품 제조업; 의약품 제외", "keyword": "금속표면처리용제제조/금속표면처리침지조제품제조/첨가제/슬러리/중합체산/선택도/방법/폴리아크릴산/수산화나트륨/염", "document_type": "A"}, {"updateDate": "20220608", "LLno": "C", "SSno": "20499", "Stext": "그 외 기타 화학제품 제조업", "SStext": "그 외 기타 분류 안된 화학제품 제조업", "Mtext": "기타 화학제품 제조업", "Lno": "20", "ipc_main": "A61K-007/46", "Mno": "204", "country_code": "KR", "Sno": "2049", "LLtext": "제조업(10~34)", "documentId": "kr20020080144a", "application_number": "1020020080144", "Ltext": "화학 물질 및 화학제품 제조업; 의약품 제외", "keyword": "광물활성화물질/광물유조제첨가용세정제제조/향료/화합물/사이클로펜테논/시스/방법/트란스/헥세닐/이중결합", "document_type": "A"}, {"updateDate": "20220608", "LLno": "C", "SSno": "20499", "Stext": "그 외 기타 화학제품 제조업", "SStext": "그 외 기타 분류 안된 화학제품 제조업", "Mtext": "기타 화학제품 제조업", "Lno": "20", "ipc_main": "C01B-031/08", "Mno": "204", "country_code": "KR", "Sno": "2049", "LLtext": "제조업(10~34)", "documentId": "kr20030027416a", "application_number": "1020030027416", "Ltext": "화학 물질 및 화학제품 제조업; 의약품 제외", "keyword": "광물활성화물질/광물유조제첨가용세정제제조/활성탄/석유/합성가스/환경오염/방법/탄소/회분/입도", "document_type": "A"}, {"updateDate": "20220608", "LLno": "C", "SSno": "20499", "Stext": "그 외 기타 화학제품 제조업", "SStext": "그 외 기타 분류 안된 화학제품 제조업", "Mtext": "기타 화학제품 제조업", "Lno": "20", "ipc_main": "A61K-031/704", "Mno": "204", "country_code": "KR", "Sno": "2049", "LLtext": "제조업(10~34)", "documentId": "kr20037006732a", "application_number": "1020037006732", "Ltext": "화학 물질 및 화학제품 제조업; 의약품 제외", "keyword": "광물활성화물질/광물유조제첨가용세정제제조/트리테르펜/모노테르펜/지질/염증/방법/담체/류마티스/관절염", "document_type": "A"}, {"updateDate": "20220608", "LLno": "C", "SSno": "20499", "Stext": "그 외 기타 화학제품 제조업", "SStext": "그 외 기타 분류 안된 화학제품 제조업", "Mtext": "기타 화학제품 제조업", "Lno": "20", "ipc_main": "C23C-002/06", "Mno": "204", "country_code": "KR", "Sno": "2049", "LLtext": "제조업(10~34)", "documentId": "kr20037016036a", "application_number": "1020037016036", "Ltext": "화학 물질 및 화학제품 제조업; 의약품 제외", "keyword": "금속표면처리용제제조/금속표면처리침지조제품제조/도금강판/용융/아연/고강도/방법/잔부/불순물/합금", "document_type": "A"}, {"updateDate": "20220608", "LLno": "C", "SSno": "20499", "Stext": "그 외 기타 화학제품 제조업", "SStext": "그 외 기타 분류 안된 화학제품 제조업", "Mtext": "기타 화학제품 제조업", "Lno": "20", "ipc_main": "C09K-005/20", "Mno": "204", "country_code": "KR", "Sno": "2049", "LLtext": "제조업(10~34)", "documentId": "kr20040058751b1", "application_number": "1020040058751", "Ltext": "화학 물질 및 화학제품 제조업; 의약품 제외", "keyword": "가솔린첨가제제조/가솔린엔진용시동액제조/부동액/글리코률/방식제/연비/방법/중량부/희토류/금속", "document_type": "B1"}, {"updateDate": "20220608", "LLno": "C", "SSno": "20499", "Stext": "그 외 기타 화학제품 제조업", "SStext": "그 외 기타 분류 안된 화학제품 제조업", "Mtext": "기타 화학제품 제조업", "Lno": "20", "ipc_main": "A61K-031/555", "Mno": "204", "country_code": "KR", "Sno": "2049", "LLtext": "제조업(10~34)", "documentId": "kr20047008842a", "application_number": "1020047008842", "Ltext": "화학 물질 및 화학제품 제조업; 의약품 제외", "keyword": "광물활성화물질/광물유조제첨가용세정제제조/과산화물/황반변성/망막병증/모방체/방법/요오드/앙ㄹ킬설포닐기/탄소원자", "document_type": "A"}, {"updateDate": "20220608", "LLno": "C", "SSno": "20499", "Stext": "그 외 기타 화학제품 제조업", "SStext": "그 외 기타 분류 안된 화학제품 제조업", "Mtext": "기타 화학제품 제조업", "Lno": "20", "ipc_main": "C01B-031/08", "Mno": "204", "country_code": "KR", "Sno": "2049", "LLtext": "제조업(10~34)", "documentId": "kr20047012021a", "application_number": "1020047012021", "Ltext": "화학 물질 및 화학제품 제조업; 의약품 제외", "keyword": "광물활성화물질/광물유조제첨가용세정제제조/활성탄/결합제/탄화제/고온/방법/시리얼/혼합/생성단계", "document_type": "A"}, {"updateDate": "20220608", "LLno": "C", "SSno": "20499", "Stext": "그 외 기타 화학제품 제조업", "SStext": "그 외 기타 분류 안된 화학제품 제조업", "Mtext": "기타 화학제품 제조업", "Lno": "20", "ipc_main": "A23D-009/00", "Mno": "204", "country_code": "KR", "Sno": "2049", "LLtext": "제조업(10~34)", "documentId": "kr20047015017a", "application_number": "1020047015017", "Ltext": "화학 물질 및 화학제품 제조업; 의약품 제외", "keyword": "광물활성화물질/광물유조제첨가용세정제제조/산화방지물/조리용기름/열화/조리/방법/허브/식용산/미네랄", "document_type": "A"}, {"updateDate": "20220608", "LLno": "C", "SSno": "20499", "Stext": "그 외 기타 화학제품 제조업", "SStext": "그 외 기타 분류 안된 화학제품 제조업", "Mtext": "기타 화학제품 제조업", "Lno": "20", "ipc_main": "A61K-031/495", "Mno": "204", "country_code": "KR", "Sno": "2049", "LLtext": "제조업(10~34)", "documentId": "kr20047016083a", "application_number": "1020047016083", "Ltext": "화학 물질 및 화학제품 제조업; 의약품 제외", "keyword": "광물활성화물질/광물유조제첨가용세정제제조/촉진제/염/프로드럭/용매/방법/할로겐/알킬/아릴", "document_type": "A"}, {"updateDate": "20220608", "LLno": "C", "SSno": "20499", "Stext": "그 외 기타 화학제품 제조업", "SStext": "그 외 기타 분류 안된 화학제품 제조업", "Mtext": "기타 화학제품 제조업", "Lno": "20", "ipc_main": "A61K-031/56", "Mno": "204", "country_code": "KR", "Sno": "2049", "LLtext": "제조업(10~34)", "documentId": "kr20050035672b1", "application_number": "1020050035672", "Ltext": "화학 물질 및 화학제품 제조업; 의약품 제외", "keyword": "광물활성화물질/광물유조제첨가용세정제제조/사포닌/트리테르펜/뇌기능/기억력/조성물/화합물/치매/인지장애", "document_type": "B1"}, {"updateDate": "20220608", "LLno": "C", "SSno": "20499", "Stext": "그 외 기타 화학제품 제조업", "SStext": "그 외 기타 분류 안된 화학제품 제조업", "Mtext": "기타 화학제품 제조업", "Lno": "20", "ipc_main": "A61K-008/42", "Mno": "204", "country_code": "KR", "Sno": "2049", "LLtext": "제조업(10~34)", "documentId": "kr20050123382a", "application_number": "1020050123382", "Ltext": "화학 물질 및 화학제품 제조업; 의약품 제외", "keyword": "광물활성화물질/광물유조제첨가용세정제제조/세정제/모발/음이온/점도/방법/계면활성제/아실/술포", "document_type": "A"}, {"updateDate": "20220608", "LLno": "C", "SSno": "20499", "Stext": "그 외 기타 화학제품 제조업", "SStext": "그 외 기타 분류 안된 화학제품 제조업", "Mtext": "기타 화학제품 제조업", "Lno": "20", "ipc_main": "A61K-008/89", "Mno": "204", "country_code": "KR", "Sno": "2049", "LLtext": "제조업(10~34)", "documentId": "kr20050134121a", "application_number": "1020050134121", "Ltext": "화학 물질 및 화학제품 제조업; 의약품 제외", "keyword": "겔화제제조//해초페이스트/시릴콘/코팅/미백/방법/보습제/점증제/천연추출물", "document_type": "A"}, {"updateDate": "20220608", "LLno": "C", "SSno": "20499", "Stext": "그 외 기타 화학제품 제조업", "SStext": "그 외 기타 분류 안된 화학제품 제조업", "Mtext": "기타 화학제품 제조업", "Lno": "20", "ipc_main": "A61K-008/89", "Mno": "204", "country_code": "KR", "Sno": "2049", "LLtext": "제조업(10~34)", "documentId": "kr20050134121b1", "application_number": "1020050134121", "Ltext": "화학 물질 및 화학제품 제조업; 의약품 제외", "keyword": "겔화제제조//해초페이스트/시릴콘/코팅/미백/방법/보습제/점증제/천연추출물", "document_type": "B1"}, {"updateDate": "20220608", "LLno": "C", "SSno": "20499", "Stext": "그 외 기타 화학제품 제조업", "SStext": "그 외 기타 분류 안된 화학제품 제조업", "Mtext": "기타 화학제품 제조업", "Lno": "20", "ipc_main": "A61K-008/36", "Mno": "204", "country_code": "KR", "Sno": "2049", "LLtext": "제조업(10~34)", "documentId": "kr20067026615a", "application_number": "1020067026615", "Ltext": "화학 물질 및 화학제품 제조업; 의약품 제외", "keyword": "광물활성화물질/광물유조제첨가용세정제제조/세정제/지방산/전분/분리/방법/음이온/계면활성제/산", "document_type": "A"}, {"updateDate": "20220608", "LLno": "C", "SSno": "20499", "Stext": "그 외 기타 화학제품 제조업", "SStext": "그 외 기타 분류 안된 화학제품 제조업", "Mtext": "기타 화학제품 제조업", "Lno": "20", "ipc_main": "C01B-031/08", "Mno": "204", "country_code": "KR", "Sno": "2049", "LLtext": "제조업(10~34)", "documentId": "kr20070002071a", "application_number": "1020070002071", "Ltext": "화학 물질 및 화학제품 제조업; 의약품 제외", "keyword": "광물활성화물질/광물유조제첨가용세정제제조/활성탄/은/대나무/향균/방법/선별단계/침적단계/세척단계", "document_type": "A"}, {"updateDate": "20220608", "LLno": "C", "SSno": "20499", "Stext": "그 외 기타 화학제품 제조업", "SStext": "그 외 기타 분류 안된 화학제품 제조업", "Mtext": "기타 화학제품 제조업", "Lno": "20", "ipc_main": "C23C-022/68", "Mno": "204", "country_code": "KR", "Sno": "2049", "LLtext": "제조업(10~34)", "documentId": "kr20077015653a", "application_number": "1020077015653", "Ltext": "화학 물질 및 화학제품 제조업; 의약품 제외", "keyword": "금속표면처리용제제조/금속표면처리침지조제품제조/첨가제/페인트/카르보네이트/부식/방법/기판/할로겐/암모늄", "document_type": "A"}, {"updateDate": "20220608", "LLno": "C", "SSno": "20499", "Stext": "그 외 기타 화학제품 제조업", "SStext": "그 외 기타 분류 안된 화학제품 제조업", "Mtext": "기타 화학제품 제조업", "Lno": "20", "ipc_main": "C09K-005/20", "Mno": "204", "country_code": "KR", "Sno": "2049", "LLtext": "제조업(10~34)", "documentId": "kr20080007425u", "application_number": "2020080007425", "Ltext": "화학 물질 및 화학제품 제조업; 의약품 제외", "keyword": "가솔린첨가제제조/가솔린엔진용시동액제조/부동액/원동기/자동차/온실가스/조성물/수정/게르마늄/옥", "document_type": "U"}, {"updateDate": "20220608", "LLno": "C", "SSno": "20499", "Stext": "그 외 기타 화학제품 제조업", "SStext": "그 외 기타 분류 안된 화학제품 제조업", "Mtext": "기타 화학제품 제조업", "Lno": "20", "ipc_main": "A61K-008/97", "Mno": "204", "country_code": "KR", "Sno": "2049", "LLtext": "제조업(10~34)", "documentId": "kr20080103664a", "application_number": "1020080103664", "Ltext": "화학 물질 및 화학제품 제조업; 의약품 제외", "keyword": "광물활성화물질/광물유조제첨가용세정제제조/피부세정제/한방/식물추출물/세정력/방법/상백피/호두/샴푸", "document_type": "A"}, {"updateDate": "20220608", "LLno": "C", "SSno": "20499", "Stext": "그 외 기타 화학제품 제조업", "SStext": "그 외 기타 분류 안된 화학제품 제조업", "Mtext": "기타 화학제품 제조업", "Lno": "20", "ipc_main": "A61K-038/43", "Mno": "204", "country_code": "KR", "Sno": "2049", "LLtext": "제조업(10~34)", "documentId": "kr20087005844a", "application_number": "1020087005844", "Ltext": "화학 물질 및 화학제품 제조업; 의약품 제외", "keyword": "광물활성화물질/광물유조제첨가용세정제제조/용해제/프로테오리티쿠스/가공제/육질/방법/아미노산/프로테아제/사료", "document_type": "A"}, {"updateDate": "20220608", "LLno": "C", "SSno": "20499", "Stext": "그 외 기타 화학제품 제조업", "SStext": "그 외 기타 분류 안된 화학제품 제조업", "Mtext": "기타 화학제품 제조업", "Lno": "20", "ipc_main": "C23C-004/10", "Mno": "204", "country_code": "KR", "Sno": "2049", "LLtext": "제조업(10~34)", "documentId": "kr20087009293b1", "application_number": "1020087009293", "Ltext": "화학 물질 및 화학제품 제조업; 의약품 제외", "keyword": "금속표면처리용제제조/금속표면처리침지조제품제조/전극/전해회수/납/코팅/방법/분말형태/이산화망간/열처리", "document_type": "B1"}, {"updateDate": "20220608", "LLno": "C", "SSno": "20499", "Stext": "그 외 기타 화학제품 제조업", "SStext": "그 외 기타 분류 안된 화학제품 제조업", "Mtext": "기타 화학제품 제조업", "Lno": "20", "ipc_main": "C01B-031/08", "Mno": "204", "country_code": "KR", "Sno": "2049", "LLtext": "제조업(10~34)", "documentId": "kr20090031326b1", "application_number": "1020090031326", "Ltext": "화학 물질 및 화학제품 제조업; 의약품 제외", "keyword": "광물활성화물질/광물유조제첨가용세정제제조/활성탄소/무연탄/세퍼레이터/고품질/방법/분리단계/선별단계/건조단계", "document_type": "B1"}, {"updateDate": "20220608", "LLno": "C", "SSno": "20499", "Stext": "그 외 기타 화학제품 제조업", "SStext": "그 외 기타 분류 안된 화학제품 제조업", "Mtext": "기타 화학제품 제조업", "Lno": "20", "ipc_main": "C01B-039/04", "Mno": "204", "country_code": "KR", "Sno": "2049", "LLtext": "제조업(10~34)", "documentId": "kr20090066882b1", "application_number": "1020090066882", "Ltext": "화학 물질 및 화학제품 제조업; 의약품 제외", "keyword": "광물활성화물질/광물유조제첨가용세정제제조/제올라이트/코실리카/미세세공/수열합성/방법/알루미늄/에틸렌/글리콜", "document_type": "B1"}, {"updateDate": "20220608", "LLno": "C", "SSno": "20499", "Stext": "그 외 기타 화학제품 제조업", "SStext": "그 외 기타 분류 안된 화학제품 제조업", "Mtext": "기타 화학제품 제조업", "Lno": "20", "ipc_main": "C23C-018/20", "Mno": "204", "country_code": "KR", "Sno": "2049", "LLtext": "제조업(10~34)", "documentId": "kr20090084646b1", "application_number": "1020090084646", "Ltext": "화학 물질 및 화학제품 제조업; 의약품 제외", "keyword": "금속표면처리용제제조/금속표면처리침지조제품제조/성형체/폴리프로필렌/성형체/표면처리/방법/연마단계/에칭처리/팔라듐", "document_type": "B1"}, {"updateDate": "20220608", "LLno": "C", "SSno": "20499", "Stext": "그 외 기타 화학제품 제조업", "SStext": "그 외 기타 분류 안된 화학제품 제조업", "Mtext": "기타 화학제품 제조업", "Lno": "20", "ipc_main": "C01B-031/08", "Mno": "204", "country_code": "KR", "Sno": "2049", "LLtext": "제조업(10~34)", "documentId": "kr20090124166a", "application_number": "1020090124166", "Ltext": "화학 물질 및 화학제품 제조업; 의약품 제외", "keyword": "광물활성화물질/광물유조제첨가용세정제제조/활성탄소/무전해/구리/흡착/방법/도금/표면처리/산화", "document_type": "A"}, {"updateDate": "20220608", "LLno": "C", "SSno": "20499", "Stext": "그 외 기타 화학제품 제조업", "SStext": "그 외 기타 분류 안된 화학제품 제조업", "Mtext": "기타 화학제품 제조업", "Lno": "20", "ipc_main": "C09K-015/14", "Mno": "204", "country_code": "KR", "Sno": "2049", "LLtext": "제조업(10~34)", "documentId": "kr20090126301a", "application_number": "1020090126301", "Ltext": "화학 물질 및 화학제품 제조업; 의약품 제외", "keyword": "고무가황촉진제제조/고무용복합가소제제조/산화방지제/합성고무/티오화합물/친환경/방법/탄소수/분쇄형/알킬기", "document_type": "A"}, {"updateDate": "20220608", "LLno": "C", "SSno": "20499", "Stext": "그 외 기타 화학제품 제조업", "SStext": "그 외 기타 분류 안된 화학제품 제조업", "Mtext": "기타 화학제품 제조업", "Lno": "20", "ipc_main": "C09K-015/18", "Mno": "204", "country_code": "KR", "Sno": "2049", "LLtext": "제조업(10~34)", "documentId": "kr20097002756b1", "application_number": "1020097002756", "Ltext": "화학 물질 및 화학제품 제조업; 의약품 제외", "keyword": "금속표면처리용제제조/금속표면처리침지조제품제조/산화방지제/윤활제/디페닐아민/음이온/방법/양이온/산소/올리고머", "document_type": "B1"}, {"updateDate": "20220608", "LLno": "C", "SSno": "20499", "Stext": "그 외 기타 화학제품 제조업", "SStext": "그 외 기타 분류 안된 화학제품 제조업", "Mtext": "기타 화학제품 제조업", "Lno": "20", "ipc_main": "A61K-031/05", "Mno": "204", "country_code": "KR", "Sno": "2049", "LLtext": "제조업(10~34)", "documentId": "kr20097013050a", "application_number": "1020097013050", "Ltext": "화학 물질 및 화학제품 제조업; 의약품 제외", "keyword": "광물활성화물질/광물유조제첨가용세정제제조/유도체/트라이사이클릭/다이테르펜/관절/방법/수소/하이드록시메틸/카복시", "document_type": "A"}, {"updateDate": "20220608", "LLno": "C", "SSno": "20499", "Stext": "그 외 기타 화학제품 제조업", "SStext": "그 외 기타 분류 안된 화학제품 제조업", "Mtext": "기타 화학제품 제조업", "Lno": "20", "ipc_main": "C23C-022/30", "Mno": "204", "country_code": "KR", "Sno": "2049", "LLtext": "제조업(10~34)", "documentId": "kr20097027482a", "application_number": "1020097027482", "Ltext": "화학 물질 및 화학제품 제조업; 의약품 제외", "keyword": "금속표면처리용제제조/금속표면처리침지조제품제조/변환층/크로뮴/인산/부식/방법/이온/몰농도/코팅층", "document_type": "A"}, {"updateDate": "20220608", "LLno": "C", "SSno": "20499", "Stext": "그 외 기타 화학제품 제조업", "SStext": "그 외 기타 분류 안된 화학제품 제조업", "Mtext": "기타 화학제품 제조업", "Lno": "20", "ipc_main": "C23C-018/50", "Mno": "204", "country_code": "KR", "Sno": "2049", "LLtext": "제조업(10~34)", "documentId": "kr20100007273a", "application_number": "1020100007273", "Ltext": "화학 물질 및 화학제품 제조업; 의약품 제외", "keyword": "금속표면처리용제제조/금속표면처리침지조제품제조/도금/무전해/코발트/피막/방법/인/텅스텐/암모늄", "document_type": "A"}, {"updateDate": "20220608", "LLno": "C", "SSno": "20499", "Stext": "그 외 기타 화학제품 제조업", "SStext": "그 외 기타 분류 안된 화학제품 제조업", "Mtext": "기타 화학제품 제조업", "Lno": "20", "ipc_main": "A01N-063/00", "Mno": "204", "country_code": "KR", "Sno": "2049", "LLtext": "제조업(10~34)", "documentId": "kr20100049524b1", "application_number": "1020100049524", "Ltext": "화학 물질 및 화학제품 제조업; 의약품 제외", "keyword": "광물활성화물질/광물유조제첨가용세정제제조/생장촉진제/화훼/원예/중성토양/방법/분쇄단계/중화반응/첨가단계", "document_type": "B1"}, {"updateDate": "20220608", "LLno": "C", "SSno": "20499", "Stext": "그 외 기타 화학제품 제조업", "SStext": "그 외 기타 분류 안된 화학제품 제조업", "Mtext": "기타 화학제품 제조업", "Lno": "20", "ipc_main": "C01B-033/12", "Mno": "204", "country_code": "KR", "Sno": "2049", "LLtext": "제조업(10~34)", "documentId": "kr20100100755a", "application_number": "1020100100755", "Ltext": "화학 물질 및 화학제품 제조업; 의약품 제외", "keyword": "금속표면처리용제제조/금속표면처리침지조제품제조/촉매/알킬기/실리카/반응물질/방법/알킬기/껍질/내부", "document_type": "A"}, {"updateDate": "20220608", "LLno": "C", "SSno": "20499", "Stext": "그 외 기타 화학제품 제조업", "SStext": "그 외 기타 분류 안된 화학제품 제조업", "Mtext": "기타 화학제품 제조업", "Lno": "20", "ipc_main": "C09K-021/12", "Mno": "204", "country_code": "KR", "Sno": "2049", "LLtext": "제조업(10~34)", "documentId": "kr20107004912a", "application_number": "1020107004912", "Ltext": "화학 물질 및 화학제품 제조업; 의약품 제외", "keyword": "PVC안정제제조//첨가제/에폭시/개시제/난연제/방법/올리고/테트라키스/비스", "document_type": "A"}, {"updateDate": "20220608", "LLno": "C", "SSno": "20499", "Stext": "그 외 기타 화학제품 제조업", "SStext": "그 외 기타 분류 안된 화학제품 제조업", "Mtext": "기타 화학제품 제조업", "Lno": "20", "ipc_main": "C01B-031/12", "Mno": "204", "country_code": "KR", "Sno": "2049", "LLtext": "제조업(10~34)", "documentId": "kr20110031740b1", "application_number": "1020110031740", "Ltext": "화학 물질 및 화학제품 제조업; 의약품 제외", "keyword": "광물활성화물질/광물유조제첨가용세정제제조/활성탄/분진/가스/오염물질/방법/형성단계/도포단계/건조단계", "document_type": "B1"}, {"updateDate": "20220608", "LLno": "C", "SSno": "20499", "Stext": "그 외 기타 화학제품 제조업", "SStext": "그 외 기타 분류 안된 화학제품 제조업", "Mtext": "기타 화학제품 제조업", "Lno": "20", "ipc_main": "C09K-015/06", "Mno": "204", "country_code": "KR", "Sno": "2049", "LLtext": "제조업(10~34)", "documentId": "kr20117000281a", "application_number": "1020117000281", "Ltext": "화학 물질 및 화학제품 제조업; 의약품 제외", "keyword": "광물활성화물질/광물유조제첨가용세정제제조/유도체/환형알켄/치환/산화방지제/조성물/비치환/알킬/알콕시", "document_type": "A"}, {"updateDate": "20220608", "LLno": "C", "SSno": "20499", "Stext": "그 외 기타 화학제품 제조업", "SStext": "그 외 기타 분류 안된 화학제품 제조업", "Mtext": "기타 화학제품 제조업", "Lno": "20", "ipc_main": "C23C-018/16", "Mno": "204", "country_code": "KR", "Sno": "2049", "LLtext": "제조업(10~34)", "documentId": "kr20117005385b1", "application_number": "1020117005385", "Ltext": "화학 물질 및 화학제품 제조업; 의약품 제외", "keyword": "금속표면처리용제제조/금속표면처리침지조제품제조/도금/기판/금속입자/결함물질/방법/킬레이트제/디포지션/유체", "document_type": "B1"}, {"updateDate": "20220608", "LLno": "C", "SSno": "20499", "Stext": "그 외 기타 화학제품 제조업", "SStext": "그 외 기타 분류 안된 화학제품 제조업", "Mtext": "기타 화학제품 제조업", "Lno": "20", "ipc_main": "A61K-008/89", "Mno": "204", "country_code": "KR", "Sno": "2049", "LLtext": "제조업(10~34)", "documentId": "kr20120012615a", "application_number": "1020120012615", "Ltext": "화학 물질 및 화학제품 제조업; 의약품 제외", "keyword": "광물활성화물질/광물유조제첨가용세정제제조/화장료/페이스트/실리콘유/증점/방법/탄소 /원자수/탄화수소기", "document_type": "A"}, {"updateDate": "20220608", "LLno": "C", "SSno": "20499", "Stext": "그 외 기타 화학제품 제조업", "SStext": "그 외 기타 분류 안된 화학제품 제조업", "Mtext": "기타 화학제품 제조업", "Lno": "20", "ipc_main": "C09K-011/06", "Mno": "204", "country_code": "KR", "Sno": "2049", "LLtext": "제조업(10~34)", "documentId": "kr20120028854a", "application_number": "1020120028854", "Ltext": "화학 물질 및 화학제품 제조업; 의약품 제외", "keyword": "금속표면처리용제제조/금속표면처리침지조제품제조/미토콘드리아/과산화수소/활성감지/분포/방법/이광자/화합물/프로브", "document_type": "A"}, {"updateDate": "20220608", "LLno": "C", "SSno": "20499", "Stext": "그 외 기타 화학제품 제조업", "SStext": "그 외 기타 분류 안된 화학제품 제조업", "Mtext": "기타 화학제품 제조업", "Lno": "20", "ipc_main": "C09K-011/06", "Mno": "204", "country_code": "KR", "Sno": "2049", "LLtext": "제조업(10~34)", "documentId": "kr20127028465a", "application_number": "1020127028465", "Ltext": "화학 물질 및 화학제품 제조업; 의약품 제외", "keyword": "금속성잉크제조//개시제/유기/일렉트로닉스/용해도/방법/연결기/치환기/헤테로원자", "document_type": "A"}, {"updateDate": "20220608", "LLno": "C", "SSno": "20499", "Stext": "그 외 기타 화학제품 제조업", "SStext": "그 외 기타 분류 안된 화학제품 제조업", "Mtext": "기타 화학제품 제조업", "Lno": "20", "ipc_main": "C09K-003/14", "Mno": "204", "country_code": "KR", "Sno": "2049", "LLtext": "제조업(10~34)", "documentId": "kr20130078720b1", "application_number": "1020130078720", "Ltext": "화학 물질 및 화학제품 제조업; 의약품 제외", "keyword": "가솔린첨가제제조/가솔린엔진용시동액제조/첨가제/슬러리/액상법/산화세륨/방법/계면활성제/아미노산/폴리아크릴산", "document_type": "B1"}, {"updateDate": "20220608", "LLno": "C", "SSno": "20499", "Stext": "그 외 기타 화학제품 제조업", "SStext": "그 외 기타 분류 안된 화학제품 제조업", "Mtext": "기타 화학제품 제조업", "Lno": "20", "ipc_main": "C23C-022/07", "Mno": "204", "country_code": "KR", "Sno": "2049", "LLtext": "제조업(10~34)", "documentId": "kr20130163284a", "application_number": "1020130163284", "Ltext": "화학 물질 및 화학제품 제조업; 의약품 제외", "keyword": "금속표면처리용제제조/금속표면처리침지조제품제조/도금/크롬/인산기/콜로이달/방법/실리카/실란/커플링제", "document_type": "A"}, {"updateDate": "20220608", "LLno": "C", "SSno": "20499", "Stext": "그 외 기타 화학제품 제조업", "SStext": "그 외 기타 분류 안된 화학제품 제조업", "Mtext": "기타 화학제품 제조업", "Lno": "20", "ipc_main": "A61K-036/28", "Mno": "204", "country_code": "KR", "Sno": "2049", "LLtext": "제조업(10~34)", "documentId": "kr20137021570b1", "application_number": "1020137021570", "Ltext": "화학 물질 및 화학제품 제조업; 의약품 제외", "keyword": "광물활성화물질/광물유조제첨가용세정제제조/칼콘/디히드로칼론/모노테르펜/미백/방법/과다색소/침착/분자", "document_type": "B1"}, {"updateDate": "20220608", "LLno": "C", "SSno": "20499", "Stext": "그 외 기타 화학제품 제조업", "SStext": "그 외 기타 분류 안된 화학제품 제조업", "Mtext": "기타 화학제품 제조업", "Lno": "20", "ipc_main": "C01B-031/08", "Mno": "204", "country_code": "KR", "Sno": "2049", "LLtext": "제조업(10~34)", "documentId": "kr20140058742a", "application_number": "1020140058742", "Ltext": "화학 물질 및 화학제품 제조업; 의약품 제외", "keyword": "광물활성화물질/광물유조제첨가용세정제제조/활성탄/코크스/관능기/탄화공정/방법/분쇄공정/세정공정/건조공정", "document_type": "A"}, {"updateDate": "20220608", "LLno": "C", "SSno": "20499", "Stext": "그 외 기타 화학제품 제조업", "SStext": "그 외 기타 분류 안된 화학제품 제조업", "Mtext": "기타 화학제품 제조업", "Lno": "20", "ipc_main": "C01B-031/02", "Mno": "204", "country_code": "KR", "Sno": "2049", "LLtext": "제조업(10~34)", "documentId": "kr20140059664b1", "application_number": "1020140059664", "Ltext": "화학 물질 및 화학제품 제조업; 의약품 제외", "keyword": "금속표면처리용제제조/금속표면처리침지조제품제조/탄소나노/섬유/코발트/접착성/방법/촉매분말/침전물/교반", "document_type": "B1"}, {"updateDate": "20220608", "LLno": "C", "SSno": "20499", "Stext": "그 외 기타 화학제품 제조업", "SStext": "그 외 기타 분류 안된 화학제품 제조업", "Mtext": "기타 화학제품 제조업", "Lno": "20", "ipc_main": "C01B-031/02", "Mno": "204", "country_code": "KR", "Sno": "2049", "LLtext": "제조업(10~34)", "documentId": "kr20140070072a", "application_number": "1020140070072", "Ltext": "화학 물질 및 화학제품 제조업; 의약품 제외", "keyword": "금속표면처리용제제조/금속표면처리침지조제품제조/촉매/수소화촉매/카보나노튜브/원형유지/방법/응집체/라디칼/카르복실기", "document_type": "A"}, {"updateDate": "20220608", "LLno": "C", "SSno": "20499", "Stext": "그 외 기타 화학제품 제조업", "SStext": "그 외 기타 분류 안된 화학제품 제조업", "Mtext": "기타 화학제품 제조업", "Lno": "20", "ipc_main": "C23C-018/16", "Mno": "204", "country_code": "KR", "Sno": "2049", "LLtext": "제조업(10~34)", "documentId": "kr20140081148a", "application_number": "1020140081148", "Ltext": "화학 물질 및 화학제품 제조업; 의약품 제외", "keyword": "금속표면처리용제제조/금속표면처리침지조제품제조/촉매/금속이온/리간드/헤테로사이클릭/방법/수소/환원제/도금조", "document_type": "A"}, {"updateDate": "20220608", "LLno": "C", "SSno": "20499", "Stext": "그 외 기타 화학제품 제조업", "SStext": "그 외 기타 분류 안된 화학제품 제조업", "Mtext": "기타 화학제품 제조업", "Lno": "20", "ipc_main": "C23C-018/31", "Mno": "204", "country_code": "KR", "Sno": "2049", "LLtext": "제조업(10~34)", "documentId": "kr20140090051a", "application_number": "1020140090051", "Ltext": "화학 물질 및 화학제품 제조업; 의약품 제외", "keyword": "금속표면처리용제제조/금속표면처리침지조제품제조/촉매/금속이온/리간드/촉매활성/방법/염/수소/카복실", "document_type": "A"}, {"updateDate": "20220608", "LLno": "C", "SSno": "20499", "Stext": "그 외 기타 화학제품 제조업", "SStext": "그 외 기타 분류 안된 화학제품 제조업", "Mtext": "기타 화학제품 제조업", "Lno": "20", "ipc_main": "C01B-031/08", "Mno": "204", "country_code": "KR", "Sno": "2049", "LLtext": "제조업(10~34)", "documentId": "kr20140131199b1", "application_number": "1020140131199", "Ltext": "화학 물질 및 화학제품 제조업; 의약품 제외", "keyword": "광물활성화물질/광물유조제첨가용세정제제조/활성탄/왕겨기반/수소저장/활성탄소/방법/에탄올/알칼리/수용액", "document_type": "B1"}, {"updateDate": "20220608", "LLno": "C", "SSno": "20499", "Stext": "그 외 기타 화학제품 제조업", "SStext": "그 외 기타 분류 안된 화학제품 제조업", "Mtext": "기타 화학제품 제조업", "Lno": "20", "ipc_main": "C23C-002/00", "Mno": "204", "country_code": "KR", "Sno": "2049", "LLtext": "제조업(10~34)", "documentId": "kr20140137756b1", "application_number": "1020140137756", "Ltext": "화학 물질 및 화학제품 제조업; 의약품 제외", "keyword": "금속표면처리용제제조/금속표면처리침지조제품제조/도핑/기재필름/가이드롤러/처리조/방법/디핑롤러/노즐/저장부", "document_type": "B1"}, {"updateDate": "20220608", "LLno": "C", "SSno": "20499", "Stext": "그 외 기타 화학제품 제조업", "SStext": "그 외 기타 분류 안된 화학제품 제조업", "Mtext": "기타 화학제품 제조업", "Lno": "20", "ipc_main": "C01B-031/08", "Mno": "204", "country_code": "KR", "Sno": "2049", "LLtext": "제조업(10~34)", "documentId": "kr20140143220b1", "application_number": "1020140143220", "Ltext": "화학 물질 및 화학제품 제조업; 의약품 제외", "keyword": "광물활성화물질/광물유조제첨가용세정제제조/활성탄/리튬/염기성용액/전기적인력/방법/건조단계/도입단계/세척단계", "document_type": "B1"}, {"updateDate": "20220608", "LLno": "C", "SSno": "20499", "Stext": "그 외 기타 화학제품 제조업", "SStext": "그 외 기타 분류 안된 화학제품 제조업", "Mtext": "기타 화학제품 제조업", "Lno": "20", "ipc_main": "C09K-011/06", "Mno": "204", "country_code": "KR", "Sno": "2049", "LLtext": "제조업(10~34)", "documentId": "kr20147020698a", "application_number": "1020147020698", "Ltext": "화학 물질 및 화학제품 제조업; 의약품 제외", "keyword": "금속성잉크제조//개시제/유기/일렉트로닉스/용해도/방법/연결기/치환기/헤테로원자", "document_type": "A"}, {"updateDate": "20220608", "LLno": "C", "SSno": "20499", "Stext": "그 외 기타 화학제품 제조업", "SStext": "그 외 기타 분류 안된 화학제품 제조업", "Mtext": "기타 화학제품 제조업", "Lno": "20", "ipc_main": "C23C-002/38", "Mno": "204", "country_code": "KR", "Sno": "2049", "LLtext": "제조업(10~34)", "documentId": "kr20150033194b1", "application_number": "1020150033194", "Ltext": "화학 물질 및 화학제품 제조업; 의약품 제외", "keyword": "금속표면처리용제제조/금속표면처리침지조제품제조/도금/기타/와이어/밀착성/방법/불순물/구리/아연", "document_type": "B1"}, {"updateDate": "20220608", "LLno": "C", "SSno": "20499", "Stext": "그 외 기타 화학제품 제조업", "SStext": "그 외 기타 분류 안된 화학제품 제조업", "Mtext": "기타 화학제품 제조업", "Lno": "20", "ipc_main": "A61K-031/19", "Mno": "204", "country_code": "KR", "Sno": "2049", "LLtext": "제조업(10~34)", "documentId": "kr20150066852a", "application_number": "1020150066852", "Ltext": "화학 물질 및 화학제품 제조업; 의약품 제외", "keyword": "광물유조제첨가용세정제제조/광물활성화물질/디테르펜류/유효성분/내성/약학/조성물/화학물/염/결핵치료", "document_type": "A"}, {"updateDate": "20220608", "LLno": "C", "SSno": "20499", "Stext": "그 외 기타 화학제품 제조업", "SStext": "그 외 기타 분류 안된 화학제품 제조업", "Mtext": "기타 화학제품 제조업", "Lno": "20", "ipc_main": "A01N-065/08", "Mno": "204", "country_code": "KR", "Sno": "2049", "LLtext": "제조업(10~34)", "documentId": "kr20150077657a", "application_number": "1020150077657", "Ltext": "화학 물질 및 화학제품 제조업; 의약품 제외", "keyword": "광물유조제첨가용세정제제조//스프레이/소독제/제균/향균력/방법/무수에탄올/유칼립투스/티트리", "document_type": "A"}, {"updateDate": "20220608", "LLno": "C", "SSno": "20499", "Stext": "그 외 기타 화학제품 제조업", "SStext": "그 외 기타 분류 안된 화학제품 제조업", "Mtext": "기타 화학제품 제조업", "Lno": "20", "ipc_main": "C09K-021/02", "Mno": "204", "country_code": "KR", "Sno": "2049", "LLtext": "제조업(10~34)", "documentId": "kr20150077818b1", "application_number": "1020150077818", "Ltext": "화학 물질 및 화학제품 제조업; 의약품 제외", "keyword": "광물유조제첨가용세정제제조/광물활성화물질/방염제/붕산/인산마그네슘/암모니아수/방법/교반기/과붕산/나노용액", "document_type": "B1"}, {"updateDate": "20220608", "LLno": "C", "SSno": "20499", "Stext": "그 외 기타 화학제품 제조업", "SStext": "그 외 기타 분류 안된 화학제품 제조업", "Mtext": "기타 화학제품 제조업", "Lno": "20", "ipc_main": "C01B-003/56", "Mno": "204", "country_code": "KR", "Sno": "2049", "LLtext": "제조업(10~34)", "documentId": "kr20150095417a", "application_number": "1020150095417", "Ltext": "화학 물질 및 화학제품 제조업; 의약품 제외", "keyword": "금속표면처리용제제조/금속표면처리침지조제품제조/도금분리막/폴리벤즈이미다졸계/고분자/지지체/방법/필라듐/무전해/산소", "document_type": "A"}, {"updateDate": "20220608", "LLno": "C", "SSno": "20499", "Stext": "그 외 기타 화학제품 제조업", "SStext": "그 외 기타 분류 안된 화학제품 제조업", "Mtext": "기타 화학제품 제조업", "Lno": "20", "ipc_main": "A61K-039/395", "Mno": "204", "country_code": "KR", "Sno": "2049", "LLtext": "제조업(10~34)", "documentId": "kr20150110694a", "application_number": "1020150110694", "Ltext": "화학 물질 및 화학제품 제조업; 의약품 제외", "keyword": "고무가황촉진제제조//촉진제/RIP3/단백질/항암/방법/활성화제/탈메틸화제/약학조성물", "document_type": "A"}, {"updateDate": "20220608", "LLno": "C", "SSno": "20499", "Stext": "그 외 기타 화학제품 제조업", "SStext": "그 외 기타 분류 안된 화학제품 제조업", "Mtext": "기타 화학제품 제조업", "Lno": "20", "ipc_main": "H01M-004/90", "Mno": "204", "country_code": "KR", "Sno": "2049", "LLtext": "제조업(10~34)", "documentId": "kr20150180182a", "application_number": "1020150180182", "Ltext": "화학 물질 및 화학제품 제조업; 의약품 제외", "keyword": "금속표면처리용제제조/금속표면처리침지조제품제조/순환촉매/액체/연료전지/전해질/방법/산화전국/환원전극/적층구조", "document_type": "A"}, {"updateDate": "20220608", "LLno": "C", "SSno": "20499", "Stext": "그 외 기타 화학제품 제조업", "SStext": "그 외 기타 분류 안된 화학제품 제조업", "Mtext": "기타 화학제품 제조업", "Lno": "20", "ipc_main": "C01B-003/04", "Mno": "204", "country_code": "KR", "Sno": "2049", "LLtext": "제조업(10~34)", "documentId": "kr20157033393a", "application_number": "1020157033393", "Ltext": "화학 물질 및 화학제품 제조업; 의약품 제외", "keyword": "광물활성화물질/광물유조제첨가용세정제제조/암모니아/다이머/트리머/수소생산/방법/음이온/모이어티/할로알킬", "document_type": "A"}, {"updateDate": "20220608", "LLno": "C", "SSno": "20499", "Stext": "그 외 기타 화학제품 제조업", "SStext": "그 외 기타 분류 안된 화학제품 제조업", "Mtext": "기타 화학제품 제조업", "Lno": "20", "ipc_main": "C01B-031/08", "Mno": "204", "country_code": "KR", "Sno": "2049", "LLtext": "제조업(10~34)", "documentId": "kr20160022772b1", "application_number": "1020160022772", "Ltext": "화학 물질 및 화학제품 제조업; 의약품 제외", "keyword": "광물활성화물질/광물유조제첨가용세정제제조/활성탄/활성탄소/표면/기공/방법/전구체/열처리/분쇄", "document_type": "B1"}, {"updateDate": "20220608", "LLno": "C", "SSno": "20499", "Stext": "그 외 기타 화학제품 제조업", "SStext": "그 외 기타 분류 안된 화학제품 제조업", "Mtext": "기타 화학제품 제조업", "Lno": "20", "ipc_main": "C01B-031/02", "Mno": "204", "country_code": "KR", "Sno": "2049", "LLtext": "제조업(10~34)", "documentId": "kr20160027154a", "application_number": "1020160027154", "Ltext": "화학 물질 및 화학제품 제조업; 의약품 제외", "keyword": "가솔린첨가제제조/가솔린엔진용시동액제조/접합체/그래핀/탄소/나노/방법/아민기/고분자층/튜브", "document_type": "A"}, {"updateDate": "20220608", "LLno": "C", "SSno": "20499", "Stext": "그 외 기타 화학제품 제조업", "SStext": "그 외 기타 분류 안된 화학제품 제조업", "Mtext": "기타 화학제품 제조업", "Lno": "20", "ipc_main": "A61K-008/89", "Mno": "204", "country_code": "KR", "Sno": "2049", "LLtext": "제조업(10~34)", "documentId": "kr20160113950a", "application_number": "1020160113950", "Ltext": "화학 물질 및 화학제품 제조업; 의약품 제외", "keyword": "겔화제제조//에어로겔/피부외용제/외용제/페이스트/조성물/알킬기/실릴옥시기/수소", "document_type": "A"}, {"updateDate": "20220608", "LLno": "C", "SSno": "20499", "Stext": "그 외 기타 화학제품 제조업", "SStext": "그 외 기타 분류 안된 화학제품 제조업", "Mtext": "기타 화학제품 제조업", "Lno": "20", "ipc_main": "C01B-039/06", "Mno": "204", "country_code": "KR", "Sno": "2049", "LLtext": "제조업(10~34)", "documentId": "kr20160163363b1", "application_number": "1020160163363", "Ltext": "화학 물질 및 화학제품 제조업; 의약품 제외", "keyword": "광물활성화물질/광물유조제첨가용세정제제조/제올라이트/특정비율/결합도/슬러리/방법/구리/건조/스펙트럼", "document_type": "B1"}, {"updateDate": "20220608", "LLno": "C", "SSno": "20499", "Stext": "그 외 기타 화학제품 제조업", "SStext": "그 외 기타 분류 안된 화학제품 제조업", "Mtext": "기타 화학제품 제조업", "Lno": "20", "ipc_main": "C23C-018/18", "Mno": "204", "country_code": "KR", "Sno": "2049", "LLtext": "제조업(10~34)", "documentId": "kr20167013368a", "application_number": "1020167013368", "Ltext": "화학 물질 및 화학제품 제조업; 의약품 제외", "keyword": "금속표면처리용제제조/금속표면처리침지조제품제조/도금/회로/전처리액/박막/방법/귀금속/콜로이드/나노입자", "document_type": "A"}, {"updateDate": "20220608", "LLno": "C", "SSno": "20499", "Stext": "그 외 기타 화학제품 제조업", "SStext": "그 외 기타 분류 안된 화학제품 제조업", "Mtext": "기타 화학제품 제조업", "Lno": "20", "ipc_main": "A61K-031/397", "Mno": "204", "country_code": "KR", "Sno": "2049", "LLtext": "제조업(10~34)", "documentId": "kr20167023717a", "application_number": "1020167023717", "Ltext": "화학 물질 및 화학제품 제조업; 의약품 제외", "keyword": "광물활성화물질/광물유조제첨가용세정제제조/촉진제/알킬에테르/염/재활/조성물/수소원자/할로겐원자/아미노기", "document_type": "A"}, {"updateDate": "20220608", "LLno": "C", "SSno": "20499", "Stext": "그 외 기타 화학제품 제조업", "SStext": "그 외 기타 분류 안된 화학제품 제조업", "Mtext": "기타 화학제품 제조업", "Lno": "20", "ipc_main": "C23C-002/02", "Mno": "204", "country_code": "KR", "Sno": "2049", "LLtext": "제조업(10~34)", "documentId": "kr20170001450b1", "application_number": "1020170001450", "Ltext": "화학 물질 및 화학제품 제조업; 의약품 제외", "keyword": "금속표면처리용제제조/금속표면처리침지조제품제조/도금/볼트/너트류/쇼트공정/방법/자동차용/볼트/크로메이드공정", "document_type": "B1"}, {"updateDate": "20220608", "LLno": "C", "SSno": "20499", "Stext": "그 외 기타 화학제품 제조업", "SStext": "그 외 기타 분류 안된 화학제품 제조업", "Mtext": "기타 화학제품 제조업", "Lno": "20", "ipc_main": "C01B-032/30", "Mno": "204", "country_code": "KR", "Sno": "2049", "LLtext": "제조업(10~34)", "documentId": "kr20170077773b1", "application_number": "1020170077773", "Ltext": "화학 물질 및 화학제품 제조업; 의약품 제외", "keyword": "광물활성화물질/광물유조제첨가용세정제제조/활성탄/분무함침/금속염/흡착량/방법/구리염/아연염/탄산염", "document_type": "B1"}, {"updateDate": "20220608", "LLno": "C", "SSno": "20499", "Stext": "그 외 기타 화학제품 제조업", "SStext": "그 외 기타 분류 안된 화학제품 제조업", "Mtext": "기타 화학제품 제조업", "Lno": "20", "ipc_main": "C01B-039/48", "Mno": "204", "country_code": "KR", "Sno": "2049", "LLtext": "제조업(10~34)", "documentId": "kr20170104859b1", "application_number": "1020170104859", "Ltext": "화학 물질 및 화학제품 제조업; 의약품 제외", "keyword": "금속표면처리용제제조/금속표면처리침지조제품제조/촉매/제올라이트/알루미노실리케이트/부텐/방법/회절패턴/X선튜브/구리", "document_type": "B1"}, {"updateDate": "20220608", "LLno": "C", "SSno": "20499", "Stext": "그 외 기타 화학제품 제조업", "SStext": "그 외 기타 분류 안된 화학제품 제조업", "Mtext": "기타 화학제품 제조업", "Lno": "20", "ipc_main": "C09K-005/20", "Mno": "204", "country_code": "KR", "Sno": "2049", "LLtext": "제조업(10~34)", "documentId": "kr20177024175a", "application_number": "1020177024175", "Ltext": "화학 물질 및 화학제품 제조업; 의약품 제외", "keyword": "가솔린첨가제제조/가솔린엔진용시동액제조/첨가제/슈퍼/농축물/열전달/조성물/물/강하제/인산", "document_type": "A"}, {"updateDate": "20220608", "LLno": "C", "SSno": "20499", "Stext": "그 외 기타 화학제품 제조업", "SStext": "그 외 기타 분류 안된 화학제품 제조업", "Mtext": "기타 화학제품 제조업", "Lno": "20", "ipc_main": "C23C-016/34", "Mno": "204", "country_code": "KR", "Sno": "2049", "LLtext": "제조업(10~34)", "documentId": "kr20177029162a", "application_number": "1020177029162", "Ltext": "화학 물질 및 화학제품 제조업; 의약품 제외", "keyword": "광물활성화물질/광물유조제첨가용세정제제조/카보실란/암모니아/아민/탈수소화/조성물/알킬기/아릴/헤테로사이클", "document_type": "A"}, {"updateDate": "20220608", "LLno": "C", "SSno": "20499", "Stext": "그 외 기타 화학제품 제조업", "SStext": "그 외 기타 분류 안된 화학제품 제조업", "Mtext": "기타 화학제품 제조업", "Lno": "20", "ipc_main": "C23C-022/07", "Mno": "204", "country_code": "KR", "Sno": "2049", "LLtext": "제조업(10~34)", "documentId": "kr20180045676a", "application_number": "1020180045676", "Ltext": "화학 물질 및 화학제품 제조업; 의약품 제외", "keyword": "금속표면처리용제제조/금속표면처리침지조제품제조/박막/인산염/촉매전극/음이온/방법/산성수용액/코팅용액/니켈", "document_type": "A"}, {"updateDate": "20220608", "LLno": "C", "SSno": "20499", "Stext": "그 외 기타 화학제품 제조업", "SStext": "그 외 기타 분류 안된 화학제품 제조업", "Mtext": "기타 화학제품 제조업", "Lno": "20", "ipc_main": "C09K-021/12", "Mno": "204", "country_code": "KR", "Sno": "2049", "LLtext": "제조업(10~34)", "documentId": "kr20180076390a", "application_number": "1020180076390", "Ltext": "화학 물질 및 화학제품 제조업; 의약품 제외", "keyword": "광물활성화물질/광물유조제첨가용세정제제조/방염제/목재패널/친환경/조성비/방법/포스페이트/포스포닉산/계면활성제", "document_type": "A"}, {"updateDate": "20220608", "LLno": "C", "SSno": "20499", "Stext": "그 외 기타 화학제품 제조업", "SStext": "그 외 기타 분류 안된 화학제품 제조업", "Mtext": "기타 화학제품 제조업", "Lno": "20", "ipc_main": "C23C-018/20", "Mno": "204", "country_code": "KR", "Sno": "2049", "LLtext": "제조업(10~34)", "documentId": "kr20180090138a", "application_number": "1020180090138", "Ltext": "화학 물질 및 화학제품 제조업; 의약품 제외", "keyword": "금속표면처리용제제조/금속표면처리침지조제품제조/성형품도금/용융온도/탈지공정/상품성/방법/에칭공정/수세공정/증화공정", "document_type": "A"}, {"updateDate": "20220608", "LLno": "C", "SSno": "20499", "Stext": "그 외 기타 화학제품 제조업", "SStext": "그 외 기타 분류 안된 화학제품 제조업", "Mtext": "기타 화학제품 제조업", "Lno": "20", "ipc_main": "C23C-018/40", "Mno": "204", "country_code": "KR", "Sno": "2049", "LLtext": "제조업(10~34)", "documentId": "kr20180110223a", "application_number": "1020180110223", "Ltext": "화학 물질 및 화학제품 제조업; 의약품 제외", "keyword": "금속표면처리용제제조/금속표면처리침지조제품제조/구리도금/무전해/촉매/안정성/조성물/구리이온/환원제/pH조절제", "document_type": "A"}, {"updateDate": "20220608", "LLno": "C", "SSno": "20499", "Stext": "그 외 기타 화학제품 제조업", "SStext": "그 외 기타 분류 안된 화학제품 제조업", "Mtext": "기타 화학제품 제조업", "Lno": "20", "ipc_main": "C01B-032/312", "Mno": "204", "country_code": "KR", "Sno": "2049", "LLtext": "제조업(10~34)", "documentId": "kr20180127374b1", "application_number": "1020180127374", "Ltext": "화학 물질 및 화학제품 제조업; 의약품 제외", "keyword": "광물활성화물질/광물유조제첨가용세정제제조/활성탄/수처리/원료파쇄/전처리/방법/건조단계/가압단계/롤러가이드", "document_type": "B1"}, {"updateDate": "20220608", "LLno": "C", "SSno": "20499", "Stext": "그 외 기타 화학제품 제조업", "SStext": "그 외 기타 분류 안된 화학제품 제조업", "Mtext": "기타 화학제품 제조업", "Lno": "20", "ipc_main": "C09K-013/06", "Mno": "204", "country_code": "KR", "Sno": "2049", "LLtext": "제조업(10~34)", "documentId": "kr20180128248a", "application_number": "1020180128248", "Ltext": "화학 물질 및 화학제품 제조업; 의약품 제외", "keyword": "금속표면처리용제제조/금속표면처리침지조제품제조/첨가제/식각/산화막/질화막/조성물/무수인산/실란화합물/수소", "document_type": "A"}, {"updateDate": "20220608", "LLno": "C", "SSno": "20499", "Stext": "그 외 기타 화학제품 제조업", "SStext": "그 외 기타 분류 안된 화학제품 제조업", "Mtext": "기타 화학제품 제조업", "Lno": "20", "ipc_main": "C23C-018/18", "Mno": "204", "country_code": "KR", "Sno": "2049", "LLtext": "제조업(10~34)", "documentId": "kr20187024683a", "application_number": "1020187024683", "Ltext": "화학 물질 및 화학제품 제조업; 의약품 제외", "keyword": "금속표면처리용제제조/금속표면처리침지조제품제조/하지제/도금/저비용화/내열성/조성물/수소원자/에테르결합/아미드결합", "document_type": "A"}, {"updateDate": "20220608", "LLno": "C", "SSno": "20499", "Stext": "그 외 기타 화학제품 제조업", "SStext": "그 외 기타 분류 안된 화학제품 제조업", "Mtext": "기타 화학제품 제조업", "Lno": "20", "ipc_main": "C01B-039/48", "Mno": "204", "country_code": "KR", "Sno": "2049", "LLtext": "제조업(10~34)", "documentId": "kr20187025359a", "application_number": "1020187025359", "Ltext": "화학 물질 및 화학제품 제조업; 의약품 제외", "keyword": "금속표면처리용제제조/금속표면처리침지조제품제조/촉매/철/제올라이트/물/방법/알칼리/회수단계/하소단계", "document_type": "A"}, {"updateDate": "20220608", "LLno": "C", "SSno": "20499", "Stext": "그 외 기타 화학제품 제조업", "SStext": "그 외 기타 분류 안된 화학제품 제조업", "Mtext": "기타 화학제품 제조업", "Lno": "20", "ipc_main": "C01B-032/914", "Mno": "204", "country_code": "KR", "Sno": "2049", "LLtext": "제조업(10~34)", "documentId": "kr20190010409a", "application_number": "1020190010409", "Ltext": "화학 물질 및 화학제품 제조업; 의약품 제외", "keyword": "광물활성화물질/광물유조제첨가용세정제제조/탄화물/수소생성/전기화학/촉매/방법/멕신제조/열처리/산처리", "document_type": "A"}, {"updateDate": "20220608", "LLno": "C", "SSno": "20499", "Stext": "그 외 기타 화학제품 제조업", "SStext": "그 외 기타 분류 안된 화학제품 제조업", "Mtext": "기타 화학제품 제조업", "Lno": "20", "ipc_main": "H01M-008/1051", "Mno": "204", "country_code": "KR", "Sno": "2049", "LLtext": "제조업(10~34)", "documentId": "kr20190036420a", "application_number": "1020190036420", "Ltext": "화학 물질 및 화학제품 제조업; 의약품 제외", "keyword": "PVC안정제제조//산화방지제/고분자/전해질막 /연료전지/방법/열처리/사마륨/산화물", "document_type": "A"}, {"updateDate": "20220608", "LLno": "C", "SSno": "20499", "Stext": "그 외 기타 화학제품 제조업", "SStext": "그 외 기타 분류 안된 화학제품 제조업", "Mtext": "기타 화학제품 제조업", "Lno": "20", "ipc_main": "C01B-032/342", "Mno": "204", "country_code": "KR", "Sno": "2049", "LLtext": "제조업(10~34)", "documentId": "kr20190048628a", "application_number": "1020190048628", "Ltext": "화학 물질 및 화학제품 제조업; 의약품 제외", "keyword": "광물활성화물질/광물유조제첨가용세정제제조/활성탄/저온/전극/수퍼캐패시터/방법/탄화단계/세슘/탄소", "document_type": "A"}, {"updateDate": "20220608", "LLno": "C", "SSno": "20499", "Stext": "그 외 기타 화학제품 제조업", "SStext": "그 외 기타 분류 안된 화학제품 제조업", "Mtext": "기타 화학제품 제조업", "Lno": "20", "ipc_main": "C01B-021/076", "Mno": "204", "country_code": "KR", "Sno": "2049", "LLtext": "제조업(10~34)", "documentId": "kr20190060493a", "application_number": "1020190060493", "Ltext": "화학 물질 및 화학제품 제조업; 의약품 제외", "keyword": "광물활성화물질/광물유조제첨가용세정제제조/전기촉매/홀/티타늄/질화물/방법/나노시트/질화물/하이브리드", "document_type": "A"}, {"updateDate": "20220608", "LLno": "C", "SSno": "20499", "Stext": "그 외 기타 화학제품 제조업", "SStext": "그 외 기타 분류 안된 화학제품 제조업", "Mtext": "기타 화학제품 제조업", "Lno": "20", "ipc_main": "C23C-018/52", "Mno": "204", "country_code": "KR", "Sno": "2049", "LLtext": "제조업(10~34)", "documentId": "kr20197018878a", "application_number": "1020197018878", "Ltext": "화학 물질 및 화학제품 제조업; 의약품 제외", "keyword": "금속표면처리용제제조/금속표면처리침지조제품제조/도금조/침착/착화제/질소/방법/주석이온/환원/티타늄이온", "document_type": "A"}, {"updateDate": "20220608", "LLno": "C", "SSno": "20499", "Stext": "그 외 기타 화학제품 제조업", "SStext": "그 외 기타 분류 안된 화학제품 제조업", "Mtext": "기타 화학제품 제조업", "Lno": "20", "ipc_main": "C23C-018/16", "Mno": "204", "country_code": "KR", "Sno": "2049", "LLtext": "제조업(10~34)", "documentId": "kr20200111321b1", "application_number": "1020200111321", "Ltext": "화학 물질 및 화학제품 제조업; 의약품 제외", "keyword": "금속표면처리용제제조/금속표면처리침지조제품제조/도금/레이저/무전해/투광성/방법/성형단계/중화단계/촉매단계", "document_type": "B1"}, {"updateDate": "20220608", "LLno": "C", "SSno": "20499", "Stext": "그 외 기타 화학제품 제조업", "SStext": "그 외 기타 분류 안된 화학제품 제조업", "Mtext": "기타 화학제품 제조업", "Lno": "20", "ipc_main": "C23C-018/18", "Mno": "204", "country_code": "KR", "Sno": "2049", "LLtext": "제조업(10~34)", "documentId": "kr20200141153a", "application_number": "1020200141153", "Ltext": "화학 물질 및 화학제품 제조업; 의약품 제외", "keyword": "금속표면처리용제제조/금속표면처리침지조제품제조/도금/구리/무전해/질소화합물/방법/기판제공/촉매적용/아미노", "document_type": "A"}, {"updateDate": "20220608", "LLno": "C", "SSno": "20499", "Stext": "그 외 기타 화학제품 제조업", "SStext": "그 외 기타 분류 안된 화학제품 제조업", "Mtext": "기타 화학제품 제조업", "Lno": "20", "ipc_main": "C01B-032/30", "Mno": "204", "country_code": "KR", "Sno": "2049", "LLtext": "제조업(10~34)", "documentId": "kr20207009301a", "application_number": "1020207009301", "Ltext": "화학 물질 및 화학제품 제조업; 의약품 제외", "keyword": "광물활성화물질/광물유조제첨가용세정제제조/탄소/고성능/성능구비/수율/방법/비표면적/구형/활성탄", "document_type": "A"}, {"updateDate": "20220608", "LLno": "C", "SSno": "20499", "Stext": "그 외 기타 화학제품 제조업", "SStext": "그 외 기타 분류 안된 화학제품 제조업", "Mtext": "기타 화학제품 제조업", "Lno": "20", "ipc_main": "C23C-002/06", "Mno": "204", "country_code": "KR", "Sno": "2049", "LLtext": "제조업(10~34)", "documentId": "kr20207034529a", "application_number": "1020207034529", "Ltext": "화학 물질 및 화학제품 제조업; 의약품 제외", "keyword": "금속표면처리용제제조/금속표면처리침지조제품제조/강판/도금층/용융/화학성분/방법/직선부/곡선부/도형", "document_type": "A"}, {"updateDate": "20220608", "LLno": "C", "SSno": "20499", "Stext": "그 외 기타 화학제품 제조업", "SStext": "그 외 기타 분류 안된 화학제품 제조업", "Mtext": "기타 화학제품 제조업", "Lno": "20", "ipc_main": "C23C-018/40", "Mno": "204", "country_code": "KR", "Sno": "2049", "LLtext": "제조업(10~34)", "documentId": "kr20217000449a", "application_number": "1020217000449", "Ltext": "화학 물질 및 화학제품 제조업; 의약품 제외", "keyword": "금속표면처리용제제조/금속표면처리침지조제품제조/도금/무전해/구리/이온/방법/환원제/착물화제/합금", "document_type": "A"}, {"updateDate": "20220608", "LLno": "C", "SSno": "20499", "Stext": "그 외 기타 화학제품 제조업", "SStext": "그 외 기타 분류 안된 화학제품 제조업", "Mtext": "기타 화학제품 제조업", "Lno": "20", "ipc_main": "A23D-007/005", "Mno": "204", "country_code": "KR", "Sno": "2049", "LLtext": "제조업(10~34)", "documentId": "kr20217003229a", "application_number": "1020217003229", "Ltext": "화학 물질 및 화학제품 제조업; 의약품 제외", "keyword": "검화방지제제조/검화억제제제조/유화액/산화방지제/동물지질/식물지질/조성물/비혼화성/계면/입자", "document_type": "A"}]}