{"dataset": [{"updateDate": "20220608", "LLno": "C", "SSno": "26322", "Stext": "기억 장치 및 주변 기기 제조업", "SStext": "컴퓨터 모니터 제조업", "Mtext": "컴퓨터 및 주변 장치 제조업", "Lno": "26", "ipc_main": "H04N-005/64", "Mno": "263", "country_code": "KR", "Sno": "2632", "LLtext": "제조업(10~34)", "documentId": "kr19960024759u", "application_number": "2019960024759", "Ltext": "전자 부품, 컴퓨터, 영상, 음향 및 통신장비 제조업", "keyword": "모니터제조//프론트커버조립구조//손쉽게조립/생산성향상/장치/장착홀/원추형테이퍼면/걸림턱", "document_type": "U"}, {"updateDate": "20220608", "LLno": "C", "SSno": "26322", "Stext": "기억 장치 및 주변 기기 제조업", "SStext": "컴퓨터 모니터 제조업", "Mtext": "컴퓨터 및 주변 장치 제조업", "Lno": "26", "ipc_main": "H04N-005/65", "Mno": "263", "country_code": "KR", "Sno": "2632", "LLtext": "제조업(10~34)", "documentId": "kr19960041903u", "application_number": "2019960041903", "Ltext": "전자 부품, 컴퓨터, 영상, 음향 및 통신장비 제조업", "keyword": "모니터제조//이동손잡이홈/용이이동/다용도사용/작업능률향상/장치/오목홈/제1홈/틸트부재", "document_type": "U"}, {"updateDate": "20220608", "LLno": "C", "SSno": "26322", "Stext": "기억 장치 및 주변 기기 제조업", "SStext": "컴퓨터 모니터 제조업", "Mtext": "컴퓨터 및 주변 장치 제조업", "Lno": "26", "ipc_main": "H04N-005/63", "Mno": "263", "country_code": "KR", "Sno": "2632", "LLtext": "제조업(10~34)", "documentId": "kr19960045517u", "application_number": "2019960045517", "Ltext": "전자 부품, 컴퓨터, 영상, 음향 및 통신장비 제조업", "keyword": "모니터제조//절전회로/하이신호턴온//자동오프/장치/수신부/절환수단/전원스위칭부", "document_type": "U"}, {"updateDate": "20220608", "LLno": "C", "SSno": "26322", "Stext": "기억 장치 및 주변 기기 제조업", "SStext": "컴퓨터 모니터 제조업", "Mtext": "컴퓨터 및 주변 장치 제조업", "Lno": "26", "ipc_main": "G06F-001/16", "Mno": "263", "country_code": "KR", "Sno": "2632", "LLtext": "제조업(10~34)", "documentId": "kr19960057150u", "application_number": "2019960057150", "Ltext": "전자 부품, 컴퓨터, 영상, 음향 및 통신장비 제조업", "keyword": "LCD모니터제조/컴퓨터모니터(터치스크린)제조/듀얼디스플레이/180펼침/다수상담/다수설문조사/장치/터치판넬부/CPU부/프레임버퍼부", "document_type": "U"}, {"updateDate": "20220608", "LLno": "C", "SSno": "26322", "Stext": "기억 장치 및 주변 기기 제조업", "SStext": "컴퓨터 모니터 제조업", "Mtext": "컴퓨터 및 주변 장치 제조업", "Lno": "26", "ipc_main": "G06F-003/16", "Mno": "263", "country_code": "KR", "Sno": "2632", "LLtext": "제조업(10~34)", "documentId": "kr19960057212u", "application_number": "2019960057212", "Ltext": "전자 부품, 컴퓨터, 영상, 음향 및 통신장비 제조업", "keyword": "모니터제조/컴퓨터모니터제조/오디오데이터/케이블/원가절감/사용편리/장치/오디오모듈/출력커넥터/스피커", "document_type": "U"}, {"updateDate": "20220608", "LLno": "C", "SSno": "26322", "Stext": "기억 장치 및 주변 기기 제조업", "SStext": "컴퓨터 모니터 제조업", "Mtext": "컴퓨터 및 주변 장치 제조업", "Lno": "26", "ipc_main": "G06F-003/14", "Mno": "263", "country_code": "KR", "Sno": "2632", "LLtext": "제조업(10~34)", "documentId": "kr19960062333u", "application_number": "2019960062333", "Ltext": "전자 부품, 컴퓨터, 영상, 음향 및 통신장비 제조업", "keyword": "LCD모니터제조/액정모니터제조/본체일체/일체결합/제품축소/경량화/장치/안착홈/액정화면/커버", "document_type": "U"}, {"updateDate": "20220608", "LLno": "C", "SSno": "26322", "Stext": "기억 장치 및 주변 기기 제조업", "SStext": "컴퓨터 모니터 제조업", "Mtext": "컴퓨터 및 주변 장치 제조업", "Lno": "26", "ipc_main": "G06F-001/16", "Mno": "263", "country_code": "KR", "Sno": "2632", "LLtext": "제조업(10~34)", "documentId": "kr19970018217u", "application_number": "2019970018217", "Ltext": "전자 부품, 컴퓨터, 영상, 음향 및 통신장비 제조업", "keyword": "모니터제조/컴퓨터모니터제조/모니터구조/전원직접공급/사용상편의성제공/주변물품제조비용절감/장치/개폐레버/전원접촉부재/리턴스프링", "document_type": "U"}, {"updateDate": "20220608", "LLno": "C", "SSno": "26322", "Stext": "기억 장치 및 주변 기기 제조업", "SStext": "컴퓨터 모니터 제조업", "Mtext": "컴퓨터 및 주변 장치 제조업", "Lno": "26", "ipc_main": "G06F-003/037", "Mno": "263", "country_code": "KR", "Sno": "2632", "LLtext": "제조업(10~34)", "documentId": "kr19970020165u", "application_number": "2019970020165", "Ltext": "전자 부품, 컴퓨터, 영상, 음향 및 통신장비 제조업", "keyword": "음극선관모니터제조/컴퓨터모니터제조/모니터//높이조절/편한자세사용/장치/승강부재/회전부재/받침대", "document_type": "U"}, {"updateDate": "20220608", "LLno": "C", "SSno": "26322", "Stext": "기억 장치 및 주변 기기 제조업", "SStext": "컴퓨터 모니터 제조업", "Mtext": "컴퓨터 및 주변 장치 제조업", "Lno": "26", "ipc_main": "G06F-003/033", "Mno": "263", "country_code": "KR", "Sno": "2632", "LLtext": "제조업(10~34)", "documentId": "kr19970036106u", "application_number": "2019970036106", "Ltext": "전자 부품, 컴퓨터, 영상, 음향 및 통신장비 제조업", "keyword": "모니터제조/컴퓨터모니터제조/부착형마우스/직접연결/사용편리/연결부분정리/장치/모니터연결선/신호연결선/마우스", "document_type": "U"}, {"updateDate": "20220608", "LLno": "C", "SSno": "26322", "Stext": "기억 장치 및 주변 기기 제조업", "SStext": "컴퓨터 모니터 제조업", "Mtext": "컴퓨터 및 주변 장치 제조업", "Lno": "26", "ipc_main": "H04N-005/655", "Mno": "263", "country_code": "KR", "Sno": "2632", "LLtext": "제조업(10~34)", "documentId": "kr19970040036u", "application_number": "2019970040036", "Ltext": "전자 부품, 컴퓨터, 영상, 음향 및 통신장비 제조업", "keyword": "모니터제조//뷰각도조정/회전각도량한정/텐션력부가/흔들리지않음/장치/텐션부/스톱퍼/홈", "document_type": "U"}, {"updateDate": "20220608", "LLno": "C", "SSno": "26322", "Stext": "기억 장치 및 주변 기기 제조업", "SStext": "컴퓨터 모니터 제조업", "Mtext": "컴퓨터 및 주변 장치 제조업", "Lno": "26", "ipc_main": "H04N-005/64", "Mno": "263", "country_code": "KR", "Sno": "2632", "LLtext": "제조업(10~34)", "documentId": "kr19970043419u", "application_number": "2019970043419", "Ltext": "전자 부품, 컴퓨터, 영상, 음향 및 통신장비 제조업", "keyword": "모니터제조/컴퓨터모니터제조/각도자동조절장치/신호판단/모터구동/상하좌우각도제어/장치/마이컴/스텝모터1/스텝모터2", "document_type": "U"}, {"updateDate": "20220608", "LLno": "C", "SSno": "26322", "Stext": "기억 장치 및 주변 기기 제조업", "SStext": "컴퓨터 모니터 제조업", "Mtext": "컴퓨터 및 주변 장치 제조업", "Lno": "26", "ipc_main": "G06F-003/033", "Mno": "263", "country_code": "KR", "Sno": "2632", "LLtext": "제조업(10~34)", "documentId": "kr19980011407y1", "application_number": "2019980011407", "Ltext": "전자 부품, 컴퓨터, 영상, 음향 및 통신장비 제조업", "keyword": "모니터제조//결합장치/다른규격체결부/각각결합//장치/연결브라켓/아암부재/결합부", "document_type": "Y1"}, {"updateDate": "20220608", "LLno": "C", "SSno": "26322", "Stext": "기억 장치 및 주변 기기 제조업", "SStext": "컴퓨터 모니터 제조업", "Mtext": "컴퓨터 및 주변 장치 제조업", "Lno": "26", "ipc_main": "G06F-001/16", "Mno": "263", "country_code": "KR", "Sno": "2632", "LLtext": "제조업(10~34)", "documentId": "kr19980027909u", "application_number": "2019980027909", "Ltext": "전자 부품, 컴퓨터, 영상, 음향 및 통신장비 제조업", "keyword": "모니터제조//조정버튼/신호단자접촉/오작동방지/품질향상/방법/지지리브/스크류/회로기판", "document_type": "U"}, {"updateDate": "20220608", "LLno": "C", "SSno": "26322", "Stext": "기억 장치 및 주변 기기 제조업", "SStext": "컴퓨터 모니터 제조업", "Mtext": "컴퓨터 및 주변 장치 제조업", "Lno": "26", "ipc_main": "G06F-001/16", "Mno": "263", "country_code": "KR", "Sno": "2632", "LLtext": "제조업(10~34)", "documentId": "kr19990017834y1", "application_number": "2019990017834", "Ltext": "전자 부품, 컴퓨터, 영상, 음향 및 통신장비 제조업", "keyword": "모니터제조/컴퓨터모니터제조/마우스수납공간/보관용이/전원공급단자/자동충전/장치/출입문/수납공간/무선마우스", "document_type": "Y1"}, {"updateDate": "20220608", "LLno": "C", "SSno": "26322", "Stext": "기억 장치 및 주변 기기 제조업", "SStext": "컴퓨터 모니터 제조업", "Mtext": "컴퓨터 및 주변 장치 제조업", "Lno": "26", "ipc_main": "H04N-005/655", "Mno": "263", "country_code": "KR", "Sno": "2632", "LLtext": "제조업(10~34)", "documentId": "kr19990024252y1", "application_number": "2019990024252", "Ltext": "전자 부품, 컴퓨터, 영상, 음향 및 통신장비 제조업", "keyword": "모니터제조//받침대/스위치조작/위치조절장치부설/각도및높이조절/장치/회전장치/모터/경사조절장치", "document_type": "Y1"}, {"updateDate": "20220608", "LLno": "C", "SSno": "26322", "Stext": "기억 장치 및 주변 기기 제조업", "SStext": "컴퓨터 모니터 제조업", "Mtext": "컴퓨터 및 주변 장치 제조업", "Lno": "26", "ipc_main": "G06F-009/46", "Mno": "263", "country_code": "KR", "Sno": "2632", "LLtext": "제조업(10~34)", "documentId": "kr20000001236y1", "application_number": "2020000001236", "Ltext": "전자 부품, 컴퓨터, 영상, 음향 및 통신장비 제조업", "keyword": "모니터제조/컴퓨터모니터제조/간섭장치/인터럽트/발산세기이용/서보모터구동/장치/적외선센서/ROM/하드디스크", "document_type": "Y1"}, {"updateDate": "20220608", "LLno": "C", "SSno": "26322", "Stext": "기억 장치 및 주변 기기 제조업", "SStext": "컴퓨터 모니터 제조업", "Mtext": "컴퓨터 및 주변 장치 제조업", "Lno": "26", "ipc_main": "G06F-001/16", "Mno": "263", "country_code": "KR", "Sno": "2632", "LLtext": "제조업(10~34)", "documentId": "kr20000007297y1", "application_number": "2020000007297", "Ltext": "전자 부품, 컴퓨터, 영상, 음향 및 통신장비 제조업", "keyword": "모니터제조/컴퓨터모니터제조/양화면/양방향설치/회전/정보동시봄/장치/받침대/통풍공/외형판", "document_type": "Y1"}, {"updateDate": "20220608", "LLno": "C", "SSno": "26322", "Stext": "기억 장치 및 주변 기기 제조업", "SStext": "컴퓨터 모니터 제조업", "Mtext": "컴퓨터 및 주변 장치 제조업", "Lno": "26", "ipc_main": "G06F-001/16", "Mno": "263", "country_code": "KR", "Sno": "2632", "LLtext": "제조업(10~34)", "documentId": "kr20000011432y1", "application_number": "2020000011432", "Ltext": "전자 부품, 컴퓨터, 영상, 음향 및 통신장비 제조업", "keyword": "모니터제조/컴퓨터모니터제조/커버장치//주변측광보호/시선보호/장치/측면커버부/접힘부/커버고정부재", "document_type": "Y1"}, {"updateDate": "20220608", "LLno": "C", "SSno": "26322", "Stext": "기억 장치 및 주변 기기 제조업", "SStext": "컴퓨터 모니터 제조업", "Mtext": "컴퓨터 및 주변 장치 제조업", "Lno": "26", "ipc_main": "G02F-001/13", "Mno": "263", "country_code": "KR", "Sno": "2632", "LLtext": "제조업(10~34)", "documentId": "kr20000015956y1", "application_number": "2020000015956", "Ltext": "전자 부품, 컴퓨터, 영상, 음향 및 통신장비 제조업", "keyword": "액정모니터제조//힌지장치/방향조절가능/탄성력변환/안정각유지/장치/탄성스프링/볼캡/작동공", "document_type": "Y1"}, {"updateDate": "20220608", "LLno": "C", "SSno": "26322", "Stext": "기억 장치 및 주변 기기 제조업", "SStext": "컴퓨터 모니터 제조업", "Mtext": "컴퓨터 및 주변 장치 제조업", "Lno": "26", "ipc_main": "G06F-001/16", "Mno": "263", "country_code": "KR", "Sno": "2632", "LLtext": "제조업(10~34)", "documentId": "kr20000019479y1", "application_number": "2020000019479", "Ltext": "전자 부품, 컴퓨터, 영상, 음향 및 통신장비 제조업", "keyword": "모니터제조/컴퓨터모니터제조/받침대/위치용이이동/높낮이조정/공간활용/장치/돌출턱/연결와셔/조임부재", "document_type": "Y1"}, {"updateDate": "20220608", "LLno": "C", "SSno": "26322", "Stext": "기억 장치 및 주변 기기 제조업", "SStext": "컴퓨터 모니터 제조업", "Mtext": "컴퓨터 및 주변 장치 제조업", "Lno": "26", "ipc_main": "G06F-001/16", "Mno": "263", "country_code": "KR", "Sno": "2632", "LLtext": "제조업(10~34)", "documentId": "kr20000021296y1", "application_number": "2020000021296", "Ltext": "전자 부품, 컴퓨터, 영상, 음향 및 통신장비 제조업", "keyword": "모니터제조/컴퓨터모니터제조/받침대/키보드수납공간/넓게사용/편의제공/장치/보강연결판/내측공간/하부판", "document_type": "Y1"}, {"updateDate": "20220608", "LLno": "C", "SSno": "26322", "Stext": "기억 장치 및 주변 기기 제조업", "SStext": "컴퓨터 모니터 제조업", "Mtext": "컴퓨터 및 주변 장치 제조업", "Lno": "26", "ipc_main": "G06F-001/16", "Mno": "263", "country_code": "KR", "Sno": "2632", "LLtext": "제조업(10~34)", "documentId": "kr20000030909y1", "application_number": "2020000030909", "Ltext": "전자 부품, 컴퓨터, 영상, 음향 및 통신장비 제조업", "keyword": "컴퓨터용수상기제조/컴퓨터모니터제조/콘센트스위치/멀티탭형성/전원제어스위치/스위치조작개폐/장치/주변기기스위치/주변기기용콘센트/구동부스위치", "document_type": "Y1"}, {"updateDate": "20220608", "LLno": "C", "SSno": "26322", "Stext": "기억 장치 및 주변 기기 제조업", "SStext": "컴퓨터 모니터 제조업", "Mtext": "컴퓨터 및 주변 장치 제조업", "Lno": "26", "ipc_main": "G06F-001/00", "Mno": "263", "country_code": "KR", "Sno": "2632", "LLtext": "제조업(10~34)", "documentId": "kr20000037188y1", "application_number": "2020000037188", "Ltext": "전자 부품, 컴퓨터, 영상, 음향 및 통신장비 제조업", "keyword": "모니터제조/컴퓨터모니터제조/시력보호장치/멜로디//시간알려줌/장치///프로그램장치", "document_type": "Y1"}, {"updateDate": "20220608", "LLno": "C", "SSno": "26322", "Stext": "기억 장치 및 주변 기기 제조업", "SStext": "컴퓨터 모니터 제조업", "Mtext": "컴퓨터 및 주변 장치 제조업", "Lno": "26", "ipc_main": "G06F-001/16", "Mno": "263", "country_code": "KR", "Sno": "2632", "LLtext": "제조업(10~34)", "documentId": "kr20010000641y1", "application_number": "2020010000641", "Ltext": "전자 부품, 컴퓨터, 영상, 음향 및 통신장비 제조업", "keyword": "모니터제조/컴퓨터모니터제조/관리용커버/전면커버구비/정부누출방지/음란물방지/장치/이송안내대/권취롤러/잠금수단", "document_type": "Y1"}, {"updateDate": "20220608", "LLno": "C", "SSno": "26322", "Stext": "기억 장치 및 주변 기기 제조업", "SStext": "컴퓨터 모니터 제조업", "Mtext": "컴퓨터 및 주변 장치 제조업", "Lno": "26", "ipc_main": "G06F-001/16", "Mno": "263", "country_code": "KR", "Sno": "2632", "LLtext": "제조업(10~34)", "documentId": "kr20010004066y1", "application_number": "2020010004066", "Ltext": "전자 부품, 컴퓨터, 영상, 음향 및 통신장비 제조업", "keyword": "컴퓨터모니터제조/모니터제조/보조결착구/커버하나/생산비부담줄임/생산성향상/장치/고정홈/브라운관/결착구", "document_type": "Y1"}, {"updateDate": "20220608", "LLno": "C", "SSno": "26322", "Stext": "기억 장치 및 주변 기기 제조업", "SStext": "컴퓨터 모니터 제조업", "Mtext": "컴퓨터 및 주변 장치 제조업", "Lno": "26", "ipc_main": "G06F-001/16", "Mno": "263", "country_code": "KR", "Sno": "2632", "LLtext": "제조업(10~34)", "documentId": "kr20010008042y1", "application_number": "2020010008042", "Ltext": "전자 부품, 컴퓨터, 영상, 음향 및 통신장비 제조업", "keyword": "모니터제조/컴퓨터모니터제조/힌지연결구/상호일체화결합구조/설치상태간소화/공간효율상승/장치/조립공/회동유도홈/체결편", "document_type": "Y1"}, {"updateDate": "20220608", "LLno": "C", "SSno": "26322", "Stext": "기억 장치 및 주변 기기 제조업", "SStext": "컴퓨터 모니터 제조업", "Mtext": "컴퓨터 및 주변 장치 제조업", "Lno": "26", "ipc_main": "G06F-001/00", "Mno": "263", "country_code": "KR", "Sno": "2632", "LLtext": "제조업(10~34)", "documentId": "kr20010011066y1", "application_number": "2020010011066", "Ltext": "전자 부품, 컴퓨터, 영상, 음향 및 통신장비 제조업", "keyword": "LCD모니터제조/컴퓨터모니터(터치스크린)제조/생체인식기/록킹작용/도난미연방지/안전성도모/장치/수납고/디지타이저/카드삽입부", "document_type": "Y1"}, {"updateDate": "20220608", "LLno": "C", "SSno": "26322", "Stext": "기억 장치 및 주변 기기 제조업", "SStext": "컴퓨터 모니터 제조업", "Mtext": "컴퓨터 및 주변 장치 제조업", "Lno": "26", "ipc_main": "G06F-001/16", "Mno": "263", "country_code": "KR", "Sno": "2632", "LLtext": "제조업(10~34)", "documentId": "kr20010030231y1", "application_number": "2020010030231", "Ltext": "전자 부품, 컴퓨터, 영상, 음향 및 통신장비 제조업", "keyword": "액정모니터제조/LCD모니터제조/받침대착탈착/변형용이/저렴교체비용/디자인변형/장치/착탈착수단/받침대/조립체", "document_type": "Y1"}, {"updateDate": "20220608", "LLno": "C", "SSno": "26322", "Stext": "기억 장치 및 주변 기기 제조업", "SStext": "컴퓨터 모니터 제조업", "Mtext": "컴퓨터 및 주변 장치 제조업", "Lno": "26", "ipc_main": "G06F-001/16", "Mno": "263", "country_code": "KR", "Sno": "2632", "LLtext": "제조업(10~34)", "documentId": "kr20010031878y1", "application_number": "2020010031878", "Ltext": "전자 부품, 컴퓨터, 영상, 음향 및 통신장비 제조업", "keyword": "LCD모니터제조/모니터제조/고정장치/방향고정///장치/고정홈/고정부재/본체케이스", "document_type": "Y1"}, {"updateDate": "20220608", "LLno": "C", "SSno": "26322", "Stext": "기억 장치 및 주변 기기 제조업", "SStext": "컴퓨터 모니터 제조업", "Mtext": "컴퓨터 및 주변 장치 제조업", "Lno": "26", "ipc_main": "G06F-003/14", "Mno": "263", "country_code": "KR", "Sno": "2632", "LLtext": "제조업(10~34)", "documentId": "kr20010065067a", "application_number": "1020010065067", "Ltext": "전자 부품, 컴퓨터, 영상, 음향 및 통신장비 제조업", "keyword": "컴퓨터모니터제조/모니터제조/액자영상/화면표시/전원오프동작/전자액자활용/방법/액자모드/하드디스크/비디오메모리", "document_type": "A"}, {"updateDate": "20220608", "LLno": "C", "SSno": "26322", "Stext": "기억 장치 및 주변 기기 제조업", "SStext": "컴퓨터 모니터 제조업", "Mtext": "컴퓨터 및 주변 장치 제조업", "Lno": "26", "ipc_main": "G06F-001/16", "Mno": "263", "country_code": "KR", "Sno": "2632", "LLtext": "제조업(10~34)", "documentId": "kr20010065741b1", "application_number": "1020010065741", "Ltext": "전자 부품, 컴퓨터, 영상, 음향 및 통신장비 제조업", "keyword": "LCD모니터제조/모니터제조/케이블내장형스탠드//피봇적용가능/틸트구조적용가능/장치/회전각제한수단/회전관/스토퍼", "document_type": "B1"}, {"updateDate": "20220608", "LLno": "C", "SSno": "26322", "Stext": "기억 장치 및 주변 기기 제조업", "SStext": "컴퓨터 모니터 제조업", "Mtext": "컴퓨터 및 주변 장치 제조업", "Lno": "26", "ipc_main": "G06F-001/16", "Mno": "263", "country_code": "KR", "Sno": "2632", "LLtext": "제조업(10~34)", "documentId": "kr20020007933y1", "application_number": "2020020007933", "Ltext": "전자 부품, 컴퓨터, 영상, 음향 및 통신장비 제조업", "keyword": "모니터제조//천장걸이/연장구비/연결부재고정/다수시청/장치/결합홈/가이드공/브라켓", "document_type": "Y1"}, {"updateDate": "20220608", "LLno": "C", "SSno": "26322", "Stext": "기억 장치 및 주변 기기 제조업", "SStext": "컴퓨터 모니터 제조업", "Mtext": "컴퓨터 및 주변 장치 제조업", "Lno": "26", "ipc_main": "G06F-001/16", "Mno": "263", "country_code": "KR", "Sno": "2632", "LLtext": "제조업(10~34)", "documentId": "kr20020008194a", "application_number": "1020020008194", "Ltext": "전자 부품, 컴퓨터, 영상, 음향 및 통신장비 제조업", "keyword": "모니터제조//폰겸용/폰내장/PC연결필요없음/통화/장치/입력수단/통화수단/스피커배선", "document_type": "A"}, {"updateDate": "20220608", "LLno": "C", "SSno": "26322", "Stext": "기억 장치 및 주변 기기 제조업", "SStext": "컴퓨터 모니터 제조업", "Mtext": "컴퓨터 및 주변 장치 제조업", "Lno": "26", "ipc_main": "H04N-005/445", "Mno": "263", "country_code": "KR", "Sno": "2632", "LLtext": "제조업(10~34)", "documentId": "kr20020011606b1", "application_number": "1020020011606", "Ltext": "전자 부품, 컴퓨터, 영상, 음향 및 통신장비 제조업", "keyword": "모니터제조//메시지표시장치/뮤트/설정시간디스플레이/친근감향상/장치/수평수직동기신호/메모리부/영상처리부", "document_type": "B1"}, {"updateDate": "20220608", "LLno": "C", "SSno": "26322", "Stext": "기억 장치 및 주변 기기 제조업", "SStext": "컴퓨터 모니터 제조업", "Mtext": "컴퓨터 및 주변 장치 제조업", "Lno": "26", "ipc_main": "G06F-001/16", "Mno": "263", "country_code": "KR", "Sno": "2632", "LLtext": "제조업(10~34)", "documentId": "kr20020016769a", "application_number": "1020020016769", "Ltext": "전자 부품, 컴퓨터, 영상, 음향 및 통신장비 제조업", "keyword": "모니터제조/LCD모니터제조/Lcd모니터//조절PCB장착용이/슬림화도모/장치/버튼공/조절스위치/PCB고정부재", "document_type": "A"}, {"updateDate": "20220608", "LLno": "C", "SSno": "26322", "Stext": "기억 장치 및 주변 기기 제조업", "SStext": "컴퓨터 모니터 제조업", "Mtext": "컴퓨터 및 주변 장치 제조업", "Lno": "26", "ipc_main": "G06F-003/02", "Mno": "263", "country_code": "KR", "Sno": "2632", "LLtext": "제조업(10~34)", "documentId": "kr20020024291a", "application_number": "1020020024291", "Ltext": "전자 부품, 컴퓨터, 영상, 음향 및 통신장비 제조업", "keyword": "액정모니터제조/컴퓨터모니터(터치스크린)제조/키보드/수평이동/손가락터치/기타물체터치/장치/버튼/건전지/컴퓨터칩", "document_type": "A"}, {"updateDate": "20220608", "LLno": "C", "SSno": "26322", "Stext": "기억 장치 및 주변 기기 제조업", "SStext": "컴퓨터 모니터 제조업", "Mtext": "컴퓨터 및 주변 장치 제조업", "Lno": "26", "ipc_main": "G06F-001/16", "Mno": "263", "country_code": "KR", "Sno": "2632", "LLtext": "제조업(10~34)", "documentId": "kr20020038825a", "application_number": "1020020038825", "Ltext": "전자 부품, 컴퓨터, 영상, 음향 및 통신장비 제조업", "keyword": "모니터제조//평판표시//텔레비젼기능구현/튜너조립체장착분리/장치/삽입슬롯/백커버조립체/안내레일", "document_type": "A"}, {"updateDate": "20220608", "LLno": "C", "SSno": "26322", "Stext": "기억 장치 및 주변 기기 제조업", "SStext": "컴퓨터 모니터 제조업", "Mtext": "컴퓨터 및 주변 장치 제조업", "Lno": "26", "ipc_main": "G06F-001/16", "Mno": "263", "country_code": "KR", "Sno": "2632", "LLtext": "제조업(10~34)", "documentId": "kr20020043261a", "application_number": "1020020043261", "Ltext": "전자 부품, 컴퓨터, 영상, 음향 및 통신장비 제조업", "keyword": "LCD모니터제조/모니터제조/모니터장치/부품수줄임/조립용이/조립시간단축/장치/스탠드베이스/베이스브래킷/지지대", "document_type": "A"}, {"updateDate": "20220608", "LLno": "C", "SSno": "26322", "Stext": "기억 장치 및 주변 기기 제조업", "SStext": "컴퓨터 모니터 제조업", "Mtext": "컴퓨터 및 주변 장치 제조업", "Lno": "26", "ipc_main": "G06F-001/16", "Mno": "263", "country_code": "KR", "Sno": "2632", "LLtext": "제조업(10~34)", "documentId": "kr20020050480a", "application_number": "1020020050480", "Ltext": "전자 부품, 컴퓨터, 영상, 음향 및 통신장비 제조업", "keyword": "LCD모니터제조/모니터제조/힌지구조/경사각도제한/작은공간적재/물류비줄임/장치/브라켓/스탠드/걸림날개", "document_type": "A"}, {"updateDate": "20220608", "LLno": "C", "SSno": "26322", "Stext": "기억 장치 및 주변 기기 제조업", "SStext": "컴퓨터 모니터 제조업", "Mtext": "컴퓨터 및 주변 장치 제조업", "Lno": "26", "ipc_main": "G06F-001/16", "Mno": "263", "country_code": "KR", "Sno": "2632", "LLtext": "제조업(10~34)", "documentId": "kr20020056740a", "application_number": "1020020056740", "Ltext": "전자 부품, 컴퓨터, 영상, 음향 및 통신장비 제조업", "keyword": "모니터제조//공유기모듈/선택신호출력/전기적연결/2대PC공유/장치/마이크로콘트롤러/사용자입력부/전압신호", "document_type": "A"}, {"updateDate": "20220608", "LLno": "C", "SSno": "26322", "Stext": "기억 장치 및 주변 기기 제조업", "SStext": "컴퓨터 모니터 제조업", "Mtext": "컴퓨터 및 주변 장치 제조업", "Lno": "26", "ipc_main": "G06F-001/16", "Mno": "263", "country_code": "KR", "Sno": "2632", "LLtext": "제조업(10~34)", "documentId": "kr20020061101a", "application_number": "1020020061101", "Ltext": "전자 부품, 컴퓨터, 영상, 음향 및 통신장비 제조업", "keyword": "LCD모니터제조/컴퓨터모니터제조/일체화/LCD전력제어부/잔여전력사용/에너지효율높임/장치/공간최적화/컴퓨터본체/", "document_type": "A"}, {"updateDate": "20220608", "LLno": "C", "SSno": "26322", "Stext": "기억 장치 및 주변 기기 제조업", "SStext": "컴퓨터 모니터 제조업", "Mtext": "컴퓨터 및 주변 장치 제조업", "Lno": "26", "ipc_main": "G06F-001/16", "Mno": "263", "country_code": "KR", "Sno": "2632", "LLtext": "제조업(10~34)", "documentId": "kr20020061231a", "application_number": "1020020061231", "Ltext": "전자 부품, 컴퓨터, 영상, 음향 및 통신장비 제조업", "keyword": "모니터제조//스탠드절첩구조/부피최소화/물류비절감/경량화/장치/베이스/프레임/힌지", "document_type": "A"}, {"updateDate": "20220608", "LLno": "C", "SSno": "26322", "Stext": "기억 장치 및 주변 기기 제조업", "SStext": "컴퓨터 모니터 제조업", "Mtext": "컴퓨터 및 주변 장치 제조업", "Lno": "26", "ipc_main": "G06F-001/16", "Mno": "263", "country_code": "KR", "Sno": "2632", "LLtext": "제조업(10~34)", "documentId": "kr20020068264a", "application_number": "1020020068264", "Ltext": "전자 부품, 컴퓨터, 영상, 음향 및 통신장비 제조업", "keyword": "모니터제조//모니터장치/슬라이딩이동//높이조절편리성/시스템/가이드레일/슬라이더/볼베어링수단", "document_type": "A"}, {"updateDate": "20220608", "LLno": "C", "SSno": "26322", "Stext": "기억 장치 및 주변 기기 제조업", "SStext": "컴퓨터 모니터 제조업", "Mtext": "컴퓨터 및 주변 장치 제조업", "Lno": "26", "ipc_main": "G06F-003/14", "Mno": "263", "country_code": "KR", "Sno": "2632", "LLtext": "제조업(10~34)", "documentId": "kr20020069260b1", "application_number": "1020020069260", "Ltext": "전자 부품, 컴퓨터, 영상, 음향 및 통신장비 제조업", "keyword": "모니터제조//영상표시제어/요구판단//자동프린터연결/방법/디스플레이/프린터/본체", "document_type": "B1"}, {"updateDate": "20220608", "LLno": "C", "SSno": "26322", "Stext": "기억 장치 및 주변 기기 제조업", "SStext": "컴퓨터 모니터 제조업", "Mtext": "컴퓨터 및 주변 장치 제조업", "Lno": "26", "ipc_main": "G06F-001/16", "Mno": "263", "country_code": "KR", "Sno": "2632", "LLtext": "제조업(10~34)", "documentId": "kr20020086911a", "application_number": "1020020086911", "Ltext": "전자 부품, 컴퓨터, 영상, 음향 및 통신장비 제조업", "keyword": "모니터제조/LCD모니터제조/받침대고정구조/전방자유도제한/평판형태/착탈가능고정/장치/결합부/모니터지지체/리어커버", "document_type": "A"}, {"updateDate": "20220608", "LLno": "C", "SSno": "26322", "Stext": "기억 장치 및 주변 기기 제조업", "SStext": "컴퓨터 모니터 제조업", "Mtext": "컴퓨터 및 주변 장치 제조업", "Lno": "26", "ipc_main": "G06F-001/16", "Mno": "263", "country_code": "KR", "Sno": "2632", "LLtext": "제조업(10~34)", "documentId": "kr20030001513a", "application_number": "1020030001513", "Ltext": "전자 부품, 컴퓨터, 영상, 음향 및 통신장비 제조업", "keyword": "LCD모니터제조/컴퓨터모니터제조/일체형구조/용도별사용/슬립Type/사용자편리성/장치/모니터구조/LCD일체형/컴퓨터구조장치", "document_type": "A"}, {"updateDate": "20220608", "LLno": "C", "SSno": "26322", "Stext": "기억 장치 및 주변 기기 제조업", "SStext": "컴퓨터 모니터 제조업", "Mtext": "컴퓨터 및 주변 장치 제조업", "Lno": "26", "ipc_main": "G06F-001/16", "Mno": "263", "country_code": "KR", "Sno": "2632", "LLtext": "제조업(10~34)", "documentId": "kr20030007197y1", "application_number": "2020030007197", "Ltext": "전자 부품, 컴퓨터, 영상, 음향 및 통신장비 제조업", "keyword": "모니터제조//보조모니터/인출가능삽입//동시내용파악/장치/수용홈/보조모니터/", "document_type": "Y1"}, {"updateDate": "20220608", "LLno": "C", "SSno": "26322", "Stext": "기억 장치 및 주변 기기 제조업", "SStext": "컴퓨터 모니터 제조업", "Mtext": "컴퓨터 및 주변 장치 제조업", "Lno": "26", "ipc_main": "G06F-001/16", "Mno": "263", "country_code": "KR", "Sno": "2632", "LLtext": "제조업(10~34)", "documentId": "kr20030022444a", "application_number": "1020030022444", "Ltext": "전자 부품, 컴퓨터, 영상, 음향 및 통신장비 제조업", "keyword": "모니터제조//모니터장치/틸팅각도조절/높이조정/사용자응시각도/장치/연결브래킷/스프링부재/회동축선", "document_type": "A"}, {"updateDate": "20220608", "LLno": "C", "SSno": "26322", "Stext": "기억 장치 및 주변 기기 제조업", "SStext": "컴퓨터 모니터 제조업", "Mtext": "컴퓨터 및 주변 장치 제조업", "Lno": "26", "ipc_main": "G02F-001/133", "Mno": "263", "country_code": "KR", "Sno": "2632", "LLtext": "제조업(10~34)", "documentId": "kr20030026012a", "application_number": "1020030026012", "Ltext": "전자 부품, 컴퓨터, 영상, 음향 및 통신장비 제조업", "keyword": "액정모니터제조//판넬디스플레이/신호동기화//노이즈제거/장치/스케일러부/인버터부/판넬구동부", "document_type": "A"}, {"updateDate": "20220608", "LLno": "C", "SSno": "26322", "Stext": "기억 장치 및 주변 기기 제조업", "SStext": "컴퓨터 모니터 제조업", "Mtext": "컴퓨터 및 주변 장치 제조업", "Lno": "26", "ipc_main": "G06F-001/16", "Mno": "263", "country_code": "KR", "Sno": "2632", "LLtext": "제조업(10~34)", "documentId": "kr20030058029a", "application_number": "1020030058029", "Ltext": "전자 부품, 컴퓨터, 영상, 음향 및 통신장비 제조업", "keyword": "모니터제조//모니터장치/피벗팅/이격거리조절/설치면부딪힘방지/장치/가이드판/슬라이딩유닛/링크유닛", "document_type": "A"}, {"updateDate": "20220608", "LLno": "C", "SSno": "26322", "Stext": "기억 장치 및 주변 기기 제조업", "SStext": "컴퓨터 모니터 제조업", "Mtext": "컴퓨터 및 주변 장치 제조업", "Lno": "26", "ipc_main": "G02F-001/133", "Mno": "263", "country_code": "KR", "Sno": "2632", "LLtext": "제조업(10~34)", "documentId": "kr20030076650b1", "application_number": "1020030076650", "Ltext": "전자 부품, 컴퓨터, 영상, 음향 및 통신장비 제조업", "keyword": "액정모니터제조//액정표시장치//응답속도향상/화면불량방지/장치/영상신호보정부/데이터전압/복수화소", "document_type": "B1"}, {"updateDate": "20220608", "LLno": "C", "SSno": "26322", "Stext": "기억 장치 및 주변 기기 제조업", "SStext": "컴퓨터 모니터 제조업", "Mtext": "컴퓨터 및 주변 장치 제조업", "Lno": "26", "ipc_main": "G02F-001/133", "Mno": "263", "country_code": "KR", "Sno": "2632", "LLtext": "제조업(10~34)", "documentId": "kr20030087588b1", "application_number": "1020030087588", "Ltext": "전자 부품, 컴퓨터, 영상, 음향 및 통신장비 제조업", "keyword": "액정모니터제조//액정표시장치/평균값산출/감마보정/화면선명/장치/변환데이터/데이터전압/신호처리부", "document_type": "B1"}, {"updateDate": "20220608", "LLno": "C", "SSno": "26322", "Stext": "기억 장치 및 주변 기기 제조업", "SStext": "컴퓨터 모니터 제조업", "Mtext": "컴퓨터 및 주변 장치 제조업", "Lno": "26", "ipc_main": "G06F-003/14", "Mno": "263", "country_code": "KR", "Sno": "2632", "LLtext": "제조업(10~34)", "documentId": "kr20037004366a", "application_number": "1020037004366", "Ltext": "전자 부품, 컴퓨터, 영상, 음향 및 통신장비 제조업", "keyword": "모니터제조//디스플레이디바이스/데이터통신/독립형동작모드/추가동작모드/장치/데이터처리시스템/주변장치/회로", "document_type": "A"}, {"updateDate": "20220608", "LLno": "C", "SSno": "26322", "Stext": "기억 장치 및 주변 기기 제조업", "SStext": "컴퓨터 모니터 제조업", "Mtext": "컴퓨터 및 주변 장치 제조업", "Lno": "26", "ipc_main": "G06F-001/16", "Mno": "263", "country_code": "KR", "Sno": "2632", "LLtext": "제조업(10~34)", "documentId": "kr20040000133y1", "application_number": "2020040000133", "Ltext": "전자 부품, 컴퓨터, 영상, 음향 및 통신장비 제조업", "keyword": "LCD모니터제조/액정모니터제조/지지대/구조간소화/제작비저렴/간편설치/장치/가이드공/지지판/지지프레임", "document_type": "Y1"}, {"updateDate": "20220608", "LLno": "C", "SSno": "26322", "Stext": "기억 장치 및 주변 기기 제조업", "SStext": "컴퓨터 모니터 제조업", "Mtext": "컴퓨터 및 주변 장치 제조업", "Lno": "26", "ipc_main": "G06F-001/16", "Mno": "263", "country_code": "KR", "Sno": "2632", "LLtext": "제조업(10~34)", "documentId": "kr20040000558y1", "application_number": "2020040000558", "Ltext": "전자 부품, 컴퓨터, 영상, 음향 및 통신장비 제조업", "keyword": "LCD모니터제조/엘시디모니터제조/스위블구조/스탠드베이스/회전축/원가절감/장치/결합공/프레임/장착공", "document_type": "Y1"}, {"updateDate": "20220608", "LLno": "C", "SSno": "26322", "Stext": "기억 장치 및 주변 기기 제조업", "SStext": "컴퓨터 모니터 제조업", "Mtext": "컴퓨터 및 주변 장치 제조업", "Lno": "26", "ipc_main": "G06F-001/16", "Mno": "263", "country_code": "KR", "Sno": "2632", "LLtext": "제조업(10~34)", "documentId": "kr20040001448a", "application_number": "1020040001448", "Ltext": "전자 부품, 컴퓨터, 영상, 음향 및 통신장비 제조업", "keyword": "컴퓨터모니터제조//디스플레이장치//EDID저장부/오류데이터저장방지/장치/쓰기방지포트/EDID입력지그/접지전압", "document_type": "A"}, {"updateDate": "20220608", "LLno": "C", "SSno": "26322", "Stext": "기억 장치 및 주변 기기 제조업", "SStext": "컴퓨터 모니터 제조업", "Mtext": "컴퓨터 및 주변 장치 제조업", "Lno": "26", "ipc_main": "G06F-001/16", "Mno": "263", "country_code": "KR", "Sno": "2632", "LLtext": "제조업(10~34)", "documentId": "kr20040002724b1", "application_number": "1020040002724", "Ltext": "전자 부품, 컴퓨터, 영상, 음향 및 통신장비 제조업", "keyword": "모니터제조//모니터장치/외부신호전달/연결용이/미관미려/장치/케이블/접속단자/단자조립체", "document_type": "B1"}, {"updateDate": "20220608", "LLno": "C", "SSno": "26322", "Stext": "기억 장치 및 주변 기기 제조업", "SStext": "컴퓨터 모니터 제조업", "Mtext": "컴퓨터 및 주변 장치 제조업", "Lno": "26", "ipc_main": "G06F-001/16", "Mno": "263", "country_code": "KR", "Sno": "2632", "LLtext": "제조업(10~34)", "documentId": "kr20040004008y1", "application_number": "2020040004008", "Ltext": "전자 부품, 컴퓨터, 영상, 음향 및 통신장비 제조업", "keyword": "모니터제조//지지장치/회동결합/수평직각/응시방향편중없음/장치/받침판/지지대/회절구", "document_type": "Y1"}, {"updateDate": "20220608", "LLno": "C", "SSno": "26322", "Stext": "기억 장치 및 주변 기기 제조업", "SStext": "컴퓨터 모니터 제조업", "Mtext": "컴퓨터 및 주변 장치 제조업", "Lno": "26", "ipc_main": "G06F-001/16", "Mno": "263", "country_code": "KR", "Sno": "2632", "LLtext": "제조업(10~34)", "documentId": "kr20040019985y1", "application_number": "2020040019985", "Ltext": "전자 부품, 컴퓨터, 영상, 음향 및 통신장비 제조업", "keyword": "모니터제조/컴퓨터모니터제조/시계/연동작동/시간통제/사용시간파악/장치/연동부/누적표시부/구동전원", "document_type": "Y1"}, {"updateDate": "20220608", "LLno": "C", "SSno": "26322", "Stext": "기억 장치 및 주변 기기 제조업", "SStext": "컴퓨터 모니터 제조업", "Mtext": "컴퓨터 및 주변 장치 제조업", "Lno": "26", "ipc_main": "G06F-013/14", "Mno": "263", "country_code": "KR", "Sno": "2632", "LLtext": "제조업(10~34)", "documentId": "kr20040020619a", "application_number": "1020040020619", "Ltext": "전자 부품, 컴퓨터, 영상, 음향 및 통신장비 제조업", "keyword": "모니터제조/컴퓨터모니터제조/멀티유저/입력신호별개인식/무선통신제어/다용성/시스템/메인그래픽카드/서브입력장치/무선통신모듈", "document_type": "A"}, {"updateDate": "20220608", "LLno": "C", "SSno": "26322", "Stext": "기억 장치 및 주변 기기 제조업", "SStext": "컴퓨터 모니터 제조업", "Mtext": "컴퓨터 및 주변 장치 제조업", "Lno": "26", "ipc_main": "G06F-001/16", "Mno": "263", "country_code": "KR", "Sno": "2632", "LLtext": "제조업(10~34)", "documentId": "kr20040034685y1", "application_number": "2020040034685", "Ltext": "전자 부품, 컴퓨터, 영상, 음향 및 통신장비 제조업", "keyword": "모니터제조/컴퓨터모니터제조/쓰리디단축키/단축키선택/프로그램/쓰리디기능/장치/칩/MCU/영상신호처리부", "document_type": "Y1"}, {"updateDate": "20220608", "LLno": "C", "SSno": "26322", "Stext": "기억 장치 및 주변 기기 제조업", "SStext": "컴퓨터 모니터 제조업", "Mtext": "컴퓨터 및 주변 장치 제조업", "Lno": "26", "ipc_main": "G06F-003/14", "Mno": "263", "country_code": "KR", "Sno": "2632", "LLtext": "제조업(10~34)", "documentId": "kr20040044543a", "application_number": "1020040044543", "Ltext": "전자 부품, 컴퓨터, 영상, 음향 및 통신장비 제조업", "keyword": "컴퓨터용수상기제조//출력신호처리/기능독립수행//영상저장/장치/턴온신호/출력선택부/출력포트", "document_type": "A"}, {"updateDate": "20220608", "LLno": "C", "SSno": "26322", "Stext": "기억 장치 및 주변 기기 제조업", "SStext": "컴퓨터 모니터 제조업", "Mtext": "컴퓨터 및 주변 장치 제조업", "Lno": "26", "ipc_main": "G06F-001/16", "Mno": "263", "country_code": "KR", "Sno": "2632", "LLtext": "제조업(10~34)", "documentId": "kr20040074397b1", "application_number": "1020040074397", "Ltext": "전자 부품, 컴퓨터, 영상, 음향 및 통신장비 제조업", "keyword": "모니터제조//모니터장치/스탠드조립/스탠드분해/사용편리/장치/화상형성부/스탠드/록킹유닛", "document_type": "B1"}, {"updateDate": "20220608", "LLno": "C", "SSno": "26322", "Stext": "기억 장치 및 주변 기기 제조업", "SStext": "컴퓨터 모니터 제조업", "Mtext": "컴퓨터 및 주변 장치 제조업", "Lno": "26", "ipc_main": "G06F-001/16", "Mno": "263", "country_code": "KR", "Sno": "2632", "LLtext": "제조업(10~34)", "documentId": "kr20047015575a", "application_number": "1020047015575", "Ltext": "전자 부품, 컴퓨터, 영상, 음향 및 통신장비 제조업", "keyword": "컴퓨터모니터(터치스크린)제조모니터제조//편평패널/직립위치/경사진위치/회전조절가능/장치/패널/상부지지부재/하부지지부재", "document_type": "A"}, {"updateDate": "20220608", "LLno": "C", "SSno": "26322", "Stext": "기억 장치 및 주변 기기 제조업", "SStext": "컴퓨터 모니터 제조업", "Mtext": "컴퓨터 및 주변 장치 제조업", "Lno": "26", "ipc_main": "G06F-001/16", "Mno": "263", "country_code": "KR", "Sno": "2632", "LLtext": "제조업(10~34)", "documentId": "kr20050003781y1", "application_number": "2020050003781", "Ltext": "전자 부품, 컴퓨터, 영상, 음향 및 통신장비 제조업", "keyword": "엘시디모니터제조/LCD모니터제조/슬라이드유니트/캐비넷내부넣음//공간활용극대화/장치/브라켓/슬라이드테이블/힌지홀", "document_type": "Y1"}, {"updateDate": "20220608", "LLno": "C", "SSno": "26322", "Stext": "기억 장치 및 주변 기기 제조업", "SStext": "컴퓨터 모니터 제조업", "Mtext": "컴퓨터 및 주변 장치 제조업", "Lno": "26", "ipc_main": "G06F-003/14", "Mno": "263", "country_code": "KR", "Sno": "2632", "LLtext": "제조업(10~34)", "documentId": "kr20050013486a", "application_number": "1020050013486", "Ltext": "전자 부품, 컴퓨터, 영상, 음향 및 통신장비 제조업", "keyword": "모니터제조//평판디스플레이//끊김없음/멀티기능제공/장치/패널구동부/표시블록/멀티디스플레이패널", "document_type": "A"}, {"updateDate": "20220608", "LLno": "C", "SSno": "26322", "Stext": "기억 장치 및 주변 기기 제조업", "SStext": "컴퓨터 모니터 제조업", "Mtext": "컴퓨터 및 주변 장치 제조업", "Lno": "26", "ipc_main": "G06F-001/00", "Mno": "263", "country_code": "KR", "Sno": "2632", "LLtext": "제조업(10~34)", "documentId": "kr20050014490y1", "application_number": "2020050014490", "Ltext": "전자 부품, 컴퓨터, 영상, 음향 및 통신장비 제조업", "keyword": "모니터제조/컴퓨터모니터제조/전자강의대판서/화면대응크기/교체장착/성능향상/장치/강의판/수평판/고정편", "document_type": "Y1"}, {"updateDate": "20220608", "LLno": "C", "SSno": "26322", "Stext": "기억 장치 및 주변 기기 제조업", "SStext": "컴퓨터 모니터 제조업", "Mtext": "컴퓨터 및 주변 장치 제조업", "Lno": "26", "ipc_main": "G06F-001/16", "Mno": "263", "country_code": "KR", "Sno": "2632", "LLtext": "제조업(10~34)", "documentId": "kr20050017312y1", "application_number": "2020050017312", "Ltext": "전자 부품, 컴퓨터, 영상, 음향 및 통신장비 제조업", "keyword": "모니터제조/컴퓨터모니터제조/탈착형/케이블배제접속/독립사용/설치공간최소화/장치/다이렉트접속커넥터/콘트롤보드/본체받침부", "document_type": "Y1"}, {"updateDate": "20220608", "LLno": "C", "SSno": "26322", "Stext": "기억 장치 및 주변 기기 제조업", "SStext": "컴퓨터 모니터 제조업", "Mtext": "컴퓨터 및 주변 장치 제조업", "Lno": "26", "ipc_main": "G06F-001/16", "Mno": "263", "country_code": "KR", "Sno": "2632", "LLtext": "제조업(10~34)", "documentId": "kr20050018977a", "application_number": "1020050018977", "Ltext": "전자 부품, 컴퓨터, 영상, 음향 및 통신장비 제조업", "keyword": "모니터제조//모니터장치/각도변화//포장부피최소화/장치/베이스힌지/중간힌지/중간링크", "document_type": "A"}, {"updateDate": "20220608", "LLno": "C", "SSno": "26322", "Stext": "기억 장치 및 주변 기기 제조업", "SStext": "컴퓨터 모니터 제조업", "Mtext": "컴퓨터 및 주변 장치 제조업", "Lno": "26", "ipc_main": "G06F-001/16", "Mno": "263", "country_code": "KR", "Sno": "2632", "LLtext": "제조업(10~34)", "documentId": "kr20050018988b1", "application_number": "1020050018988", "Ltext": "전자 부품, 컴퓨터, 영상, 음향 및 통신장비 제조업", "keyword": "모니터제조/컴퓨터모니터제조/탈착형/케이블배제접속/독립사용/설치공간최소화/장치/다이렉트접속커넥터/콘트롤보드/본체받침부", "document_type": "B1"}, {"updateDate": "20220608", "LLno": "C", "SSno": "26322", "Stext": "기억 장치 및 주변 기기 제조업", "SStext": "컴퓨터 모니터 제조업", "Mtext": "컴퓨터 및 주변 장치 제조업", "Lno": "26", "ipc_main": "G06F-001/16", "Mno": "263", "country_code": "KR", "Sno": "2632", "LLtext": "제조업(10~34)", "documentId": "kr20050036452a", "application_number": "1020050036452", "Ltext": "전자 부품, 컴퓨터, 영상, 음향 및 통신장비 제조업", "keyword": "LCD모니터제조//백커버결합구조/이탈않음/별도체결부재않음/안정적결합/장치/인입선/렛치/보스체결공", "document_type": "A"}, {"updateDate": "20220608", "LLno": "C", "SSno": "26322", "Stext": "기억 장치 및 주변 기기 제조업", "SStext": "컴퓨터 모니터 제조업", "Mtext": "컴퓨터 및 주변 장치 제조업", "Lno": "26", "ipc_main": "G06F-003/14", "Mno": "263", "country_code": "KR", "Sno": "2632", "LLtext": "제조업(10~34)", "documentId": "kr20050044058a", "application_number": "1020050044058", "Ltext": "전자 부품, 컴퓨터, 영상, 음향 및 통신장비 제조업", "keyword": "모니터제조/컴퓨터모니터제조/최적출력/미리설정/최적해상도/자동재설정/시스템/비디오카드/본체/수직주파수", "document_type": "A"}, {"updateDate": "20220608", "LLno": "C", "SSno": "26322", "Stext": "기억 장치 및 주변 기기 제조업", "SStext": "컴퓨터 모니터 제조업", "Mtext": "컴퓨터 및 주변 장치 제조업", "Lno": "26", "ipc_main": "G02F-001/133", "Mno": "263", "country_code": "KR", "Sno": "2632", "LLtext": "제조업(10~34)", "documentId": "kr20050059331a", "application_number": "1020050059331", "Ltext": "전자 부품, 컴퓨터, 영상, 음향 및 통신장비 제조업", "keyword": "액정모니터제조//전원제어장치/저발열/부분적밝기제어/선명한영상구현/장치/전원조절및공급부/발광다이오드/영상신호분석부", "document_type": "A"}, {"updateDate": "20220608", "LLno": "C", "SSno": "26322", "Stext": "기억 장치 및 주변 기기 제조업", "SStext": "컴퓨터 모니터 제조업", "Mtext": "컴퓨터 및 주변 장치 제조업", "Lno": "26", "ipc_main": "G06F-001/00", "Mno": "263", "country_code": "KR", "Sno": "2632", "LLtext": "제조업(10~34)", "documentId": "kr20050066590a", "application_number": "1020050066590", "Ltext": "전자 부품, 컴퓨터, 영상, 음향 및 통신장비 제조업", "keyword": "LCD모니터제조/CRT모니터제조/스탠드얼론디브이알보드/마더보드/외부카메라/컴퓨터케이스사용/장치/비디오프로세서부/DVI부/CVBS부", "document_type": "A"}, {"updateDate": "20220608", "LLno": "C", "SSno": "26322", "Stext": "기억 장치 및 주변 기기 제조업", "SStext": "컴퓨터 모니터 제조업", "Mtext": "컴퓨터 및 주변 장치 제조업", "Lno": "26", "ipc_main": "G06F-001/16", "Mno": "263", "country_code": "KR", "Sno": "2632", "LLtext": "제조업(10~34)", "documentId": "kr20050080474b1", "application_number": "1020050080474", "Ltext": "전자 부품, 컴퓨터, 영상, 음향 및 통신장비 제조업", "keyword": "모니터제조//지지장치/동작정지제어/높이간단조절/각도조절/장치/작업대/승강유닛/조작부", "document_type": "B1"}, {"updateDate": "20220608", "LLno": "C", "SSno": "26322", "Stext": "기억 장치 및 주변 기기 제조업", "SStext": "컴퓨터 모니터 제조업", "Mtext": "컴퓨터 및 주변 장치 제조업", "Lno": "26", "ipc_main": "G02F-001/133", "Mno": "263", "country_code": "KR", "Sno": "2632", "LLtext": "제조업(10~34)", "documentId": "kr20050100082a", "application_number": "1020050100082", "Ltext": "전자 부품, 컴퓨터, 영상, 음향 및 통신장비 제조업", "keyword": "액정모니터제조//액정표시장치/공통전극/화소전극//장치/액정축전기/영상주사선/감지데이터선", "document_type": "A"}, {"updateDate": "20220608", "LLno": "C", "SSno": "26322", "Stext": "기억 장치 및 주변 기기 제조업", "SStext": "컴퓨터 모니터 제조업", "Mtext": "컴퓨터 및 주변 장치 제조업", "Lno": "26", "ipc_main": "G06F-003/14", "Mno": "263", "country_code": "KR", "Sno": "2632", "LLtext": "제조업(10~34)", "documentId": "kr20050105117b1", "application_number": "1020050105117", "Ltext": "전자 부품, 컴퓨터, 영상, 음향 및 통신장비 제조업", "keyword": "모니터제조/컴퓨터모니터제조/표시모드자동조정/수행여부선택/표시설정값산출//장치/신호처리부/UI메뉴신호/패턴영상신호", "document_type": "B1"}, {"updateDate": "20220608", "LLno": "C", "SSno": "26322", "Stext": "기억 장치 및 주변 기기 제조업", "SStext": "컴퓨터 모니터 제조업", "Mtext": "컴퓨터 및 주변 장치 제조업", "Lno": "26", "ipc_main": "G06F-001/16", "Mno": "263", "country_code": "KR", "Sno": "2632", "LLtext": "제조업(10~34)", "documentId": "kr20060016692y1", "application_number": "2020060016692", "Ltext": "전자 부품, 컴퓨터, 영상, 음향 및 통신장비 제조업", "keyword": "모니터제조/컴퓨터모니터제조/양방향노트북/각도조절/상품정보제공/영업활동배가/장치/모니터케이스/전기적/본체", "document_type": "Y1"}, {"updateDate": "20220608", "LLno": "C", "SSno": "26322", "Stext": "기억 장치 및 주변 기기 제조업", "SStext": "컴퓨터 모니터 제조업", "Mtext": "컴퓨터 및 주변 장치 제조업", "Lno": "26", "ipc_main": "G06F-001/16", "Mno": "263", "country_code": "KR", "Sno": "2632", "LLtext": "제조업(10~34)", "documentId": "kr20060038034u", "application_number": "2020060038034", "Ltext": "전자 부품, 컴퓨터, 영상, 음향 및 통신장비 제조업", "keyword": "모니터제조/컴퓨터모니터제조/양방향노트북/왕복축방향/정보시각적제공/시간낭비절약/장치/고정연결홈/회전축/연결부", "document_type": "U"}, {"updateDate": "20220608", "LLno": "C", "SSno": "26322", "Stext": "기억 장치 및 주변 기기 제조업", "SStext": "컴퓨터 모니터 제조업", "Mtext": "컴퓨터 및 주변 장치 제조업", "Lno": "26", "ipc_main": "G06F-001/16", "Mno": "263", "country_code": "KR", "Sno": "2632", "LLtext": "제조업(10~34)", "documentId": "kr20060042222a", "application_number": "1020060042222", "Ltext": "전자 부품, 컴퓨터, 영상, 음향 및 통신장비 제조업", "keyword": "LCD모니터제조/컴퓨터모니터제조/고정시건장치/저렴비용/파손위험줄임/분실위험줄임/장치/책상/보조물/", "document_type": "A"}, {"updateDate": "20220608", "LLno": "C", "SSno": "26322", "Stext": "기억 장치 및 주변 기기 제조업", "SStext": "컴퓨터 모니터 제조업", "Mtext": "컴퓨터 및 주변 장치 제조업", "Lno": "26", "ipc_main": "G06F-001/16", "Mno": "263", "country_code": "KR", "Sno": "2632", "LLtext": "제조업(10~34)", "documentId": "kr20060045562a", "application_number": "1020060045562", "Ltext": "전자 부품, 컴퓨터, 영상, 음향 및 통신장비 제조업", "keyword": "모니터제조/컴퓨터모니터제조/분리형노트북//본체휴대/장소관계없음/장치/입력장치/본체/노트북", "document_type": "A"}, {"updateDate": "20220608", "LLno": "C", "SSno": "26322", "Stext": "기억 장치 및 주변 기기 제조업", "SStext": "컴퓨터 모니터 제조업", "Mtext": "컴퓨터 및 주변 장치 제조업", "Lno": "26", "ipc_main": "G06F-001/16", "Mno": "263", "country_code": "KR", "Sno": "2632", "LLtext": "제조업(10~34)", "documentId": "kr20060052173a", "application_number": "1020060052173", "Ltext": "전자 부품, 컴퓨터, 영상, 음향 및 통신장비 제조업", "keyword": "모니터제조/컴퓨터모니터제조/받침대/단자내장/선정리기능/단자연결/장치/선정리틀/이어폰/USB포트", "document_type": "A"}, {"updateDate": "20220608", "LLno": "C", "SSno": "26322", "Stext": "기억 장치 및 주변 기기 제조업", "SStext": "컴퓨터 모니터 제조업", "Mtext": "컴퓨터 및 주변 장치 제조업", "Lno": "26", "ipc_main": "G02F-001/1347", "Mno": "263", "country_code": "KR", "Sno": "2632", "LLtext": "제조업(10~34)", "documentId": "kr20060058592b1", "application_number": "1020060058592", "Ltext": "전자 부품, 컴퓨터, 영상, 음향 및 통신장비 제조업", "keyword": "액정모니터제조//듀얼뷰표시장치/영상방향분리/시야각/다른영상보여줌/장치/수평방향선폭/화소라인/스위칭패널", "document_type": "B1"}, {"updateDate": "20220608", "LLno": "C", "SSno": "26322", "Stext": "기억 장치 및 주변 기기 제조업", "SStext": "컴퓨터 모니터 제조업", "Mtext": "컴퓨터 및 주변 장치 제조업", "Lno": "26", "ipc_main": "G06F-015/16", "Mno": "263", "country_code": "KR", "Sno": "2632", "LLtext": "제조업(10~34)", "documentId": "kr20060082132b1", "application_number": "1020060082132", "Ltext": "전자 부품, 컴퓨터, 영상, 음향 및 통신장비 제조업", "keyword": "모니터제조/컴퓨터모니터제조/입력신호/연결포트구비/신호자동인식/사용자편의극대화/방법/입력포트/DDC통신/영상신호", "document_type": "B1"}, {"updateDate": "20220608", "LLno": "C", "SSno": "26322", "Stext": "기억 장치 및 주변 기기 제조업", "SStext": "컴퓨터 모니터 제조업", "Mtext": "컴퓨터 및 주변 장치 제조업", "Lno": "26", "ipc_main": "G02F-001/13", "Mno": "263", "country_code": "KR", "Sno": "2632", "LLtext": "제조업(10~34)", "documentId": "kr20060134590a", "application_number": "1020060134590", "Ltext": "전자 부품, 컴퓨터, 영상, 음향 및 통신장비 제조업", "keyword": "액정모니터제조//무라검출장치/데이터공급/영상감지/휘도변화근거/장치/기준영상공급부/영상검출부/에러검출부", "document_type": "A"}, {"updateDate": "20220608", "LLno": "C", "SSno": "26322", "Stext": "기억 장치 및 주변 기기 제조업", "SStext": "컴퓨터 모니터 제조업", "Mtext": "컴퓨터 및 주변 장치 제조업", "Lno": "26", "ipc_main": "G06F-001/16", "Mno": "263", "country_code": "KR", "Sno": "2632", "LLtext": "제조업(10~34)", "documentId": "kr20070002964y1", "application_number": "2020070002964", "Ltext": "전자 부품, 컴퓨터, 영상, 음향 및 통신장비 제조업", "keyword": "LCD모니터제조/엘시디모니터제조/일체형/차지공간줄임/높이조절가능/편안함제공/장치/고정나사/스토퍼작동버튼/고정날개", "document_type": "Y1"}, {"updateDate": "20220608", "LLno": "C", "SSno": "26322", "Stext": "기억 장치 및 주변 기기 제조업", "SStext": "컴퓨터 모니터 제조업", "Mtext": "컴퓨터 및 주변 장치 제조업", "Lno": "26", "ipc_main": "G06F-003/14", "Mno": "263", "country_code": "KR", "Sno": "2632", "LLtext": "제조업(10~34)", "documentId": "kr20070027134a", "application_number": "1020070027134", "Ltext": "전자 부품, 컴퓨터, 영상, 음향 및 통신장비 제조업", "keyword": "모니터제조/컴퓨터모니터제조/제어방법/DDCCI/사용자편의증대/최적해상도영상/방법/통신라인/OSD/설정해상도값", "document_type": "A"}, {"updateDate": "20220608", "LLno": "C", "SSno": "26322", "Stext": "기억 장치 및 주변 기기 제조업", "SStext": "컴퓨터 모니터 제조업", "Mtext": "컴퓨터 및 주변 장치 제조업", "Lno": "26", "ipc_main": "G02F-001/133", "Mno": "263", "country_code": "KR", "Sno": "2632", "LLtext": "제조업(10~34)", "documentId": "kr20070034947a", "application_number": "1020070034947", "Ltext": "전자 부품, 컴퓨터, 영상, 음향 및 통신장비 제조업", "keyword": "액정모니터제조//백라이트구동회로/DCR구동선택적제어/희도변경개선/시청피로도저감/장치/DCR제어신호/메모리소자/인버터", "document_type": "A"}, {"updateDate": "20220608", "LLno": "C", "SSno": "26322", "Stext": "기억 장치 및 주변 기기 제조업", "SStext": "컴퓨터 모니터 제조업", "Mtext": "컴퓨터 및 주변 장치 제조업", "Lno": "26", "ipc_main": "H04N-009/64", "Mno": "263", "country_code": "KR", "Sno": "2632", "LLtext": "제조업(10~34)", "documentId": "kr20070050437a", "application_number": "1020070050437", "Ltext": "전자 부품, 컴퓨터, 영상, 음향 및 통신장비 제조업", "keyword": "모니터제조//캘리브레이션/PID연산값/되먹임/색상정밀조정/장치/폐루프PID제어기/색상정보/밝기정보", "document_type": "A"}, {"updateDate": "20220608", "LLno": "C", "SSno": "26322", "Stext": "기억 장치 및 주변 기기 제조업", "SStext": "컴퓨터 모니터 제조업", "Mtext": "컴퓨터 및 주변 장치 제조업", "Lno": "26", "ipc_main": "G06F-001/16", "Mno": "263", "country_code": "KR", "Sno": "2632", "LLtext": "제조업(10~34)", "documentId": "kr20070085640b1", "application_number": "1020070085640", "Ltext": "전자 부품, 컴퓨터, 영상, 음향 및 통신장비 제조업", "keyword": "모니터제조/컴퓨터모니터제조/부착장치/단순저렴구조/받침대없음/작업공간확보/장치/장착대/레일/스토퍼", "document_type": "B1"}, {"updateDate": "20220608", "LLno": "C", "SSno": "26322", "Stext": "기억 장치 및 주변 기기 제조업", "SStext": "컴퓨터 모니터 제조업", "Mtext": "컴퓨터 및 주변 장치 제조업", "Lno": "26", "ipc_main": "G02F-001/133", "Mno": "263", "country_code": "KR", "Sno": "2632", "LLtext": "제조업(10~34)", "documentId": "kr20070115620b1", "application_number": "1020070115620", "Ltext": "전자 부품, 컴퓨터, 영상, 음향 및 통신장비 제조업", "keyword": "액정모니터제조//회로기판/EDID정보저장/영상데이터전압응답//장치/커넥터/메모리/타이밍컨트롤러", "document_type": "B1"}, {"updateDate": "20220608", "LLno": "C", "SSno": "26322", "Stext": "기억 장치 및 주변 기기 제조업", "SStext": "컴퓨터 모니터 제조업", "Mtext": "컴퓨터 및 주변 장치 제조업", "Lno": "26", "ipc_main": "G06F-003/14", "Mno": "263", "country_code": "KR", "Sno": "2632", "LLtext": "제조업(10~34)", "documentId": "kr20070127129a", "application_number": "1020070127129", "Ltext": "전자 부품, 컴퓨터, 영상, 음향 및 통신장비 제조업", "keyword": "모니터제조//화면공유장치/화면선택공유/업무효율극대화/사용자편의제공/장치/키입력부/이벤트생성수단/이벤트실행수단", "document_type": "A"}, {"updateDate": "20220608", "LLno": "C", "SSno": "26322", "Stext": "기억 장치 및 주변 기기 제조업", "SStext": "컴퓨터 모니터 제조업", "Mtext": "컴퓨터 및 주변 장치 제조업", "Lno": "26", "ipc_main": "G06F-001/16", "Mno": "263", "country_code": "KR", "Sno": "2632", "LLtext": "제조업(10~34)", "documentId": "kr20080007234y1", "application_number": "2020080007234", "Ltext": "전자 부품, 컴퓨터, 영상, 음향 및 통신장비 제조업", "keyword": "모니터제조//어댑터/규격화함/제작비용절감/효율적주시및감시/장치/고정플레이트/장착브래킷/고정편", "document_type": "Y1"}, {"updateDate": "20220608", "LLno": "C", "SSno": "26322", "Stext": "기억 장치 및 주변 기기 제조업", "SStext": "컴퓨터 모니터 제조업", "Mtext": "컴퓨터 및 주변 장치 제조업", "Lno": "26", "ipc_main": "G06F-001/16", "Mno": "263", "country_code": "KR", "Sno": "2632", "LLtext": "제조업(10~34)", "documentId": "kr20080020611a", "application_number": "1020080020611", "Ltext": "전자 부품, 컴퓨터, 영상, 음향 및 통신장비 제조업", "keyword": "컴퓨터모니터제조/컴퓨터용모니터제조/홉기팬구비모니터/구동모터/전원선/주변공기청결/장치/팬모듈/연결수단/전원공급케이블", "document_type": "A"}, {"updateDate": "20220608", "LLno": "C", "SSno": "26322", "Stext": "기억 장치 및 주변 기기 제조업", "SStext": "컴퓨터 모니터 제조업", "Mtext": "컴퓨터 및 주변 장치 제조업", "Lno": "26", "ipc_main": "G06F-001/16", "Mno": "263", "country_code": "KR", "Sno": "2632", "LLtext": "제조업(10~34)", "documentId": "kr20080059528a", "application_number": "1020080059528", "Ltext": "전자 부품, 컴퓨터, 영상, 음향 및 통신장비 제조업", "keyword": "모니터제조//확장구조/통합형성/다수개연결/출력채널수제한장치사용/장치/커넥터/데이터전송인터페이스/전원공급인터페이스", "document_type": "A"}, {"updateDate": "20220608", "LLno": "C", "SSno": "26322", "Stext": "기억 장치 및 주변 기기 제조업", "SStext": "컴퓨터 모니터 제조업", "Mtext": "컴퓨터 및 주변 장치 제조업", "Lno": "26", "ipc_main": "G02F-001/1335", "Mno": "263", "country_code": "KR", "Sno": "2632", "LLtext": "제조업(10~34)", "documentId": "kr20080066695b1", "application_number": "1020080066695", "Ltext": "전자 부품, 컴퓨터, 영상, 음향 및 통신장비 제조업", "keyword": "액정모니터제조//입체영상표시장치//편광안경이용/입체영상시청/장치/메인표시채널/전극/보조표시패널", "document_type": "B1"}, {"updateDate": "20220608", "LLno": "C", "SSno": "26322", "Stext": "기억 장치 및 주변 기기 제조업", "SStext": "컴퓨터 모니터 제조업", "Mtext": "컴퓨터 및 주변 장치 제조업", "Lno": "26", "ipc_main": "G06F-001/16", "Mno": "263", "country_code": "KR", "Sno": "2632", "LLtext": "제조업(10~34)", "documentId": "kr20080131417a", "application_number": "1020080131417", "Ltext": "전자 부품, 컴퓨터, 영상, 음향 및 통신장비 제조업", "keyword": "모니터제조//벽걸이지지장치/동력전달/이동가능/좌우방향회동/장치/지지브라켓/구동부/연동유닛", "document_type": "A"}, {"updateDate": "20220608", "LLno": "C", "SSno": "26322", "Stext": "기억 장치 및 주변 기기 제조업", "SStext": "컴퓨터 모니터 제조업", "Mtext": "컴퓨터 및 주변 장치 제조업", "Lno": "26", "ipc_main": "G06F-001/16", "Mno": "263", "country_code": "KR", "Sno": "2632", "LLtext": "제조업(10~34)", "documentId": "kr20090004342u", "application_number": "2020090004342", "Ltext": "전자 부품, 컴퓨터, 영상, 음향 및 통신장비 제조업", "keyword": "모니터제조/컴퓨터모니터제조/일체형컴퓨터/일체형설치/설치높이조절/승하강높이조절용/장치/벽걸이브라켓/본체연결축/조절레버", "document_type": "U"}, {"updateDate": "20220608", "LLno": "C", "SSno": "26322", "Stext": "기억 장치 및 주변 기기 제조업", "SStext": "컴퓨터 모니터 제조업", "Mtext": "컴퓨터 및 주변 장치 제조업", "Lno": "26", "ipc_main": "G06F-001/16", "Mno": "263", "country_code": "KR", "Sno": "2632", "LLtext": "제조업(10~34)", "documentId": "kr20090016651y1", "application_number": "2020090016651", "Ltext": "전자 부품, 컴퓨터, 영상, 음향 및 통신장비 제조업", "keyword": "모니터제조/컴퓨터모니터제조/랩텁/회전고정/별도데이터전송/데이터이용효과적/장치/힌지부/슬라이딩홈/돌출부", "document_type": "Y1"}, {"updateDate": "20220608", "LLno": "C", "SSno": "26322", "Stext": "기억 장치 및 주변 기기 제조업", "SStext": "컴퓨터 모니터 제조업", "Mtext": "컴퓨터 및 주변 장치 제조업", "Lno": "26", "ipc_main": "G02F-001/133", "Mno": "263", "country_code": "KR", "Sno": "2632", "LLtext": "제조업(10~34)", "documentId": "kr20090028160b1", "application_number": "1020090028160", "Ltext": "전자 부품, 컴퓨터, 영상, 음향 및 통신장비 제조업", "keyword": "액정모니터제조//영상표시장치/교차구조정의/매트릭스형태/다수블록분할/장치/백라이트유닛/분할구동제어회로/광원구동부", "document_type": "B1"}, {"updateDate": "20220608", "LLno": "C", "SSno": "26322", "Stext": "기억 장치 및 주변 기기 제조업", "SStext": "컴퓨터 모니터 제조업", "Mtext": "컴퓨터 및 주변 장치 제조업", "Lno": "26", "ipc_main": "G06F-011/30", "Mno": "263", "country_code": "KR", "Sno": "2632", "LLtext": "제조업(10~34)", "documentId": "kr20090038538a", "application_number": "1020090038538", "Ltext": "전자 부품, 컴퓨터, 영상, 음향 및 통신장비 제조업", "keyword": "모니터제조/컴퓨터모니터제조/프로그램산출물/저장모듈/검색모듈/분석모듈/방법/엔트리포인트정보/어드레스/명령", "document_type": "A"}, {"updateDate": "20220608", "LLno": "C", "SSno": "26322", "Stext": "기억 장치 및 주변 기기 제조업", "SStext": "컴퓨터 모니터 제조업", "Mtext": "컴퓨터 및 주변 장치 제조업", "Lno": "26", "ipc_main": "G02F-001/133", "Mno": "263", "country_code": "KR", "Sno": "2632", "LLtext": "제조업(10~34)", "documentId": "kr20090104007a", "application_number": "1020090104007", "Ltext": "전자 부품, 컴퓨터, 영상, 음향 및 통신장비 제조업", "keyword": "액정모니터제조//디스플레이장치//휘도보정/휘도불균형보상/장치/도광유닛/LED모듈/영상처리부", "document_type": "A"}, {"updateDate": "20220608", "LLno": "C", "SSno": "26322", "Stext": "기억 장치 및 주변 기기 제조업", "SStext": "컴퓨터 모니터 제조업", "Mtext": "컴퓨터 및 주변 장치 제조업", "Lno": "26", "ipc_main": "G06F-001/16", "Mno": "263", "country_code": "KR", "Sno": "2632", "LLtext": "제조업(10~34)", "documentId": "kr20090108181b1", "application_number": "1020090108181", "Ltext": "전자 부품, 컴퓨터, 영상, 음향 및 통신장비 제조업", "keyword": "모니터제조//피씨본체/공간활용/노출최소화/정돈/장치/배선수납부/브라켓/개구부", "document_type": "B1"}, {"updateDate": "20220608", "LLno": "C", "SSno": "26322", "Stext": "기억 장치 및 주변 기기 제조업", "SStext": "컴퓨터 모니터 제조업", "Mtext": "컴퓨터 및 주변 장치 제조업", "Lno": "26", "ipc_main": "G06F-003/14", "Mno": "263", "country_code": "KR", "Sno": "2632", "LLtext": "제조업(10~34)", "documentId": "kr20090128804a", "application_number": "1020090128804", "Ltext": "전자 부품, 컴퓨터, 영상, 음향 및 통신장비 제조업", "keyword": "모니터제조//전자기기/점유공간최소화/정보전달기능향상/작업효율성향상/장치/멀티모니터/보조모니터/연결수단", "document_type": "A"}, {"updateDate": "20220608", "LLno": "C", "SSno": "26322", "Stext": "기억 장치 및 주변 기기 제조업", "SStext": "컴퓨터 모니터 제조업", "Mtext": "컴퓨터 및 주변 장치 제조업", "Lno": "26", "ipc_main": "G06F-001/16", "Mno": "263", "country_code": "KR", "Sno": "2632", "LLtext": "제조업(10~34)", "documentId": "kr20100022467a", "application_number": "1020100022467", "Ltext": "전자 부품, 컴퓨터, 영상, 음향 및 통신장비 제조업", "keyword": "모니터제조//모니터/파손방지/안정적지지/전도방지/장치/지지대/구름벽/원호형상", "document_type": "A"}, {"updateDate": "20220608", "LLno": "C", "SSno": "26322", "Stext": "기억 장치 및 주변 기기 제조업", "SStext": "컴퓨터 모니터 제조업", "Mtext": "컴퓨터 및 주변 장치 제조업", "Lno": "26", "ipc_main": "G06F-001/16", "Mno": "263", "country_code": "KR", "Sno": "2632", "LLtext": "제조업(10~34)", "documentId": "kr20110010430u", "application_number": "2020110010430", "Ltext": "전자 부품, 컴퓨터, 영상, 음향 및 통신장비 제조업", "keyword": "모니터제조//장착기구/체결수단없음/조립분리/이탈방지/장치/후크걸림홈/결합판/잠금턱", "document_type": "U"}, {"updateDate": "20220608", "LLno": "C", "SSno": "26322", "Stext": "기억 장치 및 주변 기기 제조업", "SStext": "컴퓨터 모니터 제조업", "Mtext": "컴퓨터 및 주변 장치 제조업", "Lno": "26", "ipc_main": "G06F-021/00", "Mno": "263", "country_code": "KR", "Sno": "2632", "LLtext": "제조업(10~34)", "documentId": "kr20110046238b1", "application_number": "1020110046238", "Ltext": "전자 부품, 컴퓨터, 영상, 음향 및 통신장비 제조업", "keyword": "컴퓨터모니터(터치스크린)제조/컴퓨터모니터제조/스캐닝/고속상시전송/수집분석기능/정보보안사고예방/시스템/디스플레이어댑터/네트워크망/네트워크어댑터", "document_type": "B1"}, {"updateDate": "20220608", "LLno": "C", "SSno": "26322", "Stext": "기억 장치 및 주변 기기 제조업", "SStext": "컴퓨터 모니터 제조업", "Mtext": "컴퓨터 및 주변 장치 제조업", "Lno": "26", "ipc_main": "G06F-001/00", "Mno": "263", "country_code": "KR", "Sno": "2632", "LLtext": "제조업(10~34)", "documentId": "kr20110059015a", "application_number": "1020110059015", "Ltext": "전자 부품, 컴퓨터, 영상, 음향 및 통신장비 제조업", "keyword": "모니터제조//통합케이블받침/단자접속/파워전달/효율적사용/장치/단자접속케이블/연결케이블/유에스비허브증폭기", "document_type": "A"}, {"updateDate": "20220608", "LLno": "C", "SSno": "26322", "Stext": "기억 장치 및 주변 기기 제조업", "SStext": "컴퓨터 모니터 제조업", "Mtext": "컴퓨터 및 주변 장치 제조업", "Lno": "26", "ipc_main": "G06F-001/16", "Mno": "263", "country_code": "KR", "Sno": "2632", "LLtext": "제조업(10~34)", "documentId": "kr20110062284b1", "application_number": "1020110062284", "Ltext": "전자 부품, 컴퓨터, 영상, 음향 및 통신장비 제조업", "keyword": "모니터제조//산업용설치장치/벽면분리않음/일정각도상태/점검시간단축/장치/거치바/지지용프레임/결합용프레임", "document_type": "B1"}, {"updateDate": "20220608", "LLno": "C", "SSno": "26322", "Stext": "기억 장치 및 주변 기기 제조업", "SStext": "컴퓨터 모니터 제조업", "Mtext": "컴퓨터 및 주변 장치 제조업", "Lno": "26", "ipc_main": "G06F-001/16", "Mno": "263", "country_code": "KR", "Sno": "2632", "LLtext": "제조업(10~34)", "documentId": "kr20110065307a", "application_number": "1020110065307", "Ltext": "전자 부품, 컴퓨터, 영상, 음향 및 통신장비 제조업", "keyword": "모니터제조/컴퓨터모니터제조/수직레일/슬라이드방식/공간적게차지/효율적작업/방법/수직방향레일/상하이동/두대이상모니터", "document_type": "A"}, {"updateDate": "20220608", "LLno": "C", "SSno": "26322", "Stext": "기억 장치 및 주변 기기 제조업", "SStext": "컴퓨터 모니터 제조업", "Mtext": "컴퓨터 및 주변 장치 제조업", "Lno": "26", "ipc_main": "G06F-001/16", "Mno": "263", "country_code": "KR", "Sno": "2632", "LLtext": "제조업(10~34)", "documentId": "kr20120006634y1", "application_number": "2020120006634", "Ltext": "전자 부품, 컴퓨터, 영상, 음향 및 통신장비 제조업", "keyword": "모니터제조//다중장치/좁은공간효율적사용/각도조절/편의성증대/장치/슬라이딩바/가이드레일/링크조립체", "document_type": "Y1"}, {"updateDate": "20220608", "LLno": "C", "SSno": "26322", "Stext": "기억 장치 및 주변 기기 제조업", "SStext": "컴퓨터 모니터 제조업", "Mtext": "컴퓨터 및 주변 장치 제조업", "Lno": "26", "ipc_main": "G06F-001/16", "Mno": "263", "country_code": "KR", "Sno": "2632", "LLtext": "제조업(10~34)", "documentId": "kr20120018970b1", "application_number": "1020120018970", "Ltext": "전자 부품, 컴퓨터, 영상, 음향 및 통신장비 제조업", "keyword": "모니터제조//지지장치/슬라이딩가능/힌지결합//장치/가이드부/슬라이더판/지지판", "document_type": "B1"}, {"updateDate": "20220608", "LLno": "C", "SSno": "26322", "Stext": "기억 장치 및 주변 기기 제조업", "SStext": "컴퓨터 모니터 제조업", "Mtext": "컴퓨터 및 주변 장치 제조업", "Lno": "26", "ipc_main": "G02F-001/1337", "Mno": "263", "country_code": "KR", "Sno": "2632", "LLtext": "제조업(10~34)", "documentId": "kr20120081792b1", "application_number": "1020120081792", "Ltext": "전자 부품, 컴퓨터, 영상, 음향 및 통신장비 제조업", "keyword": "액정모니터제조//영상표시장치/3차원영상표시/나선구조배열/수직배열/장치/시역패널/전기장/액정분자", "document_type": "B1"}, {"updateDate": "20220608", "LLno": "C", "SSno": "26322", "Stext": "기억 장치 및 주변 기기 제조업", "SStext": "컴퓨터 모니터 제조업", "Mtext": "컴퓨터 및 주변 장치 제조업", "Lno": "26", "ipc_main": "G06F-001/16", "Mno": "263", "country_code": "KR", "Sno": "2632", "LLtext": "제조업(10~34)", "documentId": "kr20120103132b1", "application_number": "1020120103132", "Ltext": "전자 부품, 컴퓨터, 영상, 음향 및 통신장비 제조업", "keyword": "모니터제조/컴퓨터모니터제조/양방향듀얼장치/동시출력물확인/동시각도조절/사용상편리함/장치/고정기어체/단속기어체/힌지부", "document_type": "B1"}, {"updateDate": "20220608", "LLno": "C", "SSno": "26322", "Stext": "기억 장치 및 주변 기기 제조업", "SStext": "컴퓨터 모니터 제조업", "Mtext": "컴퓨터 및 주변 장치 제조업", "Lno": "26", "ipc_main": "G02F-001/1335", "Mno": "263", "country_code": "KR", "Sno": "2632", "LLtext": "제조업(10~34)", "documentId": "kr20120107442a", "application_number": "1020120107442", "Ltext": "전자 부품, 컴퓨터, 영상, 음향 및 통신장비 제조업", "keyword": "액정모니터제조//영상표시장치/컬러필터없음/광따라표시/컬러영상표시/장치/렌즈어레이/광제어부/백라이트", "document_type": "A"}, {"updateDate": "20220608", "LLno": "C", "SSno": "26322", "Stext": "기억 장치 및 주변 기기 제조업", "SStext": "컴퓨터 모니터 제조업", "Mtext": "컴퓨터 및 주변 장치 제조업", "Lno": "26", "ipc_main": "G06F-001/16", "Mno": "263", "country_code": "KR", "Sno": "2632", "LLtext": "제조업(10~34)", "documentId": "kr20130007376y1", "application_number": "2020130007376", "Ltext": "전자 부품, 컴퓨터, 영상, 음향 및 통신장비 제조업", "keyword": "모니터제조/컴퓨터모니터제조/걸이구/이동가능설치/일측개방/수리및설치용이/장치/프레임/이동저지턱/걸림장착부", "document_type": "Y1"}, {"updateDate": "20220608", "LLno": "C", "SSno": "26322", "Stext": "기억 장치 및 주변 기기 제조업", "SStext": "컴퓨터 모니터 제조업", "Mtext": "컴퓨터 및 주변 장치 제조업", "Lno": "26", "ipc_main": "H04N-005/655", "Mno": "263", "country_code": "KR", "Sno": "2632", "LLtext": "제조업(10~34)", "documentId": "kr20130084834a", "application_number": "1020130084834", "Ltext": "전자 부품, 컴퓨터, 영상, 음향 및 통신장비 제조업", "keyword": "모니터제조/컴퓨터모니터(터치스크린)제조/고정용프레임/판재꺾음/한번접음/낮은비용제조/장치/직립벽/지지판/십입공간", "document_type": "A"}, {"updateDate": "20220608", "LLno": "C", "SSno": "26322", "Stext": "기억 장치 및 주변 기기 제조업", "SStext": "컴퓨터 모니터 제조업", "Mtext": "컴퓨터 및 주변 장치 제조업", "Lno": "26", "ipc_main": "G06F-021/70", "Mno": "263", "country_code": "KR", "Sno": "2632", "LLtext": "제조업(10~34)", "documentId": "kr20130096028a", "application_number": "1020130096028", "Ltext": "전자 부품, 컴퓨터, 영상, 음향 및 통신장비 제조업", "keyword": "모니터제조/컴퓨터모니터제조/보안시스템/스케일링변환/색상공간변환/비디오신호합성/방법/셋톱박스/마우스신호/키보드신호", "document_type": "A"}, {"updateDate": "20220608", "LLno": "C", "SSno": "26322", "Stext": "기억 장치 및 주변 기기 제조업", "SStext": "컴퓨터 모니터 제조업", "Mtext": "컴퓨터 및 주변 장치 제조업", "Lno": "26", "ipc_main": "G06F-001/00", "Mno": "263", "country_code": "KR", "Sno": "2632", "LLtext": "제조업(10~34)", "documentId": "kr20140019193b1", "application_number": "1020140019193", "Ltext": "전자 부품, 컴퓨터, 영상, 음향 및 통신장비 제조업", "keyword": "모니터제조/컴퓨터모니터제조/내부망및외부망분리/공간활용극대화/작업동시수행/업무효율성높임/장치/SOC보드/외부망용허브/화면분할기", "document_type": "B1"}, {"updateDate": "20220608", "LLno": "C", "SSno": "26322", "Stext": "기억 장치 및 주변 기기 제조업", "SStext": "컴퓨터 모니터 제조업", "Mtext": "컴퓨터 및 주변 장치 제조업", "Lno": "26", "ipc_main": "G06F-013/14", "Mno": "263", "country_code": "KR", "Sno": "2632", "LLtext": "제조업(10~34)", "documentId": "kr20140116878a", "application_number": "1020140116878", "Ltext": "전자 부품, 컴퓨터, 영상, 음향 및 통신장비 제조업", "keyword": "모니터제조/컴퓨터모니터제조/디스플레이/동시구현/화면분할/화면비가변/시스템/인터페이스보드/영상경로선택부/영상처리부", "document_type": "A"}, {"updateDate": "20220608", "LLno": "C", "SSno": "26322", "Stext": "기억 장치 및 주변 기기 제조업", "SStext": "컴퓨터 모니터 제조업", "Mtext": "컴퓨터 및 주변 장치 제조업", "Lno": "26", "ipc_main": "G06F-001/16", "Mno": "263", "country_code": "KR", "Sno": "2632", "LLtext": "제조업(10~34)", "documentId": "kr20140190796b1", "application_number": "1020140190796", "Ltext": "전자 부품, 컴퓨터, 영상, 음향 및 통신장비 제조업", "keyword": "액정모니터제조/컴퓨터모니터(터치스크린)제조/키보드/화면투과/동영상시청/공간넓게활용/장치/투명키보드/각도조절부/신호접속부", "document_type": "B1"}, {"updateDate": "20220608", "LLno": "C", "SSno": "26322", "Stext": "기억 장치 및 주변 기기 제조업", "SStext": "컴퓨터 모니터 제조업", "Mtext": "컴퓨터 및 주변 장치 제조업", "Lno": "26", "ipc_main": "H04N-005/655", "Mno": "263", "country_code": "KR", "Sno": "2632", "LLtext": "제조업(10~34)", "documentId": "kr20150050463b1", "application_number": "1020150050463", "Ltext": "전자 부품, 컴퓨터, 영상, 음향 및 통신장비 제조업", "keyword": "모니터제조//거치장치/피고정물결합/위치변경/각도변경/장치/암부/와셔/전선정리브라켓", "document_type": "B1"}, {"updateDate": "20220608", "LLno": "C", "SSno": "26322", "Stext": "기억 장치 및 주변 기기 제조업", "SStext": "컴퓨터 모니터 제조업", "Mtext": "컴퓨터 및 주변 장치 제조업", "Lno": "26", "ipc_main": "H04N-005/655", "Mno": "263", "country_code": "KR", "Sno": "2632", "LLtext": "제조업(10~34)", "documentId": "kr20150092431b1", "application_number": "1020150092431", "Ltext": "전자 부품, 컴퓨터, 영상, 음향 및 통신장비 제조업", "keyword": "모니터제조//천정매립형/회전작동/외부인출/공간활용도우수/장치/회전플레이트/조절볼트/연결링크", "document_type": "B1"}, {"updateDate": "20220608", "LLno": "C", "SSno": "26322", "Stext": "기억 장치 및 주변 기기 제조업", "SStext": "컴퓨터 모니터 제조업", "Mtext": "컴퓨터 및 주변 장치 제조업", "Lno": "26", "ipc_main": "G06F-001/16", "Mno": "263", "country_code": "KR", "Sno": "2632", "LLtext": "제조업(10~34)", "documentId": "kr20160009679a", "application_number": "1020160009679", "Ltext": "전자 부품, 컴퓨터, 영상, 음향 및 통신장비 제조업", "keyword": "컴퓨터모니터제조//멀티비전장치//조립분해용이/휴대간편/장치/서브보드/평판표시패널/케이스스탠드", "document_type": "A"}, {"updateDate": "20220608", "LLno": "C", "SSno": "26322", "Stext": "기억 장치 및 주변 기기 제조업", "SStext": "컴퓨터 모니터 제조업", "Mtext": "컴퓨터 및 주변 장치 제조업", "Lno": "26", "ipc_main": "G06F-001/16", "Mno": "263", "country_code": "KR", "Sno": "2632", "LLtext": "제조업(10~34)", "documentId": "kr20170011885a", "application_number": "1020170011885", "Ltext": "전자 부품, 컴퓨터, 영상, 음향 및 통신장비 제조업", "keyword": "모니터제조/컴퓨터모니터제조/랩탑/복수구비/데이터디스플레이/사생활보호/장치/힌지부/슬라이딩홈/돌출부", "document_type": "A"}, {"updateDate": "20220608", "LLno": "C", "SSno": "26322", "Stext": "기억 장치 및 주변 기기 제조업", "SStext": "컴퓨터 모니터 제조업", "Mtext": "컴퓨터 및 주변 장치 제조업", "Lno": "26", "ipc_main": "G06F-003/14", "Mno": "263", "country_code": "KR", "Sno": "2632", "LLtext": "제조업(10~34)", "documentId": "kr20170170207b1", "application_number": "1020170170207", "Ltext": "전자 부품, 컴퓨터, 영상, 음향 및 통신장비 제조업", "keyword": "모니터제조/컴퓨터모니터제조/화면분할기능/가변조절/해상도조정/효율적사용/장치/영상입력부/가변분할조정부/분할정보저장부", "document_type": "B1"}, {"updateDate": "20220608", "LLno": "C", "SSno": "26322", "Stext": "기억 장치 및 주변 기기 제조업", "SStext": "컴퓨터 모니터 제조업", "Mtext": "컴퓨터 및 주변 장치 제조업", "Lno": "26", "ipc_main": "G06F-003/023", "Mno": "263", "country_code": "KR", "Sno": "2632", "LLtext": "제조업(10~34)", "documentId": "kr20180020756b1", "application_number": "1020180020756", "Ltext": "전자 부품, 컴퓨터, 영상, 음향 및 통신장비 제조업", "keyword": "모니터제조/컴퓨터모니터제조/kvm스위칭장치/스플릿기능/선택적표시/업무효율성향상/장치/VGA스위치/DDC스위치/슬레이브MCU", "document_type": "B1"}, {"updateDate": "20220608", "LLno": "C", "SSno": "26322", "Stext": "기억 장치 및 주변 기기 제조업", "SStext": "컴퓨터 모니터 제조업", "Mtext": "컴퓨터 및 주변 장치 제조업", "Lno": "26", "ipc_main": "G06F-003/023", "Mno": "263", "country_code": "KR", "Sno": "2632", "LLtext": "제조업(10~34)", "documentId": "kr20190053250a", "application_number": "1020190053250", "Ltext": "전자 부품, 컴퓨터, 영상, 음향 및 통신장비 제조업", "keyword": "모니터제조/컴퓨터모니터제조/kvm스위칭장치/선택적표시/동시표시/업무효율성향상/장치/USB허브/슬레이브MCU/마스터MCU", "document_type": "A"}, {"updateDate": "20220608", "LLno": "C", "SSno": "26322", "Stext": "기억 장치 및 주변 기기 제조업", "SStext": "컴퓨터 모니터 제조업", "Mtext": "컴퓨터 및 주변 장치 제조업", "Lno": "26", "ipc_main": "G06F-001/3234", "Mno": "263", "country_code": "KR", "Sno": "2632", "LLtext": "제조업(10~34)", "documentId": "kr20200067807b1", "application_number": "1020200067807", "Ltext": "전자 부품, 컴퓨터, 영상, 음향 및 통신장비 제조업", "keyword": "모니터제조/컴퓨터모니터제조/전력절감형/그래픽데이터분석/화면밝기자동조절/소비전력절감/장치/그래픽저장모듈/이미지스케일러/전력제어모듈", "document_type": "B1"}, {"updateDate": "20220608", "LLno": "C", "SSno": "26322", "Stext": "기억 장치 및 주변 기기 제조업", "SStext": "컴퓨터 모니터 제조업", "Mtext": "컴퓨터 및 주변 장치 제조업", "Lno": "26", "ipc_main": "G06F-001/16", "Mno": "263", "country_code": "KR", "Sno": "2632", "LLtext": "제조업(10~34)", "documentId": "kr20200116575b1", "application_number": "1020200116575", "Ltext": "전자 부품, 컴퓨터, 영상, 음향 및 통신장비 제조업", "keyword": "모니터제조//다기능듀얼/전후양방향출력/동시화면출력/파티션기능/장치/체결돌기/디스플레이패널/벽체", "document_type": "B1"}]}