{"dataset": [{"updateDate": "20220608", "LLno": "C", "SSno": "28511", "Stext": "가정용 전기 기기 제조업", "SStext": "주방용 전기 기기 제조업", "Mtext": "가정용 기기 제조업", "Lno": "28", "ipc_main": "F25D-023/02", "Mno": "285", "country_code": "KR", "Sno": "2851", "LLtext": "제조업(10~34)", "documentId": "kr20060083554a", "application_number": "1020060083554", "Ltext": "전기장비 제조업", "keyword": "가정용냉장고제조/가정형냉장고제조/냉장고/수용위치/지지위치/도어레그/장치/본체캐비닛/저면부/바닥", "document_type": "A"}, {"updateDate": "20220608", "LLno": "C", "SSno": "28511", "Stext": "가정용 전기 기기 제조업", "SStext": "주방용 전기 기기 제조업", "Mtext": "가정용 기기 제조업", "Lno": "28", "ipc_main": "F25D-023/02", "Mno": "285", "country_code": "KR", "Sno": "2851", "LLtext": "제조업(10~34)", "documentId": "kr20060090724b1", "application_number": "1020060090724", "Ltext": "전기장비 제조업", "keyword": "가정용냉장고제조/가정형냉장고제조/냉장고도어/도어열림장치/작동레버/도어핸들/장치/저장실/롤러/안내부재", "document_type": "B1"}, {"updateDate": "20220608", "LLno": "C", "SSno": "28511", "Stext": "가정용 전기 기기 제조업", "SStext": "주방용 전기 기기 제조업", "Mtext": "가정용 기기 제조업", "Lno": "28", "ipc_main": "F25D-023/02", "Mno": "285", "country_code": "KR", "Sno": "2851", "LLtext": "제조업(10~34)", "documentId": "kr20060130060a", "application_number": "1020060130060", "Ltext": "전기장비 제조업", "keyword": "가정용냉장고제조/가정형냉장고제조/냉장고/도어프레임/전면패널/후면패널/장치/저장실/개구부/발포공간", "document_type": "A"}, {"updateDate": "20220608", "LLno": "C", "SSno": "28511", "Stext": "가정용 전기 기기 제조업", "SStext": "주방용 전기 기기 제조업", "Mtext": "가정용 기기 제조업", "Lno": "28", "ipc_main": "F25D-029/00", "Mno": "285", "country_code": "KR", "Sno": "2851", "LLtext": "제조업(10~34)", "documentId": "kr20060130802a", "application_number": "1020060130802", "Ltext": "전기장비 제조업", "keyword": "가정용냉장고제조/가정형냉장고제조/냉장고/도어/도어개방감지부/제어부/장치/냉동실/냉장실/본체", "document_type": "A"}, {"updateDate": "20220608", "LLno": "C", "SSno": "28511", "Stext": "가정용 전기 기기 제조업", "SStext": "주방용 전기 기기 제조업", "Mtext": "가정용 기기 제조업", "Lno": "28", "ipc_main": "F25D-025/00", "Mno": "285", "country_code": "KR", "Sno": "2851", "LLtext": "제조업(10~34)", "documentId": "kr20070002539a", "application_number": "1020070002539", "Ltext": "전기장비 제조업", "keyword": "가정용냉장고제조/가정형냉장고제조/냉장고/취출공간/안착부/받침트레이/장치/디스펜서/바닥면/용기", "document_type": "A"}, {"updateDate": "20220608", "LLno": "C", "SSno": "28511", "Stext": "가정용 전기 기기 제조업", "SStext": "주방용 전기 기기 제조업", "Mtext": "가정용 기기 제조업", "Lno": "28", "ipc_main": "F25D-025/02", "Mno": "285", "country_code": "KR", "Sno": "2851", "LLtext": "제조업(10~34)", "documentId": "kr20070003044b1", "application_number": "1020070003044", "Ltext": "전기장비 제조업", "keyword": "가정용냉장고제조/가정형냉장고제조/냉장고/관통부/안착판/선반프레임/장치/저장물/저장공간/선반", "document_type": "B1"}, {"updateDate": "20220608", "LLno": "C", "SSno": "28511", "Stext": "가정용 전기 기기 제조업", "SStext": "주방용 전기 기기 제조업", "Mtext": "가정용 기기 제조업", "Lno": "28", "ipc_main": "F25D-023/02", "Mno": "285", "country_code": "KR", "Sno": "2851", "LLtext": "제조업(10~34)", "documentId": "kr20070019202a", "application_number": "1020070019202", "Ltext": "전기장비 제조업", "keyword": "가정용냉장고제조/가정형냉장고제조/냉장고/본체/캠부재/레버/장치/저장실/탄성부재/닫힘유지유닛", "document_type": "A"}, {"updateDate": "20220608", "LLno": "C", "SSno": "28511", "Stext": "가정용 전기 기기 제조업", "SStext": "주방용 전기 기기 제조업", "Mtext": "가정용 기기 제조업", "Lno": "28", "ipc_main": "F25D-023/02", "Mno": "285", "country_code": "KR", "Sno": "2851", "LLtext": "제조업(10~34)", "documentId": "kr20070019262u", "application_number": "2020070019262", "Ltext": "전기장비 제조업", "keyword": "가정용냉장고제조/가정형냉장고제조/냉장고/케이스/회전샤프트/고정캠/장치/하우징/슬라이드캠/인장스프링", "document_type": "U"}, {"updateDate": "20220608", "LLno": "C", "SSno": "28511", "Stext": "가정용 전기 기기 제조업", "SStext": "주방용 전기 기기 제조업", "Mtext": "가정용 기기 제조업", "Lno": "28", "ipc_main": "F25D-023/02", "Mno": "285", "country_code": "KR", "Sno": "2851", "LLtext": "제조업(10~34)", "documentId": "kr20070027162a", "application_number": "1020070027162", "Ltext": "전기장비 제조업", "keyword": "가정용냉장고제조/가정형냉장고제조/냉장고/작동부재/이격부/회전캠/장치/돌출부/구동모터/복원장치", "document_type": "A"}, {"updateDate": "20220608", "LLno": "C", "SSno": "28511", "Stext": "가정용 전기 기기 제조업", "SStext": "주방용 전기 기기 제조업", "Mtext": "가정용 기기 제조업", "Lno": "28", "ipc_main": "F25D-023/02", "Mno": "285", "country_code": "KR", "Sno": "2851", "LLtext": "제조업(10~34)", "documentId": "kr20070046385a", "application_number": "1020070046385", "Ltext": "전기장비 제조업", "keyword": "가정용냉장고제조/가정형냉장고제조/냉장고/도어/도어핸들/보조개방수단/장치/누름조작/본체/내부공간", "document_type": "A"}, {"updateDate": "20220608", "LLno": "C", "SSno": "28511", "Stext": "가정용 전기 기기 제조업", "SStext": "주방용 전기 기기 제조업", "Mtext": "가정용 기기 제조업", "Lno": "28", "ipc_main": "F25D-023/00", "Mno": "285", "country_code": "KR", "Sno": "2851", "LLtext": "제조업(10~34)", "documentId": "kr20070050039a", "application_number": "1020070050039", "Ltext": "전기장비 제조업", "keyword": "냉장고제조/전기냉장고제조/연결구조/냉장고/리드와이어/고정구조/장치/본체/도어/수용구", "document_type": "A"}, {"updateDate": "20220608", "LLno": "C", "SSno": "28511", "Stext": "가정용 전기 기기 제조업", "SStext": "주방용 전기 기기 제조업", "Mtext": "가정용 기기 제조업", "Lno": "28", "ipc_main": "F25D-023/02", "Mno": "285", "country_code": "KR", "Sno": "2851", "LLtext": "제조업(10~34)", "documentId": "kr20070050516a", "application_number": "1020070050516", "Ltext": "전기장비 제조업", "keyword": "가정용냉장고제조/가정형냉장고제조/냉장고/홈바개구/홈바하우징/홈바도어/장치/냉장실도어/수납공간/안착홈", "document_type": "A"}, {"updateDate": "20220608", "LLno": "C", "SSno": "28511", "Stext": "가정용 전기 기기 제조업", "SStext": "주방용 전기 기기 제조업", "Mtext": "가정용 기기 제조업", "Lno": "28", "ipc_main": "A47L-015/46", "Mno": "285", "country_code": "KR", "Sno": "2851", "LLtext": "제조업(10~34)", "documentId": "kr20070067547b1", "application_number": "1020070067547", "Ltext": "전기장비 제조업", "keyword": "세척기제조/전기식기세척기제조/식기세척기/오염/식기/제어/방법/운전모드/회전수/세제량", "document_type": "B1"}, {"updateDate": "20220608", "LLno": "C", "SSno": "28511", "Stext": "가정용 전기 기기 제조업", "SStext": "주방용 전기 기기 제조업", "Mtext": "가정용 기기 제조업", "Lno": "28", "ipc_main": "F25D-023/02", "Mno": "285", "country_code": "KR", "Sno": "2851", "LLtext": "제조업(10~34)", "documentId": "kr20070084273b1", "application_number": "1020070084273", "Ltext": "전기장비 제조업", "keyword": "냉장고제조/전기냉장고제조/냉장고/본체/도어/개방각/장치/힌지부/걸림돌기/걸림턱", "document_type": "B1"}, {"updateDate": "20220608", "LLno": "C", "SSno": "28511", "Stext": "가정용 전기 기기 제조업", "SStext": "주방용 전기 기기 제조업", "Mtext": "가정용 기기 제조업", "Lno": "28", "ipc_main": "F25D-023/00", "Mno": "285", "country_code": "KR", "Sno": "2851", "LLtext": "제조업(10~34)", "documentId": "kr20070103472b1", "application_number": "1020070103472", "Ltext": "전기장비 제조업", "keyword": "냉장고제조/전기냉장고제조/냉장고/디스플레이/원격/제어/장치/본체/도어/조작장치", "document_type": "B1"}, {"updateDate": "20220608", "LLno": "C", "SSno": "28511", "Stext": "가정용 전기 기기 제조업", "SStext": "주방용 전기 기기 제조업", "Mtext": "가정용 기기 제조업", "Lno": "28", "ipc_main": "F25D-025/00", "Mno": "285", "country_code": "KR", "Sno": "2851", "LLtext": "제조업(10~34)", "documentId": "kr20070128904b1", "application_number": "1020070128904", "Ltext": "전기장비 제조업", "keyword": "가정용냉장고제조/가정형냉장고제조/냉장고/회전구동수단/동력전달부/회전부재/장치/제어수단/연결부재/단차부", "document_type": "B1"}, {"updateDate": "20220608", "LLno": "C", "SSno": "28511", "Stext": "가정용 전기 기기 제조업", "SStext": "주방용 전기 기기 제조업", "Mtext": "가정용 기기 제조업", "Lno": "28", "ipc_main": "F25D-019/00", "Mno": "285", "country_code": "KR", "Sno": "2851", "LLtext": "제조업(10~34)", "documentId": "kr20070138802a", "application_number": "1020070138802", "Ltext": "전기장비 제조업", "keyword": "냉장고제조/전기냉장고제조/냉장고/일체형유닛베이스/드레인수/새로운구조/장치/본체/냉매관/유닛", "document_type": "A"}, {"updateDate": "20220608", "LLno": "C", "SSno": "28511", "Stext": "가정용 전기 기기 제조업", "SStext": "주방용 전기 기기 제조업", "Mtext": "가정용 기기 제조업", "Lno": "28", "ipc_main": "F25D-023/02", "Mno": "285", "country_code": "KR", "Sno": "2851", "LLtext": "제조업(10~34)", "documentId": "kr20080000223a", "application_number": "1020080000223", "Ltext": "전기장비 제조업", "keyword": "가정용냉장고제조/가정형냉장고제조/냉장고/손잡이/구동부/와이어/장치/본체/도어/저장공간", "document_type": "A"}, {"updateDate": "20220608", "LLno": "C", "SSno": "28511", "Stext": "가정용 전기 기기 제조업", "SStext": "주방용 전기 기기 제조업", "Mtext": "가정용 기기 제조업", "Lno": "28", "ipc_main": "F25D-023/02", "Mno": "285", "country_code": "KR", "Sno": "2851", "LLtext": "제조업(10~34)", "documentId": "kr20080000749a", "application_number": "1020080000749", "Ltext": "전기장비 제조업", "keyword": "냉장고제조/전기냉장고제조/냉장고/슬라이딩식도어/도어/공간사용/장치/본체/가로방향/왕복이동", "document_type": "A"}, {"updateDate": "20220608", "LLno": "C", "SSno": "28511", "Stext": "가정용 전기 기기 제조업", "SStext": "주방용 전기 기기 제조업", "Mtext": "가정용 기기 제조업", "Lno": "28", "ipc_main": "F25D-029/00", "Mno": "285", "country_code": "KR", "Sno": "2851", "LLtext": "제조업(10~34)", "documentId": "kr20080025311a", "application_number": "1020080025311", "Ltext": "전기장비 제조업", "keyword": "가정용냉장고제조/가정형냉장고제조/냉장고/힌지부/각센서/제어부/장치/홀/냉기량/도어", "document_type": "A"}, {"updateDate": "20220608", "LLno": "C", "SSno": "28511", "Stext": "가정용 전기 기기 제조업", "SStext": "주방용 전기 기기 제조업", "Mtext": "가정용 기기 제조업", "Lno": "28", "ipc_main": "F25D-023/02", "Mno": "285", "country_code": "KR", "Sno": "2851", "LLtext": "제조업(10~34)", "documentId": "kr20080042559b1", "application_number": "1020080042559", "Ltext": "전기장비 제조업", "keyword": "가정용냉장고제조/가정형냉장고제조/냉장고도어/고정부/측면프레임/체결홈/장치/지지판/체결부재/끼움구", "document_type": "B1"}, {"updateDate": "20220608", "LLno": "C", "SSno": "28511", "Stext": "가정용 전기 기기 제조업", "SStext": "주방용 전기 기기 제조업", "Mtext": "가정용 기기 제조업", "Lno": "28", "ipc_main": "F25D-023/02", "Mno": "285", "country_code": "KR", "Sno": "2851", "LLtext": "제조업(10~34)", "documentId": "kr20080076241a", "application_number": "1020080076241", "Ltext": "전기장비 제조업", "keyword": "가정용냉장고제조/가정형냉장고제조/냉장고/발포재/장식부재/도어프레임/장치/후면패널/전방/후방", "document_type": "A"}, {"updateDate": "20220608", "LLno": "C", "SSno": "28511", "Stext": "가정용 전기 기기 제조업", "SStext": "주방용 전기 기기 제조업", "Mtext": "가정용 기기 제조업", "Lno": "28", "ipc_main": "F25D-023/02", "Mno": "285", "country_code": "KR", "Sno": "2851", "LLtext": "제조업(10~34)", "documentId": "kr20080076846b1", "application_number": "1020080076846", "Ltext": "전기장비 제조업", "keyword": "가정용냉장고제조/가정형냉장고제조/냉장고/본체/도어/핸들/장치/도어개방장치/연결부/접촉부", "document_type": "B1"}, {"updateDate": "20220608", "LLno": "C", "SSno": "28511", "Stext": "가정용 전기 기기 제조업", "SStext": "주방용 전기 기기 제조업", "Mtext": "가정용 기기 제조업", "Lno": "28", "ipc_main": "A47L-015/46", "Mno": "285", "country_code": "KR", "Sno": "2851", "LLtext": "제조업(10~34)", "documentId": "kr20080090133b1", "application_number": "1020080090133", "Ltext": "전기장비 제조업", "keyword": "세척기제조/전기식기세척기제조/식기세척기/자가세척/동파/가열시간/방법/드레인밸브/헹굼/펌프", "document_type": "B1"}, {"updateDate": "20220608", "LLno": "C", "SSno": "28511", "Stext": "가정용 전기 기기 제조업", "SStext": "주방용 전기 기기 제조업", "Mtext": "가정용 기기 제조업", "Lno": "28", "ipc_main": "F25D-023/02", "Mno": "285", "country_code": "KR", "Sno": "2851", "LLtext": "제조업(10~34)", "documentId": "kr20080102852a", "application_number": "1020080102852", "Ltext": "전기장비 제조업", "keyword": "가정용냉장고제조/가정형냉장고제조/냉장고/회전캠/레버/도어개방장치/장치/도어개방부재/연장부/모터", "document_type": "A"}, {"updateDate": "20220608", "LLno": "C", "SSno": "28511", "Stext": "가정용 전기 기기 제조업", "SStext": "주방용 전기 기기 제조업", "Mtext": "가정용 기기 제조업", "Lno": "28", "ipc_main": "F25D-023/02", "Mno": "285", "country_code": "KR", "Sno": "2851", "LLtext": "제조업(10~34)", "documentId": "kr20080113049b1", "application_number": "1020080113049", "Ltext": "전기장비 제조업", "keyword": "가정용냉장고제조/가정형냉장고제조/냉장고/본체/도어/핸들부/장치/곡면부/도어몸체부/커버부재", "document_type": "B1"}, {"updateDate": "20220608", "LLno": "C", "SSno": "28511", "Stext": "가정용 전기 기기 제조업", "SStext": "주방용 전기 기기 제조업", "Mtext": "가정용 기기 제조업", "Lno": "28", "ipc_main": "F25D-029/00", "Mno": "285", "country_code": "KR", "Sno": "2851", "LLtext": "제조업(10~34)", "documentId": "kr20080121404a", "application_number": "1020080121404", "Ltext": "전기장비 제조업", "keyword": "냉장고제조/전기냉장고제조/냉장고/문개방장치/본체/도어/장치/신호입력부/제어신호/냉장력", "document_type": "A"}, {"updateDate": "20220608", "LLno": "C", "SSno": "28511", "Stext": "가정용 전기 기기 제조업", "SStext": "주방용 전기 기기 제조업", "Mtext": "가정용 기기 제조업", "Lno": "28", "ipc_main": "F25D-023/02", "Mno": "285", "country_code": "KR", "Sno": "2851", "LLtext": "제조업(10~34)", "documentId": "kr20090004446b1", "application_number": "1020090004446", "Ltext": "전기장비 제조업", "keyword": "가정용냉장고제조/가정형냉장고제조/냉장고/도어패널/가이드부/컨트롤판넬/장치/가이드홈/강화유리부재/보호필름", "document_type": "B1"}, {"updateDate": "20220608", "LLno": "C", "SSno": "28511", "Stext": "가정용 전기 기기 제조업", "SStext": "주방용 전기 기기 제조업", "Mtext": "가정용 기기 제조업", "Lno": "28", "ipc_main": "F25D-023/02", "Mno": "285", "country_code": "KR", "Sno": "2851", "LLtext": "제조업(10~34)", "documentId": "kr20090006493b1", "application_number": "1020090006493", "Ltext": "전기장비 제조업", "keyword": "가정용냉장고제조/가정형냉장고제조/냉장고/본체/도어/도어핸들/장치/복원유닛/바디부/탄성부재", "document_type": "B1"}, {"updateDate": "20220608", "LLno": "C", "SSno": "28511", "Stext": "가정용 전기 기기 제조업", "SStext": "주방용 전기 기기 제조업", "Mtext": "가정용 기기 제조업", "Lno": "28", "ipc_main": "F25D-023/02", "Mno": "285", "country_code": "KR", "Sno": "2851", "LLtext": "제조업(10~34)", "documentId": "kr20090069025b1", "application_number": "1020090069025", "Ltext": "전기장비 제조업", "keyword": "가정용냉장고제조/가정형냉장고제조/냉장고/저장실/도어/회전방향/장치/개구부/안착부/연결부재", "document_type": "B1"}, {"updateDate": "20220608", "LLno": "C", "SSno": "28511", "Stext": "가정용 전기 기기 제조업", "SStext": "주방용 전기 기기 제조업", "Mtext": "가정용 기기 제조업", "Lno": "28", "ipc_main": "F25D-023/02", "Mno": "285", "country_code": "KR", "Sno": "2851", "LLtext": "제조업(10~34)", "documentId": "kr20090069026a", "application_number": "1020090069026", "Ltext": "전기장비 제조업", "keyword": "가정용냉장고제조/가정형냉장고제조/냉장고/저장실/도어/회전축/장치/외관/몸체/회전방향", "document_type": "A"}, {"updateDate": "20220608", "LLno": "C", "SSno": "28511", "Stext": "가정용 전기 기기 제조업", "SStext": "주방용 전기 기기 제조업", "Mtext": "가정용 기기 제조업", "Lno": "28", "ipc_main": "F25D-023/02", "Mno": "285", "country_code": "KR", "Sno": "2851", "LLtext": "제조업(10~34)", "documentId": "kr20090087219b1", "application_number": "1020090087219", "Ltext": "전기장비 제조업", "keyword": "가정용냉장고제조/가정형냉장고제조/냉장고/손잡이/슬라이드부재/링크부재/도어개방장치/케이스/슬라이드판", "document_type": "B1"}, {"updateDate": "20220608", "LLno": "C", "SSno": "28511", "Stext": "가정용 전기 기기 제조업", "SStext": "주방용 전기 기기 제조업", "Mtext": "가정용 기기 제조업", "Lno": "28", "ipc_main": "F25D-025/00", "Mno": "285", "country_code": "KR", "Sno": "2851", "LLtext": "제조업(10~34)", "documentId": "kr20090121434a", "application_number": "1020090121434", "Ltext": "전기장비 제조업", "keyword": "가정용냉장고제조/가정형냉장고제조/냉장고/상부저장실/하부저장실/손잡이부/장치/푸쉬부재/연동유닛/본체", "document_type": "A"}, {"updateDate": "20220608", "LLno": "C", "SSno": "28511", "Stext": "가정용 전기 기기 제조업", "SStext": "주방용 전기 기기 제조업", "Mtext": "가정용 기기 제조업", "Lno": "28", "ipc_main": "F25D-023/06", "Mno": "285", "country_code": "KR", "Sno": "2851", "LLtext": "제조업(10~34)", "documentId": "kr20100005465b1", "application_number": "1020100005465", "Ltext": "전기장비 제조업", "keyword": "가정용냉장고제조/가정형냉장고제조/냉장고/캐비닛/기계실/베리어/장치/함몰부/증발기/송풍팬", "document_type": "B1"}, {"updateDate": "20220608", "LLno": "C", "SSno": "28511", "Stext": "가정용 전기 기기 제조업", "SStext": "주방용 전기 기기 제조업", "Mtext": "가정용 기기 제조업", "Lno": "28", "ipc_main": "F25D-029/00", "Mno": "285", "country_code": "KR", "Sno": "2851", "LLtext": "제조업(10~34)", "documentId": "kr20100057356a", "application_number": "1020100057356", "Ltext": "전기장비 제조업", "keyword": "가정용냉장고제조/가정형냉장고제조/냉장고/도어안전스위치/전자석/영구자석/장치/회전축/모터제어장치/냉장고도어", "document_type": "A"}, {"updateDate": "20220608", "LLno": "C", "SSno": "28511", "Stext": "가정용 전기 기기 제조업", "SStext": "주방용 전기 기기 제조업", "Mtext": "가정용 기기 제조업", "Lno": "28", "ipc_main": "F25D-023/06", "Mno": "285", "country_code": "KR", "Sno": "2851", "LLtext": "제조업(10~34)", "documentId": "kr20100094786a", "application_number": "1020100094786", "Ltext": "전기장비 제조업", "keyword": "가정용냉장고제조/가정형냉장고제조/냉장고캐비넷/진공단열재/밀봉부재/단열효율/장치/코어재/차단층/폴리이미드필름", "document_type": "A"}, {"updateDate": "20220608", "LLno": "C", "SSno": "28511", "Stext": "가정용 전기 기기 제조업", "SStext": "주방용 전기 기기 제조업", "Mtext": "가정용 기기 제조업", "Lno": "28", "ipc_main": "F25D-011/00", "Mno": "285", "country_code": "KR", "Sno": "2851", "LLtext": "제조업(10~34)", "documentId": "kr20100095099a", "application_number": "1020100095099", "Ltext": "전기장비 제조업", "keyword": "냉장고제조/전기냉장고제조/냉장고/본체/도어/제빙기/장치/연결부/냉매/전달경로", "document_type": "A"}, {"updateDate": "20220608", "LLno": "C", "SSno": "28511", "Stext": "가정용 전기 기기 제조업", "SStext": "주방용 전기 기기 제조업", "Mtext": "가정용 기기 제조업", "Lno": "28", "ipc_main": "F25D-025/00", "Mno": "285", "country_code": "KR", "Sno": "2851", "LLtext": "제조업(10~34)", "documentId": "kr20100097498b1", "application_number": "1020100097498", "Ltext": "전기장비 제조업", "keyword": "냉장고제조/전기냉장고제조/냉장고/은폐형디스펜서/본체/도어/장치/디스펜서/안내홈/액추에이터", "document_type": "B1"}, {"updateDate": "20220608", "LLno": "C", "SSno": "28511", "Stext": "가정용 전기 기기 제조업", "SStext": "주방용 전기 기기 제조업", "Mtext": "가정용 기기 제조업", "Lno": "28", "ipc_main": "A47J-043/046", "Mno": "285", "country_code": "KR", "Sno": "2851", "LLtext": "제조업(10~34)", "documentId": "kr20110006119u", "application_number": "2020110006119", "Ltext": "전기장비 제조업", "keyword": "식품용믹서기제조/믹서기제조/믹서기/공랭식믹서기/모터/공기/장치/냉각팬/공기유입공/공기배출공", "document_type": "U"}, {"updateDate": "20220608", "LLno": "C", "SSno": "28511", "Stext": "가정용 전기 기기 제조업", "SStext": "주방용 전기 기기 제조업", "Mtext": "가정용 기기 제조업", "Lno": "28", "ipc_main": "F25D-023/00", "Mno": "285", "country_code": "KR", "Sno": "2851", "LLtext": "제조업(10~34)", "documentId": "kr20110006550a", "application_number": "1020110006550", "Ltext": "전기장비 제조업", "keyword": "냉장고제조/전기냉장고제조/냉장고/조작패널/본체/도어/장치/저장공간/선택수단/기능제어수단", "document_type": "A"}, {"updateDate": "20220608", "LLno": "C", "SSno": "28511", "Stext": "가정용 전기 기기 제조업", "SStext": "주방용 전기 기기 제조업", "Mtext": "가정용 기기 제조업", "Lno": "28", "ipc_main": "F25D-023/02", "Mno": "285", "country_code": "KR", "Sno": "2851", "LLtext": "제조업(10~34)", "documentId": "kr20110007999a", "application_number": "1020110007999", "Ltext": "전기장비 제조업", "keyword": "냉장고제조/전기냉장고제조/직립식슬라이딩도어/냉장고/도어바디/저장부/장치/저장공간/슬라이딩도어/본체", "document_type": "A"}, {"updateDate": "20220608", "LLno": "C", "SSno": "28511", "Stext": "가정용 전기 기기 제조업", "SStext": "주방용 전기 기기 제조업", "Mtext": "가정용 기기 제조업", "Lno": "28", "ipc_main": "A47J-037/06", "Mno": "285", "country_code": "KR", "Sno": "2851", "LLtext": "제조업(10~34)", "documentId": "kr20110008683y1", "application_number": "2020110008683", "Ltext": "전기장비 제조업", "keyword": "조리기구제조/조리용주방기기제조/구이장치/전기/터치패널/본체/장치/히터/불판/불판감지센서", "document_type": "Y1"}, {"updateDate": "20220608", "LLno": "C", "SSno": "28511", "Stext": "가정용 전기 기기 제조업", "SStext": "주방용 전기 기기 제조업", "Mtext": "가정용 기기 제조업", "Lno": "28", "ipc_main": "F25D-023/06", "Mno": "285", "country_code": "KR", "Sno": "2851", "LLtext": "제조업(10~34)", "documentId": "kr20110069929a", "application_number": "1020110069929", "Ltext": "전기장비 제조업", "keyword": "냉장고제조/전기냉장고제조/냉장고/홈바도어/메인도어/이슬발생방지/장치/서브도어/개스킷/열전달부재", "document_type": "A"}, {"updateDate": "20220608", "LLno": "C", "SSno": "28511", "Stext": "가정용 전기 기기 제조업", "SStext": "주방용 전기 기기 제조업", "Mtext": "가정용 기기 제조업", "Lno": "28", "ipc_main": "F25D-025/00", "Mno": "285", "country_code": "KR", "Sno": "2851", "LLtext": "제조업(10~34)", "documentId": "kr20110071044b1", "application_number": "1020110071044", "Ltext": "전기장비 제조업", "keyword": "전기냉장고제조/냉장고제조/냉장고/밀폐룸/케이스/가스켓/장치/전면패널/수납케이스/단속부", "document_type": "B1"}, {"updateDate": "20220608", "LLno": "C", "SSno": "28511", "Stext": "가정용 전기 기기 제조업", "SStext": "주방용 전기 기기 제조업", "Mtext": "가정용 기기 제조업", "Lno": "28", "ipc_main": "F25D-025/00", "Mno": "285", "country_code": "KR", "Sno": "2851", "LLtext": "제조업(10~34)", "documentId": "kr20110071819a", "application_number": "1020110071819", "Ltext": "전기장비 제조업", "keyword": "냉장고제조/전기냉장고제조/냉장고/본체/도어/디스펜서/장치/손잡이/워터노즐/힌지결합", "document_type": "A"}, {"updateDate": "20220608", "LLno": "C", "SSno": "28511", "Stext": "가정용 전기 기기 제조업", "SStext": "주방용 전기 기기 제조업", "Mtext": "가정용 기기 제조업", "Lno": "28", "ipc_main": "A47L-015/18", "Mno": "285", "country_code": "KR", "Sno": "2851", "LLtext": "제조업(10~34)", "documentId": "kr20110072416b1", "application_number": "1020110072416", "Ltext": "전기장비 제조업", "keyword": "세척기제조/전기식기세척기제조/식기세척기/터브/섬프/세척암/장비/세척조/세척수/최전중심", "document_type": "B1"}, {"updateDate": "20220608", "LLno": "C", "SSno": "28511", "Stext": "가정용 전기 기기 제조업", "SStext": "주방용 전기 기기 제조업", "Mtext": "가정용 기기 제조업", "Lno": "28", "ipc_main": "A47J-037/06", "Mno": "285", "country_code": "KR", "Sno": "2851", "LLtext": "제조업(10~34)", "documentId": "kr20110076937a", "application_number": "1020110076937", "Ltext": "전기장비 제조업", "keyword": "조리기구제조/조리용주방기기제조/조리기/봄베/조리판/휴대/장치/본체/수납부/휴대용조리기", "document_type": "A"}, {"updateDate": "20220608", "LLno": "C", "SSno": "28511", "Stext": "가정용 전기 기기 제조업", "SStext": "주방용 전기 기기 제조업", "Mtext": "가정용 기기 제조업", "Lno": "28", "ipc_main": "A47L-015/42", "Mno": "285", "country_code": "KR", "Sno": "2851", "LLtext": "제조업(10~34)", "documentId": "kr20110088679b1", "application_number": "1020110088679", "Ltext": "전기장비 제조업", "keyword": "세척기제조/전기식기세척기제조/식기세척기/제어/터브/섬프/방법/물공급/수평유로/분지부", "document_type": "B1"}, {"updateDate": "20220608", "LLno": "C", "SSno": "28511", "Stext": "가정용 전기 기기 제조업", "SStext": "주방용 전기 기기 제조업", "Mtext": "가정용 기기 제조업", "Lno": "28", "ipc_main": "A47L-021/02", "Mno": "285", "country_code": "KR", "Sno": "2851", "LLtext": "제조업(10~34)", "documentId": "kr20110105708a", "application_number": "1020110105708", "Ltext": "전기장비 제조업", "keyword": "세척기제조/전기식기세척기제조/티스틱세척기/믹스티/위생적/친환경적/장치/수용홈/탱크/모터부", "document_type": "A"}, {"updateDate": "20220608", "LLno": "C", "SSno": "28511", "Stext": "가정용 전기 기기 제조업", "SStext": "주방용 전기 기기 제조업", "Mtext": "가정용 기기 제조업", "Lno": "28", "ipc_main": "H05B-006/02", "Mno": "285", "country_code": "KR", "Sno": "2851", "LLtext": "제조업(10~34)", "documentId": "kr20110108043a", "application_number": "1020110108043", "Ltext": "전기장비 제조업", "keyword": "전기조리기제조/조리용주방기기제조/렌지/용기/공진/이탈방지구조/장치/유도가열판/가이드부/인덕션렌지", "document_type": "A"}, {"updateDate": "20220608", "LLno": "C", "SSno": "28511", "Stext": "가정용 전기 기기 제조업", "SStext": "주방용 전기 기기 제조업", "Mtext": "가정용 기기 제조업", "Lno": "28", "ipc_main": "F25D-023/02", "Mno": "285", "country_code": "KR", "Sno": "2851", "LLtext": "제조업(10~34)", "documentId": "kr20110115526b1", "application_number": "1020110115526", "Ltext": "전기장비 제조업", "keyword": "가정용냉장고제조/가정형냉장고제조/냉장고도어/본체플레이트/작동플레이트/가이드공/장치/왕복대/회동대/피스톤로드", "document_type": "B1"}, {"updateDate": "20220608", "LLno": "C", "SSno": "28511", "Stext": "가정용 전기 기기 제조업", "SStext": "주방용 전기 기기 제조업", "Mtext": "가정용 기기 제조업", "Lno": "28", "ipc_main": "F25D-025/02", "Mno": "285", "country_code": "KR", "Sno": "2851", "LLtext": "제조업(10~34)", "documentId": "kr20110127781a", "application_number": "1020110127781", "Ltext": "전기장비 제조업", "keyword": "냉장고제조/전기냉장고제조/냉장고/선반/조립체/본체/장치/선반플레이트/고정선반/이동선반", "document_type": "A"}, {"updateDate": "20220608", "LLno": "C", "SSno": "28511", "Stext": "가정용 전기 기기 제조업", "SStext": "주방용 전기 기기 제조업", "Mtext": "가정용 기기 제조업", "Lno": "28", "ipc_main": "F25D-023/06", "Mno": "285", "country_code": "KR", "Sno": "2851", "LLtext": "제조업(10~34)", "documentId": "kr20120008606b1", "application_number": "1020120008606", "Ltext": "전기장비 제조업", "keyword": "냉장고제조/전기냉장고제조/냉장고/저장용기/본체/도어/장치/래치스위치장치/슬라이더/래치장치", "document_type": "B1"}, {"updateDate": "20220608", "LLno": "C", "SSno": "28511", "Stext": "가정용 전기 기기 제조업", "SStext": "주방용 전기 기기 제조업", "Mtext": "가정용 기기 제조업", "Lno": "28", "ipc_main": "F25D-023/06", "Mno": "285", "country_code": "KR", "Sno": "2851", "LLtext": "제조업(10~34)", "documentId": "kr20120008608b1", "application_number": "1020120008608", "Ltext": "전기장비 제조업", "keyword": "냉장고제조/전기냉장고제조/냉장고/본체/도어/저장용기/장치/연결지지장치/슬라이딩링크/잠금고리", "document_type": "B1"}, {"updateDate": "20220608", "LLno": "C", "SSno": "28511", "Stext": "가정용 전기 기기 제조업", "SStext": "주방용 전기 기기 제조업", "Mtext": "가정용 기기 제조업", "Lno": "28", "ipc_main": "F25D-029/00", "Mno": "285", "country_code": "KR", "Sno": "2851", "LLtext": "제조업(10~34)", "documentId": "kr20120015295a", "application_number": "1020120015295", "Ltext": "전기장비 제조업", "keyword": "냉장고제조/전기냉장고제조/냉장고/도어/개폐용알림장치/본체/장치/도어스위치/알림수단/멜로디", "document_type": "A"}, {"updateDate": "20220608", "LLno": "C", "SSno": "28511", "Stext": "가정용 전기 기기 제조업", "SStext": "주방용 전기 기기 제조업", "Mtext": "가정용 기기 제조업", "Lno": "28", "ipc_main": "F25D-023/06", "Mno": "285", "country_code": "KR", "Sno": "2851", "LLtext": "제조업(10~34)", "documentId": "kr20120027185b1", "application_number": "1020120027185", "Ltext": "전기장비 제조업", "keyword": "가정용냉장고제조/가정형냉장고제조/냉장고/회전바/가이드부/탄성부재/장치/가스켓/단열부재/발열부재", "document_type": "B1"}, {"updateDate": "20220608", "LLno": "C", "SSno": "28511", "Stext": "가정용 전기 기기 제조업", "SStext": "주방용 전기 기기 제조업", "Mtext": "가정용 기기 제조업", "Lno": "28", "ipc_main": "F25D-023/04", "Mno": "285", "country_code": "KR", "Sno": "2851", "LLtext": "제조업(10~34)", "documentId": "kr20120085837a", "application_number": "1020120085837", "Ltext": "전기장비 제조업", "keyword": "냉장고제조/전기냉장고제조/냉장고/본체/도어/포켓/장치/밀폐실/하우징/실링부재", "document_type": "A"}, {"updateDate": "20220608", "LLno": "C", "SSno": "28511", "Stext": "가정용 전기 기기 제조업", "SStext": "주방용 전기 기기 제조업", "Mtext": "가정용 기기 제조업", "Lno": "28", "ipc_main": "F25D-023/04", "Mno": "285", "country_code": "KR", "Sno": "2851", "LLtext": "제조업(10~34)", "documentId": "kr20120085847a", "application_number": "1020120085847", "Ltext": "전기장비 제조업", "keyword": "냉장고제조/전기냉장고제조/냉장고/본체/도어/서포트바어셈블리/장치/걸이형포켓/어셈블리/거치", "document_type": "A"}, {"updateDate": "20220608", "LLno": "C", "SSno": "28511", "Stext": "가정용 전기 기기 제조업", "SStext": "주방용 전기 기기 제조업", "Mtext": "가정용 기기 제조업", "Lno": "28", "ipc_main": "F25D-025/00", "Mno": "285", "country_code": "KR", "Sno": "2851", "LLtext": "제조업(10~34)", "documentId": "kr20120085885a", "application_number": "1020120085885", "Ltext": "전기장비 제조업", "keyword": "냉장고제조/전기냉장고제조/냉장고/본체/도어/홈바/장치/홈바도어/관통공/수평회전", "document_type": "A"}, {"updateDate": "20220608", "LLno": "C", "SSno": "28511", "Stext": "가정용 전기 기기 제조업", "SStext": "주방용 전기 기기 제조업", "Mtext": "가정용 기기 제조업", "Lno": "28", "ipc_main": "F25D-023/02", "Mno": "285", "country_code": "KR", "Sno": "2851", "LLtext": "제조업(10~34)", "documentId": "kr20120113507a", "application_number": "1020120113507", "Ltext": "전기장비 제조업", "keyword": "냉장고제조/전기냉장고제조/조립체/냉장고/도어힌지/힌지브라켓/장치/도어/힌지축/가이드홈", "document_type": "A"}, {"updateDate": "20220608", "LLno": "C", "SSno": "28511", "Stext": "가정용 전기 기기 제조업", "SStext": "주방용 전기 기기 제조업", "Mtext": "가정용 기기 제조업", "Lno": "28", "ipc_main": "F25D-023/02", "Mno": "285", "country_code": "KR", "Sno": "2851", "LLtext": "제조업(10~34)", "documentId": "kr20120119581b1", "application_number": "1020120119581", "Ltext": "전기장비 제조업", "keyword": "냉장고제조/전기냉장고제조/냉장고/본체/메인도어/보조도어/장치/핸들/후크/걸림돌기", "document_type": "B1"}, {"updateDate": "20220608", "LLno": "C", "SSno": "28511", "Stext": "가정용 전기 기기 제조업", "SStext": "주방용 전기 기기 제조업", "Mtext": "가정용 기기 제조업", "Lno": "28", "ipc_main": "F25D-023/02", "Mno": "285", "country_code": "KR", "Sno": "2851", "LLtext": "제조업(10~34)", "documentId": "kr20120126893a", "application_number": "1020120126893", "Ltext": "전기장비 제조업", "keyword": "가정용냉장고제조/가정형냉장고제조/냉장고/개구부/외부도어/도어가드/장치/내부도어/힌지/연장부", "document_type": "A"}, {"updateDate": "20220608", "LLno": "C", "SSno": "28511", "Stext": "가정용 전기 기기 제조업", "SStext": "주방용 전기 기기 제조업", "Mtext": "가정용 기기 제조업", "Lno": "28", "ipc_main": "A47J-043/04", "Mno": "285", "country_code": "KR", "Sno": "2851", "LLtext": "제조업(10~34)", "documentId": "kr20120146459b1", "application_number": "1020120146459", "Ltext": "전기장비 제조업", "keyword": "믹서기제조/식품용그라인더제조/블랜더/핸드/전동/안전구조/장치/본체/감지센서/스위치", "document_type": "B1"}, {"updateDate": "20220608", "LLno": "C", "SSno": "28511", "Stext": "가정용 전기 기기 제조업", "SStext": "주방용 전기 기기 제조업", "Mtext": "가정용 기기 제조업", "Lno": "28", "ipc_main": "A47J-027/04", "Mno": "285", "country_code": "KR", "Sno": "2851", "LLtext": "제조업(10~34)", "documentId": "kr20130000830y1", "application_number": "2020130000830", "Ltext": "전기장비 제조업", "keyword": "조리기구제조/조리용주방기기제조/찜기/전기오븐/본체/완충쟁반/장치/조리내솥/석쇠/수증기", "document_type": "Y1"}, {"updateDate": "20220608", "LLno": "C", "SSno": "28511", "Stext": "가정용 전기 기기 제조업", "SStext": "주방용 전기 기기 제조업", "Mtext": "가정용 기기 제조업", "Lno": "28", "ipc_main": "A47J-027/00", "Mno": "285", "country_code": "KR", "Sno": "2851", "LLtext": "제조업(10~34)", "documentId": "kr20130001314u", "application_number": "2020130001314", "Ltext": "전기장비 제조업", "keyword": "전기밥솥제조/전기솥제조/전기밥솥/몸채/뚜껑/전기열선/장치/열확장면장치/주름관/고온", "document_type": "U"}, {"updateDate": "20220608", "LLno": "C", "SSno": "28511", "Stext": "가정용 전기 기기 제조업", "SStext": "주방용 전기 기기 제조업", "Mtext": "가정용 기기 제조업", "Lno": "28", "ipc_main": "F25D-023/06", "Mno": "285", "country_code": "KR", "Sno": "2851", "LLtext": "제조업(10~34)", "documentId": "kr20130020988a", "application_number": "1020130020988", "Ltext": "전기장비 제조업", "keyword": "냉장고제조/전기냉장고제조/냉장고/도어/도어바스켓/아웃도어/장치/도어라이너/단열부/보강부재", "document_type": "A"}, {"updateDate": "20220608", "LLno": "C", "SSno": "28511", "Stext": "가정용 전기 기기 제조업", "SStext": "주방용 전기 기기 제조업", "Mtext": "가정용 기기 제조업", "Lno": "28", "ipc_main": "F25D-023/02", "Mno": "285", "country_code": "KR", "Sno": "2851", "LLtext": "제조업(10~34)", "documentId": "kr20130037637a", "application_number": "1020130037637", "Ltext": "전기장비 제조업", "keyword": "가정용냉장고제조/가정형냉장고제조/냉장고/도어어셈블리/힌지브라켓/힌지축/장치/도어/모터/저장실", "document_type": "A"}, {"updateDate": "20220608", "LLno": "C", "SSno": "28511", "Stext": "가정용 전기 기기 제조업", "SStext": "주방용 전기 기기 제조업", "Mtext": "가정용 기기 제조업", "Lno": "28", "ipc_main": "F25D-023/02", "Mno": "285", "country_code": "KR", "Sno": "2851", "LLtext": "제조업(10~34)", "documentId": "kr20130040946a", "application_number": "1020130040946", "Ltext": "전기장비 제조업", "keyword": "냉장고제조/전기냉장고제조/냉장고/본체/도어/손잡이/장치/곡선/홈/그립감", "document_type": "A"}, {"updateDate": "20220608", "LLno": "C", "SSno": "28511", "Stext": "가정용 전기 기기 제조업", "SStext": "주방용 전기 기기 제조업", "Mtext": "가정용 기기 제조업", "Lno": "28", "ipc_main": "F25D-025/00", "Mno": "285", "country_code": "KR", "Sno": "2851", "LLtext": "제조업(10~34)", "documentId": "kr20130041448a", "application_number": "1020130041448", "Ltext": "전기장비 제조업", "keyword": "가정용냉장고제조/냉장고제조/냉장고/케이스/케이스덮개/서랍/장치/본체/가이드부/서랍가이드부", "document_type": "A"}, {"updateDate": "20220608", "LLno": "C", "SSno": "28511", "Stext": "가정용 전기 기기 제조업", "SStext": "주방용 전기 기기 제조업", "Mtext": "가정용 기기 제조업", "Lno": "28", "ipc_main": "F25D-023/04", "Mno": "285", "country_code": "KR", "Sno": "2851", "LLtext": "제조업(10~34)", "documentId": "kr20130043038b1", "application_number": "1020130043038", "Ltext": "전기장비 제조업", "keyword": "가정용냉장고제조/냉장고제조/냉장고/도어바스켓/케이스/수납공간/장치/구획부/구획부재/축결합부재", "document_type": "B1"}, {"updateDate": "20220608", "LLno": "C", "SSno": "28511", "Stext": "가정용 전기 기기 제조업", "SStext": "주방용 전기 기기 제조업", "Mtext": "가정용 기기 제조업", "Lno": "28", "ipc_main": "F25D-025/00", "Mno": "285", "country_code": "KR", "Sno": "2851", "LLtext": "제조업(10~34)", "documentId": "kr20130043368a", "application_number": "1020130043368", "Ltext": "전기장비 제조업", "keyword": "가정용냉장고제조/냉장고제조/냉장고/서랍/식품보관함/보관/장치/식품용기/블록케이스/적층부재", "document_type": "A"}, {"updateDate": "20220608", "LLno": "C", "SSno": "28511", "Stext": "가정용 전기 기기 제조업", "SStext": "주방용 전기 기기 제조업", "Mtext": "가정용 기기 제조업", "Lno": "28", "ipc_main": "A47L-015/42", "Mno": "285", "country_code": "KR", "Sno": "2851", "LLtext": "제조업(10~34)", "documentId": "kr20130055789b1", "application_number": "1020130055789", "Ltext": "전기장비 제조업", "keyword": "세척기제조/전기식기세척기제조/식판세척기/다축식/공정/공간활용도향상/장치/모듈/제어부/투입", "document_type": "B1"}, {"updateDate": "20220608", "LLno": "C", "SSno": "28511", "Stext": "가정용 전기 기기 제조업", "SStext": "주방용 전기 기기 제조업", "Mtext": "가정용 기기 제조업", "Lno": "28", "ipc_main": "F25D-025/00", "Mno": "285", "country_code": "KR", "Sno": "2851", "LLtext": "제조업(10~34)", "documentId": "kr20130079190a", "application_number": "1020130079190", "Ltext": "전기장비 제조업", "keyword": "냉장고제조/전기냉장고제조/냉장고/도어/본체/저장실/장치/저장유닛/수용홈/냉각유닛", "document_type": "A"}, {"updateDate": "20220608", "LLno": "C", "SSno": "28511", "Stext": "가정용 전기 기기 제조업", "SStext": "주방용 전기 기기 제조업", "Mtext": "가정용 기기 제조업", "Lno": "28", "ipc_main": "A47J-027/14", "Mno": "285", "country_code": "KR", "Sno": "2851", "LLtext": "제조업(10~34)", "documentId": "kr20130088810b1", "application_number": "1020130088810", "Ltext": "전기장비 제조업", "keyword": "전기조리기제조/조리용열장치제조/솥/조리/솥바닥부/눌음방지/장치/확산방열부/이격결속수단/눌음방지차열커버", "document_type": "B1"}, {"updateDate": "20220608", "LLno": "C", "SSno": "28511", "Stext": "가정용 전기 기기 제조업", "SStext": "주방용 전기 기기 제조업", "Mtext": "가정용 기기 제조업", "Lno": "28", "ipc_main": "F25D-023/04", "Mno": "285", "country_code": "KR", "Sno": "2851", "LLtext": "제조업(10~34)", "documentId": "kr20130091427a", "application_number": "1020130091427", "Ltext": "전기장비 제조업", "keyword": "냉장고제조/전기냉장고제조/도어포켓/냉장고/도어/차단벽/장치/측면/결합부재/전방개구", "document_type": "A"}, {"updateDate": "20220608", "LLno": "C", "SSno": "28511", "Stext": "가정용 전기 기기 제조업", "SStext": "주방용 전기 기기 제조업", "Mtext": "가정용 기기 제조업", "Lno": "28", "ipc_main": "A47J-037/04", "Mno": "285", "country_code": "KR", "Sno": "2851", "LLtext": "제조업(10~34)", "documentId": "kr20130110070b1", "application_number": "1020130110070", "Ltext": "전기장비 제조업", "keyword": "전기조리기제조/조리용주방기기제조/구이장치/수평회전식/복수가열수단/우수한구이대량제공/장치/가열구간/회전바퀴/모터", "document_type": "B1"}, {"updateDate": "20220608", "LLno": "C", "SSno": "28511", "Stext": "가정용 전기 기기 제조업", "SStext": "주방용 전기 기기 제조업", "Mtext": "가정용 기기 제조업", "Lno": "28", "ipc_main": "A47J-037/04", "Mno": "285", "country_code": "KR", "Sno": "2851", "LLtext": "제조업(10~34)", "documentId": "kr20130110072b1", "application_number": "1020130110072", "Ltext": "전기장비 제조업", "keyword": "전기조리기제조/조리용주방기기제조/구이장치/수직회전식/복수가열수단/우수한구이대량제공/장치/가열구간/회전수단/모터", "document_type": "B1"}, {"updateDate": "20220608", "LLno": "C", "SSno": "28511", "Stext": "가정용 전기 기기 제조업", "SStext": "주방용 전기 기기 제조업", "Mtext": "가정용 기기 제조업", "Lno": "28", "ipc_main": "F25D-025/02", "Mno": "285", "country_code": "KR", "Sno": "2851", "LLtext": "제조업(10~34)", "documentId": "kr20130110453b1", "application_number": "1020130110453", "Ltext": "전기장비 제조업", "keyword": "가정용냉장고제조/가정형냉장고제조/냉장고/선반어셈블리/회전기어/가이드브라켓/장치/전동장치/가이드홈/회전장치", "document_type": "B1"}, {"updateDate": "20220608", "LLno": "C", "SSno": "28511", "Stext": "가정용 전기 기기 제조업", "SStext": "주방용 전기 기기 제조업", "Mtext": "가정용 기기 제조업", "Lno": "28", "ipc_main": "F25D-023/04", "Mno": "285", "country_code": "KR", "Sno": "2851", "LLtext": "제조업(10~34)", "documentId": "kr20130165682a", "application_number": "1020130165682", "Ltext": "전기장비 제조업", "keyword": "가정용냉장고제조/가정형냉장고제조/냉장고/틸트포켓/회전축기능/틸트스토퍼/장치/힌지축/회전각도/걸림돌기", "document_type": "A"}, {"updateDate": "20220608", "LLno": "C", "SSno": "28511", "Stext": "가정용 전기 기기 제조업", "SStext": "주방용 전기 기기 제조업", "Mtext": "가정용 기기 제조업", "Lno": "28", "ipc_main": "A47L-015/42", "Mno": "285", "country_code": "KR", "Sno": "2851", "LLtext": "제조업(10~34)", "documentId": "kr20130169292a", "application_number": "1020130169292", "Ltext": "전기장비 제조업", "keyword": "세척기제조/전기식기세척기제조/식기세척기/제어방법/세척조/세척수/장치/분사노즐/반사모듈/이동모듈", "document_type": "A"}, {"updateDate": "20220608", "LLno": "C", "SSno": "28511", "Stext": "가정용 전기 기기 제조업", "SStext": "주방용 전기 기기 제조업", "Mtext": "가정용 기기 제조업", "Lno": "28", "ipc_main": "F25D-023/02", "Mno": "285", "country_code": "KR", "Sno": "2851", "LLtext": "제조업(10~34)", "documentId": "kr20140008730b1", "application_number": "1020140008730", "Ltext": "전기장비 제조업", "keyword": "냉장고제조/전기냉장고제조/냉장고/메인도어/보조도어/좌우여닫이도어/장치/본체/저장실/상하여닫이도어", "document_type": "B1"}, {"updateDate": "20220608", "LLno": "C", "SSno": "28511", "Stext": "가정용 전기 기기 제조업", "SStext": "주방용 전기 기기 제조업", "Mtext": "가정용 기기 제조업", "Lno": "28", "ipc_main": "F25D-023/02", "Mno": "285", "country_code": "KR", "Sno": "2851", "LLtext": "제조업(10~34)", "documentId": "kr20140016669a", "application_number": "1020140016669", "Ltext": "전기장비 제조업", "keyword": "냉장고제조/전기냉장고제조/도어패널조립구조/냉장고/도어케이스/패널/장치/홈/냉장고도어/조립구조", "document_type": "A"}, {"updateDate": "20220608", "LLno": "C", "SSno": "28511", "Stext": "가정용 전기 기기 제조업", "SStext": "주방용 전기 기기 제조업", "Mtext": "가정용 기기 제조업", "Lno": "28", "ipc_main": "F25D-023/02", "Mno": "285", "country_code": "KR", "Sno": "2851", "LLtext": "제조업(10~34)", "documentId": "kr20140061104a", "application_number": "1020140061104", "Ltext": "전기장비 제조업", "keyword": "가정용냉장고제조/가정형냉장고제조/냉장고/회전가드유닛/도어가드/시계방향/장치/본체/개구/힌지", "document_type": "A"}, {"updateDate": "20220608", "LLno": "C", "SSno": "28511", "Stext": "가정용 전기 기기 제조업", "SStext": "주방용 전기 기기 제조업", "Mtext": "가정용 기기 제조업", "Lno": "28", "ipc_main": "F25D-023/00", "Mno": "285", "country_code": "KR", "Sno": "2851", "LLtext": "제조업(10~34)", "documentId": "kr20140075086a", "application_number": "1020140075086", "Ltext": "전기장비 제조업", "keyword": "냉장고제조/전기냉장고제조/냉장고/높이조절부재/킥플레이트/착탈가능/장치/냉장고본체/하부/조절", "document_type": "A"}, {"updateDate": "20220608", "LLno": "C", "SSno": "28511", "Stext": "가정용 전기 기기 제조업", "SStext": "주방용 전기 기기 제조업", "Mtext": "가정용 기기 제조업", "Lno": "28", "ipc_main": "F25D-023/00", "Mno": "285", "country_code": "KR", "Sno": "2851", "LLtext": "제조업(10~34)", "documentId": "kr20140078064b1", "application_number": "1020140078064", "Ltext": "전기장비 제조업", "keyword": "가정용냉장고제조/가정형냉장고제조/냉장고/백플레이트/안착부/수평유니트/장치/구동부/흡착판/수직이동부", "document_type": "B1"}, {"updateDate": "20220608", "LLno": "C", "SSno": "28511", "Stext": "가정용 전기 기기 제조업", "SStext": "주방용 전기 기기 제조업", "Mtext": "가정용 기기 제조업", "Lno": "28", "ipc_main": "F25D-023/00", "Mno": "285", "country_code": "KR", "Sno": "2851", "LLtext": "제조업(10~34)", "documentId": "kr20140102378a", "application_number": "1020140102378", "Ltext": "전기장비 제조업", "keyword": "가정용냉장고제조/가정형냉장고제조/냉장고/도어/홀더/고정부/장치/개구부/자석/고정유닛", "document_type": "A"}, {"updateDate": "20220608", "LLno": "C", "SSno": "28511", "Stext": "가정용 전기 기기 제조업", "SStext": "주방용 전기 기기 제조업", "Mtext": "가정용 기기 제조업", "Lno": "28", "ipc_main": "F25D-016/00", "Mno": "285", "country_code": "KR", "Sno": "2851", "LLtext": "제조업(10~34)", "documentId": "kr20140153456b1", "application_number": "1020140153456", "Ltext": "전기장비 제조업", "keyword": "냉장고제조/전기냉장고제조/축냉장치/냉장고/본체/축냉부/장치/엠보싱부/돌출부/냉기분배부", "document_type": "B1"}, {"updateDate": "20220608", "LLno": "C", "SSno": "28511", "Stext": "가정용 전기 기기 제조업", "SStext": "주방용 전기 기기 제조업", "Mtext": "가정용 기기 제조업", "Lno": "28", "ipc_main": "A47J-037/08", "Mno": "285", "country_code": "KR", "Sno": "2851", "LLtext": "제조업(10~34)", "documentId": "kr20140161583b1", "application_number": "1020140161583", "Ltext": "전기장비 제조업", "keyword": "토스터기제조/조리기구제조/토스터/스팀/스팀공급장치/본체/장치/바스켓/노즐", "document_type": "B1"}, {"updateDate": "20220608", "LLno": "C", "SSno": "28511", "Stext": "가정용 전기 기기 제조업", "SStext": "주방용 전기 기기 제조업", "Mtext": "가정용 기기 제조업", "Lno": "28", "ipc_main": "F25D-025/02", "Mno": "285", "country_code": "KR", "Sno": "2851", "LLtext": "제조업(10~34)", "documentId": "kr20150016127a", "application_number": "1020150016127", "Ltext": "전기장비 제조업", "keyword": "냉장고제조/전기냉장고제조/냉장고선반/냉장고/플레이트/본체/장치/선반/동일높이/수평유지부", "document_type": "A"}, {"updateDate": "20220608", "LLno": "C", "SSno": "28511", "Stext": "가정용 전기 기기 제조업", "SStext": "주방용 전기 기기 제조업", "Mtext": "가정용 기기 제조업", "Lno": "28", "ipc_main": "F25D-023/02", "Mno": "285", "country_code": "KR", "Sno": "2851", "LLtext": "제조업(10~34)", "documentId": "kr20150016563a", "application_number": "1020150016563", "Ltext": "전기장비 제조업", "keyword": "가정용냉장고제조/가정형냉장고제조/냉장고/개구부/도어/개방보조장치/장치/핸들/핸들레버/가이드부", "document_type": "A"}, {"updateDate": "20220608", "LLno": "C", "SSno": "28511", "Stext": "가정용 전기 기기 제조업", "SStext": "주방용 전기 기기 제조업", "Mtext": "가정용 기기 제조업", "Lno": "28", "ipc_main": "F25D-025/02", "Mno": "285", "country_code": "KR", "Sno": "2851", "LLtext": "제조업(10~34)", "documentId": "kr20150022198b1", "application_number": "1020150022198", "Ltext": "전기장비 제조업", "keyword": "가정용냉장고제조/냉장고제조/냉장고/아우터케이스/인너케이스/캐비닛/장치/도어/선반/슬라이드부재", "document_type": "B1"}, {"updateDate": "20220608", "LLno": "C", "SSno": "28511", "Stext": "가정용 전기 기기 제조업", "SStext": "주방용 전기 기기 제조업", "Mtext": "가정용 기기 제조업", "Lno": "28", "ipc_main": "F25D-023/02", "Mno": "285", "country_code": "KR", "Sno": "2851", "LLtext": "제조업(10~34)", "documentId": "kr20150022377a", "application_number": "1020150022377", "Ltext": "전기장비 제조업", "keyword": "가정용냉장고제조/가정형냉장고제조/냉장고/상부힌지/하부힌지/중간힌지/장치/상부도어/하부도어/단차조절부", "document_type": "A"}, {"updateDate": "20220608", "LLno": "C", "SSno": "28511", "Stext": "가정용 전기 기기 제조업", "SStext": "주방용 전기 기기 제조업", "Mtext": "가정용 기기 제조업", "Lno": "28", "ipc_main": "F25D-023/02", "Mno": "285", "country_code": "KR", "Sno": "2851", "LLtext": "제조업(10~34)", "documentId": "kr20150045447b1", "application_number": "1020150045447", "Ltext": "전기장비 제조업", "keyword": "가정용냉장고제조/가정형냉장고제조/냉장고/도어/필라/히터/장치/열전도부재/식품저장실/냉장고본체", "document_type": "B1"}, {"updateDate": "20220608", "LLno": "C", "SSno": "28511", "Stext": "가정용 전기 기기 제조업", "SStext": "주방용 전기 기기 제조업", "Mtext": "가정용 기기 제조업", "Lno": "28", "ipc_main": "A47L-015/42", "Mno": "285", "country_code": "KR", "Sno": "2851", "LLtext": "제조업(10~34)", "documentId": "kr20150087160a", "application_number": "1020150087160", "Ltext": "전기장비 제조업", "keyword": "세척기제조/접시세척기제조/식기세척기/히터/공급펌프/제어/방법/터브/온도/세척코스", "document_type": "A"}, {"updateDate": "20220608", "LLno": "C", "SSno": "28511", "Stext": "가정용 전기 기기 제조업", "SStext": "주방용 전기 기기 제조업", "Mtext": "가정용 기기 제조업", "Lno": "28", "ipc_main": "A47J-036/02", "Mno": "285", "country_code": "KR", "Sno": "2851", "LLtext": "제조업(10~34)", "documentId": "kr20150093635a", "application_number": "1020150093635", "Ltext": "전기장비 제조업", "keyword": "전기조리기제조/조리용주방기기제조/용기/인덕션레인지/본체/내측부재/장치/외측부재/유도기전력/전용용기", "document_type": "A"}, {"updateDate": "20220608", "LLno": "C", "SSno": "28511", "Stext": "가정용 전기 기기 제조업", "SStext": "주방용 전기 기기 제조업", "Mtext": "가정용 기기 제조업", "Lno": "28", "ipc_main": "F25D-023/02", "Mno": "285", "country_code": "KR", "Sno": "2851", "LLtext": "제조업(10~34)", "documentId": "kr20150113712a", "application_number": "1020150113712", "Ltext": "전기장비 제조업", "keyword": "냉장고제조/전기냉장고제조/냉장고/도어캡/스크류/조립단차/장치/본체/도어/돌출편", "document_type": "A"}, {"updateDate": "20220608", "LLno": "C", "SSno": "28511", "Stext": "가정용 전기 기기 제조업", "SStext": "주방용 전기 기기 제조업", "Mtext": "가정용 기기 제조업", "Lno": "28", "ipc_main": "F25D-023/02", "Mno": "285", "country_code": "KR", "Sno": "2851", "LLtext": "제조업(10~34)", "documentId": "kr20150114879a", "application_number": "1020150114879", "Ltext": "전기장비 제조업", "keyword": "냉장고제조/전기냉장고제조/냉장고도어/도어제조방법/도어프레임/방법/굴곡부/도어플레이트/냉장고", "document_type": "A"}, {"updateDate": "20220608", "LLno": "C", "SSno": "28511", "Stext": "가정용 전기 기기 제조업", "SStext": "주방용 전기 기기 제조업", "Mtext": "가정용 기기 제조업", "Lno": "28", "ipc_main": "A47J-027/00", "Mno": "285", "country_code": "KR", "Sno": "2851", "LLtext": "제조업(10~34)", "documentId": "kr20150140765b1", "application_number": "1020150140765", "Ltext": "전기장비 제조업", "keyword": "전기조리기제조/조리용주방기기제조/조리기구/분리/전기/프레임틀/장치/제어부/발열부/용기부", "document_type": "B1"}, {"updateDate": "20220608", "LLno": "C", "SSno": "28511", "Stext": "가정용 전기 기기 제조업", "SStext": "주방용 전기 기기 제조업", "Mtext": "가정용 기기 제조업", "Lno": "28", "ipc_main": "A47J-027/08", "Mno": "285", "country_code": "KR", "Sno": "2851", "LLtext": "제조업(10~34)", "documentId": "kr20150174963a", "application_number": "1020150174963", "Ltext": "전기장비 제조업", "keyword": "조리기구제조/조리용주방기기제조/전기조리기구/온도센서/스위치/일체화/장치/고정부/온도감지소자/탄성스프링", "document_type": "A"}, {"updateDate": "20220608", "LLno": "C", "SSno": "28511", "Stext": "가정용 전기 기기 제조업", "SStext": "주방용 전기 기기 제조업", "Mtext": "가정용 기기 제조업", "Lno": "28", "ipc_main": "F25D-023/02", "Mno": "285", "country_code": "KR", "Sno": "2851", "LLtext": "제조업(10~34)", "documentId": "kr20150181317a", "application_number": "1020150181317", "Ltext": "전기장비 제조업", "keyword": "냉장고제조/전기냉장고제조/냉장고/이중도어/본체/도어/장치/도어프레임/자성체/잠금장치", "document_type": "A"}, {"updateDate": "20220608", "LLno": "C", "SSno": "28511", "Stext": "가정용 전기 기기 제조업", "SStext": "주방용 전기 기기 제조업", "Mtext": "가정용 기기 제조업", "Lno": "28", "ipc_main": "A47J-037/10", "Mno": "285", "country_code": "KR", "Sno": "2851", "LLtext": "제조업(10~34)", "documentId": "kr20160000469a", "application_number": "1020160000469", "Ltext": "전기장비 제조업", "keyword": "전기조리기제조/조리용주방기기제조/프라이팬/조리용기/팬본체/용기본체/장치/손잡이/칸막이/분리형조리용기", "document_type": "A"}, {"updateDate": "20220608", "LLno": "C", "SSno": "28511", "Stext": "가정용 전기 기기 제조업", "SStext": "주방용 전기 기기 제조업", "Mtext": "가정용 기기 제조업", "Lno": "28", "ipc_main": "A47J-027/08", "Mno": "285", "country_code": "KR", "Sno": "2851", "LLtext": "제조업(10~34)", "documentId": "kr20160043213a", "application_number": "1020160043213", "Ltext": "전기장비 제조업", "keyword": "전기밥솥제조/전기솥제조/전기밥솥/스크류/보스부/변형방지/장치/상부본체/하부본체/체결홀", "document_type": "A"}, {"updateDate": "20220608", "LLno": "C", "SSno": "28511", "Stext": "가정용 전기 기기 제조업", "SStext": "주방용 전기 기기 제조업", "Mtext": "가정용 기기 제조업", "Lno": "28", "ipc_main": "A47J-027/14", "Mno": "285", "country_code": "KR", "Sno": "2851", "LLtext": "제조업(10~34)", "documentId": "kr20160059619a", "application_number": "1020160059619", "Ltext": "전기장비 제조업", "keyword": "조리기구제조/조리용주방기기제조/조리장치/자동/교반분쇄/구동모터/장치/조리용기/조리공간부/가열수단", "document_type": "A"}, {"updateDate": "20220608", "LLno": "C", "SSno": "28511", "Stext": "가정용 전기 기기 제조업", "SStext": "주방용 전기 기기 제조업", "Mtext": "가정용 기기 제조업", "Lno": "28", "ipc_main": "F25D-023/02", "Mno": "285", "country_code": "KR", "Sno": "2851", "LLtext": "제조업(10~34)", "documentId": "kr20160107282a", "application_number": "1020160107282", "Ltext": "전기장비 제조업", "keyword": "가정용냉장고제조/가정형냉장고제조/냉장고/도어부재/함몰부/장착프레임/장치/금속커버/손잡이캡부재/데코부재", "document_type": "A"}, {"updateDate": "20220608", "LLno": "C", "SSno": "28511", "Stext": "가정용 전기 기기 제조업", "SStext": "주방용 전기 기기 제조업", "Mtext": "가정용 기기 제조업", "Lno": "28", "ipc_main": "A47J-037/08", "Mno": "285", "country_code": "KR", "Sno": "2851", "LLtext": "제조업(10~34)", "documentId": "kr20160147074a", "application_number": "1020160147074", "Ltext": "전기장비 제조업", "keyword": "토스터기제조/조리기구제조/토스터/펠티어소자/폐열/열선/장치/열판/본체/레버", "document_type": "A"}, {"updateDate": "20220608", "LLno": "C", "SSno": "28511", "Stext": "가정용 전기 기기 제조업", "SStext": "주방용 전기 기기 제조업", "Mtext": "가정용 기기 제조업", "Lno": "28", "ipc_main": "F25D-023/02", "Mno": "285", "country_code": "KR", "Sno": "2851", "LLtext": "제조업(10~34)", "documentId": "kr20160182918a", "application_number": "1020160182918", "Ltext": "전기장비 제조업", "keyword": "냉장고제조/전기냉장고제조/냉장고/본체/저장실/서랍/장치/도어/선택인출장치/도어인출", "document_type": "A"}, {"updateDate": "20220608", "LLno": "C", "SSno": "28511", "Stext": "가정용 전기 기기 제조업", "SStext": "주방용 전기 기기 제조업", "Mtext": "가정용 기기 제조업", "Lno": "28", "ipc_main": "F25D-023/02", "Mno": "285", "country_code": "KR", "Sno": "2851", "LLtext": "제조업(10~34)", "documentId": "kr20167000218b1", "application_number": "1020167000218", "Ltext": "전기장비 제조업", "keyword": "가정용냉장고제조/가정형냉장고제조/냉장고/캐비닛/가스켓/컨테이너/장치/걸림부재/체결장치/실링부", "document_type": "B1"}, {"updateDate": "20220608", "LLno": "C", "SSno": "28511", "Stext": "가정용 전기 기기 제조업", "SStext": "주방용 전기 기기 제조업", "Mtext": "가정용 기기 제조업", "Lno": "28", "ipc_main": "F25D-027/00", "Mno": "285", "country_code": "KR", "Sno": "2851", "LLtext": "제조업(10~34)", "documentId": "kr20167016031a", "application_number": "1020167016031", "Ltext": "전기장비 제조업", "keyword": "냉장고제조/전기냉장고제조/냉장고/패널어셈블리개구부/조명장치/제어부/장치/캐비닛/도어/센서", "document_type": "A"}, {"updateDate": "20220608", "LLno": "C", "SSno": "28511", "Stext": "가정용 전기 기기 제조업", "SStext": "주방용 전기 기기 제조업", "Mtext": "가정용 기기 제조업", "Lno": "28", "ipc_main": "F25D-023/02", "Mno": "285", "country_code": "KR", "Sno": "2851", "LLtext": "제조업(10~34)", "documentId": "kr20170010530a", "application_number": "1020170010530", "Ltext": "전기장비 제조업", "keyword": "냉장고제조/전기냉장고제조/냉장고/하우징/도어/회전바/장치/가이드부/저장실/회전", "document_type": "A"}, {"updateDate": "20220608", "LLno": "C", "SSno": "28511", "Stext": "가정용 전기 기기 제조업", "SStext": "주방용 전기 기기 제조업", "Mtext": "가정용 기기 제조업", "Lno": "28", "ipc_main": "A47J-037/07", "Mno": "285", "country_code": "KR", "Sno": "2851", "LLtext": "제조업(10~34)", "documentId": "kr20170031076b1", "application_number": "1020170031076", "Ltext": "전기장비 제조업", "keyword": "조리기구제조/전기식조리기기제조/조리장치/발열부/조리용기/지지부/장치/리브/가열공간/벽부", "document_type": "B1"}, {"updateDate": "20220608", "LLno": "C", "SSno": "28511", "Stext": "가정용 전기 기기 제조업", "SStext": "주방용 전기 기기 제조업", "Mtext": "가정용 기기 제조업", "Lno": "28", "ipc_main": "F25D-021/14", "Mno": "285", "country_code": "KR", "Sno": "2851", "LLtext": "제조업(10~34)", "documentId": "kr20170033292a", "application_number": "1020170033292", "Ltext": "전기장비 제조업", "keyword": "전기냉장고제조/냉장고제조/냉장고/캐비닛/도어/냉각장치/장치/인너케이스/안내유로/배수관", "document_type": "A"}, {"updateDate": "20220608", "LLno": "C", "SSno": "28511", "Stext": "가정용 전기 기기 제조업", "SStext": "주방용 전기 기기 제조업", "Mtext": "가정용 기기 제조업", "Lno": "28", "ipc_main": "F25D-023/02", "Mno": "285", "country_code": "KR", "Sno": "2851", "LLtext": "제조업(10~34)", "documentId": "kr20170039789a", "application_number": "1020170039789", "Ltext": "전기장비 제조업", "keyword": "냉장고제조/전기냉장고제조/냉장고/캐비닛/도어/힌지어셈블리/장치/도어개방장치/프레임/도어개방부", "document_type": "A"}, {"updateDate": "20220608", "LLno": "C", "SSno": "28511", "Stext": "가정용 전기 기기 제조업", "SStext": "주방용 전기 기기 제조업", "Mtext": "가정용 기기 제조업", "Lno": "28", "ipc_main": "F25D-023/02", "Mno": "285", "country_code": "KR", "Sno": "2851", "LLtext": "제조업(10~34)", "documentId": "kr20170047912a", "application_number": "1020170047912", "Ltext": "전기장비 제조업", "keyword": "냉장고제조/전기냉장고제조/냉장고/수용홈/고정부재/고정가능/장치/본체/도어/손잡이부", "document_type": "A"}, {"updateDate": "20220608", "LLno": "C", "SSno": "28511", "Stext": "가정용 전기 기기 제조업", "SStext": "주방용 전기 기기 제조업", "Mtext": "가정용 기기 제조업", "Lno": "28", "ipc_main": "A47J-037/07", "Mno": "285", "country_code": "KR", "Sno": "2851", "LLtext": "제조업(10~34)", "documentId": "kr20170079999b1", "application_number": "1020170079999", "Ltext": "전기장비 제조업", "keyword": "조리기구제조/조리용주방기기제조/그릴/맥반석/열선부/내화재/장치/간접가열부/철망/체인기어", "document_type": "B1"}, {"updateDate": "20220608", "LLno": "C", "SSno": "28511", "Stext": "가정용 전기 기기 제조업", "SStext": "주방용 전기 기기 제조업", "Mtext": "가정용 기기 제조업", "Lno": "28", "ipc_main": "F25D-023/06", "Mno": "285", "country_code": "KR", "Sno": "2851", "LLtext": "제조업(10~34)", "documentId": "kr20170109525a", "application_number": "1020170109525", "Ltext": "전기장비 제조업", "keyword": "가정용냉장고제조/가정형냉장고제조/냉장고/안착부/장착부/보강부/장치/본체/선반/선반브래킷", "document_type": "A"}, {"updateDate": "20220608", "LLno": "C", "SSno": "28511", "Stext": "가정용 전기 기기 제조업", "SStext": "주방용 전기 기기 제조업", "Mtext": "가정용 기기 제조업", "Lno": "28", "ipc_main": "A47L-017/00", "Mno": "285", "country_code": "KR", "Sno": "2851", "LLtext": "제조업(10~34)", "documentId": "kr20180004675u", "application_number": "2020180004675", "Ltext": "전기장비 제조업", "keyword": "세척기제조/전기식기세척기제조/빨대세척기/나선형돌기/세척모/살균용이/장치/지지대/헤드부/손잡이부", "document_type": "U"}, {"updateDate": "20220608", "LLno": "C", "SSno": "28511", "Stext": "가정용 전기 기기 제조업", "SStext": "주방용 전기 기기 제조업", "Mtext": "가정용 기기 제조업", "Lno": "28", "ipc_main": "F25D-023/02", "Mno": "285", "country_code": "KR", "Sno": "2851", "LLtext": "제조업(10~34)", "documentId": "kr20180004890a", "application_number": "1020180004890", "Ltext": "전기장비 제조업", "keyword": "냉장고제조/전기냉장고제조/냉장고/캐비닛/도어/필러/장치/힌지어셈블리/힌지바디/댐핑기구", "document_type": "A"}, {"updateDate": "20220608", "LLno": "C", "SSno": "28511", "Stext": "가정용 전기 기기 제조업", "SStext": "주방용 전기 기기 제조업", "Mtext": "가정용 기기 제조업", "Lno": "28", "ipc_main": "F25D-021/04", "Mno": "285", "country_code": "KR", "Sno": "2851", "LLtext": "제조업(10~34)", "documentId": "kr20180017246a", "application_number": "1020180017246", "Ltext": "전기장비 제조업", "keyword": "가정용냉장고제조/가정형냉장고제조/냉장고/캐비닛/전원부/히터부/장치/저장실온도센서/제어부/히터전압감지부", "document_type": "A"}, {"updateDate": "20220608", "LLno": "C", "SSno": "28511", "Stext": "가정용 전기 기기 제조업", "SStext": "주방용 전기 기기 제조업", "Mtext": "가정용 기기 제조업", "Lno": "28", "ipc_main": "F25D-023/06", "Mno": "285", "country_code": "KR", "Sno": "2851", "LLtext": "제조업(10~34)", "documentId": "kr20180028058a", "application_number": "1020180028058", "Ltext": "전기장비 제조업", "keyword": "전기냉장고제조/냉장고제조/냉장고/인너케이스/플레이트/캐비닛/장치/도어/캐비닛커버/단열층", "document_type": "A"}, {"updateDate": "20220608", "LLno": "C", "SSno": "28511", "Stext": "가정용 전기 기기 제조업", "SStext": "주방용 전기 기기 제조업", "Mtext": "가정용 기기 제조업", "Lno": "28", "ipc_main": "F25D-027/00", "Mno": "285", "country_code": "KR", "Sno": "2851", "LLtext": "제조업(10~34)", "documentId": "kr20180029194a", "application_number": "1020180029194", "Ltext": "전기장비 제조업", "keyword": "전기냉장고제조/냉장고제조/냉장고/인너케이스/도어/패널/장치/케이스서포터/베이스/베이스패널", "document_type": "A"}, {"updateDate": "20220608", "LLno": "C", "SSno": "28511", "Stext": "가정용 전기 기기 제조업", "SStext": "주방용 전기 기기 제조업", "Mtext": "가정용 기기 제조업", "Lno": "28", "ipc_main": "A47J-027/08", "Mno": "285", "country_code": "KR", "Sno": "2851", "LLtext": "제조업(10~34)", "documentId": "kr20180033984a", "application_number": "1020180033984", "Ltext": "전기장비 제조업", "keyword": "전기밥솥제조/전기솥제조/압력밥솥/전기/즉석식품/내솥/장치/증기배출부/뚜껑/목표온도", "document_type": "A"}, {"updateDate": "20220608", "LLno": "C", "SSno": "28511", "Stext": "가정용 전기 기기 제조업", "SStext": "주방용 전기 기기 제조업", "Mtext": "가정용 기기 제조업", "Lno": "28", "ipc_main": "F25D-025/02", "Mno": "285", "country_code": "KR", "Sno": "2851", "LLtext": "제조업(10~34)", "documentId": "kr20180066985a", "application_number": "1020180066985", "Ltext": "전기장비 제조업", "keyword": "냉장고제조/전기냉장고제조/냉장고/캐비닛/도어부/서랍부/장치/구동장치/스크류어셈블리/안내부재", "document_type": "A"}, {"updateDate": "20220608", "LLno": "C", "SSno": "28511", "Stext": "가정용 전기 기기 제조업", "SStext": "주방용 전기 기기 제조업", "Mtext": "가정용 기기 제조업", "Lno": "28", "ipc_main": "F25D-023/06", "Mno": "285", "country_code": "KR", "Sno": "2851", "LLtext": "제조업(10~34)", "documentId": "kr20180074231a", "application_number": "1020180074231", "Ltext": "전기장비 제조업", "keyword": "가정용냉장고제조/가정형냉장고제조/냉장고/진공공간부/서포팅유닛/관로/장치/밀봉부/서포팅유닛/열저항유닛", "document_type": "A"}, {"updateDate": "20220608", "LLno": "C", "SSno": "28511", "Stext": "가정용 전기 기기 제조업", "SStext": "주방용 전기 기기 제조업", "Mtext": "가정용 기기 제조업", "Lno": "28", "ipc_main": "F25D-023/02", "Mno": "285", "country_code": "KR", "Sno": "2851", "LLtext": "제조업(10~34)", "documentId": "kr20180078400a", "application_number": "1020180078400", "Ltext": "전기장비 제조업", "keyword": "냉장고제조/전기냉장고제조/냉장고/본체/슬라이딩도어부/가이드레일부/장치/선반/인출/서랍형냉장고", "document_type": "A"}, {"updateDate": "20220608", "LLno": "C", "SSno": "28511", "Stext": "가정용 전기 기기 제조업", "SStext": "주방용 전기 기기 제조업", "Mtext": "가정용 기기 제조업", "Lno": "28", "ipc_main": "A47J-036/02", "Mno": "285", "country_code": "KR", "Sno": "2851", "LLtext": "제조업(10~34)", "documentId": "kr20180085044b1", "application_number": "1020180085044", "Ltext": "전기장비 제조업", "keyword": "전기조리기제조/조리용주방기기제조/조리용기/가열/난스틱특성/결합홈/장치/자성강판/돌출부/공간부", "document_type": "B1"}, {"updateDate": "20220608", "LLno": "C", "SSno": "28511", "Stext": "가정용 전기 기기 제조업", "SStext": "주방용 전기 기기 제조업", "Mtext": "가정용 기기 제조업", "Lno": "28", "ipc_main": "H05B-006/64", "Mno": "285", "country_code": "KR", "Sno": "2851", "LLtext": "제조업(10~34)", "documentId": "kr20180088690b1", "application_number": "1020180088690", "Ltext": "전기장비 제조업", "keyword": "전기조리기제조/조리용주방기기제조/전자레인지/디스플레이창/본체/전자기파발생부/장치/조작부/도어/띠홈", "document_type": "B1"}, {"updateDate": "20220608", "LLno": "C", "SSno": "28511", "Stext": "가정용 전기 기기 제조업", "SStext": "주방용 전기 기기 제조업", "Mtext": "가정용 기기 제조업", "Lno": "28", "ipc_main": "F25D-023/02", "Mno": "285", "country_code": "KR", "Sno": "2851", "LLtext": "제조업(10~34)", "documentId": "kr20180102443b1", "application_number": "1020180102443", "Ltext": "전기장비 제조업", "keyword": "냉장고제조/전기냉장고제조/흰지장치/냉장고/도어/본체/장치/레일/도어레일/구동수단", "document_type": "B1"}, {"updateDate": "20220608", "LLno": "C", "SSno": "28511", "Stext": "가정용 전기 기기 제조업", "SStext": "주방용 전기 기기 제조업", "Mtext": "가정용 기기 제조업", "Lno": "28", "ipc_main": "F25D-025/02", "Mno": "285", "country_code": "KR", "Sno": "2851", "LLtext": "제조업(10~34)", "documentId": "kr20180103811a", "application_number": "1020180103811", "Ltext": "전기장비 제조업", "keyword": "냉장고제조/전기냉장고제조/냉장고/캐비닛/도어/승강장치/장치/구동장치/스크류유닛/레버", "document_type": "A"}, {"updateDate": "20220608", "LLno": "C", "SSno": "28511", "Stext": "가정용 전기 기기 제조업", "SStext": "주방용 전기 기기 제조업", "Mtext": "가정용 기기 제조업", "Lno": "28", "ipc_main": "A47J-037/08", "Mno": "285", "country_code": "KR", "Sno": "2851", "LLtext": "제조업(10~34)", "documentId": "kr20180154456a", "application_number": "1020180154456", "Ltext": "전기장비 제조업", "keyword": "토스터기제조/조리기구제조/토스터기/오븐/식빵/투입구/장치/선반/프라이팬/받침대", "document_type": "A"}, {"updateDate": "20220608", "LLno": "C", "SSno": "28511", "Stext": "가정용 전기 기기 제조업", "SStext": "주방용 전기 기기 제조업", "Mtext": "가정용 기기 제조업", "Lno": "28", "ipc_main": "F25D-023/02", "Mno": "285", "country_code": "KR", "Sno": "2851", "LLtext": "제조업(10~34)", "documentId": "kr20180162947a", "application_number": "1020180162947", "Ltext": "전기장비 제조업", "keyword": "냉장고제조/전기냉장고제조/냉장고/본체/도어/디스펜서/장치/케이스/필터바디/필터", "document_type": "A"}, {"updateDate": "20220608", "LLno": "C", "SSno": "28511", "Stext": "가정용 전기 기기 제조업", "SStext": "주방용 전기 기기 제조업", "Mtext": "가정용 기기 제조업", "Lno": "28", "ipc_main": "A47J-036/24", "Mno": "285", "country_code": "KR", "Sno": "2851", "LLtext": "제조업(10~34)", "documentId": "kr20187001009a", "application_number": "1020187001009", "Ltext": "전기장비 제조업", "keyword": "가정용전기식식기예열기/식품가열기제조/컵/처분가능/가열용컵/회로/장치/USB커넥터/식료품/인쇄", "document_type": "A"}, {"updateDate": "20220608", "LLno": "C", "SSno": "28511", "Stext": "가정용 전기 기기 제조업", "SStext": "주방용 전기 기기 제조업", "Mtext": "가정용 기기 제조업", "Lno": "28", "ipc_main": "F25D-025/02", "Mno": "285", "country_code": "KR", "Sno": "2851", "LLtext": "제조업(10~34)", "documentId": "kr20190060783a", "application_number": "1020190060783", "Ltext": "전기장비 제조업", "keyword": "냉장고제조/전기냉장고제조/냉장고/캐비닛/도어/레일/장치/구동장치/승강장치/스크류", "document_type": "A"}, {"updateDate": "20220608", "LLno": "C", "SSno": "28511", "Stext": "가정용 전기 기기 제조업", "SStext": "주방용 전기 기기 제조업", "Mtext": "가정용 기기 제조업", "Lno": "28", "ipc_main": "A47J-027/12", "Mno": "285", "country_code": "KR", "Sno": "2851", "LLtext": "제조업(10~34)", "documentId": "kr20190075377b1", "application_number": "1020190075377", "Ltext": "전기장비 제조업", "keyword": "가열기제조/조리용열장치제조/가열장치/해침기능/고속/가열조/장치/고온기체공급부/캐비티/공급부", "document_type": "B1"}, {"updateDate": "20220608", "LLno": "C", "SSno": "28511", "Stext": "가정용 전기 기기 제조업", "SStext": "주방용 전기 기기 제조업", "Mtext": "가정용 기기 제조업", "Lno": "28", "ipc_main": "F25D-023/02", "Mno": "285", "country_code": "KR", "Sno": "2851", "LLtext": "제조업(10~34)", "documentId": "kr20190093271a", "application_number": "1020190093271", "Ltext": "전기장비 제조업", "keyword": "냉장고제조/전기냉장고제조/도어/자동개폐도어/냉장고/장치/도어본체/구동부/인식센서", "document_type": "A"}, {"updateDate": "20220608", "LLno": "C", "SSno": "28511", "Stext": "가정용 전기 기기 제조업", "SStext": "주방용 전기 기기 제조업", "Mtext": "가정용 기기 제조업", "Lno": "28", "ipc_main": "A47L-015/00", "Mno": "285", "country_code": "KR", "Sno": "2851", "LLtext": "제조업(10~34)", "documentId": "kr20190095453a", "application_number": "1020190095453", "Ltext": "전기장비 제조업", "keyword": "가정용접시세척기전용부품 제조/전기식기세척기제조/통신서버/식기세척기/통신/불량발생원인/시스템/통신부/메모리/관계피라미터", "document_type": "A"}, {"updateDate": "20220608", "LLno": "C", "SSno": "28511", "Stext": "가정용 전기 기기 제조업", "SStext": "주방용 전기 기기 제조업", "Mtext": "가정용 기기 제조업", "Lno": "28", "ipc_main": "A47L-015/00", "Mno": "285", "country_code": "KR", "Sno": "2851", "LLtext": "제조업(10~34)", "documentId": "kr20190101933a", "application_number": "1020190101933", "Ltext": "전기장비 제조업", "keyword": "세척기제조/전기식기세척기제조/세척시스템/가정용/식기/세척기/시스템/스팀컨벡션오븐/신호전송부/제어부", "document_type": "A"}, {"updateDate": "20220608", "LLno": "C", "SSno": "28511", "Stext": "가정용 전기 기기 제조업", "SStext": "주방용 전기 기기 제조업", "Mtext": "가정용 기기 제조업", "Lno": "28", "ipc_main": "A47L-015/00", "Mno": "285", "country_code": "KR", "Sno": "2851", "LLtext": "제조업(10~34)", "documentId": "kr20190105630a", "application_number": "1020190105630", "Ltext": "전기장비 제조업", "keyword": "세척기제조/전기식기세척기제조/식기세척기/제어방법/센서/세척수/시스템/온도/수위/제어부", "document_type": "A"}, {"updateDate": "20220608", "LLno": "C", "SSno": "28511", "Stext": "가정용 전기 기기 제조업", "SStext": "주방용 전기 기기 제조업", "Mtext": "가정용 기기 제조업", "Lno": "28", "ipc_main": "F25D-023/00", "Mno": "285", "country_code": "KR", "Sno": "2851", "LLtext": "제조업(10~34)", "documentId": "kr20190109198a", "application_number": "1020190109198", "Ltext": "전기장비 제조업", "keyword": "가정용냉장고제조/냉장고제조/냉장고/본체/증발기/장착부/장치/외부케이스/내부케이스/증발기케이스", "document_type": "A"}, {"updateDate": "20220608", "LLno": "C", "SSno": "28511", "Stext": "가정용 전기 기기 제조업", "SStext": "주방용 전기 기기 제조업", "Mtext": "가정용 기기 제조업", "Lno": "28", "ipc_main": "F25D-023/10", "Mno": "285", "country_code": "KR", "Sno": "2851", "LLtext": "제조업(10~34)", "documentId": "kr20190113853a", "application_number": "1020190113853", "Ltext": "전기장비 제조업", "keyword": "가정용냉장고제조/냉장고제조/냉장고/현관/캐비닛/도어/장치/인너케이스/아우터케이스/단열재", "document_type": "A"}, {"updateDate": "20220608", "LLno": "C", "SSno": "28511", "Stext": "가정용 전기 기기 제조업", "SStext": "주방용 전기 기기 제조업", "Mtext": "가정용 기기 제조업", "Lno": "28", "ipc_main": "A47J-037/08", "Mno": "285", "country_code": "KR", "Sno": "2851", "LLtext": "제조업(10~34)", "documentId": "kr20190118502a", "application_number": "1020190118502", "Ltext": "전기장비 제조업", "keyword": "토스터기제조/조리기구제조/토스터/내열유리/몸체/받침대/장치/스테인리스/열선/타이머", "document_type": "A"}, {"updateDate": "20220608", "LLno": "C", "SSno": "28511", "Stext": "가정용 전기 기기 제조업", "SStext": "주방용 전기 기기 제조업", "Mtext": "가정용 기기 제조업", "Lno": "28", "ipc_main": "F25D-015/00", "Mno": "285", "country_code": "KR", "Sno": "2851", "LLtext": "제조업(10~34)", "documentId": "kr20190138479b1", "application_number": "1020190138479", "Ltext": "전기장비 제조업", "keyword": "냉장고제조/전기냉장고제조/냉장고/소형냉장고/열전소자/냉기유로/장치/전면도어/상부도어/덕트커버", "document_type": "B1"}, {"updateDate": "20220608", "LLno": "C", "SSno": "28511", "Stext": "가정용 전기 기기 제조업", "SStext": "주방용 전기 기기 제조업", "Mtext": "가정용 기기 제조업", "Lno": "28", "ipc_main": "A47J-037/06", "Mno": "285", "country_code": "KR", "Sno": "2851", "LLtext": "제조업(10~34)", "documentId": "kr20190140229a", "application_number": "1020190140229", "Ltext": "전기장비 제조업", "keyword": "전기조리기제조/조리용주방기기제조/구이기/간접가열/일인용구이기/일정온도/장치/가열조리부/받이그릇/식판부", "document_type": "A"}, {"updateDate": "20220608", "LLno": "C", "SSno": "28511", "Stext": "가정용 전기 기기 제조업", "SStext": "주방용 전기 기기 제조업", "Mtext": "가정용 기기 제조업", "Lno": "28", "ipc_main": "F25D-023/02", "Mno": "285", "country_code": "KR", "Sno": "2851", "LLtext": "제조업(10~34)", "documentId": "kr20190145459a", "application_number": "1020190145459", "Ltext": "전기장비 제조업", "keyword": "냉장고제조/전기냉장고제조/냉장고/캐비넷/도어조립체/기계실조립체/장치/보관공간/도어/도어개방장치", "document_type": "A"}, {"updateDate": "20220608", "LLno": "C", "SSno": "28511", "Stext": "가정용 전기 기기 제조업", "SStext": "주방용 전기 기기 제조업", "Mtext": "가정용 기기 제조업", "Lno": "28", "ipc_main": "F25D-021/04", "Mno": "285", "country_code": "KR", "Sno": "2851", "LLtext": "제조업(10~34)", "documentId": "kr20190170708a", "application_number": "1020190170708", "Ltext": "전기장비 제조업", "keyword": "가정용냉장고제조/가정형냉장고제조/냉장고/멀리언/본체측면부/본체전면부/장치/플레이트부재/안착프레임/가열부재", "document_type": "A"}, {"updateDate": "20220608", "LLno": "C", "SSno": "28511", "Stext": "가정용 전기 기기 제조업", "SStext": "주방용 전기 기기 제조업", "Mtext": "가정용 기기 제조업", "Lno": "28", "ipc_main": "F25D-023/06", "Mno": "285", "country_code": "KR", "Sno": "2851", "LLtext": "제조업(10~34)", "documentId": "kr20190170719a", "application_number": "1020190170719", "Ltext": "전기장비 제조업", "keyword": "가정용냉장고제조/가정형냉장고제조/냉장고/커버어셈블리/커버단열재/커버하우징/장치/가열부재/플레이트부재/가열부재커버", "document_type": "A"}, {"updateDate": "20220608", "LLno": "C", "SSno": "28511", "Stext": "가정용 전기 기기 제조업", "SStext": "주방용 전기 기기 제조업", "Mtext": "가정용 기기 제조업", "Lno": "28", "ipc_main": "F25D-023/06", "Mno": "285", "country_code": "KR", "Sno": "2851", "LLtext": "제조업(10~34)", "documentId": "kr20190170723a", "application_number": "1020190170723", "Ltext": "전기장비 제조업", "keyword": "가정용냉장고제조/가정형냉장고제조/냉장고/커버어셈블리/플레이트부재/커버단열재/장치/밀봉부/서포팅유닛/전도저항쉬트", "document_type": "A"}, {"updateDate": "20220608", "LLno": "C", "SSno": "28511", "Stext": "가정용 전기 기기 제조업", "SStext": "주방용 전기 기기 제조업", "Mtext": "가정용 기기 제조업", "Lno": "28", "ipc_main": "A47J-027/08", "Mno": "285", "country_code": "KR", "Sno": "2851", "LLtext": "제조업(10~34)", "documentId": "kr20200017889b1", "application_number": "1020200017889", "Ltext": "전기장비 제조업", "keyword": "보온밥통제조/전기솥제조/제조장치/밥/가열/용기/장치/몸체/수납케이스/가열판", "document_type": "B1"}, {"updateDate": "20220608", "LLno": "C", "SSno": "28511", "Stext": "가정용 전기 기기 제조업", "SStext": "주방용 전기 기기 제조업", "Mtext": "가정용 기기 제조업", "Lno": "28", "ipc_main": "H05B-006/12", "Mno": "285", "country_code": "KR", "Sno": "2851", "LLtext": "제조업(10~34)", "documentId": "kr20200053462a", "application_number": "1020200053462", "Ltext": "전기장비 제조업", "keyword": "조리기구제조/조리용주방기기제조/지지판/가열장치/호브/지지패널/방법/엠보스형보강부/패널/평면지지패널", "document_type": "A"}, {"updateDate": "20220608", "LLno": "C", "SSno": "28511", "Stext": "가정용 전기 기기 제조업", "SStext": "주방용 전기 기기 제조업", "Mtext": "가정용 기기 제조업", "Lno": "28", "ipc_main": "B65D-006/10", "Mno": "285", "country_code": "KR", "Sno": "2851", "LLtext": "제조업(10~34)", "documentId": "kr20200068275a", "application_number": "1020200068275", "Ltext": "전기장비 제조업", "keyword": "냉장고제조/전기냉장고제조/냉장고/저장용기/본체/커버/장치/원자확산/저장공간/코팅층", "document_type": "A"}, {"updateDate": "20220608", "LLno": "C", "SSno": "28511", "Stext": "가정용 전기 기기 제조업", "SStext": "주방용 전기 기기 제조업", "Mtext": "가정용 기기 제조업", "Lno": "28", "ipc_main": "F25D-023/06", "Mno": "285", "country_code": "KR", "Sno": "2851", "LLtext": "제조업(10~34)", "documentId": "kr20200153573a", "application_number": "1020200153573", "Ltext": "전기장비 제조업", "keyword": "가정용냉장고제조/냉장고제조/냉장고/진공공간부/단열기능/열교환기/장치/내부케이스/외부케이스/단부", "document_type": "A"}, {"updateDate": "20220608", "LLno": "C", "SSno": "28511", "Stext": "가정용 전기 기기 제조업", "SStext": "주방용 전기 기기 제조업", "Mtext": "가정용 기기 제조업", "Lno": "28", "ipc_main": "F25D-027/00", "Mno": "285", "country_code": "KR", "Sno": "2851", "LLtext": "제조업(10~34)", "documentId": "kr20210003859a", "application_number": "1020210003859", "Ltext": "전기장비 제조업", "keyword": "냉장고제조/전기냉장고제조/냉장고/캐비닛/메인도어/서브도어/장치/도어프레임/패널어셈블리/도어라이팅유닛", "document_type": "A"}, {"updateDate": "20220608", "LLno": "C", "SSno": "28511", "Stext": "가정용 전기 기기 제조업", "SStext": "주방용 전기 기기 제조업", "Mtext": "가정용 기기 제조업", "Lno": "28", "ipc_main": "F25D-023/02", "Mno": "285", "country_code": "KR", "Sno": "2851", "LLtext": "제조업(10~34)", "documentId": "kr20210074588a", "application_number": "1020210074588", "Ltext": "전기장비 제조업", "keyword": "가정용냉장고제조/가정형냉장고제조/가전기기/본체/도어/저장실/장치/하부트림/하부캡돌기/수용공간", "document_type": "A"}]}