{"dataset": [{"updateDate": "20220608", "LLno": "F", "SSno": "41111", "Stext": "주거용 건물 건설업", "SStext": "단독 주택 건설업", "Mtext": "건물 건설업", "Lno": "41", "ipc_main": "E04H-006/06", "Mno": "411", "country_code": "KR", "Sno": "4111", "LLtext": "건설업(41~42)", "documentId": "kr20020001760y1", "application_number": "2020020001760", "Ltext": "종합 건설업", "keyword": "단독주택건설/단독주택종합보수공사/가정용주차설비/이송스크류/롤러/주택내부주차/장치/셔터/파레트/회전자유", "document_type": "Y1"}, {"updateDate": "20220608", "LLno": "F", "SSno": "41111", "Stext": "주거용 건물 건설업", "SStext": "단독 주택 건설업", "Mtext": "건물 건설업", "Lno": "41", "ipc_main": "E05C-017/44", "Mno": "411", "country_code": "KR", "Sno": "4111", "LLtext": "건설업(41~42)", "documentId": "kr20020017787y1", "application_number": "2020020017787", "Ltext": "종합 건설업", "keyword": "단독주택건설/단독주택종합보수공사/도어스톱퍼장치/출입문/방화문/탄성부재/장치/열림상태유지/부착판/가이드", "document_type": "Y1"}, {"updateDate": "20220608", "LLno": "F", "SSno": "41111", "Stext": "주거용 건물 건설업", "SStext": "단독 주택 건설업", "Mtext": "건물 건설업", "Lno": "41", "ipc_main": "E02D-005/20", "Mno": "411", "country_code": "KR", "Sno": "4111", "LLtext": "건설업(41~42)", "documentId": "kr20020022580y1", "application_number": "2020020022580", "Ltext": "종합 건설업", "keyword": "다가구주택건설/다중주택건설/프리스트레트벽체형파일/H형강/프리플렉스하중/콘크리트타설/장치/인장부/타입부/플랜지", "document_type": "Y1"}, {"updateDate": "20220608", "LLno": "F", "SSno": "41111", "Stext": "주거용 건물 건설업", "SStext": "단독 주택 건설업", "Mtext": "건물 건설업", "Lno": "41", "ipc_main": "E04C-005/07", "Mno": "411", "country_code": "KR", "Sno": "4111", "LLtext": "건설업(41~42)", "documentId": "kr20020028396y1", "application_number": "2020020028396", "Ltext": "종합 건설업", "keyword": "다가구주택건설/다중주택건설/콘크리트구조물/보강재/섬유강화플라스틱바/부착구조개선/방법/콘크리트본체/부착재/비부착", "document_type": "Y1"}, {"updateDate": "20220608", "LLno": "F", "SSno": "41111", "Stext": "주거용 건물 건설업", "SStext": "단독 주택 건설업", "Mtext": "건물 건설업", "Lno": "41", "ipc_main": "E04H-001/12", "Mno": "411", "country_code": "KR", "Sno": "4111", "LLtext": "건설업(41~42)", "documentId": "kr20030004778y1", "application_number": "2020030004778", "Ltext": "종합 건설업", "keyword": "다가구주택건설/다중주택건설/이동식방음부스/조립식샌드위치판넬/소음차단/다층형/장치/내부방음재/판제조각/방음유리", "document_type": "Y1"}, {"updateDate": "20220608", "LLno": "F", "SSno": "41111", "Stext": "주거용 건물 건설업", "SStext": "단독 주택 건설업", "Mtext": "건물 건설업", "Lno": "41", "ipc_main": "E04B-002/02", "Mno": "411", "country_code": "KR", "Sno": "4111", "LLtext": "건설업(41~42)", "documentId": "kr20030039767y1", "application_number": "2020030039767", "Ltext": "종합 건설업", "keyword": "목조단독주택건설/단독주택종합보수공사/목조주택용벽체부재/단일체/벽체부재/목재판/장치/목조주택/집성목/가공면", "document_type": "Y1"}, {"updateDate": "20220608", "LLno": "F", "SSno": "41111", "Stext": "주거용 건물 건설업", "SStext": "단독 주택 건설업", "Mtext": "건물 건설업", "Lno": "41", "ipc_main": "E04H-001/12", "Mno": "411", "country_code": "KR", "Sno": "4111", "LLtext": "건설업(41~42)", "documentId": "kr20040001678y1", "application_number": "2020040001678", "Ltext": "종합 건설업", "keyword": "단독주택건설/단독주택종합보수공사/유리패널/바닥고정/고정프레임/고정브라켓/장치/유리패널지지/서브브라켓/ㄱ자형상", "document_type": "Y1"}, {"updateDate": "20220608", "LLno": "F", "SSno": "41111", "Stext": "주거용 건물 건설업", "SStext": "단독 주택 건설업", "Mtext": "건물 건설업", "Lno": "41", "ipc_main": "E04H-001/04", "Mno": "411", "country_code": "KR", "Sno": "4111", "LLtext": "건설업(41~42)", "documentId": "kr20040008766y1", "application_number": "2020040008766", "Ltext": "종합 건설업", "keyword": "다가구주택건설/다중주택건설/고층아파트구조물/계단/외벽/가로방향/방법/창문/엘리베이터/주거전용공간확대", "document_type": "Y1"}, {"updateDate": "20220608", "LLno": "F", "SSno": "41111", "Stext": "주거용 건물 건설업", "SStext": "단독 주택 건설업", "Mtext": "건물 건설업", "Lno": "41", "ipc_main": "E04C-005/03", "Mno": "411", "country_code": "KR", "Sno": "4111", "LLtext": "건설업(41~42)", "documentId": "kr20040010885y1", "application_number": "2020040010885", "Ltext": "종합 건설업", "keyword": "다가구주택건설/다중주택건설/콘크리트구조물/콘크리트골조/구조적강도보강/보강부재/방법/길이방향/내부설치/중공부", "document_type": "Y1"}, {"updateDate": "20220608", "LLno": "F", "SSno": "41111", "Stext": "주거용 건물 건설업", "SStext": "단독 주택 건설업", "Mtext": "건물 건설업", "Lno": "41", "ipc_main": "E04H-006/06", "Mno": "411", "country_code": "KR", "Sno": "4111", "LLtext": "건설업(41~42)", "documentId": "kr20040023568y1", "application_number": "2020040023568", "Ltext": "종합 건설업", "keyword": "단독주택건설/단독주택종합보수공사/주차장치/병렬주차/주차플레이트/주차공간효율/장치/이송유닛/포물선운동/가이드수단", "document_type": "Y1"}, {"updateDate": "20220608", "LLno": "F", "SSno": "41111", "Stext": "주거용 건물 건설업", "SStext": "단독 주택 건설업", "Mtext": "건물 건설업", "Lno": "41", "ipc_main": "E04C-005/01", "Mno": "411", "country_code": "KR", "Sno": "4111", "LLtext": "건설업(41~42)", "documentId": "kr20040025388y1", "application_number": "2020040025388", "Ltext": "종합 건설업", "keyword": "다가구주택건설/다중주택건설/콘크리트구조물/콘크리트골조/구조적강도보강/보강부재/방법/판부재/중공/접합부", "document_type": "Y1"}, {"updateDate": "20220608", "LLno": "F", "SSno": "41111", "Stext": "주거용 건물 건설업", "SStext": "단독 주택 건설업", "Mtext": "건물 건설업", "Lno": "41", "ipc_main": "E04H-006/42", "Mno": "411", "country_code": "KR", "Sno": "4111", "LLtext": "건설업(41~42)", "documentId": "kr20050013108y1", "application_number": "2020050013108", "Ltext": "종합 건설업", "keyword": "단독주택건설/단독주택종합보수공사/거주자우선주차장치/거주자주차구역/불법주차/단속기관/장치/차량검출용센서/적법차량/주차장치", "document_type": "Y1"}, {"updateDate": "20220608", "LLno": "F", "SSno": "41111", "Stext": "주거용 건물 건설업", "SStext": "단독 주택 건설업", "Mtext": "건물 건설업", "Lno": "41", "ipc_main": "E04H-001/04", "Mno": "411", "country_code": "KR", "Sno": "4111", "LLtext": "건설업(41~42)", "documentId": "kr20050030693y1", "application_number": "2020050030693", "Ltext": "종합 건설업", "keyword": "다가구주택건설/다중주택건설/다층형공동주택/타워형정원/환경친화적/피난처/방법/기초기둥/지지부/통로부", "document_type": "Y1"}, {"updateDate": "20220608", "LLno": "F", "SSno": "41111", "Stext": "주거용 건물 건설업", "SStext": "단독 주택 건설업", "Mtext": "건물 건설업", "Lno": "41", "ipc_main": "E02D-029/045", "Mno": "411", "country_code": "KR", "Sno": "4111", "LLtext": "건설업(41~42)", "documentId": "kr20060007683y1", "application_number": "2020060007683", "Ltext": "종합 건설업", "keyword": "다가구주택건설/다중주택건설/공동구/철근콘크리트구조/반조립식/거푸집/방법/벽체철근/콘크리트/보강지지대", "document_type": "Y1"}, {"updateDate": "20220608", "LLno": "F", "SSno": "41111", "Stext": "주거용 건물 건설업", "SStext": "단독 주택 건설업", "Mtext": "건물 건설업", "Lno": "41", "ipc_main": "E04H-001/12", "Mno": "411", "country_code": "KR", "Sno": "4111", "LLtext": "건설업(41~42)", "documentId": "kr20080017488u", "application_number": "2020080017488", "Ltext": "종합 건설업", "keyword": "단독주택건설/조립식주거용단독주택건설/캡슐케빈/이동바퀴/차양막/도어/장치/주거공간/받침대/연결부", "document_type": "U"}, {"updateDate": "20220608", "LLno": "F", "SSno": "41111", "Stext": "주거용 건물 건설업", "SStext": "단독 주택 건설업", "Mtext": "건물 건설업", "Lno": "41", "ipc_main": "E05C-017/46", "Mno": "411", "country_code": "KR", "Sno": "4111", "LLtext": "건설업(41~42)", "documentId": "kr20110004415u", "application_number": "2020110004415", "Ltext": "종합 건설업", "keyword": "단독주택건설/단독주택종합보수공사/개방방문고정장치/도어스토퍼결속/U자결속홈/방문고정/장치/결속체/경사면/손잡이날개", "document_type": "U"}, {"updateDate": "20220608", "LLno": "F", "SSno": "41111", "Stext": "주거용 건물 건설업", "SStext": "단독 주택 건설업", "Mtext": "건물 건설업", "Lno": "41", "ipc_main": "E04H-009/14", "Mno": "411", "country_code": "KR", "Sno": "4111", "LLtext": "건설업(41~42)", "documentId": "kr20130003039y1", "application_number": "2020130003039", "Ltext": "종합 건설업", "keyword": "단독주택건설/단독주택종합보수공사/물막이장치/입구/지지포스트상단/우수유입방지/장치/지지포스트/측면가압부/차수판", "document_type": "Y1"}, {"updateDate": "20220608", "LLno": "F", "SSno": "41111", "Stext": "주거용 건물 건설업", "SStext": "단독 주택 건설업", "Mtext": "건물 건설업", "Lno": "41", "ipc_main": "E04H-009/14", "Mno": "411", "country_code": "KR", "Sno": "4111", "LLtext": "건설업(41~42)", "documentId": "kr20130003040y1", "application_number": "2020130003040", "Ltext": "종합 건설업", "keyword": "단독주택건설/단독주택종합보수공사/물막이장치/입구/고정판/차수판/장치/핀홀/수직프레임/수평프레임", "document_type": "Y1"}, {"updateDate": "20220608", "LLno": "F", "SSno": "41111", "Stext": "주거용 건물 건설업", "SStext": "단독 주택 건설업", "Mtext": "건물 건설업", "Lno": "41", "ipc_main": "E04B-001/10", "Mno": "411", "country_code": "KR", "Sno": "4111", "LLtext": "건설업(41~42)", "documentId": "kr20130050500a", "application_number": "1020130050500", "Ltext": "종합 건설업", "keyword": "목조단독주택건설/조립식주거용단독주택건설/목조주택조립구조/나무부재/홈/돌기/방법/코너/벽체/끼움결합", "document_type": "A"}, {"updateDate": "20220608", "LLno": "F", "SSno": "41111", "Stext": "주거용 건물 건설업", "SStext": "단독 주택 건설업", "Mtext": "건물 건설업", "Lno": "41", "ipc_main": "E04B-001/343", "Mno": "411", "country_code": "KR", "Sno": "4111", "LLtext": "건설업(41~42)", "documentId": "kr20130055784b1", "application_number": "1020130055784", "Ltext": "종합 건설업", "keyword": "전원단독주택건설/조립식주거용단독주택건설/이동식조립주택/원형돔형상/중복시공방지/자재손실방지/방법/결합공/천장돔부/벽체부", "document_type": "B1"}, {"updateDate": "20220608", "LLno": "F", "SSno": "41111", "Stext": "주거용 건물 건설업", "SStext": "단독 주택 건설업", "Mtext": "건물 건설업", "Lno": "41", "ipc_main": "E04H-001/00", "Mno": "411", "country_code": "KR", "Sno": "4111", "LLtext": "건설업(41~42)", "documentId": "kr20130122379a", "application_number": "1020130122379", "Ltext": "종합 건설업", "keyword": "단독주택건설/다가구주택건설/건축설계기준선재정립/도면지시/건축물가치향상/개선자재사용권장/방법/자재두께상세도사/적합자재선택/설계도면", "document_type": "A"}, {"updateDate": "20220608", "LLno": "F", "SSno": "41111", "Stext": "주거용 건물 건설업", "SStext": "단독 주택 건설업", "Mtext": "건물 건설업", "Lno": "41", "ipc_main": "E04C-005/01", "Mno": "411", "country_code": "KR", "Sno": "4111", "LLtext": "건설업(41~42)", "documentId": "kr20130145227b1", "application_number": "1020130145227", "Ltext": "종합 건설업", "keyword": "단독주택건설/단독주택종합보수공사/콘크리트보강재/인장하중균열방지/인장부/저항력증가부/장치/콘크리트매립/마르텐사이트/오스테나이트", "document_type": "B1"}, {"updateDate": "20220608", "LLno": "F", "SSno": "41111", "Stext": "주거용 건물 건설업", "SStext": "단독 주택 건설업", "Mtext": "건물 건설업", "Lno": "41", "ipc_main": "E02D-017/04", "Mno": "411", "country_code": "KR", "Sno": "4111", "LLtext": "건설업(41~42)", "documentId": "kr20140008677a", "application_number": "1020140008677", "Ltext": "종합 건설업", "keyword": "다가구주택건설/다중주택건설/흙막이구조체/흙막이벽체/방향전환유닛/팽창체/방법/인장와이어/체결부재/앵커", "document_type": "A"}, {"updateDate": "20220608", "LLno": "F", "SSno": "41111", "Stext": "주거용 건물 건설업", "SStext": "단독 주택 건설업", "Mtext": "건물 건설업", "Lno": "41", "ipc_main": "E04B-001/10", "Mno": "411", "country_code": "KR", "Sno": "4111", "LLtext": "건설업(41~42)", "documentId": "kr20140016288a", "application_number": "1020140016288", "Ltext": "종합 건설업", "keyword": "목조단독주택건설/한옥건설/목조주택/구조체/합판/한옥맞춤방식/방법/육면체/요철형태/결합체형태", "document_type": "A"}, {"updateDate": "20220608", "LLno": "F", "SSno": "41111", "Stext": "주거용 건물 건설업", "SStext": "단독 주택 건설업", "Mtext": "건물 건설업", "Lno": "41", "ipc_main": "E02D-029/045", "Mno": "411", "country_code": "KR", "Sno": "4111", "LLtext": "건설업(41~42)", "documentId": "kr20140057144b1", "application_number": "1020140057144", "Ltext": "종합 건설업", "keyword": "다가구주택건설/다중주택건설/탑다운시공방법/SHG공법/기준층슬래브/순차적시공/철골기둥/방법/브라켓/철골보/임베디드플레이트유닛", "document_type": "B1"}, {"updateDate": "20220608", "LLno": "F", "SSno": "41111", "Stext": "주거용 건물 건설업", "SStext": "단독 주택 건설업", "Mtext": "건물 건설업", "Lno": "41", "ipc_main": "E05C-017/46", "Mno": "411", "country_code": "KR", "Sno": "4111", "LLtext": "건설업(41~42)", "documentId": "kr20140109219a", "application_number": "1020140109219", "Ltext": "종합 건설업", "keyword": "단독주택건설/단독주택종합보수공사/고정구/오픈스토퍼/커버판/고정몸체/장치/끼움홈/창호/결합공", "document_type": "A"}, {"updateDate": "20220608", "LLno": "F", "SSno": "41111", "Stext": "주거용 건물 건설업", "SStext": "단독 주택 건설업", "Mtext": "건물 건설업", "Lno": "41", "ipc_main": "E04C-005/07", "Mno": "411", "country_code": "KR", "Sno": "4111", "LLtext": "건설업(41~42)", "documentId": "kr20140114370b1", "application_number": "1020140114370", "Ltext": "종합 건설업", "keyword": "단독주택건설/다가구주택건설/내진보강공법/구조물보강/섬유보강시트/섬유보강패널/방법/탄소섬유/아라미드섬유/유리섬유", "document_type": "B1"}, {"updateDate": "20220608", "LLno": "F", "SSno": "41111", "Stext": "주거용 건물 건설업", "SStext": "단독 주택 건설업", "Mtext": "건물 건설업", "Lno": "41", "ipc_main": "E04B-001/76", "Mno": "411", "country_code": "KR", "Sno": "4111", "LLtext": "건설업(41~42)", "documentId": "kr20150002032y1", "application_number": "2020150002032", "Ltext": "종합 건설업", "keyword": "단독주택건설/단독주택종합보수공사/외부단열시공구조/단열층/구조물/건식방법/방법/앵커볼트/단열재/파스너", "document_type": "Y1"}, {"updateDate": "20220608", "LLno": "F", "SSno": "41111", "Stext": "주거용 건물 건설업", "SStext": "단독 주택 건설업", "Mtext": "건물 건설업", "Lno": "41", "ipc_main": "E04H-006/42", "Mno": "411", "country_code": "KR", "Sno": "4111", "LLtext": "건설업(41~42)", "documentId": "kr20150006556u", "application_number": "2020150006556", "Ltext": "종합 건설업", "keyword": "다가구주택건설/다중주택건설/기계식주차설비/진동방지장치/주차구획/완충부재/장치/격납레일/피니언기어/횡행구동모터", "document_type": "U"}, {"updateDate": "20220608", "LLno": "F", "SSno": "41111", "Stext": "주거용 건물 건설업", "SStext": "단독 주택 건설업", "Mtext": "건물 건설업", "Lno": "41", "ipc_main": "E04B-001/76", "Mno": "411", "country_code": "KR", "Sno": "4111", "LLtext": "건설업(41~42)", "documentId": "kr20150007609y1", "application_number": "2020150007609", "Ltext": "종합 건설업", "keyword": "전원단독주택건설/단독주택종합보수공사/황토벽면시공/벽체/단열시공/고정패널/방법/황토층/단열매트/지지부재", "document_type": "Y1"}, {"updateDate": "20220608", "LLno": "F", "SSno": "41111", "Stext": "주거용 건물 건설업", "SStext": "단독 주택 건설업", "Mtext": "건물 건설업", "Lno": "41", "ipc_main": "E04H-009/00", "Mno": "411", "country_code": "KR", "Sno": "4111", "LLtext": "건설업(41~42)", "documentId": "kr20150010431b1", "application_number": "1020150010431", "Ltext": "종합 건설업", "keyword": "단독주택종합보수공사/조립식주거용단독주택건설/접이식재난구호주택/바닥패널/지붕패널/측면패널/방법/상하부프레임/공간부/걸림결합", "document_type": "B1"}, {"updateDate": "20220608", "LLno": "F", "SSno": "41111", "Stext": "주거용 건물 건설업", "SStext": "단독 주택 건설업", "Mtext": "건물 건설업", "Lno": "41", "ipc_main": "E04H-001/02", "Mno": "411", "country_code": "KR", "Sno": "4111", "LLtext": "건설업(41~42)", "documentId": "kr20150044306a", "application_number": "1020150044306", "Ltext": "종합 건설업", "keyword": "다가구주택건설/다중주택건설/공동주택/라운지시설/필로티/편의성향상/방법/복수동/별도출입/독립형라운지시설", "document_type": "A"}, {"updateDate": "20220608", "LLno": "F", "SSno": "41111", "Stext": "주거용 건물 건설업", "SStext": "단독 주택 건설업", "Mtext": "건물 건설업", "Lno": "41", "ipc_main": "E04B-001/343", "Mno": "411", "country_code": "KR", "Sno": "4111", "LLtext": "건설업(41~42)", "documentId": "kr20150069488a", "application_number": "1020150069488", "Ltext": "종합 건설업", "keyword": "조립식주거용단독주택건설/단독주택종합보수공사/조립식벽체시스템/조립용이/공기단축/방수부/방법/분리공간/벽체부/프레임부", "document_type": "A"}, {"updateDate": "20220608", "LLno": "F", "SSno": "41111", "Stext": "주거용 건물 건설업", "SStext": "단독 주택 건설업", "Mtext": "건물 건설업", "Lno": "41", "ipc_main": "E02D-031/02", "Mno": "411", "country_code": "KR", "Sno": "4111", "LLtext": "건설업(41~42)", "documentId": "kr20150072773b1", "application_number": "1020150072773", "Ltext": "종합 건설업", "keyword": "단독주택건설/단독주택종합보수공사/슬라이딩식벽체배수판/크랙벽면/벽체배수판/슬라이딩지지구/장치/장착판/걸림판/가이드돌기", "document_type": "B1"}, {"updateDate": "20220608", "LLno": "F", "SSno": "41111", "Stext": "주거용 건물 건설업", "SStext": "단독 주택 건설업", "Mtext": "건물 건설업", "Lno": "41", "ipc_main": "E02D-029/12", "Mno": "411", "country_code": "KR", "Sno": "4111", "LLtext": "건설업(41~42)", "documentId": "kr20150133436b1", "application_number": "1020150133436", "Ltext": "종합 건설업", "keyword": "다가구주택건설/다중주택건설/밸브실/FRP패널/콘크리트구조/혼성밸브실시공/방법/외부벽체/철근부/패널지지부재", "document_type": "B1"}, {"updateDate": "20220608", "LLno": "F", "SSno": "41111", "Stext": "주거용 건물 건설업", "SStext": "단독 주택 건설업", "Mtext": "건물 건설업", "Lno": "41", "ipc_main": "E05C-003/02", "Mno": "411", "country_code": "KR", "Sno": "4111", "LLtext": "건설업(41~42)", "documentId": "kr20150134539a", "application_number": "1020150134539", "Ltext": "종합 건설업", "keyword": "단독주택건설/단독주택종합보수공사/문고정구/플레이트/힌지축/고정부/장치/가압버튼/걸고리/랙기어", "document_type": "A"}, {"updateDate": "20220608", "LLno": "F", "SSno": "41111", "Stext": "주거용 건물 건설업", "SStext": "단독 주택 건설업", "Mtext": "건물 건설업", "Lno": "41", "ipc_main": "E04H-001/02", "Mno": "411", "country_code": "KR", "Sno": "4111", "LLtext": "건설업(41~42)", "documentId": "kr20150183305b1", "application_number": "1020150183305", "Ltext": "종합 건설업", "keyword": "단독주택건설/조립식주거용단독주택건설/조립식핵심설비/주택핵심기능/육면체구조/공간활용/방법/수납부/계단부/복층부", "document_type": "B1"}, {"updateDate": "20220608", "LLno": "F", "SSno": "41111", "Stext": "주거용 건물 건설업", "SStext": "단독 주택 건설업", "Mtext": "건물 건설업", "Lno": "41", "ipc_main": "E04H-001/12", "Mno": "411", "country_code": "KR", "Sno": "4111", "LLtext": "건설업(41~42)", "documentId": "kr20160003967a", "application_number": "1020160003967", "Ltext": "종합 건설업", "keyword": "단독주택건설/단독주택종합보수공사/일인용소형주택/다기능/구조체/지지부/방법/라운드형지지부/의자/배드", "document_type": "A"}, {"updateDate": "20220608", "LLno": "F", "SSno": "41111", "Stext": "주거용 건물 건설업", "SStext": "단독 주택 건설업", "Mtext": "건물 건설업", "Lno": "41", "ipc_main": "E04B-001/16", "Mno": "411", "country_code": "KR", "Sno": "4111", "LLtext": "건설업(41~42)", "documentId": "kr20160025221b1", "application_number": "1020160025221", "Ltext": "종합 건설업", "keyword": "단독주택건설/단독주택종합보수공사/벽체구조체/베이스판/수직연결바/멀티프리캐스트/방법/버림콘크리트/프리캐스트벽체/하부슬라브", "document_type": "B1"}, {"updateDate": "20220608", "LLno": "F", "SSno": "41111", "Stext": "주거용 건물 건설업", "SStext": "단독 주택 건설업", "Mtext": "건물 건설업", "Lno": "41", "ipc_main": "E04H-001/02", "Mno": "411", "country_code": "KR", "Sno": "4111", "LLtext": "건설업(41~42)", "documentId": "kr20160038905a", "application_number": "1020160038905", "Ltext": "종합 건설업", "keyword": "단독주택건설/단독주택종합보수공사/이동식주택/태양광발전장치/집광부본체/높낮이조절수단제어/방법/주택본체/GPS수신기/위치취득부", "document_type": "A"}, {"updateDate": "20220608", "LLno": "F", "SSno": "41111", "Stext": "주거용 건물 건설업", "SStext": "단독 주택 건설업", "Mtext": "건물 건설업", "Lno": "41", "ipc_main": "E04H-001/02", "Mno": "411", "country_code": "KR", "Sno": "4111", "LLtext": "건설업(41~42)", "documentId": "kr20160059617a", "application_number": "1020160059617", "Ltext": "종합 건설업", "keyword": "단독주택건설/단독주택종합보수공사/에너지생산주택/집광유닛/에너지생산패널/집광공간/방법/벽체/집광렌즈/중심축", "document_type": "A"}, {"updateDate": "20220608", "LLno": "F", "SSno": "41111", "Stext": "주거용 건물 건설업", "SStext": "단독 주택 건설업", "Mtext": "건물 건설업", "Lno": "41", "ipc_main": "E04H-014/00", "Mno": "411", "country_code": "KR", "Sno": "4111", "LLtext": "건설업(41~42)", "documentId": "kr20160072882a", "application_number": "1020160072882", "Ltext": "종합 건설업", "keyword": "다가구주택건설/다중주택건설/빌딩아파트/면적공간/유니트/원형철골조타워빌딩/방법/무지개초록집/철골조/하이텐고장력볼트", "document_type": "A"}, {"updateDate": "20220608", "LLno": "F", "SSno": "41111", "Stext": "주거용 건물 건설업", "SStext": "단독 주택 건설업", "Mtext": "건물 건설업", "Lno": "41", "ipc_main": "E04B-002/84", "Mno": "411", "country_code": "KR", "Sno": "4111", "LLtext": "건설업(41~42)", "documentId": "kr20160075396a", "application_number": "1020160075396", "Ltext": "종합 건설업", "keyword": "단독주택건설/단독주택종합보수공사/벽체시공방법/콘크리트벽체/복합단열마감재/일체형/방법/볼트형타이바/거푸집/복합마감층", "document_type": "A"}, {"updateDate": "20220608", "LLno": "F", "SSno": "41111", "Stext": "주거용 건물 건설업", "SStext": "단독 주택 건설업", "Mtext": "건물 건설업", "Lno": "41", "ipc_main": "E04H-001/02", "Mno": "411", "country_code": "KR", "Sno": "4111", "LLtext": "건설업(41~42)", "documentId": "kr20160090968b1", "application_number": "1020160090968", "Ltext": "종합 건설업", "keyword": "전원단독주택건설/조립식주거용단독주택건설/전원주택/기성자재/공사기간단축/단열재/방법/파일/기둥/보강", "document_type": "B1"}, {"updateDate": "20220608", "LLno": "F", "SSno": "41111", "Stext": "주거용 건물 건설업", "SStext": "단독 주택 건설업", "Mtext": "건물 건설업", "Lno": "41", "ipc_main": "E04B-002/58", "Mno": "411", "country_code": "KR", "Sno": "4111", "LLtext": "건설업(41~42)", "documentId": "kr20160128356b1", "application_number": "1020160128356", "Ltext": "종합 건설업", "keyword": "목조단독주택건설/단독주택종합보수공사/철골보강구조/4각틀구조/단위유닛/벽체유닛/방법/코너프레임/하부프레임/볼트공", "document_type": "B1"}, {"updateDate": "20220608", "LLno": "F", "SSno": "41111", "Stext": "주거용 건물 건설업", "SStext": "단독 주택 건설업", "Mtext": "건물 건설업", "Lno": "41", "ipc_main": "E04H-001/12", "Mno": "411", "country_code": "KR", "Sno": "4111", "LLtext": "건설업(41~42)", "documentId": "kr20160133343a", "application_number": "1020160133343", "Ltext": "종합 건설업", "keyword": "단독주택종합보수공사/조립식주거용단독주택건설/이동주택/절첩식병풍/유리벽천/포크리프트/방법/바닥/벽체/지붕", "document_type": "A"}, {"updateDate": "20220608", "LLno": "F", "SSno": "41111", "Stext": "주거용 건물 건설업", "SStext": "단독 주택 건설업", "Mtext": "건물 건설업", "Lno": "41", "ipc_main": "E04H-009/02", "Mno": "411", "country_code": "KR", "Sno": "4111", "LLtext": "건설업(41~42)", "documentId": "kr20160141847a", "application_number": "1020160141847", "Ltext": "종합 건설업", "keyword": "단독주택건설/단독주택종합보수공사/내진보강/댐퍼/구조물사이/슬릿/장치/슬릿댐퍼/형상기억합금/봉", "document_type": "A"}, {"updateDate": "20220608", "LLno": "F", "SSno": "41111", "Stext": "주거용 건물 건설업", "SStext": "단독 주택 건설업", "Mtext": "건물 건설업", "Lno": "41", "ipc_main": "E04B-001/80", "Mno": "411", "country_code": "KR", "Sno": "4111", "LLtext": "건설업(41~42)", "documentId": "kr20160144352a", "application_number": "1020160144352", "Ltext": "종합 건설업", "keyword": "단독주택건설/단독주택종합보수공사/공간단열벽체/조립시공/규격화/조립벽체/방법/고정장착/구조프레임/공간단열층", "document_type": "A"}, {"updateDate": "20220608", "LLno": "F", "SSno": "41111", "Stext": "주거용 건물 건설업", "SStext": "단독 주택 건설업", "Mtext": "건물 건설업", "Lno": "41", "ipc_main": "E04H-009/02", "Mno": "411", "country_code": "KR", "Sno": "4111", "LLtext": "건설업(41~42)", "documentId": "kr20160157950b1", "application_number": "1020160157950", "Ltext": "종합 건설업", "keyword": "단독주택건설/단독주택종합보수공사/내진보강구조/개구부/보강프레임/철근콘크리트프레임/방법/수직부재/수평부재/고정플레이트", "document_type": "B1"}, {"updateDate": "20220608", "LLno": "F", "SSno": "41111", "Stext": "주거용 건물 건설업", "SStext": "단독 주택 건설업", "Mtext": "건물 건설업", "Lno": "41", "ipc_main": "E04H-001/00", "Mno": "411", "country_code": "KR", "Sno": "4111", "LLtext": "건설업(41~42)", "documentId": "kr20160158744a", "application_number": "1020160158744", "Ltext": "종합 건설업", "keyword": "단독주택건설/조립식주거용단독주택건설/저에너지건축물/외장냉각유닛/차양패널유닛/환기조절유닛/방법/이중외벽구조/채광조절유닛/고온건조기후", "document_type": "A"}, {"updateDate": "20220608", "LLno": "F", "SSno": "41111", "Stext": "주거용 건물 건설업", "SStext": "단독 주택 건설업", "Mtext": "건물 건설업", "Lno": "41", "ipc_main": "E04H-009/02", "Mno": "411", "country_code": "KR", "Sno": "4111", "LLtext": "건설업(41~42)", "documentId": "kr20160165577a", "application_number": "1020160165577", "Ltext": "종합 건설업", "keyword": "다가구주택건설/다중주택건설/제진댐퍼/탄성계수/인방보형제진댐퍼/지진에너지소산/장치/댐퍼실린더/이형철근/스프링푸셔", "document_type": "A"}, {"updateDate": "20220608", "LLno": "F", "SSno": "41111", "Stext": "주거용 건물 건설업", "SStext": "단독 주택 건설업", "Mtext": "건물 건설업", "Lno": "41", "ipc_main": "E04H-009/02", "Mno": "411", "country_code": "KR", "Sno": "4111", "LLtext": "건설업(41~42)", "documentId": "kr20160174515b1", "application_number": "1020160174515", "Ltext": "종합 건설업", "keyword": "단독주택건설/단독주택종합보수공사/내진보강구조/모체일체화콘크리트/콘크리트벽체/충전부/방법/보강부/체결부/철근부", "document_type": "B1"}, {"updateDate": "20220608", "LLno": "F", "SSno": "41111", "Stext": "주거용 건물 건설업", "SStext": "단독 주택 건설업", "Mtext": "건물 건설업", "Lno": "41", "ipc_main": "E04H-009/02", "Mno": "411", "country_code": "KR", "Sno": "4111", "LLtext": "건설업(41~42)", "documentId": "kr20160179680a", "application_number": "1020160179680", "Ltext": "종합 건설업", "keyword": "조립식주거용단독주택건설/단독주택종합보수공사/조립식내진보강조립체/사각기둥/모듈/연장부/장치/절곡/몸체부/경사면", "document_type": "A"}, {"updateDate": "20220608", "LLno": "F", "SSno": "41111", "Stext": "주거용 건물 건설업", "SStext": "단독 주택 건설업", "Mtext": "건물 건설업", "Lno": "41", "ipc_main": "E04C-005/16", "Mno": "411", "country_code": "KR", "Sno": "4111", "LLtext": "건설업(41~42)", "documentId": "kr20167009489b1", "application_number": "1020167009489", "Ltext": "종합 건설업", "keyword": "단독주택건설/다가구주택건설/보강시스템/스페이서/콘크리트구성요소/메쉬/방법/이격몸체/고정시스템/연결요소", "document_type": "B1"}, {"updateDate": "20220608", "LLno": "F", "SSno": "41111", "Stext": "주거용 건물 건설업", "SStext": "단독 주택 건설업", "Mtext": "건물 건설업", "Lno": "41", "ipc_main": "E04B-001/343", "Mno": "411", "country_code": "KR", "Sno": "4111", "LLtext": "건설업(41~42)", "documentId": "kr20170001284y1", "application_number": "2020170001284", "Ltext": "종합 건설업", "keyword": "전원단독주택건설/조립식주거용단독주택건설/친환경형조립식주택/하부구조물/구획벽체/둥근외형/방법/바닥부/측면벽체부/결합턱", "document_type": "Y1"}, {"updateDate": "20220608", "LLno": "F", "SSno": "41111", "Stext": "주거용 건물 건설업", "SStext": "단독 주택 건설업", "Mtext": "건물 건설업", "Lno": "41", "ipc_main": "E04H-009/02", "Mno": "411", "country_code": "KR", "Sno": "4111", "LLtext": "건설업(41~42)", "documentId": "kr20170009167b1", "application_number": "1020170009167", "Ltext": "종합 건설업", "keyword": "단독주택건설/단독주택종합보수공사/내진보강구조/철근콘크리트프레임/내진보강용PC벽패널/소형PC블록/방법/벽체/접착부재/앵커부재", "document_type": "B1"}, {"updateDate": "20220608", "LLno": "F", "SSno": "41111", "Stext": "주거용 건물 건설업", "SStext": "단독 주택 건설업", "Mtext": "건물 건설업", "Lno": "41", "ipc_main": "E04H-009/02", "Mno": "411", "country_code": "KR", "Sno": "4111", "LLtext": "건설업(41~42)", "documentId": "kr20170012055a", "application_number": "1020170012055", "Ltext": "종합 건설업", "keyword": "단독주택건설/단독주택종합보수공사/내진보강공법/CFT기둥/단위부재/앵커볼트/방법/절곡부/형성부/콘크리트타설", "document_type": "A"}, {"updateDate": "20220608", "LLno": "F", "SSno": "41111", "Stext": "주거용 건물 건설업", "SStext": "단독 주택 건설업", "Mtext": "건물 건설업", "Lno": "41", "ipc_main": "E04B-001/76", "Mno": "411", "country_code": "KR", "Sno": "4111", "LLtext": "건설업(41~42)", "documentId": "kr20170038183b1", "application_number": "1020170038183", "Ltext": "종합 건설업", "keyword": "단독주택건설/단독주택종합보수공사/내화단열벽체시스템/콘크리트벽체/외단열시공/중단열시공/방법/단열패널부/소켓/연결바", "document_type": "B1"}, {"updateDate": "20220608", "LLno": "F", "SSno": "41111", "Stext": "주거용 건물 건설업", "SStext": "단독 주택 건설업", "Mtext": "건물 건설업", "Lno": "41", "ipc_main": "E04H-009/02", "Mno": "411", "country_code": "KR", "Sno": "4111", "LLtext": "건설업(41~42)", "documentId": "kr20170047946a", "application_number": "1020170047946", "Ltext": "종합 건설업", "keyword": "단독주택건설/단독주택종합보수공사/내진공법/슬림형강재댐퍼/고정판/확장판/방법/변위전달판/변위전달힌지판/댐퍼몸체", "document_type": "A"}, {"updateDate": "20220608", "LLno": "F", "SSno": "41111", "Stext": "주거용 건물 건설업", "SStext": "단독 주택 건설업", "Mtext": "건물 건설업", "Lno": "41", "ipc_main": "E04B-001/343", "Mno": "411", "country_code": "KR", "Sno": "4111", "LLtext": "건설업(41~42)", "documentId": "kr20170048432a", "application_number": "1020170048432", "Ltext": "종합 건설업", "keyword": "단독주택건설/조립식주거용단독주택건설/조립식이동주택/확장형모듈/뼈대/벽체/장치/경량철구조물/지붕체/가이드모듈", "document_type": "A"}, {"updateDate": "20220608", "LLno": "F", "SSno": "41111", "Stext": "주거용 건물 건설업", "SStext": "단독 주택 건설업", "Mtext": "건물 건설업", "Lno": "41", "ipc_main": "E04B-001/16", "Mno": "411", "country_code": "KR", "Sno": "4111", "LLtext": "건설업(41~42)", "documentId": "kr20170049583b1", "application_number": "1020170049583", "Ltext": "종합 건설업", "keyword": "다가구주택건설/다중주택건설/프리캐스트벽체/지중벽체/동시타설/기둥하부공간/방법/측벽체/이중벽체구조/하부저판", "document_type": "B1"}, {"updateDate": "20220608", "LLno": "F", "SSno": "41111", "Stext": "주거용 건물 건설업", "SStext": "단독 주택 건설업", "Mtext": "건물 건설업", "Lno": "41", "ipc_main": "E04H-001/04", "Mno": "411", "country_code": "KR", "Sno": "4111", "LLtext": "건설업(41~42)", "documentId": "kr20170050717b1", "application_number": "1020170050717", "Ltext": "종합 건설업", "keyword": "다가구주택건설/다중주택건설/복층형공간구조/높이방향/층/복층형다락/방법/지그재그배열/계단/테라스공간부", "document_type": "B1"}, {"updateDate": "20220608", "LLno": "F", "SSno": "41111", "Stext": "주거용 건물 건설업", "SStext": "단독 주택 건설업", "Mtext": "건물 건설업", "Lno": "41", "ipc_main": "E04H-009/02", "Mno": "411", "country_code": "KR", "Sno": "4111", "LLtext": "건설업(41~42)", "documentId": "kr20170054225b1", "application_number": "1020170054225", "Ltext": "종합 건설업", "keyword": "단독주택건설/단독주택종합보수공사/내진보강구조/틸트업외벽결합/프리캐스트콘크리트/보강벽체/방법/고정부재/보강판/파이프", "document_type": "B1"}, {"updateDate": "20220608", "LLno": "F", "SSno": "41111", "Stext": "주거용 건물 건설업", "SStext": "단독 주택 건설업", "Mtext": "건물 건설업", "Lno": "41", "ipc_main": "E04H-012/08", "Mno": "411", "country_code": "KR", "Sno": "4111", "LLtext": "건설업(41~42)", "documentId": "kr20170055110b1", "application_number": "1020170055110", "Ltext": "종합 건설업", "keyword": "다가구주택건설/다중주택건설/강관주/조립식강관주/오거크레인/전주근/방법/굴착날/굴착스크류/결합부", "document_type": "B1"}, {"updateDate": "20220608", "LLno": "F", "SSno": "41111", "Stext": "주거용 건물 건설업", "SStext": "단독 주택 건설업", "Mtext": "건물 건설업", "Lno": "41", "ipc_main": "E04H-009/02", "Mno": "411", "country_code": "KR", "Sno": "4111", "LLtext": "건설업(41~42)", "documentId": "kr20170078548a", "application_number": "1020170078548", "Ltext": "종합 건설업", "keyword": "단독주택건설/단독주택종합보수공사/내진공법/철근콘크리트구조물/토글형마찰보강가새/내진보강장치/방법/앵커플레이트/앵커볼트/철골부재", "document_type": "A"}, {"updateDate": "20220608", "LLno": "F", "SSno": "41111", "Stext": "주거용 건물 건설업", "SStext": "단독 주택 건설업", "Mtext": "건물 건설업", "Lno": "41", "ipc_main": "E02D-027/01", "Mno": "411", "country_code": "KR", "Sno": "4111", "LLtext": "건설업(41~42)", "documentId": "kr20170086002b1", "application_number": "1020170086002", "Ltext": "종합 건설업", "keyword": "단독주택건설/단독주택종합보수공사/단독주택기초구조/기초수직벽체/메인블록/서브블록/방법/기초콘크리트층/메인횡축/메인종축", "document_type": "B1"}, {"updateDate": "20220608", "LLno": "F", "SSno": "41111", "Stext": "주거용 건물 건설업", "SStext": "단독 주택 건설업", "Mtext": "건물 건설업", "Lno": "41", "ipc_main": "E04H-009/02", "Mno": "411", "country_code": "KR", "Sno": "4111", "LLtext": "건설업(41~42)", "documentId": "kr20170125254a", "application_number": "1020170125254", "Ltext": "종합 건설업", "keyword": "단독주택건설/단독주택종합보수공사/내진보강방법/현장타설/내벽결합/내진보강벽체/방법/연결부재/가로철근/세로철근", "document_type": "A"}, {"updateDate": "20220608", "LLno": "F", "SSno": "41111", "Stext": "주거용 건물 건설업", "SStext": "단독 주택 건설업", "Mtext": "건물 건설업", "Lno": "41", "ipc_main": "E04B-002/74", "Mno": "411", "country_code": "KR", "Sno": "4111", "LLtext": "건설업(41~42)", "documentId": "kr20170132619b1", "application_number": "1020170132619", "Ltext": "종합 건설업", "keyword": "단독주택건설/단독주택종합보수공사/내화칸막이벽체/비내력벽/PC유닛/철제프레임/방법/수직보강지주/일반석고보드/러너", "document_type": "B1"}, {"updateDate": "20220608", "LLno": "F", "SSno": "41111", "Stext": "주거용 건물 건설업", "SStext": "단독 주택 건설업", "Mtext": "건물 건설업", "Lno": "41", "ipc_main": "E04B-002/82", "Mno": "411", "country_code": "KR", "Sno": "4111", "LLtext": "건설업(41~42)", "documentId": "kr20170133564a", "application_number": "1020170133564", "Ltext": "종합 건설업", "keyword": "단독주택건설/단독주택종합보수공사/가변타입벽체/슬라이드이동/벽체/룸/방법/공간부/내벽/거실", "document_type": "A"}, {"updateDate": "20220608", "LLno": "F", "SSno": "41111", "Stext": "주거용 건물 건설업", "SStext": "단독 주택 건설업", "Mtext": "건물 건설업", "Lno": "41", "ipc_main": "E02D-029/045", "Mno": "411", "country_code": "KR", "Sno": "4111", "LLtext": "건설업(41~42)", "documentId": "kr20170134800b1", "application_number": "1020170134800", "Ltext": "종합 건설업", "keyword": "다가구주택건설/다중주택건설/지하구조물/피씨트러스벽체구조물/현장콘크리트타설/결합보강부재/방법/피씨패널/연결부재/수직바", "document_type": "B1"}, {"updateDate": "20220608", "LLno": "F", "SSno": "41111", "Stext": "주거용 건물 건설업", "SStext": "단독 주택 건설업", "Mtext": "건물 건설업", "Lno": "41", "ipc_main": "E04H-001/02", "Mno": "411", "country_code": "KR", "Sno": "4111", "LLtext": "건설업(41~42)", "documentId": "kr20170150530b1", "application_number": "1020170150530", "Ltext": "종합 건설업", "keyword": "단독주택건설/전원단독주택건설/소형간이주택/벽체패널/단열공간/마감패널/방법/지붕/끼움부/플랜지", "document_type": "B1"}, {"updateDate": "20220608", "LLno": "F", "SSno": "41111", "Stext": "주거용 건물 건설업", "SStext": "단독 주택 건설업", "Mtext": "건물 건설업", "Lno": "41", "ipc_main": "E04B-002/70", "Mno": "411", "country_code": "KR", "Sno": "4111", "LLtext": "건설업(41~42)", "documentId": "kr20170175209a", "application_number": "1020170175209", "Ltext": "종합 건설업", "keyword": "전원단독주택건설/한옥건설/한옥황토벽/황토벽체/프레임/삽입홈/방법/내측둘레면/돌출부/황토벽시공구조", "document_type": "A"}, {"updateDate": "20220608", "LLno": "F", "SSno": "41111", "Stext": "주거용 건물 건설업", "SStext": "단독 주택 건설업", "Mtext": "건물 건설업", "Lno": "41", "ipc_main": "E04H-009/02", "Mno": "411", "country_code": "KR", "Sno": "4111", "LLtext": "건설업(41~42)", "documentId": "kr20170175412b1", "application_number": "1020170175412", "Ltext": "종합 건설업", "keyword": "단독주택건설/단독주택종합보수공사/구조물내진보강방법/변형유도강재봉/강재댐퍼/프레임형제진장치/방법/고정판/지지강재봉/H형롤빔", "document_type": "B1"}, {"updateDate": "20220608", "LLno": "F", "SSno": "41111", "Stext": "주거용 건물 건설업", "SStext": "단독 주택 건설업", "Mtext": "건물 건설업", "Lno": "41", "ipc_main": "E04H-009/02", "Mno": "411", "country_code": "KR", "Sno": "4111", "LLtext": "건설업(41~42)", "documentId": "kr20180004357b1", "application_number": "1020180004357", "Ltext": "종합 건설업", "keyword": "단독주택건설/단독주택종합보수공사/철골프레임/추가설치/내진보강/철근콘크리트프레임/장치/고정플레이트/웨브/플랜지", "document_type": "B1"}, {"updateDate": "20220608", "LLno": "F", "SSno": "41111", "Stext": "주거용 건물 건설업", "SStext": "단독 주택 건설업", "Mtext": "건물 건설업", "Lno": "41", "ipc_main": "E04H-001/02", "Mno": "411", "country_code": "KR", "Sno": "4111", "LLtext": "건설업(41~42)", "documentId": "kr20180005789b1", "application_number": "1020180005789", "Ltext": "종합 건설업", "keyword": "다가구주택건설/다중주택건설/주방없는공동주택/O2O음식배달서비스/무인자동화과정/공유경제모델/방법/공간절약/배송튜브설비/가사노동", "document_type": "B1"}, {"updateDate": "20220608", "LLno": "F", "SSno": "41111", "Stext": "주거용 건물 건설업", "SStext": "단독 주택 건설업", "Mtext": "건물 건설업", "Lno": "41", "ipc_main": "E05C-019/16", "Mno": "411", "country_code": "KR", "Sno": "4111", "LLtext": "건설업(41~42)", "documentId": "kr20180006091b1", "application_number": "1020180006091", "Ltext": "종합 건설업", "keyword": "단독주택건설/단독주택종합보수공사/양방향도어스토퍼/자력/처짐방지/정위치고정구조/장치/힌지유닛/외팔보/영구자석", "document_type": "B1"}, {"updateDate": "20220608", "LLno": "F", "SSno": "41111", "Stext": "주거용 건물 건설업", "SStext": "단독 주택 건설업", "Mtext": "건물 건설업", "Lno": "41", "ipc_main": "E04C-005/07", "Mno": "411", "country_code": "KR", "Sno": "4111", "LLtext": "건설업(41~42)", "documentId": "kr20180007750b1", "application_number": "1020180007750", "Ltext": "종합 건설업", "keyword": "단독주택건설/다가구주택건설/콘크리트기둥/섬유판넬/구조부재/슬라브/방법/표면강화제/고강도폴리머몰탈/관통공", "document_type": "B1"}, {"updateDate": "20220608", "LLno": "F", "SSno": "41111", "Stext": "주거용 건물 건설업", "SStext": "단독 주택 건설업", "Mtext": "건물 건설업", "Lno": "41", "ipc_main": "E04H-009/02", "Mno": "411", "country_code": "KR", "Sno": "4111", "LLtext": "건설업(41~42)", "documentId": "kr20180007912b1", "application_number": "1020180007912", "Ltext": "종합 건설업", "keyword": "단독주택건설/단독주택종합보수공사/내진보강구조/강철판접합/철골프레임/철근콘크리트구조물/방법/개구부/접착보강부재/고강도폴리머몰탈", "document_type": "B1"}, {"updateDate": "20220608", "LLno": "F", "SSno": "41111", "Stext": "주거용 건물 건설업", "SStext": "단독 주택 건설업", "Mtext": "건물 건설업", "Lno": "41", "ipc_main": "E02D-017/04", "Mno": "411", "country_code": "KR", "Sno": "4111", "LLtext": "건설업(41~42)", "documentId": "kr20180010285b1", "application_number": "1020180010285", "Ltext": "종합 건설업", "keyword": "다가구주택건설/다중주택건설/흙막이벽체/데크플레이트/흙막이벽체지지용필러/역타방식/장치/엔드플레이트/주열식흙막이벽체/가변식필러", "document_type": "B1"}, {"updateDate": "20220608", "LLno": "F", "SSno": "41111", "Stext": "주거용 건물 건설업", "SStext": "단독 주택 건설업", "Mtext": "건물 건설업", "Lno": "41", "ipc_main": "E04H-001/12", "Mno": "411", "country_code": "KR", "Sno": "4111", "LLtext": "건설업(41~42)", "documentId": "kr20180026331b1", "application_number": "1020180026331", "Ltext": "종합 건설업", "keyword": "조립식주거용단독주택건설/단독주택종합보수공사/컨테이너하우스/내진장치/화장실/내진신뢰성/방법/보강파이프/프론트레일/방진스프링", "document_type": "B1"}, {"updateDate": "20220608", "LLno": "F", "SSno": "41111", "Stext": "주거용 건물 건설업", "SStext": "단독 주택 건설업", "Mtext": "건물 건설업", "Lno": "41", "ipc_main": "E04B-002/82", "Mno": "411", "country_code": "KR", "Sno": "4111", "LLtext": "건설업(41~42)", "documentId": "kr20180034055a", "application_number": "1020180034055", "Ltext": "종합 건설업", "keyword": "단독주택건설/단독주택종합보수공사/가변벽체/실내공간/내부공간/수납벽체/방법/직선이동/구동부/연결부", "document_type": "A"}, {"updateDate": "20220608", "LLno": "F", "SSno": "41111", "Stext": "주거용 건물 건설업", "SStext": "단독 주택 건설업", "Mtext": "건물 건설업", "Lno": "41", "ipc_main": "E02D-007/00", "Mno": "411", "country_code": "KR", "Sno": "4111", "LLtext": "건설업(41~42)", "documentId": "kr20180037463a", "application_number": "1020180037463", "Ltext": "종합 건설업", "keyword": "다가구주택건설/다중주택건설/파일인양/PHC파일/강관파일/원판형러그/방법/러그홀/삽입홈/결합부", "document_type": "A"}, {"updateDate": "20220608", "LLno": "F", "SSno": "41111", "Stext": "주거용 건물 건설업", "SStext": "단독 주택 건설업", "Mtext": "건물 건설업", "Lno": "41", "ipc_main": "E04H-009/02", "Mno": "411", "country_code": "KR", "Sno": "4111", "LLtext": "건설업(41~42)", "documentId": "kr20180040945b1", "application_number": "1020180040945", "Ltext": "종합 건설업", "keyword": "단독주택건설/단독주택종합보수공사/내진보강공법/제진장치/프레임/브라켓/방법/토글/점성댐퍼/보조보강부", "document_type": "B1"}, {"updateDate": "20220608", "LLno": "F", "SSno": "41111", "Stext": "주거용 건물 건설업", "SStext": "단독 주택 건설업", "Mtext": "건물 건설업", "Lno": "41", "ipc_main": "E02D-029/02", "Mno": "411", "country_code": "KR", "Sno": "4111", "LLtext": "건설업(41~42)", "documentId": "kr20180045499b1", "application_number": "1020180045499", "Ltext": "종합 건설업", "keyword": "다가구주택건설/단독주택종합보수공사/옹벽설치구조/맞물림블럭/옹벽축조/공기단축/방법/결합돌기/체결공/옹벽블럭", "document_type": "B1"}, {"updateDate": "20220608", "LLno": "F", "SSno": "41111", "Stext": "주거용 건물 건설업", "SStext": "단독 주택 건설업", "Mtext": "건물 건설업", "Lno": "41", "ipc_main": "E04H-009/02", "Mno": "411", "country_code": "KR", "Sno": "4111", "LLtext": "건설업(41~42)", "documentId": "kr20180047302b1", "application_number": "1020180047302", "Ltext": "종합 건설업", "keyword": "단독주택건설/단독주택종합보수공사/내진보강구조/철근콘크리트건축물/프레임/보강부재/방법/스티프너/지지플레이트/리브", "document_type": "B1"}, {"updateDate": "20220608", "LLno": "F", "SSno": "41111", "Stext": "주거용 건물 건설업", "SStext": "단독 주택 건설업", "Mtext": "건물 건설업", "Lno": "41", "ipc_main": "E04H-009/02", "Mno": "411", "country_code": "KR", "Sno": "4111", "LLtext": "건설업(41~42)", "documentId": "kr20180051053b1", "application_number": "1020180051053", "Ltext": "종합 건설업", "keyword": "다가구주택건설/다중주택건설/내진보강방법/아파트구조물/기둥지지부/와이어로프/방법/고무판/H형강/연결부", "document_type": "B1"}, {"updateDate": "20220608", "LLno": "F", "SSno": "41111", "Stext": "주거용 건물 건설업", "SStext": "단독 주택 건설업", "Mtext": "건물 건설업", "Lno": "41", "ipc_main": "E04B-001/343", "Mno": "411", "country_code": "KR", "Sno": "4111", "LLtext": "건설업(41~42)", "documentId": "kr20180053476b1", "application_number": "1020180053476", "Ltext": "종합 건설업", "keyword": "조립식주거용단독주택건설/단독주택종합보수공사/조립주택/프레임/받침부/골조부재/방법/메쉬망/외장재/단열재", "document_type": "B1"}, {"updateDate": "20220608", "LLno": "F", "SSno": "41111", "Stext": "주거용 건물 건설업", "SStext": "단독 주택 건설업", "Mtext": "건물 건설업", "Lno": "41", "ipc_main": "E04H-001/12", "Mno": "411", "country_code": "KR", "Sno": "4111", "LLtext": "건설업(41~42)", "documentId": "kr20180065349a", "application_number": "1020180065349", "Ltext": "종합 건설업", "keyword": "다가구주택건설/다중주택건설/재난대피시스템/피난시설/도어기밀특성/화염유입차단/장치/대피함체/차단도어장치/슬라이딩도어", "document_type": "A"}, {"updateDate": "20220608", "LLno": "F", "SSno": "41111", "Stext": "주거용 건물 건설업", "SStext": "단독 주택 건설업", "Mtext": "건물 건설업", "Lno": "41", "ipc_main": "E04B-001/41", "Mno": "411", "country_code": "KR", "Sno": "4111", "LLtext": "건설업(41~42)", "documentId": "kr20180066199a", "application_number": "1020180066199", "Ltext": "종합 건설업", "keyword": "전원단독주택건설/단독주택종합보수공사/조적벽체/고정브라켓/조적벽돌/내진구조/방법/체결구/연결구/걸림돌기", "document_type": "A"}, {"updateDate": "20220608", "LLno": "F", "SSno": "41111", "Stext": "주거용 건물 건설업", "SStext": "단독 주택 건설업", "Mtext": "건물 건설업", "Lno": "41", "ipc_main": "E04H-001/04", "Mno": "411", "country_code": "KR", "Sno": "4111", "LLtext": "건설업(41~42)", "documentId": "kr20180079137b1", "application_number": "1020180079137", "Ltext": "종합 건설업", "keyword": "다가구주택건설/다중주택건설/공동주택/돌출구조테라스/베이스테라스부/나무식재부/방법/외벽돌출/공동주택구조물/보강벽체부", "document_type": "B1"}, {"updateDate": "20220608", "LLno": "F", "SSno": "41111", "Stext": "주거용 건물 건설업", "SStext": "단독 주택 건설업", "Mtext": "건물 건설업", "Lno": "41", "ipc_main": "E04H-001/04", "Mno": "411", "country_code": "KR", "Sno": "4111", "LLtext": "건설업(41~42)", "documentId": "kr20180098611b1", "application_number": "1020180098611", "Ltext": "종합 건설업", "keyword": "다가구주택건설/다중주택건설/공동주택/가변형벽식구조/단위세대/공간구획/방법/내력벽체/비내력벽체/구조적분리", "document_type": "B1"}, {"updateDate": "20220608", "LLno": "F", "SSno": "41111", "Stext": "주거용 건물 건설업", "SStext": "단독 주택 건설업", "Mtext": "건물 건설업", "Lno": "41", "ipc_main": "E04H-009/02", "Mno": "411", "country_code": "KR", "Sno": "4111", "LLtext": "건설업(41~42)", "documentId": "kr20180101471b1", "application_number": "1020180101471", "Ltext": "종합 건설업", "keyword": "단독주택건설/단독주택종합보수공사/내진보강구조/와이어케이블/보강플레이트/철근콘크리트기둥/방법/중심축기둥/면진장치/보강부", "document_type": "B1"}, {"updateDate": "20220608", "LLno": "F", "SSno": "41111", "Stext": "주거용 건물 건설업", "SStext": "단독 주택 건설업", "Mtext": "건물 건설업", "Lno": "41", "ipc_main": "E04B-002/86", "Mno": "411", "country_code": "KR", "Sno": "4111", "LLtext": "건설업(41~42)", "documentId": "kr20180105484a", "application_number": "1020180105484", "Ltext": "종합 건설업", "keyword": "단독주택건설/단독주택종합보수공사/벽체시공방법/상하수평각파이브/ㄷ자앵글형수직재/벽체일체형거푸집/방법/프레임/철근/수직스터드", "document_type": "A"}, {"updateDate": "20220608", "LLno": "F", "SSno": "41111", "Stext": "주거용 건물 건설업", "SStext": "단독 주택 건설업", "Mtext": "건물 건설업", "Lno": "41", "ipc_main": "E04B-001/348", "Mno": "411", "country_code": "KR", "Sno": "4111", "LLtext": "건설업(41~42)", "documentId": "kr20180122877b1", "application_number": "1020180122877", "Ltext": "종합 건설업", "keyword": "목조단독주택건설/조립식주거용단독주택건설/목조주택/내구성향상/7무방/접합식목조주택/방법/바닥기초/벽체부/지붕부", "document_type": "B1"}, {"updateDate": "20220608", "LLno": "F", "SSno": "41111", "Stext": "주거용 건물 건설업", "SStext": "단독 주택 건설업", "Mtext": "건물 건설업", "Lno": "41", "ipc_main": "E04H-009/02", "Mno": "411", "country_code": "KR", "Sno": "4111", "LLtext": "건설업(41~42)", "documentId": "kr20180126704a", "application_number": "1020180126704", "Ltext": "종합 건설업", "keyword": "단독주택종합보수공사/목조단독주택건설/목조주택/내진보강/전단벽체/스틸프레임/방법/목조벽체/보강스틸판/결합부재", "document_type": "A"}, {"updateDate": "20220608", "LLno": "F", "SSno": "41111", "Stext": "주거용 건물 건설업", "SStext": "단독 주택 건설업", "Mtext": "건물 건설업", "Lno": "41", "ipc_main": "E04H-009/02", "Mno": "411", "country_code": "KR", "Sno": "4111", "LLtext": "건설업(41~42)", "documentId": "kr20180135863b1", "application_number": "1020180135863", "Ltext": "종합 건설업", "keyword": "단독주택건설/단독주택종합보수공사/기둥보강장치/고정홀/보강강판/세트앵커/방법/결합홀/마감판/연결부재", "document_type": "B1"}, {"updateDate": "20220608", "LLno": "F", "SSno": "41111", "Stext": "주거용 건물 건설업", "SStext": "단독 주택 건설업", "Mtext": "건물 건설업", "Lno": "41", "ipc_main": "E04C-005/07", "Mno": "411", "country_code": "KR", "Sno": "4111", "LLtext": "건설업(41~42)", "documentId": "kr20180153453b1", "application_number": "1020180153453", "Ltext": "종합 건설업", "keyword": "단독주택건설/다가구주택건설/전단보강구조/전단철근대체/섬유시트/클립/방법/망사형긴장부재/고정부/후크형고정홈", "document_type": "B1"}, {"updateDate": "20220608", "LLno": "F", "SSno": "41111", "Stext": "주거용 건물 건설업", "SStext": "단독 주택 건설업", "Mtext": "건물 건설업", "Lno": "41", "ipc_main": "E02D-017/04", "Mno": "411", "country_code": "KR", "Sno": "4111", "LLtext": "건설업(41~42)", "documentId": "kr20180155912a", "application_number": "1020180155912", "Ltext": "종합 건설업", "keyword": "다가구주택건설/단독주택종합보수공사/PC구조물/굴착공간/흙막이기능/PC벽체/방법/PC연결부/벽체/끼움연결", "document_type": "A"}, {"updateDate": "20220608", "LLno": "F", "SSno": "41111", "Stext": "주거용 건물 건설업", "SStext": "단독 주택 건설업", "Mtext": "건물 건설업", "Lno": "41", "ipc_main": "E04H-009/02", "Mno": "411", "country_code": "KR", "Sno": "4111", "LLtext": "건설업(41~42)", "documentId": "kr20180164136a", "application_number": "1020180164136", "Ltext": "종합 건설업", "keyword": "전원단독주택건설/단독주택종합보수공사/보강구조시스템/기존조적벽체/합성보강/내진성능/방법/패널부재/보강막/프레임", "document_type": "A"}, {"updateDate": "20220608", "LLno": "F", "SSno": "41111", "Stext": "주거용 건물 건설업", "SStext": "단독 주택 건설업", "Mtext": "건물 건설업", "Lno": "41", "ipc_main": "E04B-001/76", "Mno": "411", "country_code": "KR", "Sno": "4111", "LLtext": "건설업(41~42)", "documentId": "kr20180164863b1", "application_number": "1020180164863", "Ltext": "종합 건설업", "keyword": "단독주택건설/단독주택종합보수공사/중단열시스템/시공성능/단열성능개선/단열블록/방법/벽체모듈/커넥터모듈/유로폼", "document_type": "B1"}, {"updateDate": "20220608", "LLno": "F", "SSno": "41111", "Stext": "주거용 건물 건설업", "SStext": "단독 주택 건설업", "Mtext": "건물 건설업", "Lno": "41", "ipc_main": "E04H-009/02", "Mno": "411", "country_code": "KR", "Sno": "4111", "LLtext": "건설업(41~42)", "documentId": "kr20180166205b1", "application_number": "1020180166205", "Ltext": "종합 건설업", "keyword": "단독주택건설/단독주택종합보수공사/내진보강공법/기둥보강/지지판/돌출부/방법/수직판/수평판/가이드플레이트", "document_type": "B1"}, {"updateDate": "20220608", "LLno": "F", "SSno": "41111", "Stext": "주거용 건물 건설업", "SStext": "단독 주택 건설업", "Mtext": "건물 건설업", "Lno": "41", "ipc_main": "E04H-001/02", "Mno": "411", "country_code": "KR", "Sno": "4111", "LLtext": "건설업(41~42)", "documentId": "kr20180173862a", "application_number": "1020180173862", "Ltext": "종합 건설업", "keyword": "단독주택종합보수공사/한옥건설/퓨전한옥/다층식/탑형/강철자재/방법/거주공간/베이스층부형성단계/상층부형성단계", "document_type": "A"}, {"updateDate": "20220608", "LLno": "F", "SSno": "41111", "Stext": "주거용 건물 건설업", "SStext": "단독 주택 건설업", "Mtext": "건물 건설업", "Lno": "41", "ipc_main": "E04H-009/14", "Mno": "411", "country_code": "KR", "Sno": "4111", "LLtext": "건설업(41~42)", "documentId": "kr20190002536b1", "application_number": "1020190002536", "Ltext": "종합 건설업", "keyword": "다가구주택건설/다중주택건설/승강건축구조/승강건축물/고정레일/가동레일/방법/시공공간부/상승허용공간부/웨이트", "document_type": "B1"}, {"updateDate": "20220608", "LLno": "F", "SSno": "41111", "Stext": "주거용 건물 건설업", "SStext": "단독 주택 건설업", "Mtext": "건물 건설업", "Lno": "41", "ipc_main": "E04H-001/02", "Mno": "411", "country_code": "KR", "Sno": "4111", "LLtext": "건설업(41~42)", "documentId": "kr20190003125b1", "application_number": "1020190003125", "Ltext": "종합 건설업", "keyword": "단독주택종합보수공사/조립식주거용단독주택건설/실내용복층구조물/계단부/벽/상부틀/방법/건식벽구조틀/석고보드/앵커볼트", "document_type": "B1"}, {"updateDate": "20220608", "LLno": "F", "SSno": "41111", "Stext": "주거용 건물 건설업", "SStext": "단독 주택 건설업", "Mtext": "건물 건설업", "Lno": "41", "ipc_main": "E04H-009/02", "Mno": "411", "country_code": "KR", "Sno": "4111", "LLtext": "건설업(41~42)", "documentId": "kr20190009087b1", "application_number": "1020190009087", "Ltext": "종합 건설업", "keyword": "다가구주택건설/다중주택건설/내진성능벽체구조/와이어/나사공간/탄성스프링/방법/수용공간/연결모듈/인장정도조절", "document_type": "B1"}, {"updateDate": "20220608", "LLno": "F", "SSno": "41111", "Stext": "주거용 건물 건설업", "SStext": "단독 주택 건설업", "Mtext": "건물 건설업", "Lno": "41", "ipc_main": "E04H-009/04", "Mno": "411", "country_code": "KR", "Sno": "4111", "LLtext": "건설업(41~42)", "documentId": "kr20190014698a", "application_number": "1020190014698", "Ltext": "종합 건설업", "keyword": "다가구주택건설/다중주택건설/벽체구조물/벽면/충전공간/콘크리트부재/방법/삽입공간/벽체모듈/연결모듈", "document_type": "A"}, {"updateDate": "20220608", "LLno": "F", "SSno": "41111", "Stext": "주거용 건물 건설업", "SStext": "단독 주택 건설업", "Mtext": "건물 건설업", "Lno": "41", "ipc_main": "E04H-009/02", "Mno": "411", "country_code": "KR", "Sno": "4111", "LLtext": "건설업(41~42)", "documentId": "kr20190017650a", "application_number": "1020190017650", "Ltext": "종합 건설업", "keyword": "다가구주택건설/다중주택건설/슈퍼프레임/내진보강/보강기둥/보강지중보/장치/기존건물/내진보강구현/내진보강슈퍼프레임", "document_type": "A"}, {"updateDate": "20220608", "LLno": "F", "SSno": "41111", "Stext": "주거용 건물 건설업", "SStext": "단독 주택 건설업", "Mtext": "건물 건설업", "Lno": "41", "ipc_main": "E04C-005/06", "Mno": "411", "country_code": "KR", "Sno": "4111", "LLtext": "건설업(41~42)", "documentId": "kr20190025969b1", "application_number": "1020190025969", "Ltext": "종합 건설업", "keyword": "단독주택건설/다가구주택건설/전단벽/강판보강/철근콘크리트벽체/보강띠강판/장치/슬래브/벽체/수직방향매립", "document_type": "B1"}, {"updateDate": "20220608", "LLno": "F", "SSno": "41111", "Stext": "주거용 건물 건설업", "SStext": "단독 주택 건설업", "Mtext": "건물 건설업", "Lno": "41", "ipc_main": "E04H-009/02", "Mno": "411", "country_code": "KR", "Sno": "4111", "LLtext": "건설업(41~42)", "documentId": "kr20190029709b1", "application_number": "1020190029709", "Ltext": "종합 건설업", "keyword": "단독주택건설/단독주택종합보수공사/내진보강시스템/파이프/와이어/장력/방법/완충장치/프레임/외장재", "document_type": "B1"}, {"updateDate": "20220608", "LLno": "F", "SSno": "41111", "Stext": "주거용 건물 건설업", "SStext": "단독 주택 건설업", "Mtext": "건물 건설업", "Lno": "41", "ipc_main": "E04H-001/04", "Mno": "411", "country_code": "KR", "Sno": "4111", "LLtext": "건설업(41~42)", "documentId": "kr20190030467a", "application_number": "1020190030467", "Ltext": "종합 건설업", "keyword": "다가구주택건설/목조단독주택건설/목조아파트/콘크리트구조층/목조건축/절약형친환경아파트/방법/환기시스템/열교환기/우수저수조", "document_type": "A"}, {"updateDate": "20220608", "LLno": "F", "SSno": "41111", "Stext": "주거용 건물 건설업", "SStext": "단독 주택 건설업", "Mtext": "건물 건설업", "Lno": "41", "ipc_main": "E04H-009/02", "Mno": "411", "country_code": "KR", "Sno": "4111", "LLtext": "건설업(41~42)", "documentId": "kr20190041698b1", "application_number": "1020190041698", "Ltext": "종합 건설업", "keyword": "단독주택건설/단독주택종합보수공사/내진보강방법/구조적취약부/보강구조물/건물데이터/방법/보강계획/시뮬레이션/보강브래킷", "document_type": "B1"}, {"updateDate": "20220608", "LLno": "F", "SSno": "41111", "Stext": "주거용 건물 건설업", "SStext": "단독 주택 건설업", "Mtext": "건물 건설업", "Lno": "41", "ipc_main": "E02D-029/02", "Mno": "411", "country_code": "KR", "Sno": "4111", "LLtext": "건설업(41~42)", "documentId": "kr20190057167b1", "application_number": "1020190057167", "Ltext": "종합 건설업", "keyword": "다가구주택건설/다중주택건설/옹벽시공/벽체마감/거푸집/옹벽/방법/기초지반/기초거푸집/기초철근", "document_type": "B1"}, {"updateDate": "20220608", "LLno": "F", "SSno": "41111", "Stext": "주거용 건물 건설업", "SStext": "단독 주택 건설업", "Mtext": "건물 건설업", "Lno": "41", "ipc_main": "E04H-001/02", "Mno": "411", "country_code": "KR", "Sno": "4111", "LLtext": "건설업(41~42)", "documentId": "kr20190067609a", "application_number": "1020190067609", "Ltext": "종합 건설업", "keyword": "다가구주택건설/다중주택건설/아파트빌딩/여러가구/공동공간/대가족시스템/방법/가구/층/대가족제분위기", "document_type": "A"}, {"updateDate": "20220608", "LLno": "F", "SSno": "41111", "Stext": "주거용 건물 건설업", "SStext": "단독 주택 건설업", "Mtext": "건물 건설업", "Lno": "41", "ipc_main": "E05C-017/44", "Mno": "411", "country_code": "KR", "Sno": "4111", "LLtext": "건설업(41~42)", "documentId": "kr20190075978a", "application_number": "1020190075978", "Ltext": "종합 건설업", "keyword": "단독주택건설/단독주택종합보수공사/방화문용스토퍼/형상기억합금/스프링/방화문/장치/고정브라켓/연결부/지지부", "document_type": "A"}, {"updateDate": "20220608", "LLno": "F", "SSno": "41111", "Stext": "주거용 건물 건설업", "SStext": "단독 주택 건설업", "Mtext": "건물 건설업", "Lno": "41", "ipc_main": "E04H-001/12", "Mno": "411", "country_code": "KR", "Sno": "4111", "LLtext": "건설업(41~42)", "documentId": "kr20190092451b1", "application_number": "1020190092451", "Ltext": "종합 건설업", "keyword": "조립식주거용단독주택건설/단독주택종합보수공사/이동식컨테이너하우스/풀장일체형/컨테이너몸체/풀장바디/방법/홈부/테라스/고정부", "document_type": "B1"}, {"updateDate": "20220608", "LLno": "F", "SSno": "41111", "Stext": "주거용 건물 건설업", "SStext": "단독 주택 건설업", "Mtext": "건물 건설업", "Lno": "41", "ipc_main": "E04H-001/02", "Mno": "411", "country_code": "KR", "Sno": "4111", "LLtext": "건설업(41~42)", "documentId": "kr20190097137a", "application_number": "1020190097137", "Ltext": "종합 건설업", "keyword": "단독주택건설/단독주택종합보수공사/이동식주택/태양광모듈/태양광발전장치/지지대/장치/주택본체/고정관/지지부", "document_type": "A"}, {"updateDate": "20220608", "LLno": "F", "SSno": "41111", "Stext": "주거용 건물 건설업", "SStext": "단독 주택 건설업", "Mtext": "건물 건설업", "Lno": "41", "ipc_main": "E04H-009/02", "Mno": "411", "country_code": "KR", "Sno": "4111", "LLtext": "건설업(41~42)", "documentId": "kr20190098719a", "application_number": "1020190098719", "Ltext": "종합 건설업", "keyword": "단독주택건설/단독주택종합보수공사/내진보강공법/지지구조물/내진보강용댐퍼/불연시멘트보드/방법/고정부재/방화실리콘/지지부", "document_type": "A"}, {"updateDate": "20220608", "LLno": "F", "SSno": "41111", "Stext": "주거용 건물 건설업", "SStext": "단독 주택 건설업", "Mtext": "건물 건설업", "Lno": "41", "ipc_main": "E04H-009/02", "Mno": "411", "country_code": "KR", "Sno": "4111", "LLtext": "건설업(41~42)", "documentId": "kr20190103820b1", "application_number": "1020190103820", "Ltext": "종합 건설업", "keyword": "다가구주택건설/다중주택건설/내진설계장치/공동주택안전도/브라켓/지지대/장치/슬릿공/조적시공/완충부", "document_type": "B1"}, {"updateDate": "20220608", "LLno": "F", "SSno": "41111", "Stext": "주거용 건물 건설업", "SStext": "단독 주택 건설업", "Mtext": "건물 건설업", "Lno": "41", "ipc_main": "E04H-001/04", "Mno": "411", "country_code": "KR", "Sno": "4111", "LLtext": "건설업(41~42)", "documentId": "kr20190104184a", "application_number": "1020190104184", "Ltext": "종합 건설업", "keyword": "다가구주택건설/다중주택건설/공동주택설계/효율적공간/사생활보호/전면베란다/방법/후면베란다/외부복도/공용부", "document_type": "A"}, {"updateDate": "20220608", "LLno": "F", "SSno": "41111", "Stext": "주거용 건물 건설업", "SStext": "단독 주택 건설업", "Mtext": "건물 건설업", "Lno": "41", "ipc_main": "E04H-009/02", "Mno": "411", "country_code": "KR", "Sno": "4111", "LLtext": "건설업(41~42)", "documentId": "kr20190109375b1", "application_number": "1020190109375", "Ltext": "종합 건설업", "keyword": "단독주택건설/단독주택종합보수공사/내진보강공법/길이조절/강구조프레임/개구부/방법/결합부재/체결부재/결합플레이트", "document_type": "B1"}, {"updateDate": "20220608", "LLno": "F", "SSno": "41111", "Stext": "주거용 건물 건설업", "SStext": "단독 주택 건설업", "Mtext": "건물 건설업", "Lno": "41", "ipc_main": "E04C-005/07", "Mno": "411", "country_code": "KR", "Sno": "4111", "LLtext": "건설업(41~42)", "documentId": "kr20190121841b1", "application_number": "1020190121841", "Ltext": "종합 건설업", "keyword": "단독주택건설/다가구주택건설/FRP메쉬/콘크리트보강/경량화/고강성/장치/FRP섬유다발/분리세로줄/정역회전", "document_type": "B1"}, {"updateDate": "20220608", "LLno": "F", "SSno": "41111", "Stext": "주거용 건물 건설업", "SStext": "단독 주택 건설업", "Mtext": "건물 건설업", "Lno": "41", "ipc_main": "E04H-009/02", "Mno": "411", "country_code": "KR", "Sno": "4111", "LLtext": "건설업(41~42)", "documentId": "kr20190156164a", "application_number": "1020190156164", "Ltext": "종합 건설업", "keyword": "단독주택건설/단독주택종합보수공사/개방형감쇠시스템/기존구조체/내진보강/개구부/방법/테두리/프레임/힌지결합", "document_type": "A"}, {"updateDate": "20220608", "LLno": "F", "SSno": "41111", "Stext": "주거용 건물 건설업", "SStext": "단독 주택 건설업", "Mtext": "건물 건설업", "Lno": "41", "ipc_main": "E02D-029/045", "Mno": "411", "country_code": "KR", "Sno": "4111", "LLtext": "건설업(41~42)", "documentId": "kr20190163292a", "application_number": "1020190163292", "Ltext": "종합 건설업", "keyword": "다가구주택건설/다중주택건설/지하연속벽체/선행패널/후행패널/차수기능향상/방법/선행철근망/차단판/패널", "document_type": "A"}, {"updateDate": "20220608", "LLno": "F", "SSno": "41111", "Stext": "주거용 건물 건설업", "SStext": "단독 주택 건설업", "Mtext": "건물 건설업", "Lno": "41", "ipc_main": "E04H-009/02", "Mno": "411", "country_code": "KR", "Sno": "4111", "LLtext": "건설업(41~42)", "documentId": "kr20190167592b1", "application_number": "1020190167592", "Ltext": "종합 건설업", "keyword": "단독주택건설/단독주택종합보수공사/전단벽보강방법/고정구/원터치커플러/메쉬부/방법/앵커홀/몰탈층/메쉬망", "document_type": "B1"}, {"updateDate": "20220608", "LLno": "F", "SSno": "41111", "Stext": "주거용 건물 건설업", "SStext": "단독 주택 건설업", "Mtext": "건물 건설업", "Lno": "41", "ipc_main": "E04H-009/02", "Mno": "411", "country_code": "KR", "Sno": "4111", "LLtext": "건설업(41~42)", "documentId": "kr20190176913a", "application_number": "1020190176913", "Ltext": "종합 건설업", "keyword": "다가구주택건설/다중주택건설/제진시스템/강성부재/점성감쇠장치/보강판/방법/수직배치/거셋플레이트/가새", "document_type": "A"}, {"updateDate": "20220608", "LLno": "F", "SSno": "41111", "Stext": "주거용 건물 건설업", "SStext": "단독 주택 건설업", "Mtext": "건물 건설업", "Lno": "41", "ipc_main": "E04H-009/02", "Mno": "411", "country_code": "KR", "Sno": "4111", "LLtext": "건설업(41~42)", "documentId": "kr20200027194b1", "application_number": "1020200027194", "Ltext": "종합 건설업", "keyword": "단독주택건설/다중주택건설/외부벽체내진보강/가압부/고정볼트/전도방지장치/장치/내력벽/방사형/핑거부", "document_type": "B1"}, {"updateDate": "20220608", "LLno": "F", "SSno": "41111", "Stext": "주거용 건물 건설업", "SStext": "단독 주택 건설업", "Mtext": "건물 건설업", "Lno": "41", "ipc_main": "E04C-005/07", "Mno": "411", "country_code": "KR", "Sno": "4111", "LLtext": "건설업(41~42)", "documentId": "kr20200033859b1", "application_number": "1020200033859", "Ltext": "종합 건설업", "keyword": "다가구주택건설/다중주택건설/복합콘크리트물/FRP보강/내화마감/내열소재/방법/에폭시접합/모듈형태/판재형상", "document_type": "B1"}, {"updateDate": "20220608", "LLno": "F", "SSno": "41111", "Stext": "주거용 건물 건설업", "SStext": "단독 주택 건설업", "Mtext": "건물 건설업", "Lno": "41", "ipc_main": "E04H-009/02", "Mno": "411", "country_code": "KR", "Sno": "4111", "LLtext": "건설업(41~42)", "documentId": "kr20200047338b1", "application_number": "1020200047338", "Ltext": "종합 건설업", "keyword": "단독주택건설/전원단독주택건설/ALC블록/내진건축물/조적시공/콘크리트/방법/기둥/보/슬라브", "document_type": "B1"}, {"updateDate": "20220608", "LLno": "F", "SSno": "41111", "Stext": "주거용 건물 건설업", "SStext": "단독 주택 건설업", "Mtext": "건물 건설업", "Lno": "41", "ipc_main": "E04H-009/02", "Mno": "411", "country_code": "KR", "Sno": "4111", "LLtext": "건설업(41~42)", "documentId": "kr20200049402b1", "application_number": "1020200049402", "Ltext": "종합 건설업", "keyword": "다가구주택건설/다중주택건설/철근콘크리트건축물/내진보강구조/앵커/연결브래킷/방법/체결돌기/고정돌기/탄성부재", "document_type": "B1"}, {"updateDate": "20220608", "LLno": "F", "SSno": "41111", "Stext": "주거용 건물 건설업", "SStext": "단독 주택 건설업", "Mtext": "건물 건설업", "Lno": "41", "ipc_main": "E04H-009/14", "Mno": "411", "country_code": "KR", "Sno": "4111", "LLtext": "건설업(41~42)", "documentId": "kr20200061536b1", "application_number": "1020200061536", "Ltext": "종합 건설업", "keyword": "단독주택건설/단독주택종합보수공사/보강브라켓/옥외구조물/금속재질/보강부재/장치/점착부재/바닥면/중량블록", "document_type": "B1"}, {"updateDate": "20220608", "LLno": "F", "SSno": "41111", "Stext": "주거용 건물 건설업", "SStext": "단독 주택 건설업", "Mtext": "건물 건설업", "Lno": "41", "ipc_main": "E04H-009/02", "Mno": "411", "country_code": "KR", "Sno": "4111", "LLtext": "건설업(41~42)", "documentId": "kr20200074431b1", "application_number": "1020200074431", "Ltext": "종합 건설업", "keyword": "단독주택건설/단독주택종합보수공사/내진설계보수방법/탄성복합화합물/도포장치/모르타르/방법/테이블영역/이동대차/이동플레이트", "document_type": "B1"}, {"updateDate": "20220608", "LLno": "F", "SSno": "41111", "Stext": "주거용 건물 건설업", "SStext": "단독 주택 건설업", "Mtext": "건물 건설업", "Lno": "41", "ipc_main": "E04H-009/02", "Mno": "411", "country_code": "KR", "Sno": "4111", "LLtext": "건설업(41~42)", "documentId": "kr20200082092b1", "application_number": "1020200082092", "Ltext": "종합 건설업", "keyword": "다가구주택건설/다중주택건설/복합패널/레일형내진설치/결합브래킷/패널브래킷/장치/복합패널본체부/탄소섬유강화플라스틱/슬라이딩결합", "document_type": "B1"}, {"updateDate": "20220608", "LLno": "F", "SSno": "41111", "Stext": "주거용 건물 건설업", "SStext": "단독 주택 건설업", "Mtext": "건물 건설업", "Lno": "41", "ipc_main": "E04H-001/02", "Mno": "411", "country_code": "KR", "Sno": "4111", "LLtext": "건설업(41~42)", "documentId": "kr20200092678a", "application_number": "1020200092678", "Ltext": "종합 건설업", "keyword": "가구주택건설/다중주택건설/집합주택/주택/도시재생/광장/방법/문화시설/공공시설/데크다리", "document_type": "A"}, {"updateDate": "20220608", "LLno": "F", "SSno": "41111", "Stext": "주거용 건물 건설업", "SStext": "단독 주택 건설업", "Mtext": "건물 건설업", "Lno": "41", "ipc_main": "E04H-009/02", "Mno": "411", "country_code": "KR", "Sno": "4111", "LLtext": "건설업(41~42)", "documentId": "kr20200094075b1", "application_number": "1020200094075", "Ltext": "종합 건설업", "keyword": "다가구주택건설/다중주택건설/내진용외장재/슬라이딩레일/외장재패널/브라켓/방법/수직프레임/플랜지/수평바", "document_type": "B1"}, {"updateDate": "20220608", "LLno": "F", "SSno": "41111", "Stext": "주거용 건물 건설업", "SStext": "단독 주택 건설업", "Mtext": "건물 건설업", "Lno": "41", "ipc_main": "E04H-009/02", "Mno": "411", "country_code": "KR", "Sno": "4111", "LLtext": "건설업(41~42)", "documentId": "kr20200100458b1", "application_number": "1020200100458", "Ltext": "종합 건설업", "keyword": "단독주택건설/단독주택종합보수공사/내진패널/무용접내진트러스/브라켓/내진성능/방법/화스너/트러스/절곡형상", "document_type": "B1"}, {"updateDate": "20220608", "LLno": "F", "SSno": "41111", "Stext": "주거용 건물 건설업", "SStext": "단독 주택 건설업", "Mtext": "건물 건설업", "Lno": "41", "ipc_main": "E02D-017/04", "Mno": "411", "country_code": "KR", "Sno": "4111", "LLtext": "건설업(41~42)", "documentId": "kr20200119246b1", "application_number": "1020200119246", "Ltext": "종합 건설업", "keyword": "다가구주택건설/다중주택건설/흙막이벽체/가시설벽체/잭킹/경사그라운드앵커/방법/말뚝제작/고정점/앵커", "document_type": "B1"}, {"updateDate": "20220608", "LLno": "F", "SSno": "41111", "Stext": "주거용 건물 건설업", "SStext": "단독 주택 건설업", "Mtext": "건물 건설업", "Lno": "41", "ipc_main": "E04H-009/02", "Mno": "411", "country_code": "KR", "Sno": "4111", "LLtext": "건설업(41~42)", "documentId": "kr20200159772b1", "application_number": "1020200159772", "Ltext": "종합 건설업", "keyword": "다가구주택건설/다중주택건설/비내력벽내진보강구조/사전제작/PC구조물/이격연결수단/방법/바닥슬래브/하중전달/슬라이딩부", "document_type": "B1"}, {"updateDate": "20220608", "LLno": "F", "SSno": "41111", "Stext": "주거용 건물 건설업", "SStext": "단독 주택 건설업", "Mtext": "건물 건설업", "Lno": "41", "ipc_main": "E04H-017/22", "Mno": "411", "country_code": "KR", "Sno": "4111", "LLtext": "건설업(41~42)", "documentId": "kr20200173024b1", "application_number": "1020200173024", "Ltext": "종합 건설업", "keyword": "목조단독주택건설/한옥건설/목재펜스/목재지주하부체/탄성부/탄성고정체/장치/바닥탄성지지체/돌출걸림부/걸림홈부", "document_type": "B1"}, {"updateDate": "20220608", "LLno": "F", "SSno": "41111", "Stext": "주거용 건물 건설업", "SStext": "단독 주택 건설업", "Mtext": "건물 건설업", "Lno": "41", "ipc_main": "E04H-001/00", "Mno": "411", "country_code": "KR", "Sno": "4111", "LLtext": "건설업(41~42)", "documentId": "kr20210015677a", "application_number": "1020210015677", "Ltext": "종합 건설업", "keyword": "목조단독주택건설/조립식주거용단독주택건설/목조주택/정육면체/경골목구조/기준유닛/방법/단위외벽체/구조부재/코어", "document_type": "A"}]}