{"dataset": [{"updateDate": "20220608", "LLno": "J", "SSno": "58211", "Stext": "게임 소프트웨어 개발 및 공급업", "SStext": "유선 온라인 게임 소프트웨어 개발 및 공급업", "Mtext": "소프트웨어 개발 및 공급업", "Lno": "58", "ipc_main": "G06Q-050/00", "Mno": "582", "country_code": "KR", "Sno": "5821", "LLtext": "정보통신업(58~63)", "documentId": "kr20090022939a", "application_number": "1020090022939", "Ltext": "출판업", "keyword": "유선온라인게임소프트웨어개발/유선인터넷게임소프트웨어개발/개발/DJ/게임/게임아이템교환방법제공/방법/사용자/아이템/교환", "document_type": "A"}, {"updateDate": "20220608", "LLno": "J", "SSno": "58211", "Stext": "게임 소프트웨어 개발 및 공급업", "SStext": "유선 온라인 게임 소프트웨어 개발 및 공급업", "Mtext": "소프트웨어 개발 및 공급업", "Lno": "58", "ipc_main": "G06Q-050/00", "Mno": "582", "country_code": "KR", "Sno": "5821", "LLtext": "정보통신업(58~63)", "documentId": "kr20090029845a", "application_number": "1020090029845", "Ltext": "출판업", "keyword": "유선온라인게임소프트웨어개발/유선인터넷게임소프트웨어개발/개발/전자식/게임/씨크릿게임시스템/방법/디스플레이/플레이어/잭팟", "document_type": "A"}, {"updateDate": "20220608", "LLno": "J", "SSno": "58211", "Stext": "게임 소프트웨어 개발 및 공급업", "SStext": "유선 온라인 게임 소프트웨어 개발 및 공급업", "Mtext": "소프트웨어 개발 및 공급업", "Lno": "58", "ipc_main": "G06Q-050/00", "Mno": "582", "country_code": "KR", "Sno": "5821", "LLtext": "정보통신업(58~63)", "documentId": "kr20090041128a", "application_number": "1020090041128", "Ltext": "출판업", "keyword": "유선온라인게임소프트웨어개발/유선인터넷게임소프트웨어개발/개발/게임/머신/배팅게임활성화/방법/도구/관리/서버", "document_type": "A"}, {"updateDate": "20220608", "LLno": "J", "SSno": "58211", "Stext": "게임 소프트웨어 개발 및 공급업", "SStext": "유선 온라인 게임 소프트웨어 개발 및 공급업", "Mtext": "소프트웨어 개발 및 공급업", "Lno": "58", "ipc_main": "G06Q-030/06", "Mno": "582", "country_code": "KR", "Sno": "5821", "LLtext": "정보통신업(58~63)", "documentId": "kr20090051165b1", "application_number": "1020090051165", "Ltext": "출판업", "keyword": "유선온라인게임소프트웨어개발/유선인터넷게임소프트웨어개발/개발/서비스/사업자/게임컨텐츠제공/방법/인터페이스/DB/라이브러리", "document_type": "B1"}, {"updateDate": "20220608", "LLno": "J", "SSno": "58211", "Stext": "게임 소프트웨어 개발 및 공급업", "SStext": "유선 온라인 게임 소프트웨어 개발 및 공급업", "Mtext": "소프트웨어 개발 및 공급업", "Lno": "58", "ipc_main": "G06Q-050/00", "Mno": "582", "country_code": "KR", "Sno": "5821", "LLtext": "정보통신업(58~63)", "documentId": "kr20090057551a", "application_number": "1020090057551", "Ltext": "출판업", "keyword": "유선온라인게임소프트웨어개발/유선인터넷게임소프트웨어개발/개발/저장/미디어/사용자에게편의성제공/방법/디렉토리/게임파일/PC", "document_type": "A"}, {"updateDate": "20220608", "LLno": "J", "SSno": "58211", "Stext": "게임 소프트웨어 개발 및 공급업", "SStext": "유선 온라인 게임 소프트웨어 개발 및 공급업", "Mtext": "소프트웨어 개발 및 공급업", "Lno": "58", "ipc_main": "G06Q-050/00", "Mno": "582", "country_code": "KR", "Sno": "5821", "LLtext": "정보통신업(58~63)", "documentId": "kr20090074373a", "application_number": "1020090074373", "Ltext": "출판업", "keyword": "유선온라인게임소프트웨어개발/유선인터넷게임소프트웨어개발/개발/데이터베이스/기사/자동신문생성/방법/이슈/로그/템플릿", "document_type": "A"}, {"updateDate": "20220608", "LLno": "J", "SSno": "58211", "Stext": "게임 소프트웨어 개발 및 공급업", "SStext": "유선 온라인 게임 소프트웨어 개발 및 공급업", "Mtext": "소프트웨어 개발 및 공급업", "Lno": "58", "ipc_main": "G06F-017/30", "Mno": "582", "country_code": "KR", "Sno": "5821", "LLtext": "정보통신업(58~63)", "documentId": "kr20090105704a", "application_number": "1020090105704", "Ltext": "출판업", "keyword": "유선온라인게임소프트웨어개발//개발/게임/플레이/검출방법/방법/로봇프로그램/게임/검출방법", "document_type": "A"}, {"updateDate": "20220608", "LLno": "J", "SSno": "58211", "Stext": "게임 소프트웨어 개발 및 공급업", "SStext": "유선 온라인 게임 소프트웨어 개발 및 공급업", "Mtext": "소프트웨어 개발 및 공급업", "Lno": "58", "ipc_main": "G06Q-050/00", "Mno": "582", "country_code": "KR", "Sno": "5821", "LLtext": "정보통신업(58~63)", "documentId": "kr20100055862a", "application_number": "1020100055862", "Ltext": "출판업", "keyword": "유선온라인게임소프트웨어개발/유선인터넷게임소프트웨어개발/개발/USIM/컨텐츠/휴대단말기제공/방법/게임/구매/정보", "document_type": "A"}, {"updateDate": "20220608", "LLno": "J", "SSno": "58211", "Stext": "게임 소프트웨어 개발 및 공급업", "SStext": "유선 온라인 게임 소프트웨어 개발 및 공급업", "Mtext": "소프트웨어 개발 및 공급업", "Lno": "58", "ipc_main": "G06Q-050/00G0", "Mno": "582", "country_code": "KR", "Sno": "5821", "LLtext": "정보통신업(58~63)", "documentId": "kr20100077655a", "application_number": "1020100077655", "Ltext": "출판업", "keyword": "유선온라인게임소프트웨어개발/유선인터넷게임소프트웨어개발/개발/무료/서비스/무료서비스제공/방법/사용자/시나리오/게임", "document_type": "A"}, {"updateDate": "20220608", "LLno": "J", "SSno": "58211", "Stext": "게임 소프트웨어 개발 및 공급업", "SStext": "유선 온라인 게임 소프트웨어 개발 및 공급업", "Mtext": "소프트웨어 개발 및 공급업", "Lno": "58", "ipc_main": "G06F-015/16", "Mno": "582", "country_code": "KR", "Sno": "5821", "LLtext": "정보통신업(58~63)", "documentId": "kr20100085855b1", "application_number": "1020100085855", "Ltext": "출판업", "keyword": "유선온라인게임소프트웨어개발/유선인터넷게임소프트웨어개발/개발/클라이언트/P2P/메시지송수신/방법/온라인/게임/피어투피어", "document_type": "B1"}, {"updateDate": "20220608", "LLno": "J", "SSno": "58211", "Stext": "게임 소프트웨어 개발 및 공급업", "SStext": "유선 온라인 게임 소프트웨어 개발 및 공급업", "Mtext": "소프트웨어 개발 및 공급업", "Lno": "58", "ipc_main": "G06Q-050/10", "Mno": "582", "country_code": "KR", "Sno": "5821", "LLtext": "정보통신업(58~63)", "documentId": "kr20100087945b1", "application_number": "1020100087945", "Ltext": "출판업", "keyword": "유선온라인게임소프트웨어개발/유선인터넷게임소프트웨어개발/개발/실시간/방송/실시간방송수신/방법/통신망/SNS/시뮬레이션", "document_type": "B1"}, {"updateDate": "20220608", "LLno": "J", "SSno": "58211", "Stext": "게임 소프트웨어 개발 및 공급업", "SStext": "유선 온라인 게임 소프트웨어 개발 및 공급업", "Mtext": "소프트웨어 개발 및 공급업", "Lno": "58", "ipc_main": "G06Q-050/10C0", "Mno": "582", "country_code": "KR", "Sno": "5821", "LLtext": "정보통신업(58~63)", "documentId": "kr20110039304a", "application_number": "1020110039304", "Ltext": "출판업", "keyword": "유선온라인게임소프트웨어개발/유선인터넷게임소프트웨어개발/개발/광고/게임/게임이용한광고서비스/방법/텍스트/광고/게임", "document_type": "A"}, {"updateDate": "20220608", "LLno": "J", "SSno": "58211", "Stext": "게임 소프트웨어 개발 및 공급업", "SStext": "유선 온라인 게임 소프트웨어 개발 및 공급업", "Mtext": "소프트웨어 개발 및 공급업", "Lno": "58", "ipc_main": "G06Q-050/10", "Mno": "582", "country_code": "KR", "Sno": "5821", "LLtext": "정보통신업(58~63)", "documentId": "kr20110072590b1", "application_number": "1020110072590", "Ltext": "출판업", "keyword": "유선온라인게임소프트웨어개발/유선인터넷게임소프트웨어개발/개발/클라우드/게임/사용자단말게임화면처리/방법/ID/사용자/신호", "document_type": "B1"}, {"updateDate": "20220608", "LLno": "J", "SSno": "58211", "Stext": "게임 소프트웨어 개발 및 공급업", "SStext": "유선 온라인 게임 소프트웨어 개발 및 공급업", "Mtext": "소프트웨어 개발 및 공급업", "Lno": "58", "ipc_main": "G06Q-050/10C0", "Mno": "582", "country_code": "KR", "Sno": "5821", "LLtext": "정보통신업(58~63)", "documentId": "kr20110081937a", "application_number": "1020110081937", "Ltext": "출판업", "keyword": "유선온라인게임소프트웨어개발//개발/게임/참가요청/방법/시스템/게임/참가요청/시스템", "document_type": "A"}, {"updateDate": "20220608", "LLno": "J", "SSno": "58211", "Stext": "게임 소프트웨어 개발 및 공급업", "SStext": "유선 온라인 게임 소프트웨어 개발 및 공급업", "Mtext": "소프트웨어 개발 및 공급업", "Lno": "58", "ipc_main": "G06Q-050/10", "Mno": "582", "country_code": "KR", "Sno": "5821", "LLtext": "정보통신업(58~63)", "documentId": "kr20110132299b1", "application_number": "1020110132299", "Ltext": "출판업", "keyword": "유선온라인게임소프트웨어개발/유선인터넷게임소프트웨어개발/개발/게임/중독/방지방법/방법/게임/중독/방지방법", "document_type": "B1"}, {"updateDate": "20220608", "LLno": "J", "SSno": "58211", "Stext": "게임 소프트웨어 개발 및 공급업", "SStext": "유선 온라인 게임 소프트웨어 개발 및 공급업", "Mtext": "소프트웨어 개발 및 공급업", "Lno": "58", "ipc_main": "G06Q-050/10", "Mno": "582", "country_code": "KR", "Sno": "5821", "LLtext": "정보통신업(58~63)", "documentId": "kr20110138097a", "application_number": "1020110138097", "Ltext": "출판업", "keyword": "유선온라인게임소프트웨어개발/유선인터넷게임소프트웨어개발/개발/웹/게임/파티매칭시스템/시스템/게임/파티매칭/시스템", "document_type": "A"}, {"updateDate": "20220608", "LLno": "J", "SSno": "58211", "Stext": "게임 소프트웨어 개발 및 공급업", "SStext": "유선 온라인 게임 소프트웨어 개발 및 공급업", "Mtext": "소프트웨어 개발 및 공급업", "Lno": "58", "ipc_main": "G06Q-050/10", "Mno": "582", "country_code": "KR", "Sno": "5821", "LLtext": "정보통신업(58~63)", "documentId": "kr20110138226a", "application_number": "1020110138226", "Ltext": "출판업", "keyword": "유선온라인게임소프트웨어개발//개발/클라우드/컴퓨팅/제공장치/장치/컴퓨팅/온라인게임/제공장치", "document_type": "A"}, {"updateDate": "20220608", "LLno": "J", "SSno": "58211", "Stext": "게임 소프트웨어 개발 및 공급업", "SStext": "유선 온라인 게임 소프트웨어 개발 및 공급업", "Mtext": "소프트웨어 개발 및 공급업", "Lno": "58", "ipc_main": "G06Q-050/10", "Mno": "582", "country_code": "KR", "Sno": "5821", "LLtext": "정보통신업(58~63)", "documentId": "kr20110138647a", "application_number": "1020110138647", "Ltext": "출판업", "keyword": "유선온라인게임소프트웨어개발/유선인터넷게임소프트웨어개발/개발/시뮬레이션서버/게임/보안강화시스템/시스템/게임/보안강화/시스템", "document_type": "A"}, {"updateDate": "20220608", "LLno": "J", "SSno": "58211", "Stext": "게임 소프트웨어 개발 및 공급업", "SStext": "유선 온라인 게임 소프트웨어 개발 및 공급업", "Mtext": "소프트웨어 개발 및 공급업", "Lno": "58", "ipc_main": "G06Q-050/10", "Mno": "582", "country_code": "KR", "Sno": "5821", "LLtext": "정보통신업(58~63)", "documentId": "kr20110145238a", "application_number": "1020110145238", "Ltext": "출판업", "keyword": "유선온라인게임소프트웨어개발//개발/게임/순위/제공방법/방법/순위/게임/제공방법", "document_type": "A"}, {"updateDate": "20220608", "LLno": "J", "SSno": "58211", "Stext": "게임 소프트웨어 개발 및 공급업", "SStext": "유선 온라인 게임 소프트웨어 개발 및 공급업", "Mtext": "소프트웨어 개발 및 공급업", "Lno": "58", "ipc_main": "G06Q-050/10", "Mno": "582", "country_code": "KR", "Sno": "5821", "LLtext": "정보통신업(58~63)", "documentId": "kr20110146936a", "application_number": "1020110146936", "Ltext": "출판업", "keyword": "유선온라인게임소프트웨어개발//개발/온라인게임/멘토시스템/제공방법/방법/온라인게임/멘토시스템/제공방법", "document_type": "A"}, {"updateDate": "20220608", "LLno": "J", "SSno": "58211", "Stext": "게임 소프트웨어 개발 및 공급업", "SStext": "유선 온라인 게임 소프트웨어 개발 및 공급업", "Mtext": "소프트웨어 개발 및 공급업", "Lno": "58", "ipc_main": "G06Q-050/10", "Mno": "582", "country_code": "KR", "Sno": "5821", "LLtext": "정보통신업(58~63)", "documentId": "kr20110147022a", "application_number": "1020110147022", "Ltext": "출판업", "keyword": "유선온라인게임소프트웨어개발/유선인터넷게임소프트웨어개발/개발/QR코드/게이머/온라인게임컨텐츠/방법/클라이언트/URL/웹페이지", "document_type": "A"}, {"updateDate": "20220608", "LLno": "J", "SSno": "58211", "Stext": "게임 소프트웨어 개발 및 공급업", "SStext": "유선 온라인 게임 소프트웨어 개발 및 공급업", "Mtext": "소프트웨어 개발 및 공급업", "Lno": "58", "ipc_main": "G06Q-050/10", "Mno": "582", "country_code": "KR", "Sno": "5821", "LLtext": "정보통신업(58~63)", "documentId": "kr20110147073a", "application_number": "1020110147073", "Ltext": "출판업", "keyword": "유선온라인게임소프트웨어개발//개발/온라인/게임/제공장치/장치/온라인/게임/제공장치", "document_type": "A"}, {"updateDate": "20220608", "LLno": "J", "SSno": "58211", "Stext": "게임 소프트웨어 개발 및 공급업", "SStext": "유선 온라인 게임 소프트웨어 개발 및 공급업", "Mtext": "소프트웨어 개발 및 공급업", "Lno": "58", "ipc_main": "G06Q-050/10", "Mno": "582", "country_code": "KR", "Sno": "5821", "LLtext": "정보통신업(58~63)", "documentId": "kr20110147787b1", "application_number": "1020110147787", "Ltext": "출판업", "keyword": "유선온라인게임소프트웨어개발/유선인터넷게임소프트웨어개발/개발/축구/게임/제공서버/방법/온라인/축구/게임방법", "document_type": "B1"}, {"updateDate": "20220608", "LLno": "J", "SSno": "58211", "Stext": "게임 소프트웨어 개발 및 공급업", "SStext": "유선 온라인 게임 소프트웨어 개발 및 공급업", "Mtext": "소프트웨어 개발 및 공급업", "Lno": "58", "ipc_main": "G06Q-050/10", "Mno": "582", "country_code": "KR", "Sno": "5821", "LLtext": "정보통신업(58~63)", "documentId": "kr20120025292b1", "application_number": "1020120025292", "Ltext": "출판업", "keyword": "유선온라인게임소프트웨어개발//개발/게임/아이템/지급시스템/시스템/게임/아이템/지급시스템", "document_type": "B1"}, {"updateDate": "20220608", "LLno": "J", "SSno": "58211", "Stext": "게임 소프트웨어 개발 및 공급업", "SStext": "유선 온라인 게임 소프트웨어 개발 및 공급업", "Mtext": "소프트웨어 개발 및 공급업", "Lno": "58", "ipc_main": "G06Q-050/10", "Mno": "582", "country_code": "KR", "Sno": "5821", "LLtext": "정보통신업(58~63)", "documentId": "kr20120027062a", "application_number": "1020120027062", "Ltext": "출판업", "keyword": "유선온라인게임소프트웨어개발/유선인터넷게임소프트웨어개발/개발/인스턴트/메시지/온라인게임제공방법/방법/인스턴트/게임/매체서버", "document_type": "A"}, {"updateDate": "20220608", "LLno": "J", "SSno": "58211", "Stext": "게임 소프트웨어 개발 및 공급업", "SStext": "유선 온라인 게임 소프트웨어 개발 및 공급업", "Mtext": "소프트웨어 개발 및 공급업", "Lno": "58", "ipc_main": "G06Q-050/10", "Mno": "582", "country_code": "KR", "Sno": "5821", "LLtext": "정보통신업(58~63)", "documentId": "kr20120030460a", "application_number": "1020120030460", "Ltext": "출판업", "keyword": "유선인터넷게임소프트웨어개발//개발/케릭터,아이템/제품관련/운영시스템/시스템/제품/게임/운영시스템", "document_type": "A"}, {"updateDate": "20220608", "LLno": "J", "SSno": "58211", "Stext": "게임 소프트웨어 개발 및 공급업", "SStext": "유선 온라인 게임 소프트웨어 개발 및 공급업", "Mtext": "소프트웨어 개발 및 공급업", "Lno": "58", "ipc_main": "G06Q-050/10", "Mno": "582", "country_code": "KR", "Sno": "5821", "LLtext": "정보통신업(58~63)", "documentId": "kr20120036080a", "application_number": "1020120036080", "Ltext": "출판업", "keyword": "유선온라인게임소프트웨어개발//개발/피씨방/등급/관리방법/방법/PC방/등급/관리방법", "document_type": "A"}, {"updateDate": "20220608", "LLno": "J", "SSno": "58211", "Stext": "게임 소프트웨어 개발 및 공급업", "SStext": "유선 온라인 게임 소프트웨어 개발 및 공급업", "Mtext": "소프트웨어 개발 및 공급업", "Lno": "58", "ipc_main": "G06Q-050/10", "Mno": "582", "country_code": "KR", "Sno": "5821", "LLtext": "정보통신업(58~63)", "documentId": "kr20120036267a", "application_number": "1020120036267", "Ltext": "출판업", "keyword": "유선인터넷게임소프트웨어개발//개발/PC방/IP/판별시스템/시스템/서비스/IP/판별시스템", "document_type": "A"}, {"updateDate": "20220608", "LLno": "J", "SSno": "58211", "Stext": "게임 소프트웨어 개발 및 공급업", "SStext": "유선 온라인 게임 소프트웨어 개발 및 공급업", "Mtext": "소프트웨어 개발 및 공급업", "Lno": "58", "ipc_main": "G06Q-050/10", "Mno": "582", "country_code": "KR", "Sno": "5821", "LLtext": "정보통신업(58~63)", "documentId": "kr20120042681a", "application_number": "1020120042681", "Ltext": "출판업", "keyword": "유선온라인게임소프트웨어개발//개발/오류/진단/제공방법/방법/오류/진단/제공방법", "document_type": "A"}, {"updateDate": "20220608", "LLno": "J", "SSno": "58211", "Stext": "게임 소프트웨어 개발 및 공급업", "SStext": "유선 온라인 게임 소프트웨어 개발 및 공급업", "Mtext": "소프트웨어 개발 및 공급업", "Lno": "58", "ipc_main": "G06Q-050/10C0", "Mno": "582", "country_code": "KR", "Sno": "5821", "LLtext": "정보통신업(58~63)", "documentId": "kr20120048357a", "application_number": "1020120048357", "Ltext": "출판업", "keyword": "유선인터넷게임소프트웨어개발//개발/스크린골프/포인트매치/게임제공시스템/시스템/포인트매치/게임/제공시스템", "document_type": "A"}, {"updateDate": "20220608", "LLno": "J", "SSno": "58211", "Stext": "게임 소프트웨어 개발 및 공급업", "SStext": "유선 온라인 게임 소프트웨어 개발 및 공급업", "Mtext": "소프트웨어 개발 및 공급업", "Lno": "58", "ipc_main": "G06Q-050/10", "Mno": "582", "country_code": "KR", "Sno": "5821", "LLtext": "정보통신업(58~63)", "documentId": "kr20120049183b1", "application_number": "1020120049183", "Ltext": "출판업", "keyword": "유선온라인게임소프트웨어개발/유선인터넷게임소프트웨어개발/개발/게임/자동실행/서비스제공/방법/자동실행/서비스/제공방법", "document_type": "B1"}, {"updateDate": "20220608", "LLno": "J", "SSno": "58211", "Stext": "게임 소프트웨어 개발 및 공급업", "SStext": "유선 온라인 게임 소프트웨어 개발 및 공급업", "Mtext": "소프트웨어 개발 및 공급업", "Lno": "58", "ipc_main": "G06Q-050/34", "Mno": "582", "country_code": "KR", "Sno": "5821", "LLtext": "정보통신업(58~63)", "documentId": "kr20120055935b1", "application_number": "1020120055935", "Ltext": "출판업", "keyword": "유선인터넷게임소프트웨어개발//개발/마일리지/결제수단/스포츠게임/시스템/결제수단/스포츠게임/시스템", "document_type": "B1"}, {"updateDate": "20220608", "LLno": "J", "SSno": "58211", "Stext": "게임 소프트웨어 개발 및 공급업", "SStext": "유선 온라인 게임 소프트웨어 개발 및 공급업", "Mtext": "소프트웨어 개발 및 공급업", "Lno": "58", "ipc_main": "G06Q-050/10", "Mno": "582", "country_code": "KR", "Sno": "5821", "LLtext": "정보통신업(58~63)", "documentId": "kr20120057279b1", "application_number": "1020120057279", "Ltext": "출판업", "keyword": "유선인터넷게임소프트웨어개발//개발/인터넷/당구게임/베팅방법/방법/인터넷/당구게임/베팅방법", "document_type": "B1"}, {"updateDate": "20220608", "LLno": "J", "SSno": "58211", "Stext": "게임 소프트웨어 개발 및 공급업", "SStext": "유선 온라인 게임 소프트웨어 개발 및 공급업", "Mtext": "소프트웨어 개발 및 공급업", "Lno": "58", "ipc_main": "G06Q-050/10", "Mno": "582", "country_code": "KR", "Sno": "5821", "LLtext": "정보통신업(58~63)", "documentId": "kr20120061537a", "application_number": "1020120061537", "Ltext": "출판업", "keyword": "유선온라인게임소프트웨어개발//개발/아이템/강화/게임제공방법/방법/온라인/게임/제공방법", "document_type": "A"}, {"updateDate": "20220608", "LLno": "J", "SSno": "58211", "Stext": "게임 소프트웨어 개발 및 공급업", "SStext": "유선 온라인 게임 소프트웨어 개발 및 공급업", "Mtext": "소프트웨어 개발 및 공급업", "Lno": "58", "ipc_main": "G06Q-050/10", "Mno": "582", "country_code": "KR", "Sno": "5821", "LLtext": "정보통신업(58~63)", "documentId": "kr20120073219b1", "application_number": "1020120073219", "Ltext": "출판업", "keyword": "유선인터넷게임소프트웨어개발//개발/게임/아이템/이전방법/방법/산출몰/사용자/이전방법", "document_type": "B1"}, {"updateDate": "20220608", "LLno": "J", "SSno": "58211", "Stext": "게임 소프트웨어 개발 및 공급업", "SStext": "유선 온라인 게임 소프트웨어 개발 및 공급업", "Mtext": "소프트웨어 개발 및 공급업", "Lno": "58", "ipc_main": "G06Q-050/10", "Mno": "582", "country_code": "KR", "Sno": "5821", "LLtext": "정보통신업(58~63)", "documentId": "kr20120080953a", "application_number": "1020120080953", "Ltext": "출판업", "keyword": "유선온라인게임소프트웨어개발//개발/실측지도앱/스마트기기용/게임제공방법/방법/실측지도앱/연동/제공방법", "document_type": "A"}, {"updateDate": "20220608", "LLno": "J", "SSno": "58211", "Stext": "게임 소프트웨어 개발 및 공급업", "SStext": "유선 온라인 게임 소프트웨어 개발 및 공급업", "Mtext": "소프트웨어 개발 및 공급업", "Lno": "58", "ipc_main": "G06Q-050/10", "Mno": "582", "country_code": "KR", "Sno": "5821", "LLtext": "정보통신업(58~63)", "documentId": "kr20120089761a", "application_number": "1020120089761", "Ltext": "출판업", "keyword": "유선온라인게임소프트웨어개발/유선인터넷게임소프트웨어개발/개발/온라인/슈팅게임/사용자흥미증진/방법/클라이언트/복수/유저", "document_type": "A"}, {"updateDate": "20220608", "LLno": "J", "SSno": "58211", "Stext": "게임 소프트웨어 개발 및 공급업", "SStext": "유선 온라인 게임 소프트웨어 개발 및 공급업", "Mtext": "소프트웨어 개발 및 공급업", "Lno": "58", "ipc_main": "G06Q-050/10", "Mno": "582", "country_code": "KR", "Sno": "5821", "LLtext": "정보통신업(58~63)", "documentId": "kr20120089845a", "application_number": "1020120089845", "Ltext": "출판업", "keyword": "유선온라인게임소프트웨어개발//개발/전화번호/소셜게임/시스템/시스템/전화번호/소셜게임/시스템", "document_type": "A"}, {"updateDate": "20220608", "LLno": "J", "SSno": "58211", "Stext": "게임 소프트웨어 개발 및 공급업", "SStext": "유선 온라인 게임 소프트웨어 개발 및 공급업", "Mtext": "소프트웨어 개발 및 공급업", "Lno": "58", "ipc_main": "G06Q-030/02", "Mno": "582", "country_code": "KR", "Sno": "5821", "LLtext": "정보통신업(58~63)", "documentId": "kr20120091235a", "application_number": "1020120091235", "Ltext": "출판업", "keyword": "유선온라인게임소프트웨어개발/유선인터넷게임소프트웨어개발/개발/온라인/게임/광고효과향상/방법/쿠폰/미니게임/복수개", "document_type": "A"}, {"updateDate": "20220608", "LLno": "J", "SSno": "58211", "Stext": "게임 소프트웨어 개발 및 공급업", "SStext": "유선 온라인 게임 소프트웨어 개발 및 공급업", "Mtext": "소프트웨어 개발 및 공급업", "Lno": "58", "ipc_main": "G06Q-030/02", "Mno": "582", "country_code": "KR", "Sno": "5821", "LLtext": "정보통신업(58~63)", "documentId": "kr20120097873b1", "application_number": "1020120097873", "Ltext": "출판업", "keyword": "유선온라인게임소프트웨어개발//개발/온라인/대전형게임/광고제공방법/방법/대전형게임/광고/제공방법", "document_type": "B1"}, {"updateDate": "20220608", "LLno": "J", "SSno": "58211", "Stext": "게임 소프트웨어 개발 및 공급업", "SStext": "유선 온라인 게임 소프트웨어 개발 및 공급업", "Mtext": "소프트웨어 개발 및 공급업", "Lno": "58", "ipc_main": "G06Q-050/10", "Mno": "582", "country_code": "KR", "Sno": "5821", "LLtext": "정보통신업(58~63)", "documentId": "kr20120102401a", "application_number": "1020120102401", "Ltext": "출판업", "keyword": "유선온라인게임소프트웨어개발//개발/이동통신단말/게임/컨트롤방법/방법/이동통신단말/게임/컨트롤방법", "document_type": "A"}, {"updateDate": "20220608", "LLno": "J", "SSno": "58211", "Stext": "게임 소프트웨어 개발 및 공급업", "SStext": "유선 온라인 게임 소프트웨어 개발 및 공급업", "Mtext": "소프트웨어 개발 및 공급업", "Lno": "58", "ipc_main": "G06Q-050/10", "Mno": "582", "country_code": "KR", "Sno": "5821", "LLtext": "정보통신업(58~63)", "documentId": "kr20120114127a", "application_number": "1020120114127", "Ltext": "출판업", "keyword": "유선온라인게임소프트웨어개발//개발/360도/양방향게임/제공방법/방법/360도/양방향게임/제공방법", "document_type": "A"}, {"updateDate": "20220608", "LLno": "J", "SSno": "58211", "Stext": "게임 소프트웨어 개발 및 공급업", "SStext": "유선 온라인 게임 소프트웨어 개발 및 공급업", "Mtext": "소프트웨어 개발 및 공급업", "Lno": "58", "ipc_main": "G06Q-050/30", "Mno": "582", "country_code": "KR", "Sno": "5821", "LLtext": "정보통신업(58~63)", "documentId": "kr20120115647b1", "application_number": "1020120115647", "Ltext": "출판업", "keyword": "유선온라인게임소프트웨어개발//개발/온라인/콘텐츠/공유서비스/방법/온라인/콘텐츠/제공방법", "document_type": "B1"}, {"updateDate": "20220608", "LLno": "J", "SSno": "58211", "Stext": "게임 소프트웨어 개발 및 공급업", "SStext": "유선 온라인 게임 소프트웨어 개발 및 공급업", "Mtext": "소프트웨어 개발 및 공급업", "Lno": "58", "ipc_main": "G06Q-030/06", "Mno": "582", "country_code": "KR", "Sno": "5821", "LLtext": "정보통신업(58~63)", "documentId": "kr20120125849a", "application_number": "1020120125849", "Ltext": "출판업", "keyword": "유선온라인게임소프트웨어개발/유선인터넷게임소프트웨어개발/개발/게임/플랫폼/판매처리서버/방법/콘텐츠/아이템/제작", "document_type": "A"}, {"updateDate": "20220608", "LLno": "J", "SSno": "58211", "Stext": "게임 소프트웨어 개발 및 공급업", "SStext": "유선 온라인 게임 소프트웨어 개발 및 공급업", "Mtext": "소프트웨어 개발 및 공급업", "Lno": "58", "ipc_main": "G06Q-050/10", "Mno": "582", "country_code": "KR", "Sno": "5821", "LLtext": "정보통신업(58~63)", "documentId": "kr20120126173b1", "application_number": "1020120126173", "Ltext": "출판업", "keyword": "유선온라인게임소프트웨어개발//개발/온라인/서비스/상호연동방법/방법/온라인/서비스/상호연동방법", "document_type": "B1"}, {"updateDate": "20220608", "LLno": "J", "SSno": "58211", "Stext": "게임 소프트웨어 개발 및 공급업", "SStext": "유선 온라인 게임 소프트웨어 개발 및 공급업", "Mtext": "소프트웨어 개발 및 공급업", "Lno": "58", "ipc_main": "G06Q-050/10", "Mno": "582", "country_code": "KR", "Sno": "5821", "LLtext": "정보통신업(58~63)", "documentId": "kr20120129765b1", "application_number": "1020120129765", "Ltext": "출판업", "keyword": "유선온라인게임소프트웨어개발//개발/게임/데이터/게임서버/방법/게임/데이터/관리방법", "document_type": "B1"}, {"updateDate": "20220608", "LLno": "J", "SSno": "58211", "Stext": "게임 소프트웨어 개발 및 공급업", "SStext": "유선 온라인 게임 소프트웨어 개발 및 공급업", "Mtext": "소프트웨어 개발 및 공급업", "Lno": "58", "ipc_main": "G06Q-050/10", "Mno": "582", "country_code": "KR", "Sno": "5821", "LLtext": "정보통신업(58~63)", "documentId": "kr20120139798a", "application_number": "1020120139798", "Ltext": "출판업", "keyword": "유선온라인게임소프트웨어개발//개발/NFCchip/시리얼번호/케릭터시스템/시스템/NFC/게임/케릭터시스템", "document_type": "A"}, {"updateDate": "20220608", "LLno": "J", "SSno": "58211", "Stext": "게임 소프트웨어 개발 및 공급업", "SStext": "유선 온라인 게임 소프트웨어 개발 및 공급업", "Mtext": "소프트웨어 개발 및 공급업", "Lno": "58", "ipc_main": "G06Q-050/10", "Mno": "582", "country_code": "KR", "Sno": "5821", "LLtext": "정보통신업(58~63)", "documentId": "kr20120153939b1", "application_number": "1020120153939", "Ltext": "출판업", "keyword": "유선온라인게임소프트웨어개발//개발/게임/제공방법/제공서버/방법/정보/게임/제공방법", "document_type": "B1"}, {"updateDate": "20220608", "LLno": "J", "SSno": "58211", "Stext": "게임 소프트웨어 개발 및 공급업", "SStext": "유선 온라인 게임 소프트웨어 개발 및 공급업", "Mtext": "소프트웨어 개발 및 공급업", "Lno": "58", "ipc_main": "G06Q-050/10", "Mno": "582", "country_code": "KR", "Sno": "5821", "LLtext": "정보통신업(58~63)", "documentId": "kr20130007282a", "application_number": "1020130007282", "Ltext": "출판업", "keyword": "유선인터넷게임소프트웨어개발//개발/보드게임/보유머니/제공방법/방법/보유머니/보드게임/제공방법", "document_type": "A"}, {"updateDate": "20220608", "LLno": "J", "SSno": "58211", "Stext": "게임 소프트웨어 개발 및 공급업", "SStext": "유선 온라인 게임 소프트웨어 개발 및 공급업", "Mtext": "소프트웨어 개발 및 공급업", "Lno": "58", "ipc_main": "G06Q-050/10C0", "Mno": "582", "country_code": "KR", "Sno": "5821", "LLtext": "정보통신업(58~63)", "documentId": "kr20130013651a", "application_number": "1020130013651", "Ltext": "출판업", "keyword": "유선인터넷게임소프트웨어개발//개발/스마트폰/게임/광고방법/방법/광고/스마트폰/앱게임", "document_type": "A"}, {"updateDate": "20220608", "LLno": "J", "SSno": "58211", "Stext": "게임 소프트웨어 개발 및 공급업", "SStext": "유선 온라인 게임 소프트웨어 개발 및 공급업", "Mtext": "소프트웨어 개발 및 공급업", "Lno": "58", "ipc_main": "G06Q-050/10", "Mno": "582", "country_code": "KR", "Sno": "5821", "LLtext": "정보통신업(58~63)", "documentId": "kr20130021235b1", "application_number": "1020130021235", "Ltext": "출판업", "keyword": "유선인터넷게임소프트웨어개발//개발/미러월드/보드게임/서비스제공방법/방법/보드게임/서비스/제공방법", "document_type": "B1"}, {"updateDate": "20220608", "LLno": "J", "SSno": "58211", "Stext": "게임 소프트웨어 개발 및 공급업", "SStext": "유선 온라인 게임 소프트웨어 개발 및 공급업", "Mtext": "소프트웨어 개발 및 공급업", "Lno": "58", "ipc_main": "G06Q-020/40", "Mno": "582", "country_code": "KR", "Sno": "5821", "LLtext": "정보통신업(58~63)", "documentId": "kr20130029588b1", "application_number": "1020130029588", "Ltext": "출판업", "keyword": "유선인터넷게임소프트웨어개발//개발/결제/무선데이터망/수행방법/방법/모바일/결제/수행방법", "document_type": "B1"}, {"updateDate": "20220608", "LLno": "J", "SSno": "58211", "Stext": "게임 소프트웨어 개발 및 공급업", "SStext": "유선 온라인 게임 소프트웨어 개발 및 공급업", "Mtext": "소프트웨어 개발 및 공급업", "Lno": "58", "ipc_main": "G06Q-050/10", "Mno": "582", "country_code": "KR", "Sno": "5821", "LLtext": "정보통신업(58~63)", "documentId": "kr20130029726a", "application_number": "1020130029726", "Ltext": "출판업", "keyword": "유선온라인게임소프트웨어개발//개발/게임/이벤트/처리방법/방법/게임/이벤트/처리방법", "document_type": "A"}, {"updateDate": "20220608", "LLno": "J", "SSno": "58211", "Stext": "게임 소프트웨어 개발 및 공급업", "SStext": "유선 온라인 게임 소프트웨어 개발 및 공급업", "Mtext": "소프트웨어 개발 및 공급업", "Lno": "58", "ipc_main": "G06Q-030/02", "Mno": "582", "country_code": "KR", "Sno": "5821", "LLtext": "정보통신업(58~63)", "documentId": "kr20130030533b1", "application_number": "1020130030533", "Ltext": "출판업", "keyword": "유선인터넷게임소프트웨어개발//개발/게임/컨텐츠/광고방법/방법/게임/컨텐츠/광고방법", "document_type": "B1"}, {"updateDate": "20220608", "LLno": "J", "SSno": "58211", "Stext": "게임 소프트웨어 개발 및 공급업", "SStext": "유선 온라인 게임 소프트웨어 개발 및 공급업", "Mtext": "소프트웨어 개발 및 공급업", "Lno": "58", "ipc_main": "G06Q-050/10", "Mno": "582", "country_code": "KR", "Sno": "5821", "LLtext": "정보통신업(58~63)", "documentId": "kr20130038153a", "application_number": "1020130038153", "Ltext": "출판업", "keyword": "유선온라인게임소프트웨어개발//개발/광고/학습/게임시스템/시스템/광고/단어/게임시스템", "document_type": "A"}, {"updateDate": "20220608", "LLno": "J", "SSno": "58211", "Stext": "게임 소프트웨어 개발 및 공급업", "SStext": "유선 온라인 게임 소프트웨어 개발 및 공급업", "Mtext": "소프트웨어 개발 및 공급업", "Lno": "58", "ipc_main": "G06Q-050/10", "Mno": "582", "country_code": "KR", "Sno": "5821", "LLtext": "정보통신업(58~63)", "documentId": "kr20130043801b1", "application_number": "1020130043801", "Ltext": "출판업", "keyword": "유선온라인게임소프트웨어개발//개발/게임/클랜/관리방법/방법/클랜/막사/데코레이션방법", "document_type": "B1"}, {"updateDate": "20220608", "LLno": "J", "SSno": "58211", "Stext": "게임 소프트웨어 개발 및 공급업", "SStext": "유선 온라인 게임 소프트웨어 개발 및 공급업", "Mtext": "소프트웨어 개발 및 공급업", "Lno": "58", "ipc_main": "G06Q-030/02", "Mno": "582", "country_code": "KR", "Sno": "5821", "LLtext": "정보통신업(58~63)", "documentId": "kr20130043833b1", "application_number": "1020130043833", "Ltext": "출판업", "keyword": "유선온라인게임소프트웨어개발//개발/개인/정보/관리시스템/시스템/개인/정보/관리시스템", "document_type": "B1"}, {"updateDate": "20220608", "LLno": "J", "SSno": "58211", "Stext": "게임 소프트웨어 개발 및 공급업", "SStext": "유선 온라인 게임 소프트웨어 개발 및 공급업", "Mtext": "소프트웨어 개발 및 공급업", "Lno": "58", "ipc_main": "G06Q-050/10", "Mno": "582", "country_code": "KR", "Sno": "5821", "LLtext": "정보통신업(58~63)", "documentId": "kr20130044506a", "application_number": "1020130044506", "Ltext": "출판업", "keyword": "유선인터넷게임소프트웨어개발//개발/광고/게임대회/개최서비스/시스템/개최/서비스/제공시스템", "document_type": "A"}, {"updateDate": "20220608", "LLno": "J", "SSno": "58211", "Stext": "게임 소프트웨어 개발 및 공급업", "SStext": "유선 온라인 게임 소프트웨어 개발 및 공급업", "Mtext": "소프트웨어 개발 및 공급업", "Lno": "58", "ipc_main": "G06Q-050/10", "Mno": "582", "country_code": "KR", "Sno": "5821", "LLtext": "정보통신업(58~63)", "documentId": "kr20130059982a", "application_number": "1020130059982", "Ltext": "출판업", "keyword": "유선온라인게임소프트웨어개발/유선인터넷게임소프트웨어개발/개발/모바일/기기/온라인게임운영/방법/이벤트/계정/서버", "document_type": "A"}, {"updateDate": "20220608", "LLno": "J", "SSno": "58211", "Stext": "게임 소프트웨어 개발 및 공급업", "SStext": "유선 온라인 게임 소프트웨어 개발 및 공급업", "Mtext": "소프트웨어 개발 및 공급업", "Lno": "58", "ipc_main": "G06Q-050/10", "Mno": "582", "country_code": "KR", "Sno": "5821", "LLtext": "정보통신업(58~63)", "documentId": "kr20130092514a", "application_number": "1020130092514", "Ltext": "출판업", "keyword": "유선온라인게임소프트웨어개발//개발/게임/그래픽정보/인터페이스/시스템/인터페이스/게임/제공시스템", "document_type": "A"}, {"updateDate": "20220608", "LLno": "J", "SSno": "58211", "Stext": "게임 소프트웨어 개발 및 공급업", "SStext": "유선 온라인 게임 소프트웨어 개발 및 공급업", "Mtext": "소프트웨어 개발 및 공급업", "Lno": "58", "ipc_main": "G06Q-030/06", "Mno": "582", "country_code": "KR", "Sno": "5821", "LLtext": "정보통신업(58~63)", "documentId": "kr20130139953b1", "application_number": "1020130139953", "Ltext": "출판업", "keyword": "유선온라인게임소프트웨어개발//개발/상품/복합매칭/서비스제공방법/방법/상품/복합매칭/서비스제공방법", "document_type": "B1"}, {"updateDate": "20220608", "LLno": "J", "SSno": "58211", "Stext": "게임 소프트웨어 개발 및 공급업", "SStext": "유선 온라인 게임 소프트웨어 개발 및 공급업", "Mtext": "소프트웨어 개발 및 공급업", "Lno": "58", "ipc_main": "G06Q-050/10", "Mno": "582", "country_code": "KR", "Sno": "5821", "LLtext": "정보통신업(58~63)", "documentId": "kr20130142613a", "application_number": "1020130142613", "Ltext": "출판업", "keyword": "유선온라인게임소프트웨어개발//개발/다목적/기능성/게임통합시스템/시스템/다목적/기능성게임/통합시스템", "document_type": "A"}, {"updateDate": "20220608", "LLno": "J", "SSno": "58211", "Stext": "게임 소프트웨어 개발 및 공급업", "SStext": "유선 온라인 게임 소프트웨어 개발 및 공급업", "Mtext": "소프트웨어 개발 및 공급업", "Lno": "58", "ipc_main": "G06Q-050/10", "Mno": "582", "country_code": "KR", "Sno": "5821", "LLtext": "정보통신업(58~63)", "documentId": "kr20130149487b1", "application_number": "1020130149487", "Ltext": "출판업", "keyword": "유선온라인게임소프트웨어개발//개발/게임/플레이시간/제어시스템/시스템/플레이/시간/제어시스템", "document_type": "B1"}, {"updateDate": "20220608", "LLno": "J", "SSno": "58211", "Stext": "게임 소프트웨어 개발 및 공급업", "SStext": "유선 온라인 게임 소프트웨어 개발 및 공급업", "Mtext": "소프트웨어 개발 및 공급업", "Lno": "58", "ipc_main": "G06Q-050/10", "Mno": "582", "country_code": "KR", "Sno": "5821", "LLtext": "정보통신업(58~63)", "documentId": "kr20140000194a", "application_number": "1020140000194", "Ltext": "출판업", "keyword": "유선온라인게임소프트웨어개발//개발/플레이어/케릭터/상호관계형성/방법/케릭터/상호관계/형성방법", "document_type": "A"}, {"updateDate": "20220608", "LLno": "J", "SSno": "58211", "Stext": "게임 소프트웨어 개발 및 공급업", "SStext": "유선 온라인 게임 소프트웨어 개발 및 공급업", "Mtext": "소프트웨어 개발 및 공급업", "Lno": "58", "ipc_main": "G06Q-050/10", "Mno": "582", "country_code": "KR", "Sno": "5821", "LLtext": "정보통신업(58~63)", "documentId": "kr20140003030b1", "application_number": "1020140003030", "Ltext": "출판업", "keyword": "유선온라인게임소프트웨어개발//개발/온라인게임/승패/결정방법/방법/온라인게임/승패/결정방법", "document_type": "B1"}, {"updateDate": "20220608", "LLno": "J", "SSno": "58211", "Stext": "게임 소프트웨어 개발 및 공급업", "SStext": "유선 온라인 게임 소프트웨어 개발 및 공급업", "Mtext": "소프트웨어 개발 및 공급업", "Lno": "58", "ipc_main": "G06Q-050/10", "Mno": "582", "country_code": "KR", "Sno": "5821", "LLtext": "정보통신업(58~63)", "documentId": "kr20140026487b1", "application_number": "1020140026487", "Ltext": "출판업", "keyword": "유선인터넷게임소프트웨어개발//개발/실시간/대전게임/제공방법/방법/실시간/대전게임/제공방법", "document_type": "B1"}, {"updateDate": "20220608", "LLno": "J", "SSno": "58211", "Stext": "게임 소프트웨어 개발 및 공급업", "SStext": "유선 온라인 게임 소프트웨어 개발 및 공급업", "Mtext": "소프트웨어 개발 및 공급업", "Lno": "58", "ipc_main": "G06Q-050/10", "Mno": "582", "country_code": "KR", "Sno": "5821", "LLtext": "정보통신업(58~63)", "documentId": "kr20140030514a", "application_number": "1020140030514", "Ltext": "출판업", "keyword": "유선온라인게임소프트웨어개발//개발/온라인/포커/게임제공서버/방법/포커/게임/제공서버", "document_type": "A"}, {"updateDate": "20220608", "LLno": "J", "SSno": "58211", "Stext": "게임 소프트웨어 개발 및 공급업", "SStext": "유선 온라인 게임 소프트웨어 개발 및 공급업", "Mtext": "소프트웨어 개발 및 공급업", "Lno": "58", "ipc_main": "G06Q-050/10", "Mno": "582", "country_code": "KR", "Sno": "5821", "LLtext": "정보통신업(58~63)", "documentId": "kr20140040322a", "application_number": "1020140040322", "Ltext": "출판업", "keyword": "유선인터넷게임소프트웨어개발//개발/카드/게임/서비스시스템/방법/카드/게임/진행방법", "document_type": "A"}, {"updateDate": "20220608", "LLno": "J", "SSno": "58211", "Stext": "게임 소프트웨어 개발 및 공급업", "SStext": "유선 온라인 게임 소프트웨어 개발 및 공급업", "Mtext": "소프트웨어 개발 및 공급업", "Lno": "58", "ipc_main": "G06Q-050/10", "Mno": "582", "country_code": "KR", "Sno": "5821", "LLtext": "정보통신업(58~63)", "documentId": "kr20140056944a", "application_number": "1020140056944", "Ltext": "출판업", "keyword": "유선온라인게임소프트웨어개발//개발/3D지도/모니터링/운영시스템/방법/3D/통계/생성방법", "document_type": "A"}, {"updateDate": "20220608", "LLno": "J", "SSno": "58211", "Stext": "게임 소프트웨어 개발 및 공급업", "SStext": "유선 온라인 게임 소프트웨어 개발 및 공급업", "Mtext": "소프트웨어 개발 및 공급업", "Lno": "58", "ipc_main": "H04L-029/08", "Mno": "582", "country_code": "KR", "Sno": "5821", "LLtext": "정보통신업(58~63)", "documentId": "kr20140062888b1", "application_number": "1020140062888", "Ltext": "출판업", "keyword": "유선인터넷게임소프트웨어개발//개발/통신/네트워크/개선방법/방법/클라이언트/바이패스/방법", "document_type": "B1"}, {"updateDate": "20220608", "LLno": "J", "SSno": "58211", "Stext": "게임 소프트웨어 개발 및 공급업", "SStext": "유선 온라인 게임 소프트웨어 개발 및 공급업", "Mtext": "소프트웨어 개발 및 공급업", "Lno": "58", "ipc_main": "G06Q-050/10", "Mno": "582", "country_code": "KR", "Sno": "5821", "LLtext": "정보통신업(58~63)", "documentId": "kr20140067458b1", "application_number": "1020140067458", "Ltext": "출판업", "keyword": "유선온라인게임소프트웨어개발//개발/온라인/포커게임/제공서버/방법/포커/게임/제공서버", "document_type": "B1"}, {"updateDate": "20220608", "LLno": "J", "SSno": "58211", "Stext": "게임 소프트웨어 개발 및 공급업", "SStext": "유선 온라인 게임 소프트웨어 개발 및 공급업", "Mtext": "소프트웨어 개발 및 공급업", "Lno": "58", "ipc_main": "G06Q-050/10", "Mno": "582", "country_code": "KR", "Sno": "5821", "LLtext": "정보통신업(58~63)", "documentId": "kr20140072043b1", "application_number": "1020140072043", "Ltext": "출판업", "keyword": "유선온라인게임소프트웨어개발//개발/글로벌/게임서비스/서비스시스템/시스템/프록시/게임/서비스시스템", "document_type": "B1"}, {"updateDate": "20220608", "LLno": "J", "SSno": "58211", "Stext": "게임 소프트웨어 개발 및 공급업", "SStext": "유선 온라인 게임 소프트웨어 개발 및 공급업", "Mtext": "소프트웨어 개발 및 공급업", "Lno": "58", "ipc_main": "G06Q-050/10", "Mno": "582", "country_code": "KR", "Sno": "5821", "LLtext": "정보통신업(58~63)", "documentId": "kr20140074091a", "application_number": "1020140074091", "Ltext": "출판업", "keyword": "유선온라인게임소프트웨어개발//개발/매니지먼트/프로그램/기록매체/방법/매니지먼트/프로그램/기록매체", "document_type": "A"}, {"updateDate": "20220608", "LLno": "J", "SSno": "58211", "Stext": "게임 소프트웨어 개발 및 공급업", "SStext": "유선 온라인 게임 소프트웨어 개발 및 공급업", "Mtext": "소프트웨어 개발 및 공급업", "Lno": "58", "ipc_main": "G06Q-050/10", "Mno": "582", "country_code": "KR", "Sno": "5821", "LLtext": "정보통신업(58~63)", "documentId": "kr20140102350a", "application_number": "1020140102350", "Ltext": "출판업", "keyword": "유선온라인게임소프트웨어개발//개발/게임/계정/서비스장치/방법/임시계정/게임/서버", "document_type": "A"}, {"updateDate": "20220608", "LLno": "J", "SSno": "58211", "Stext": "게임 소프트웨어 개발 및 공급업", "SStext": "유선 온라인 게임 소프트웨어 개발 및 공급업", "Mtext": "소프트웨어 개발 및 공급업", "Lno": "58", "ipc_main": "G06Q-050/10", "Mno": "582", "country_code": "KR", "Sno": "5821", "LLtext": "정보통신업(58~63)", "documentId": "kr20140103219b1", "application_number": "1020140103219", "Ltext": "출판업", "keyword": "유선온라인게임소프트웨어개발//개발/온라인/게임/제공서버/방법/단말장치/게임/제공서버", "document_type": "B1"}, {"updateDate": "20220608", "LLno": "J", "SSno": "58211", "Stext": "게임 소프트웨어 개발 및 공급업", "SStext": "유선 온라인 게임 소프트웨어 개발 및 공급업", "Mtext": "소프트웨어 개발 및 공급업", "Lno": "58", "ipc_main": "G06Q-030/06", "Mno": "582", "country_code": "KR", "Sno": "5821", "LLtext": "정보통신업(58~63)", "documentId": "kr20140145272b1", "application_number": "1020140145272", "Ltext": "출판업", "keyword": "유선온라인게임소프트웨어개발//개발/On-line/상품/거래시스템/시스템/On-line/상품/거래시스템", "document_type": "B1"}, {"updateDate": "20220608", "LLno": "J", "SSno": "58211", "Stext": "게임 소프트웨어 개발 및 공급업", "SStext": "유선 온라인 게임 소프트웨어 개발 및 공급업", "Mtext": "소프트웨어 개발 및 공급업", "Lno": "58", "ipc_main": "G06Q-050/10", "Mno": "582", "country_code": "KR", "Sno": "5821", "LLtext": "정보통신업(58~63)", "documentId": "kr20140173899b1", "application_number": "1020140173899", "Ltext": "출판업", "keyword": "유선인터넷게임소프트웨어개발/유선온라인게임소프트웨어개발/개발/컨텐츠/프로젝트/참여시스템/시스템/개발/프로젝트/참여시스템", "document_type": "B1"}, {"updateDate": "20220608", "LLno": "J", "SSno": "58211", "Stext": "게임 소프트웨어 개발 및 공급업", "SStext": "유선 온라인 게임 소프트웨어 개발 및 공급업", "Mtext": "소프트웨어 개발 및 공급업", "Lno": "58", "ipc_main": "G06Q-050/34", "Mno": "582", "country_code": "KR", "Sno": "5821", "LLtext": "정보통신업(58~63)", "documentId": "kr20140183058a", "application_number": "1020140183058", "Ltext": "출판업", "keyword": "유선인터넷게임소프트웨어개발//개발/네트워크/게임/상품판매방법/시스템/네트워크/게임정보/상품판매시스템", "document_type": "A"}, {"updateDate": "20220608", "LLno": "J", "SSno": "58211", "Stext": "게임 소프트웨어 개발 및 공급업", "SStext": "유선 온라인 게임 소프트웨어 개발 및 공급업", "Mtext": "소프트웨어 개발 및 공급업", "Lno": "58", "ipc_main": "G06Q-050/10", "Mno": "582", "country_code": "KR", "Sno": "5821", "LLtext": "정보통신업(58~63)", "documentId": "kr20147029330a", "application_number": "1020147029330", "Ltext": "출판업", "keyword": "유선온라인게임소프트웨어개발//개발/복수장치/온라인게임/경험제공기술/방법/온라인게임/경험/제공방법", "document_type": "A"}, {"updateDate": "20220608", "LLno": "J", "SSno": "58211", "Stext": "게임 소프트웨어 개발 및 공급업", "SStext": "유선 온라인 게임 소프트웨어 개발 및 공급업", "Mtext": "소프트웨어 개발 및 공급업", "Lno": "58", "ipc_main": "H04L-009/08", "Mno": "582", "country_code": "KR", "Sno": "5821", "LLtext": "정보통신업(58~63)", "documentId": "kr20150002614b1", "application_number": "1020150002614", "Ltext": "출판업", "keyword": "유선온라인게임소프트웨어개발//개발/서버/클라이언트/세션이양방법/방법/네트워크/세션/이양방법", "document_type": "B1"}, {"updateDate": "20220608", "LLno": "J", "SSno": "58211", "Stext": "게임 소프트웨어 개발 및 공급업", "SStext": "유선 온라인 게임 소프트웨어 개발 및 공급업", "Mtext": "소프트웨어 개발 및 공급업", "Lno": "58", "ipc_main": "G06Q-050/10", "Mno": "582", "country_code": "KR", "Sno": "5821", "LLtext": "정보통신업(58~63)", "documentId": "kr20150010770b1", "application_number": "1020150010770", "Ltext": "출판업", "keyword": "유선온라인게임소프트웨어개발//개발/건축물/스토리/맵제공시스템/시스템/건축물/맵/제공시스템", "document_type": "B1"}, {"updateDate": "20220608", "LLno": "J", "SSno": "58211", "Stext": "게임 소프트웨어 개발 및 공급업", "SStext": "유선 온라인 게임 소프트웨어 개발 및 공급업", "Mtext": "소프트웨어 개발 및 공급업", "Lno": "58", "ipc_main": "G06Q-050/10", "Mno": "582", "country_code": "KR", "Sno": "5821", "LLtext": "정보통신업(58~63)", "documentId": "kr20150022055b1", "application_number": "1020150022055", "Ltext": "출판업", "keyword": "유선온라인게임소프트웨어개발//개발/게임/이벤트/관리방법/방법/게임/이벤트/관리방법", "document_type": "B1"}, {"updateDate": "20220608", "LLno": "J", "SSno": "58211", "Stext": "게임 소프트웨어 개발 및 공급업", "SStext": "유선 온라인 게임 소프트웨어 개발 및 공급업", "Mtext": "소프트웨어 개발 및 공급업", "Lno": "58", "ipc_main": "G06Q-050/14", "Mno": "582", "country_code": "KR", "Sno": "5821", "LLtext": "정보통신업(58~63)", "documentId": "kr20150026959a", "application_number": "1020150026959", "Ltext": "출판업", "keyword": "유선온라인게임소프트웨어개발/유선인터넷게임소프트웨어개발/개발/사물인터넷/서비스/관광서비스제공/방법/모바일/디바이스/플랫폼", "document_type": "A"}, {"updateDate": "20220608", "LLno": "J", "SSno": "58211", "Stext": "게임 소프트웨어 개발 및 공급업", "SStext": "유선 온라인 게임 소프트웨어 개발 및 공급업", "Mtext": "소프트웨어 개발 및 공급업", "Lno": "58", "ipc_main": "G06Q-030/02", "Mno": "582", "country_code": "KR", "Sno": "5821", "LLtext": "정보통신업(58~63)", "documentId": "kr20150060530a", "application_number": "1020150060530", "Ltext": "출판업", "keyword": "유선온라인게임소프트웨어개발//개발/게임/쿠폰/관리시스템/시스템/게임/쿠폰/관리시스템", "document_type": "A"}, {"updateDate": "20220608", "LLno": "J", "SSno": "58211", "Stext": "게임 소프트웨어 개발 및 공급업", "SStext": "유선 온라인 게임 소프트웨어 개발 및 공급업", "Mtext": "소프트웨어 개발 및 공급업", "Lno": "58", "ipc_main": "G06Q-030/06", "Mno": "582", "country_code": "KR", "Sno": "5821", "LLtext": "정보통신업(58~63)", "documentId": "kr20150069785a", "application_number": "1020150069785", "Ltext": "출판업", "keyword": "유선온라인게임소프트웨어개발//개발/온라인/리스서비스/제공방법/방법/온라인/리스서비스/제공방법", "document_type": "A"}, {"updateDate": "20220608", "LLno": "J", "SSno": "58211", "Stext": "게임 소프트웨어 개발 및 공급업", "SStext": "유선 온라인 게임 소프트웨어 개발 및 공급업", "Mtext": "소프트웨어 개발 및 공급업", "Lno": "58", "ipc_main": "G06Q-050/10", "Mno": "582", "country_code": "KR", "Sno": "5821", "LLtext": "정보통신업(58~63)", "documentId": "kr20150082155a", "application_number": "1020150082155", "Ltext": "출판업", "keyword": "유선온라인게임소프트웨어개발//개발/게임/콘텐트/평가방법/방법/게임/콘텐트/평가방법", "document_type": "A"}, {"updateDate": "20220608", "LLno": "J", "SSno": "58211", "Stext": "게임 소프트웨어 개발 및 공급업", "SStext": "유선 온라인 게임 소프트웨어 개발 및 공급업", "Mtext": "소프트웨어 개발 및 공급업", "Lno": "58", "ipc_main": "G06Q-050/10", "Mno": "582", "country_code": "KR", "Sno": "5821", "LLtext": "정보통신업(58~63)", "documentId": "kr20150103427b1", "application_number": "1020150103427", "Ltext": "출판업", "keyword": "유선온라인게임소프트웨어개발/유선인터넷게임소프트웨어개발/개발/모바일/단말기/계정연동/방법/ID/데이터베이스/매핑", "document_type": "B1"}, {"updateDate": "20220608", "LLno": "J", "SSno": "58211", "Stext": "게임 소프트웨어 개발 및 공급업", "SStext": "유선 온라인 게임 소프트웨어 개발 및 공급업", "Mtext": "소프트웨어 개발 및 공급업", "Lno": "58", "ipc_main": "H04L-012/24", "Mno": "582", "country_code": "KR", "Sno": "5821", "LLtext": "정보통신업(58~63)", "documentId": "kr20150103821b1", "application_number": "1020150103821", "Ltext": "출판업", "keyword": "유선인터넷게임소프트웨어개발//개발/네트워크/토폴로지/서비스지원방법/방법/네트워크/토폴로지/방법", "document_type": "B1"}, {"updateDate": "20220608", "LLno": "J", "SSno": "58211", "Stext": "게임 소프트웨어 개발 및 공급업", "SStext": "유선 온라인 게임 소프트웨어 개발 및 공급업", "Mtext": "소프트웨어 개발 및 공급업", "Lno": "58", "ipc_main": "H04L-029/06", "Mno": "582", "country_code": "KR", "Sno": "5821", "LLtext": "정보통신업(58~63)", "documentId": "kr20150136200a", "application_number": "1020150136200", "Ltext": "출판업", "keyword": "유선인터넷게임소프트웨어개발//개발/저지연/대외계/지원장치/장치/저지연/대외계/지원장치", "document_type": "A"}, {"updateDate": "20220608", "LLno": "J", "SSno": "58211", "Stext": "게임 소프트웨어 개발 및 공급업", "SStext": "유선 온라인 게임 소프트웨어 개발 및 공급업", "Mtext": "소프트웨어 개발 및 공급업", "Lno": "58", "ipc_main": "G06Q-050/10", "Mno": "582", "country_code": "KR", "Sno": "5821", "LLtext": "정보통신업(58~63)", "documentId": "kr20150138321a", "application_number": "1020150138321", "Ltext": "출판업", "keyword": "유선온라인게임소프트웨어개발//개발/온라인/게임봇/검출장치/장치/온라인/게임봇/검출장치", "document_type": "A"}, {"updateDate": "20220608", "LLno": "J", "SSno": "58211", "Stext": "게임 소프트웨어 개발 및 공급업", "SStext": "유선 온라인 게임 소프트웨어 개발 및 공급업", "Mtext": "소프트웨어 개발 및 공급업", "Lno": "58", "ipc_main": "G06Q-050/20", "Mno": "582", "country_code": "KR", "Sno": "5821", "LLtext": "정보통신업(58~63)", "documentId": "kr20150142573a", "application_number": "1020150142573", "Ltext": "출판업", "keyword": "유선인터넷게임소프트웨어개발//개발/카드/컨텐츠/학습서비스/방법/컨텐츠/학습서비스/제공서버", "document_type": "A"}, {"updateDate": "20220608", "LLno": "J", "SSno": "58211", "Stext": "게임 소프트웨어 개발 및 공급업", "SStext": "유선 온라인 게임 소프트웨어 개발 및 공급업", "Mtext": "소프트웨어 개발 및 공급업", "Lno": "58", "ipc_main": "G06Q-050/10", "Mno": "582", "country_code": "KR", "Sno": "5821", "LLtext": "정보통신업(58~63)", "documentId": "kr20150157526a", "application_number": "1020150157526", "Ltext": "출판업", "keyword": "유선온라인게임소프트웨어개발/유선인터넷게임소프트웨어개발/개발/게임/서비스/케릭터속성변화이용권/방법/정보/모바일/디바이스", "document_type": "A"}, {"updateDate": "20220608", "LLno": "J", "SSno": "58211", "Stext": "게임 소프트웨어 개발 및 공급업", "SStext": "유선 온라인 게임 소프트웨어 개발 및 공급업", "Mtext": "소프트웨어 개발 및 공급업", "Lno": "58", "ipc_main": "H04L-029/06", "Mno": "582", "country_code": "KR", "Sno": "5821", "LLtext": "정보통신업(58~63)", "documentId": "kr20150185322a", "application_number": "1020150185322", "Ltext": "출판업", "keyword": "유선인터넷게임소프트웨어개발//개발/서버/보안장치/동작방법/방법/서버/보안장치/동작방법", "document_type": "A"}, {"updateDate": "20220608", "LLno": "J", "SSno": "58211", "Stext": "게임 소프트웨어 개발 및 공급업", "SStext": "유선 온라인 게임 소프트웨어 개발 및 공급업", "Mtext": "소프트웨어 개발 및 공급업", "Lno": "58", "ipc_main": "G06Q-050/00", "Mno": "582", "country_code": "KR", "Sno": "5821", "LLtext": "정보통신업(58~63)", "documentId": "kr20150187308b1", "application_number": "1020150187308", "Ltext": "출판업", "keyword": "유선온라인게임소프트웨어개발//개발/SNS/게임/서비스방법/방법/SNS/게임/서비스방법", "document_type": "B1"}, {"updateDate": "20220608", "LLno": "J", "SSno": "58211", "Stext": "게임 소프트웨어 개발 및 공급업", "SStext": "유선 온라인 게임 소프트웨어 개발 및 공급업", "Mtext": "소프트웨어 개발 및 공급업", "Lno": "58", "ipc_main": "G06Q-050/00", "Mno": "582", "country_code": "KR", "Sno": "5821", "LLtext": "정보통신업(58~63)", "documentId": "kr20157024028b1", "application_number": "1020157024028", "Ltext": "출판업", "keyword": "유선온라인게임소프트웨어개발//개발/온라인/서비스/웹사이트/방법/모바일/웹페이지/방법", "document_type": "B1"}, {"updateDate": "20220608", "LLno": "J", "SSno": "58211", "Stext": "게임 소프트웨어 개발 및 공급업", "SStext": "유선 온라인 게임 소프트웨어 개발 및 공급업", "Mtext": "소프트웨어 개발 및 공급업", "Lno": "58", "ipc_main": "H04L-012/24", "Mno": "582", "country_code": "KR", "Sno": "5821", "LLtext": "정보통신업(58~63)", "documentId": "kr20157032055b1", "application_number": "1020157032055", "Ltext": "출판업", "keyword": "유선인터넷게임소프트웨어개발//개발/도메인/관리서버/정책모델/방법/관리/서버/생성방법", "document_type": "B1"}, {"updateDate": "20220608", "LLno": "J", "SSno": "58211", "Stext": "게임 소프트웨어 개발 및 공급업", "SStext": "유선 온라인 게임 소프트웨어 개발 및 공급업", "Mtext": "소프트웨어 개발 및 공급업", "Lno": "58", "ipc_main": "H04L-012/24", "Mno": "582", "country_code": "KR", "Sno": "5821", "LLtext": "정보통신업(58~63)", "documentId": "kr20160000395a", "application_number": "1020160000395", "Ltext": "출판업", "keyword": "유선인터넷게임소프트웨어개발//개발/서버/프록시/유휴상태관리/장치/서버/유휴상태/관리장치", "document_type": "A"}, {"updateDate": "20220608", "LLno": "J", "SSno": "58211", "Stext": "게임 소프트웨어 개발 및 공급업", "SStext": "유선 온라인 게임 소프트웨어 개발 및 공급업", "Mtext": "소프트웨어 개발 및 공급업", "Lno": "58", "ipc_main": "A63F-013/814", "Mno": "582", "country_code": "KR", "Sno": "5821", "LLtext": "정보통신업(58~63)", "documentId": "kr20160048836b1", "application_number": "1020160048836", "Ltext": "출판업", "keyword": "유선온라인게임소프트웨어개발/유선인터넷게임소프트웨어개발/개발/타이밍/지시자/하나의입력지시자와매칭판별/방법/지시자/인터페이스/메모리", "document_type": "B1"}, {"updateDate": "20220608", "LLno": "J", "SSno": "58211", "Stext": "게임 소프트웨어 개발 및 공급업", "SStext": "유선 온라인 게임 소프트웨어 개발 및 공급업", "Mtext": "소프트웨어 개발 및 공급업", "Lno": "58", "ipc_main": "A63F-013/45", "Mno": "582", "country_code": "KR", "Sno": "5821", "LLtext": "정보통신업(58~63)", "documentId": "kr20160099166b1", "application_number": "1020160099166", "Ltext": "출판업", "keyword": "유선온라인게임소프트웨어개발/유선인터넷게임소프트웨어개발/개발/다중/온라인/태스크수정보수집/방법/클라이언트/인공지능/네트워크", "document_type": "B1"}, {"updateDate": "20220608", "LLno": "J", "SSno": "58211", "Stext": "게임 소프트웨어 개발 및 공급업", "SStext": "유선 온라인 게임 소프트웨어 개발 및 공급업", "Mtext": "소프트웨어 개발 및 공급업", "Lno": "58", "ipc_main": "G06Q-050/10", "Mno": "582", "country_code": "KR", "Sno": "5821", "LLtext": "정보통신업(58~63)", "documentId": "kr20160100306b1", "application_number": "1020160100306", "Ltext": "출판업", "keyword": "유선온라인게임소프트웨어개발/유선인터넷게임소프트웨어개발/개발/사용자/단말기/온라인게임재미극대화/방법/게임/결과/정보", "document_type": "B1"}, {"updateDate": "20220608", "LLno": "J", "SSno": "58211", "Stext": "게임 소프트웨어 개발 및 공급업", "SStext": "유선 온라인 게임 소프트웨어 개발 및 공급업", "Mtext": "소프트웨어 개발 및 공급업", "Lno": "58", "ipc_main": "H04L-029/06", "Mno": "582", "country_code": "KR", "Sno": "5821", "LLtext": "정보통신업(58~63)", "documentId": "kr20160103403b1", "application_number": "1020160103403", "Ltext": "출판업", "keyword": "유선인터넷게임소프트웨어개발//개발/소프트웨어/네트워킹/서버은닉방법/방법/클라이언트/서버/은닉방법", "document_type": "B1"}, {"updateDate": "20220608", "LLno": "J", "SSno": "58211", "Stext": "게임 소프트웨어 개발 및 공급업", "SStext": "유선 온라인 게임 소프트웨어 개발 및 공급업", "Mtext": "소프트웨어 개발 및 공급업", "Lno": "58", "ipc_main": "G06Q-050/10", "Mno": "582", "country_code": "KR", "Sno": "5821", "LLtext": "정보통신업(58~63)", "documentId": "kr20160107081b1", "application_number": "1020160107081", "Ltext": "출판업", "keyword": "유선온라인게임소프트웨어개발//개발/데이터/카드/게임시스템/시스템/데이터/전자/게임시스템", "document_type": "B1"}, {"updateDate": "20220608", "LLno": "J", "SSno": "58211", "Stext": "게임 소프트웨어 개발 및 공급업", "SStext": "유선 온라인 게임 소프트웨어 개발 및 공급업", "Mtext": "소프트웨어 개발 및 공급업", "Lno": "58", "ipc_main": "H04L-029/06", "Mno": "582", "country_code": "KR", "Sno": "5821", "LLtext": "정보통신업(58~63)", "documentId": "kr20160136712b1", "application_number": "1020160136712", "Ltext": "출판업", "keyword": "유선인터넷게임소프트웨어개발//개발/게이트웨이서버/DRM/제공방법/방법/게이트웨이서버/DRM기능/제공방법", "document_type": "B1"}, {"updateDate": "20220608", "LLno": "J", "SSno": "58211", "Stext": "게임 소프트웨어 개발 및 공급업", "SStext": "유선 온라인 게임 소프트웨어 개발 및 공급업", "Mtext": "소프트웨어 개발 및 공급업", "Lno": "58", "ipc_main": "G06Q-050/10", "Mno": "582", "country_code": "KR", "Sno": "5821", "LLtext": "정보통신업(58~63)", "documentId": "kr20160154949a", "application_number": "1020160154949", "Ltext": "출판업", "keyword": "유선인터넷게임소프트웨어개발//개발/Nfc/아케이드/관리시스템/시스템/아케이드/게임장치/관리시스템", "document_type": "A"}, {"updateDate": "20220608", "LLno": "J", "SSno": "58211", "Stext": "게임 소프트웨어 개발 및 공급업", "SStext": "유선 온라인 게임 소프트웨어 개발 및 공급업", "Mtext": "소프트웨어 개발 및 공급업", "Lno": "58", "ipc_main": "A63F-013/45", "Mno": "582", "country_code": "KR", "Sno": "5821", "LLtext": "정보통신업(58~63)", "documentId": "kr20160172457a", "application_number": "1020160172457", "Ltext": "출판업", "keyword": "유선온라인게임소프트웨어개발/유선인터넷게임소프트웨어개발/개발/온오프라인/게임/보물찾기게임서비스/방법/이미지/코드/쿠폰", "document_type": "A"}, {"updateDate": "20220608", "LLno": "J", "SSno": "58211", "Stext": "게임 소프트웨어 개발 및 공급업", "SStext": "유선 온라인 게임 소프트웨어 개발 및 공급업", "Mtext": "소프트웨어 개발 및 공급업", "Lno": "58", "ipc_main": "A63F-013/77", "Mno": "582", "country_code": "KR", "Sno": "5821", "LLtext": "정보통신업(58~63)", "documentId": "kr20160180147a", "application_number": "1020160180147", "Ltext": "출판업", "keyword": "유선온라인게임소프트웨어개발/유선인터넷게임소프트웨어개발/개발/게임/애플리케이션/애플리케이션자동실행/방법/게임서버/점검/신호", "document_type": "A"}, {"updateDate": "20220608", "LLno": "J", "SSno": "58211", "Stext": "게임 소프트웨어 개발 및 공급업", "SStext": "유선 온라인 게임 소프트웨어 개발 및 공급업", "Mtext": "소프트웨어 개발 및 공급업", "Lno": "58", "ipc_main": "G06Q-050/10", "Mno": "582", "country_code": "KR", "Sno": "5821", "LLtext": "정보통신업(58~63)", "documentId": "kr20167004153a", "application_number": "1020167004153", "Ltext": "출판업", "keyword": "유선인터넷게임소프트웨어개발//개발/디바이스/영역정보/게임진행서버/방법/디바이스/영역정보/서버", "document_type": "A"}, {"updateDate": "20220608", "LLno": "J", "SSno": "58211", "Stext": "게임 소프트웨어 개발 및 공급업", "SStext": "유선 온라인 게임 소프트웨어 개발 및 공급업", "Mtext": "소프트웨어 개발 및 공급업", "Lno": "58", "ipc_main": "H04L-029/06", "Mno": "582", "country_code": "KR", "Sno": "5821", "LLtext": "정보통신업(58~63)", "documentId": "kr20170043861a", "application_number": "1020170043861", "Ltext": "출판업", "keyword": "유선온라인게임소프트웨어개발//개발/VQM/LAN/처리방법/시스템/서버/LAN/VQM시스템", "document_type": "A"}, {"updateDate": "20220608", "LLno": "J", "SSno": "58211", "Stext": "게임 소프트웨어 개발 및 공급업", "SStext": "유선 온라인 게임 소프트웨어 개발 및 공급업", "Mtext": "소프트웨어 개발 및 공급업", "Lno": "58", "ipc_main": "A63F-013/65", "Mno": "582", "country_code": "KR", "Sno": "5821", "LLtext": "정보통신업(58~63)", "documentId": "kr20170083680b1", "application_number": "1020170083680", "Ltext": "출판업", "keyword": "유선온라인게임소프트웨어개발/유선인터넷게임소프트웨어개발/개발/게임/어플리케이션/역동적게임진행/방법/콘텐츠/사운드/자이로센서", "document_type": "B1"}, {"updateDate": "20220608", "LLno": "J", "SSno": "58211", "Stext": "게임 소프트웨어 개발 및 공급업", "SStext": "유선 온라인 게임 소프트웨어 개발 및 공급업", "Mtext": "소프트웨어 개발 및 공급업", "Lno": "58", "ipc_main": "A63F-013/798", "Mno": "582", "country_code": "KR", "Sno": "5821", "LLtext": "정보통신업(58~63)", "documentId": "kr20170093233a", "application_number": "1020170093233", "Ltext": "출판업", "keyword": "유선온라인게임소프트웨어개발/유선인터넷게임소프트웨어개발/개발/사용자/캐릭터/온라인게임제공시스템/방법/DB/적응/능력", "document_type": "A"}, {"updateDate": "20220608", "LLno": "J", "SSno": "58211", "Stext": "게임 소프트웨어 개발 및 공급업", "SStext": "유선 온라인 게임 소프트웨어 개발 및 공급업", "Mtext": "소프트웨어 개발 및 공급업", "Lno": "58", "ipc_main": "H04L-029/06", "Mno": "582", "country_code": "KR", "Sno": "5821", "LLtext": "정보통신업(58~63)", "documentId": "kr20170109698b1", "application_number": "1020170109698", "Ltext": "출판업", "keyword": "유선인터넷게임소프트웨어개발//개발/Tfo/쿠키값/보안방법/방법/쿠키값/네트워크주소/보안방법", "document_type": "B1"}, {"updateDate": "20220608", "LLno": "J", "SSno": "58211", "Stext": "게임 소프트웨어 개발 및 공급업", "SStext": "유선 온라인 게임 소프트웨어 개발 및 공급업", "Mtext": "소프트웨어 개발 및 공급업", "Lno": "58", "ipc_main": "A63F-013/71", "Mno": "582", "country_code": "KR", "Sno": "5821", "LLtext": "정보통신업(58~63)", "documentId": "kr20170111247b1", "application_number": "1020170111247", "Ltext": "출판업", "keyword": "유선온라인게임소프트웨어개발//개발/온라인게임/세션/검증방법/시스템/세션/검증/시스템", "document_type": "B1"}, {"updateDate": "20220608", "LLno": "J", "SSno": "58211", "Stext": "게임 소프트웨어 개발 및 공급업", "SStext": "유선 온라인 게임 소프트웨어 개발 및 공급업", "Mtext": "소프트웨어 개발 및 공급업", "Lno": "58", "ipc_main": "A63F-013/67", "Mno": "582", "country_code": "KR", "Sno": "5821", "LLtext": "정보통신업(58~63)", "documentId": "kr20170113957a", "application_number": "1020170113957", "Ltext": "출판업", "keyword": "유선온라인게임소프트웨어개발/유선인터넷게임소프트웨어개발/개발/스크린샷/게임/자동이동기능지원게임서비스/방법/오브젝트/위치/정보", "document_type": "A"}, {"updateDate": "20220608", "LLno": "J", "SSno": "58211", "Stext": "게임 소프트웨어 개발 및 공급업", "SStext": "유선 온라인 게임 소프트웨어 개발 및 공급업", "Mtext": "소프트웨어 개발 및 공급업", "Lno": "58", "ipc_main": "A63F-013/30", "Mno": "582", "country_code": "KR", "Sno": "5821", "LLtext": "정보통신업(58~63)", "documentId": "kr20170122322b1", "application_number": "1020170122322", "Ltext": "출판업", "keyword": "유선온라인게임소프트웨어개발/유선인터넷게임소프트웨어개발/개발/다중/스크린/복수모바일클라이언트단말/방법/PC/단말/증강객체", "document_type": "B1"}, {"updateDate": "20220608", "LLno": "J", "SSno": "58211", "Stext": "게임 소프트웨어 개발 및 공급업", "SStext": "유선 온라인 게임 소프트웨어 개발 및 공급업", "Mtext": "소프트웨어 개발 및 공급업", "Lno": "58", "ipc_main": "A63F-013/75", "Mno": "582", "country_code": "KR", "Sno": "5821", "LLtext": "정보통신업(58~63)", "documentId": "kr20170136109a", "application_number": "1020170136109", "Ltext": "출판업", "keyword": "유선온라인게임소프트웨어개발/유선인터넷게임소프트웨어개발/개발/게임/유저/매칭게임제공/방법/장치/유저/매칭", "document_type": "A"}, {"updateDate": "20220608", "LLno": "J", "SSno": "58211", "Stext": "게임 소프트웨어 개발 및 공급업", "SStext": "유선 온라인 게임 소프트웨어 개발 및 공급업", "Mtext": "소프트웨어 개발 및 공급업", "Lno": "58", "ipc_main": "A63F-013/00", "Mno": "582", "country_code": "KR", "Sno": "5821", "LLtext": "정보통신업(58~63)", "documentId": "kr20170172428a", "application_number": "1020170172428", "Ltext": "출판업", "keyword": "유선온라인게임소프트웨어개발/유선인터넷게임소프트웨어개발/개발/단말기/게임/서로공감대형성/방법/프로파일/신호/수신", "document_type": "A"}, {"updateDate": "20220608", "LLno": "J", "SSno": "58211", "Stext": "게임 소프트웨어 개발 및 공급업", "SStext": "유선 온라인 게임 소프트웨어 개발 및 공급업", "Mtext": "소프트웨어 개발 및 공급업", "Lno": "58", "ipc_main": "H04L-012/803", "Mno": "582", "country_code": "KR", "Sno": "5821", "LLtext": "정보통신업(58~63)", "documentId": "kr20177001680b1", "application_number": "1020177001680", "Ltext": "출판업", "keyword": "유선인터넷게임소프트웨어개발//개발/네트워크/트래픽/트래픽제어/방법/인터페이스/네트워크/서버", "document_type": "B1"}, {"updateDate": "20220608", "LLno": "J", "SSno": "58211", "Stext": "게임 소프트웨어 개발 및 공급업", "SStext": "유선 온라인 게임 소프트웨어 개발 및 공급업", "Mtext": "소프트웨어 개발 및 공급업", "Lno": "58", "ipc_main": "A63F-013/71", "Mno": "582", "country_code": "KR", "Sno": "5821", "LLtext": "정보통신업(58~63)", "documentId": "kr20180005999a", "application_number": "1020180005999", "Ltext": "출판업", "keyword": "유선온라인게임소프트웨어개발/유선인터넷게임소프트웨어개발/개발/블록체인/게임포인트/게임포인트시스템제공/방법/모듈/게임포인트/획득방법", "document_type": "A"}, {"updateDate": "20220608", "LLno": "J", "SSno": "58211", "Stext": "게임 소프트웨어 개발 및 공급업", "SStext": "유선 온라인 게임 소프트웨어 개발 및 공급업", "Mtext": "소프트웨어 개발 및 공급업", "Lno": "58", "ipc_main": "A63F-013/71", "Mno": "582", "country_code": "KR", "Sno": "5821", "LLtext": "정보통신업(58~63)", "documentId": "kr20180006345b1", "application_number": "1020180006345", "Ltext": "출판업", "keyword": "유선온라인게임소프트웨어개발/유선인터넷게임소프트웨어개발/개발/시드/디바이스/프로버블리티페어게임방법제공/방법/게임서버/카운팅/정보", "document_type": "B1"}, {"updateDate": "20220608", "LLno": "J", "SSno": "58211", "Stext": "게임 소프트웨어 개발 및 공급업", "SStext": "유선 온라인 게임 소프트웨어 개발 및 공급업", "Mtext": "소프트웨어 개발 및 공급업", "Lno": "58", "ipc_main": "G06Q-050/30", "Mno": "582", "country_code": "KR", "Sno": "5821", "LLtext": "정보통신업(58~63)", "documentId": "kr20180032647a", "application_number": "1020180032647", "Ltext": "출판업", "keyword": "유선온라인게임소프트웨어개발//개발/온라인/만남/주선방법/방법/온라인/만남/주선방법", "document_type": "A"}, {"updateDate": "20220608", "LLno": "J", "SSno": "58211", "Stext": "게임 소프트웨어 개발 및 공급업", "SStext": "유선 온라인 게임 소프트웨어 개발 및 공급업", "Mtext": "소프트웨어 개발 및 공급업", "Lno": "58", "ipc_main": "A63F-013/49", "Mno": "582", "country_code": "KR", "Sno": "5821", "LLtext": "정보통신업(58~63)", "documentId": "kr20180042918a", "application_number": "1020180042918", "Ltext": "출판업", "keyword": "유선온라인게임소프트웨어개발/유선인터넷게임소프트웨어개발/개발/사용자/네트워크/게임결과기록/방법/블록체인/히스토리/정보", "document_type": "A"}, {"updateDate": "20220608", "LLno": "J", "SSno": "58211", "Stext": "게임 소프트웨어 개발 및 공급업", "SStext": "유선 온라인 게임 소프트웨어 개발 및 공급업", "Mtext": "소프트웨어 개발 및 공급업", "Lno": "58", "ipc_main": "H04L-009/08", "Mno": "582", "country_code": "KR", "Sno": "5821", "LLtext": "정보통신업(58~63)", "documentId": "kr20180053082b1", "application_number": "1020180053082", "Ltext": "출판업", "keyword": "유선온라인게임소프트웨어개발//개발/로그인/서버단말기/제어방법/방법/서버단말기/로그인/제어방법", "document_type": "B1"}, {"updateDate": "20220608", "LLno": "J", "SSno": "58211", "Stext": "게임 소프트웨어 개발 및 공급업", "SStext": "유선 온라인 게임 소프트웨어 개발 및 공급업", "Mtext": "소프트웨어 개발 및 공급업", "Lno": "58", "ipc_main": "H04L-029/08", "Mno": "582", "country_code": "KR", "Sno": "5821", "LLtext": "정보통신업(58~63)", "documentId": "kr20180064693a", "application_number": "1020180064693", "Ltext": "출판업", "keyword": "유선온라인게임소프트웨어개발//개발/서버/로드밸런싱/방법/방법/서버/로드밸런싱/방법", "document_type": "A"}, {"updateDate": "20220608", "LLno": "J", "SSno": "58211", "Stext": "게임 소프트웨어 개발 및 공급업", "SStext": "유선 온라인 게임 소프트웨어 개발 및 공급업", "Mtext": "소프트웨어 개발 및 공급업", "Lno": "58", "ipc_main": "A63F-013/70", "Mno": "582", "country_code": "KR", "Sno": "5821", "LLtext": "정보통신업(58~63)", "documentId": "kr20180068321b1", "application_number": "1020180068321", "Ltext": "출판업", "keyword": "유선온라인게임소프트웨어개발/유선인터넷게임소프트웨어개발/개발/게임/알림/게임알림정보제공/방법/서버/포맷/게시판", "document_type": "B1"}, {"updateDate": "20220608", "LLno": "J", "SSno": "58211", "Stext": "게임 소프트웨어 개발 및 공급업", "SStext": "유선 온라인 게임 소프트웨어 개발 및 공급업", "Mtext": "소프트웨어 개발 및 공급업", "Lno": "58", "ipc_main": "G06Q-050/10", "Mno": "582", "country_code": "KR", "Sno": "5821", "LLtext": "정보통신업(58~63)", "documentId": "kr20180076156a", "application_number": "1020180076156", "Ltext": "출판업", "keyword": "유선온라인게임소프트웨어개발/유선인터넷게임소프트웨어개발/개발/모바일/프로모션/타겟팅시스템/방법/유무선/타겟팅/게임정보", "document_type": "A"}, {"updateDate": "20220608", "LLno": "J", "SSno": "58211", "Stext": "게임 소프트웨어 개발 및 공급업", "SStext": "유선 온라인 게임 소프트웨어 개발 및 공급업", "Mtext": "소프트웨어 개발 및 공급업", "Lno": "58", "ipc_main": "A63F-013/795", "Mno": "582", "country_code": "KR", "Sno": "5821", "LLtext": "정보통신업(58~63)", "documentId": "kr20180083291b1", "application_number": "1020180083291", "Ltext": "출판업", "keyword": "유선온라인게임소프트웨어개발/유선인터넷게임소프트웨어개발/개발/게임/매칭/사용자중다른사용자와매칭/방법/사용자/정보/대전", "document_type": "B1"}, {"updateDate": "20220608", "LLno": "J", "SSno": "58211", "Stext": "게임 소프트웨어 개발 및 공급업", "SStext": "유선 온라인 게임 소프트웨어 개발 및 공급업", "Mtext": "소프트웨어 개발 및 공급업", "Lno": "58", "ipc_main": "A63F-013/30", "Mno": "582", "country_code": "KR", "Sno": "5821", "LLtext": "정보통신업(58~63)", "documentId": "kr20180083824a", "application_number": "1020180083824", "Ltext": "출판업", "keyword": "유선온라인게임소프트웨어개발/유선인터넷게임소프트웨어개발/개발/게임/테스트/자동화장치/방법/게임/테스트/자동화", "document_type": "A"}, {"updateDate": "20220608", "LLno": "J", "SSno": "58211", "Stext": "게임 소프트웨어 개발 및 공급업", "SStext": "유선 온라인 게임 소프트웨어 개발 및 공급업", "Mtext": "소프트웨어 개발 및 공급업", "Lno": "58", "ipc_main": "G06Q-030/02", "Mno": "582", "country_code": "KR", "Sno": "5821", "LLtext": "정보통신업(58~63)", "documentId": "kr20180151484a", "application_number": "1020180151484", "Ltext": "출판업", "keyword": "유선온라인게임소프트웨어개발//개발/쇼핑몰/게임앱/제어방법/방법/쇼핑몰/게임앱/제어방법", "document_type": "A"}, {"updateDate": "20220608", "LLno": "J", "SSno": "58211", "Stext": "게임 소프트웨어 개발 및 공급업", "SStext": "유선 온라인 게임 소프트웨어 개발 및 공급업", "Mtext": "소프트웨어 개발 및 공급업", "Lno": "58", "ipc_main": "A63F-013/79", "Mno": "582", "country_code": "KR", "Sno": "5821", "LLtext": "정보통신업(58~63)", "documentId": "kr20187029756a", "application_number": "1020187029756", "Ltext": "출판업", "keyword": "유선온라인게임소프트웨어개발/유선인터넷게임소프트웨어개발/개발/피어투피어/토너먼트/장치시스템물품기술설명/방법/디지털/게임/플레이어", "document_type": "A"}, {"updateDate": "20220608", "LLno": "J", "SSno": "58211", "Stext": "게임 소프트웨어 개발 및 공급업", "SStext": "유선 온라인 게임 소프트웨어 개발 및 공급업", "Mtext": "소프트웨어 개발 및 공급업", "Lno": "58", "ipc_main": "G06Q-010/10", "Mno": "582", "country_code": "KR", "Sno": "5821", "LLtext": "정보통신업(58~63)", "documentId": "kr20190011458a", "application_number": "1020190011458", "Ltext": "출판업", "keyword": "유선온라인게임소프트웨어개발/유선인터넷게임소프트웨어개발/개발/하이브리드/클라우드/엔터프라이즈애플리케이션플랫폼/방법/애플리케이션/서버/메타데이터", "document_type": "A"}, {"updateDate": "20220608", "LLno": "J", "SSno": "58211", "Stext": "게임 소프트웨어 개발 및 공급업", "SStext": "유선 온라인 게임 소프트웨어 개발 및 공급업", "Mtext": "소프트웨어 개발 및 공급업", "Lno": "58", "ipc_main": "G06Q-030/06", "Mno": "582", "country_code": "KR", "Sno": "5821", "LLtext": "정보통신업(58~63)", "documentId": "kr20190024941a", "application_number": "1020190024941", "Ltext": "출판업", "keyword": "유선온라인게임소프트웨어개발/유선인터넷게임소프트웨어개발/개발/오투오/옴니채널/연계시스템제공/방법/모바일/쇼핑몰/서버", "document_type": "A"}, {"updateDate": "20220608", "LLno": "J", "SSno": "58211", "Stext": "게임 소프트웨어 개발 및 공급업", "SStext": "유선 온라인 게임 소프트웨어 개발 및 공급업", "Mtext": "소프트웨어 개발 및 공급업", "Lno": "58", "ipc_main": "A63F-013/85", "Mno": "582", "country_code": "KR", "Sno": "5821", "LLtext": "정보통신업(58~63)", "documentId": "kr20190026689b1", "application_number": "1020190026689", "Ltext": "출판업", "keyword": "유선온라인게임소프트웨어개발/유선인터넷게임소프트웨어개발/개발/게임/실행/게임최적화설정정보/방법/크래시/모델/장치", "document_type": "B1"}, {"updateDate": "20220608", "LLno": "J", "SSno": "58211", "Stext": "게임 소프트웨어 개발 및 공급업", "SStext": "유선 온라인 게임 소프트웨어 개발 및 공급업", "Mtext": "소프트웨어 개발 및 공급업", "Lno": "58", "ipc_main": "G06Q-030/02", "Mno": "582", "country_code": "KR", "Sno": "5821", "LLtext": "정보통신업(58~63)", "documentId": "kr20190030987b1", "application_number": "1020190030987", "Ltext": "출판업", "keyword": "유선온라인게임소프트웨어개발//개발/상품/낙찰게임/게임방법/장치/상품/낙찰게임/장치", "document_type": "B1"}, {"updateDate": "20220608", "LLno": "J", "SSno": "58211", "Stext": "게임 소프트웨어 개발 및 공급업", "SStext": "유선 온라인 게임 소프트웨어 개발 및 공급업", "Mtext": "소프트웨어 개발 및 공급업", "Lno": "58", "ipc_main": "A63F-013/35", "Mno": "582", "country_code": "KR", "Sno": "5821", "LLtext": "정보통신업(58~63)", "documentId": "kr20190032838b1", "application_number": "1020190032838", "Ltext": "출판업", "keyword": "유선온라인게임소프트웨어개발/유선인터넷게임소프트웨어개발/개발/클라우드/서비스/클라이언트게임실행요청응답/방법/솔루션/모듈/서버", "document_type": "B1"}, {"updateDate": "20220608", "LLno": "J", "SSno": "58211", "Stext": "게임 소프트웨어 개발 및 공급업", "SStext": "유선 온라인 게임 소프트웨어 개발 및 공급업", "Mtext": "소프트웨어 개발 및 공급업", "Lno": "58", "ipc_main": "A63F-013/327", "Mno": "582", "country_code": "KR", "Sno": "5821", "LLtext": "정보통신업(58~63)", "documentId": "kr20190039896a", "application_number": "1020190039896", "Ltext": "출판업", "keyword": "유선온라인게임소프트웨어개발/유선인터넷게임소프트웨어개발/개발/비콘/단말/사용자단말통해게임제공/방법/BLE/접속/수신", "document_type": "A"}, {"updateDate": "20220608", "LLno": "J", "SSno": "58211", "Stext": "게임 소프트웨어 개발 및 공급업", "SStext": "유선 온라인 게임 소프트웨어 개발 및 공급업", "Mtext": "소프트웨어 개발 및 공급업", "Lno": "58", "ipc_main": "G06Q-030/06", "Mno": "582", "country_code": "KR", "Sno": "5821", "LLtext": "정보통신업(58~63)", "documentId": "kr20190073979a", "application_number": "1020190073979", "Ltext": "출판업", "keyword": "유선인터넷게임소프트웨어개발//개발/데이터/컨텐츠/추천장치/방법/컨텐츠/서버/동작방법", "document_type": "A"}, {"updateDate": "20220608", "LLno": "J", "SSno": "58211", "Stext": "게임 소프트웨어 개발 및 공급업", "SStext": "유선 온라인 게임 소프트웨어 개발 및 공급업", "Mtext": "소프트웨어 개발 및 공급업", "Lno": "58", "ipc_main": "A63F-013/45", "Mno": "582", "country_code": "KR", "Sno": "5821", "LLtext": "정보통신업(58~63)", "documentId": "kr20190107435a", "application_number": "1020190107435", "Ltext": "출판업", "keyword": "유선온라인게임소프트웨어개발/유선인터넷게임소프트웨어개발/개발/차량/관리/차량관리게임서비스제공/방법/신호/의사/정보", "document_type": "A"}, {"updateDate": "20220608", "LLno": "J", "SSno": "58211", "Stext": "게임 소프트웨어 개발 및 공급업", "SStext": "유선 온라인 게임 소프트웨어 개발 및 공급업", "Mtext": "소프트웨어 개발 및 공급업", "Lno": "58", "ipc_main": "G06Q-050/10", "Mno": "582", "country_code": "KR", "Sno": "5821", "LLtext": "정보통신업(58~63)", "documentId": "kr20190125093b1", "application_number": "1020190125093", "Ltext": "출판업", "keyword": "유선온라인게임소프트웨어개발/유선인터넷게임소프트웨어개발/개발/PC방/이스포츠/운영방법/방법/PC방/이스포츠/운영방법", "document_type": "B1"}, {"updateDate": "20220608", "LLno": "J", "SSno": "58211", "Stext": "게임 소프트웨어 개발 및 공급업", "SStext": "유선 온라인 게임 소프트웨어 개발 및 공급업", "Mtext": "소프트웨어 개발 및 공급업", "Lno": "58", "ipc_main": "G06Q-020/38", "Mno": "582", "country_code": "KR", "Sno": "5821", "LLtext": "정보통신업(58~63)", "documentId": "kr20190144091b1", "application_number": "1020190144091", "Ltext": "출판업", "keyword": "유선온라인게임소프트웨어개발/유선인터넷게임소프트웨어개발/개발/게임/아이템/거래시스템/시스템/게임/아이템/거래시스템", "document_type": "B1"}, {"updateDate": "20220608", "LLno": "J", "SSno": "58211", "Stext": "게임 소프트웨어 개발 및 공급업", "SStext": "유선 온라인 게임 소프트웨어 개발 및 공급업", "Mtext": "소프트웨어 개발 및 공급업", "Lno": "58", "ipc_main": "A63F-013/35", "Mno": "582", "country_code": "KR", "Sno": "5821", "LLtext": "정보통신업(58~63)", "documentId": "kr20200014213b1", "application_number": "1020200014213", "Ltext": "출판업", "keyword": "유선온라인게임소프트웨어개발/유선인터넷게임소프트웨어개발/개발/딥러닝/게임/게임난이도예측/방법/퍼즐/에이전트/모델", "document_type": "B1"}, {"updateDate": "20220608", "LLno": "J", "SSno": "58211", "Stext": "게임 소프트웨어 개발 및 공급업", "SStext": "유선 온라인 게임 소프트웨어 개발 및 공급업", "Mtext": "소프트웨어 개발 및 공급업", "Lno": "58", "ipc_main": "H04L-029/06", "Mno": "582", "country_code": "KR", "Sno": "5821", "LLtext": "정보통신업(58~63)", "documentId": "kr20200099404a", "application_number": "1020200099404", "Ltext": "출판업", "keyword": "유선온라인게임소프트웨어개발//개발/온라인/서비스서버/인증승인방법/방법/온라인/서비스서버/인증승인방법", "document_type": "A"}, {"updateDate": "20220608", "LLno": "J", "SSno": "58211", "Stext": "게임 소프트웨어 개발 및 공급업", "SStext": "유선 온라인 게임 소프트웨어 개발 및 공급업", "Mtext": "소프트웨어 개발 및 공급업", "Lno": "58", "ipc_main": "G06Q-050/20", "Mno": "582", "country_code": "KR", "Sno": "5821", "LLtext": "정보통신업(58~63)", "documentId": "kr20200104121b1", "application_number": "1020200104121", "Ltext": "출판업", "keyword": "유선온라인게임소프트웨어개발//개발/인공지능/학습플랫폼/비즈니스방법/시스템/인공지능/학습플랫폼/비즈니스시스템", "document_type": "B1"}, {"updateDate": "20220608", "LLno": "J", "SSno": "58211", "Stext": "게임 소프트웨어 개발 및 공급업", "SStext": "유선 온라인 게임 소프트웨어 개발 및 공급업", "Mtext": "소프트웨어 개발 및 공급업", "Lno": "58", "ipc_main": "A63F-013/355", "Mno": "582", "country_code": "KR", "Sno": "5821", "LLtext": "정보통신업(58~63)", "documentId": "kr20207015094a", "application_number": "1020207015094", "Ltext": "출판업", "keyword": "유선온라인게임소프트웨어개발/유선인터넷게임소프트웨어개발/개발/슬라이스/코어/서버시스템처리성능관리/방법/서브세트/디바이스/세션", "document_type": "A"}, {"updateDate": "20220608", "LLno": "J", "SSno": "58211", "Stext": "게임 소프트웨어 개발 및 공급업", "SStext": "유선 온라인 게임 소프트웨어 개발 및 공급업", "Mtext": "소프트웨어 개발 및 공급업", "Lno": "58", "ipc_main": "A63F-013/27", "Mno": "582", "country_code": "KR", "Sno": "5821", "LLtext": "정보통신업(58~63)", "documentId": "kr20207027050a", "application_number": "1020207027050", "Ltext": "출판업", "keyword": "유선온라인게임소프트웨어개발/유선인터넷게임소프트웨어개발/개발/게임플레이/디스플레이/게임플레이명령어제공/방법/컨트롤/멀티플레이어/클라이언트", "document_type": "A"}, {"updateDate": "20220608", "LLno": "J", "SSno": "58211", "Stext": "게임 소프트웨어 개발 및 공급업", "SStext": "유선 온라인 게임 소프트웨어 개발 및 공급업", "Mtext": "소프트웨어 개발 및 공급업", "Lno": "58", "ipc_main": "A63F-013/70", "Mno": "582", "country_code": "KR", "Sno": "5821", "LLtext": "정보통신업(58~63)", "documentId": "kr20210047078a", "application_number": "1020210047078", "Ltext": "출판업", "keyword": "유선온라인게임소프트웨어개발/유선인터넷게임소프트웨어개발/개발/게임/클라이언트/게임플레이장치/방법/설정값/복제/수신", "document_type": "A"}]}