{"dataset": [{"updateDate": "20220608", "LLno": "J", "SSno": "59202", "Stext": "오디오물 출판 및 원판 녹음업", "SStext": "녹음시설 운영업", "Mtext": "오디오물 출판 및 원판 녹음업", "Lno": "59", "ipc_main": "G11B-031/00", "Mno": "592", "country_code": "KR", "Sno": "5920", "LLtext": "정보통신업(58~63)", "documentId": "kr19950032270y1", "application_number": "2019950032270", "Ltext": "영상ㆍ오디오 기록물 제작 및 배급업", "keyword": "녹음서비스/녹음시설운영/카메라부착형/반주시스템/노래부르는사람촬영/디스플레이/시스템/촬상수단/내장마이크/영상신호", "document_type": "Y1"}, {"updateDate": "20220608", "LLno": "J", "SSno": "59202", "Stext": "오디오물 출판 및 원판 녹음업", "SStext": "녹음시설 운영업", "Mtext": "오디오물 출판 및 원판 녹음업", "Lno": "59", "ipc_main": "H04B-005/04", "Mno": "592", "country_code": "KR", "Sno": "5920", "LLtext": "정보통신업(58~63)", "documentId": "kr19950053104u", "application_number": "2019950053104", "Ltext": "영상ㆍ오디오 기록물 제작 및 배급업", "keyword": "녹음서비스/녹음시설운영/무선호출기/디지털변환부/음성녹음/음성동작모드/장치/수신신호/문자코드/부저및모터", "document_type": "U"}, {"updateDate": "20220608", "LLno": "J", "SSno": "59202", "Stext": "오디오물 출판 및 원판 녹음업", "SStext": "녹음시설 운영업", "Mtext": "오디오물 출판 및 원판 녹음업", "Lno": "59", "ipc_main": "G10K-015/00", "Mno": "592", "country_code": "KR", "Sno": "5920", "LLtext": "정보통신업(58~63)", "documentId": "kr19960009195a", "application_number": "1019960009195", "Ltext": "영상ㆍ오디오 기록물 제작 및 배급업", "keyword": "녹음서비스/녹음시설운영/3차원가상공간/음향재생방법/정밀도/음선백터/방법/교점좌표/전파이력데이터/미소영역", "document_type": "A"}, {"updateDate": "20220608", "LLno": "J", "SSno": "59202", "Stext": "오디오물 출판 및 원판 녹음업", "SStext": "녹음시설 운영업", "Mtext": "오디오물 출판 및 원판 녹음업", "Lno": "59", "ipc_main": "G11B-020/02", "Mno": "592", "country_code": "KR", "Sno": "5920", "LLtext": "정보통신업(58~63)", "documentId": "kr19960021620a", "application_number": "1019960021620", "Ltext": "영상ㆍ오디오 기록물 제작 및 배급업", "keyword": "녹음서비스/녹음시설운영/펄스부호변조/샘플링주파수/역형식화부/DA변환기/시스템/기준단위계열/홀수데이터블럭/형식화수단", "document_type": "A"}, {"updateDate": "20220608", "LLno": "J", "SSno": "59202", "Stext": "오디오물 출판 및 원판 녹음업", "SStext": "녹음시설 운영업", "Mtext": "오디오물 출판 및 원판 녹음업", "Lno": "59", "ipc_main": "B60R-007/00", "Mno": "592", "country_code": "KR", "Sno": "5920", "LLtext": "정보통신업(58~63)", "documentId": "kr19960039259u", "application_number": "2019960039259", "Ltext": "영상ㆍ오디오 기록물 제작 및 배급업", "keyword": "녹음서비스/녹음스튜디오운영/음반보관케이스/햇빛가리개/음반삽입/음반보관대/장치/차량/고정밴드/다수개형성", "document_type": "U"}, {"updateDate": "20220608", "LLno": "J", "SSno": "59202", "Stext": "오디오물 출판 및 원판 녹음업", "SStext": "녹음시설 운영업", "Mtext": "오디오물 출판 및 원판 녹음업", "Lno": "59", "ipc_main": "G06F-015/16", "Mno": "592", "country_code": "KR", "Sno": "5920", "LLtext": "정보통신업(58~63)", "documentId": "kr19960045642b1", "application_number": "1019960045642", "Ltext": "영상ㆍ오디오 기록물 제작 및 배급업", "keyword": "녹음서비스/녹음시설운영/클라이언트/WWW서버/인에이블/음성응답시스템/시스템/인터페이스/서버시스템/포맷데이터", "document_type": "B1"}, {"updateDate": "20220608", "LLno": "J", "SSno": "59202", "Stext": "오디오물 출판 및 원판 녹음업", "SStext": "녹음시설 운영업", "Mtext": "오디오물 출판 및 원판 녹음업", "Lno": "59", "ipc_main": "G11B-027/30", "Mno": "592", "country_code": "KR", "Sno": "5920", "LLtext": "정보통신업(58~63)", "documentId": "kr19960071964a", "application_number": "1019960071964", "Ltext": "영상ㆍ오디오 기록물 제작 및 배급업", "keyword": "녹음서비스/레코드원판녹음서비스/비스신호/휘도레벨/OSD패턴신호/영상신호기록/시스템/색조신호/제어명령/신호복조", "document_type": "A"}, {"updateDate": "20220608", "LLno": "J", "SSno": "59202", "Stext": "오디오물 출판 및 원판 녹음업", "SStext": "녹음시설 운영업", "Mtext": "오디오물 출판 및 원판 녹음업", "Lno": "59", "ipc_main": "G11B-015/02", "Mno": "592", "country_code": "KR", "Sno": "5920", "LLtext": "정보통신업(58~63)", "documentId": "kr19970011393u", "application_number": "2019970011393", "Ltext": "영상ㆍ오디오 기록물 제작 및 배급업", "keyword": "녹음서비스/녹음시설운영/카스테레오/자동차/차량운행/음악녹음/장치/재생헤드/카셋트/녹음가능", "document_type": "U"}, {"updateDate": "20220608", "LLno": "J", "SSno": "59202", "Stext": "오디오물 출판 및 원판 녹음업", "SStext": "녹음시설 운영업", "Mtext": "오디오물 출판 및 원판 녹음업", "Lno": "59", "ipc_main": "G11B-015/02", "Mno": "592", "country_code": "KR", "Sno": "5920", "LLtext": "정보통신업(58~63)", "documentId": "kr19970044483a", "application_number": "1019970044483", "Ltext": "영상ㆍ오디오 기록물 제작 및 배급업", "keyword": "녹음서비스/녹음시설운영/오디오신호기록/기준레벨/동일레벨/선택키입력신호/방법/비교판단/증폭/오디오신호", "document_type": "A"}, {"updateDate": "20220608", "LLno": "J", "SSno": "59202", "Stext": "오디오물 출판 및 원판 녹음업", "SStext": "녹음시설 운영업", "Mtext": "오디오물 출판 및 원판 녹음업", "Lno": "59", "ipc_main": "G11B-027/02", "Mno": "592", "country_code": "KR", "Sno": "5920", "LLtext": "정보통신업(58~63)", "documentId": "kr19970048379a", "application_number": "1019970048379", "Ltext": "영상ㆍ오디오 기록물 제작 및 배급업", "keyword": "계약음반원판생산/녹음시설운영/수면음악/브이시알/오디오특성/인체생활정서/방법/녹음제어프로그램/녹화제어프로그램/수용테이프", "document_type": "A"}, {"updateDate": "20220608", "LLno": "J", "SSno": "59202", "Stext": "오디오물 출판 및 원판 녹음업", "SStext": "녹음시설 운영업", "Mtext": "오디오물 출판 및 원판 녹음업", "Lno": "59", "ipc_main": "G11B-015/00", "Mno": "592", "country_code": "KR", "Sno": "5920", "LLtext": "정보통신업(58~63)", "documentId": "kr19970067311a", "application_number": "1019970067311", "Ltext": "영상ㆍ오디오 기록물 제작 및 배급업", "keyword": "녹음시설스튜디오운영/녹음스튜디오운영/테이프레코더/R채널/L채널/반주곡트랙/시스템/음성신호/가수트랙/노래연습용", "document_type": "A"}, {"updateDate": "20220608", "LLno": "J", "SSno": "59202", "Stext": "오디오물 출판 및 원판 녹음업", "SStext": "녹음시설 운영업", "Mtext": "오디오물 출판 및 원판 녹음업", "Lno": "59", "ipc_main": "G11B-020/04", "Mno": "592", "country_code": "KR", "Sno": "5920", "LLtext": "정보통신업(58~63)", "documentId": "kr19970067452a", "application_number": "1019970067452", "Ltext": "영상ㆍ오디오 기록물 제작 및 배급업", "keyword": "녹음서비스/녹음시설운영/오디오시스템/곡시작부분검출/끝부분검출/바이패스/방법/녹음순서정보/테이블/기록단계", "document_type": "A"}, {"updateDate": "20220608", "LLno": "J", "SSno": "59202", "Stext": "오디오물 출판 및 원판 녹음업", "SStext": "녹음시설 운영업", "Mtext": "오디오물 출판 및 원판 녹음업", "Lno": "59", "ipc_main": "G11B-023/02", "Mno": "592", "country_code": "KR", "Sno": "5920", "LLtext": "정보통신업(58~63)", "documentId": "kr19970080511a", "application_number": "1019970080511", "Ltext": "영상ㆍ오디오 기록물 제작 및 배급업", "keyword": "녹음서비스/녹음시설운영/수납장치/오디오기기/힌지중심/회전개폐/장치/토션스프링/카세트뎈/로킹장치", "document_type": "A"}, {"updateDate": "20220608", "LLno": "J", "SSno": "59202", "Stext": "오디오물 출판 및 원판 녹음업", "SStext": "녹음시설 운영업", "Mtext": "오디오물 출판 및 원판 녹음업", "Lno": "59", "ipc_main": "G11B-015/02", "Mno": "592", "country_code": "KR", "Sno": "5920", "LLtext": "정보통신업(58~63)", "documentId": "kr19980006891a", "application_number": "1019980006891", "Ltext": "영상ㆍ오디오 기록물 제작 및 배급업", "keyword": "녹음서비스/녹음시설운영/녹음수단이용/광고방법/무료배포/불특정다수/방법/메시지삽입/녹음수단/각종행사", "document_type": "A"}, {"updateDate": "20220608", "LLno": "J", "SSno": "59202", "Stext": "오디오물 출판 및 원판 녹음업", "SStext": "녹음시설 운영업", "Mtext": "오디오물 출판 및 원판 녹음업", "Lno": "59", "ipc_main": "G11B-020/00", "Mno": "592", "country_code": "KR", "Sno": "5920", "LLtext": "정보통신업(58~63)", "documentId": "kr19980010162a", "application_number": "1019980010162", "Ltext": "영상ㆍ오디오 기록물 제작 및 배급업", "keyword": "녹음서비스/녹음시설운영/2개언어/멀티언어오디오플랙/주언어/스트림ID/장치/광학적신호/전기적신호/채널코덱부", "document_type": "A"}, {"updateDate": "20220608", "LLno": "J", "SSno": "59202", "Stext": "오디오물 출판 및 원판 녹음업", "SStext": "녹음시설 운영업", "Mtext": "오디오물 출판 및 원판 녹음업", "Lno": "59", "ipc_main": "H04B-005/04", "Mno": "592", "country_code": "KR", "Sno": "5920", "LLtext": "정보통신업(58~63)", "documentId": "kr19990006926a", "application_number": "1019990006926", "Ltext": "영상ㆍ오디오 기록물 제작 및 배급업", "keyword": "녹음서비스/녹음시설운영/페이저/무선입력/음성입력수단/음성메모/시스템/페이저인가/음성저장수단/녹음기능", "document_type": "A"}, {"updateDate": "20220608", "LLno": "J", "SSno": "59202", "Stext": "오디오물 출판 및 원판 녹음업", "SStext": "녹음시설 운영업", "Mtext": "오디오물 출판 및 원판 녹음업", "Lno": "59", "ipc_main": "H04B-001/40", "Mno": "592", "country_code": "KR", "Sno": "5920", "LLtext": "정보통신업(58~63)", "documentId": "kr19990014768y1", "application_number": "2019990014768", "Ltext": "영상ㆍ오디오 기록물 제작 및 배급업", "keyword": "녹음서비스/녹음시설운영/휴대폰음성녹음/셀룰라폰/통신시스템/RF착신신호/장치/음성메모리집적회로부/재생인에이블/음성신호변환", "document_type": "Y1"}, {"updateDate": "20220608", "LLno": "J", "SSno": "59202", "Stext": "오디오물 출판 및 원판 녹음업", "SStext": "녹음시설 운영업", "Mtext": "오디오물 출판 및 원판 녹음업", "Lno": "59", "ipc_main": "G06F-003/16", "Mno": "592", "country_code": "KR", "Sno": "5920", "LLtext": "정보통신업(58~63)", "documentId": "kr19990018301a", "application_number": "1019990018301", "Ltext": "영상ㆍ오디오 기록물 제작 및 배급업", "keyword": "녹음서비스/녹음시설운영/인터페이스장치/음성녹음장치/컴퓨터시스템연결/인터페이스장치제어/시스템/음성디지털화/인터페이스수행/음성데이터재생", "document_type": "A"}, {"updateDate": "20220608", "LLno": "J", "SSno": "59202", "Stext": "오디오물 출판 및 원판 녹음업", "SStext": "녹음시설 운영업", "Mtext": "오디오물 출판 및 원판 녹음업", "Lno": "59", "ipc_main": "G11B-020/00", "Mno": "592", "country_code": "KR", "Sno": "5920", "LLtext": "정보통신업(58~63)", "documentId": "kr19990020109y1", "application_number": "2019990020109", "Ltext": "영상ㆍ오디오 기록물 제작 및 배급업", "keyword": "녹음서비스/녹음시설운영/노래방시스템/인터넷이용/음악화일판매시스템/ISDN/시스템/플래시메모리/비디오보드/ZAZZ", "document_type": "Y1"}, {"updateDate": "20220608", "LLno": "J", "SSno": "59202", "Stext": "오디오물 출판 및 원판 녹음업", "SStext": "녹음시설 운영업", "Mtext": "오디오물 출판 및 원판 녹음업", "Lno": "59", "ipc_main": "G06F-017/00", "Mno": "592", "country_code": "KR", "Sno": "5920", "LLtext": "정보통신업(58~63)", "documentId": "kr19990059554a", "application_number": "1019990059554", "Ltext": "영상ㆍ오디오 기록물 제작 및 배급업", "keyword": "녹음서비스/녹음시설운영/지능형대화장치/전문가시스템/음소데이터/워킹메모리/장치/음성인식기반/변환장치/합성음성", "document_type": "A"}, {"updateDate": "20220608", "LLno": "J", "SSno": "59202", "Stext": "오디오물 출판 및 원판 녹음업", "SStext": "녹음시설 운영업", "Mtext": "오디오물 출판 및 원판 녹음업", "Lno": "59", "ipc_main": "G07F-011/00", "Mno": "592", "country_code": "KR", "Sno": "5920", "LLtext": "정보통신업(58~63)", "documentId": "kr19990061509a", "application_number": "1019990061509", "Ltext": "영상ㆍ오디오 기록물 제작 및 배급업", "keyword": "녹음서비스/녹음시설운영/자동판매기/음반기기/자판기/자동판매/장치/지폐카드/동전/음반기기", "document_type": "A"}, {"updateDate": "20220608", "LLno": "J", "SSno": "59202", "Stext": "오디오물 출판 및 원판 녹음업", "SStext": "녹음시설 운영업", "Mtext": "오디오물 출판 및 원판 녹음업", "Lno": "59", "ipc_main": "G10K-011/16", "Mno": "592", "country_code": "KR", "Sno": "5920", "LLtext": "정보통신업(58~63)", "documentId": "kr19990064939a", "application_number": "1019990064939", "Ltext": "영상ㆍ오디오 기록물 제작 및 배급업", "keyword": "녹음서비스/녹음시설운영/스테레오음향/AR계수/음향반향제거장치/음성신호분석/장치/AR잡음/이득조절부/에너지값", "document_type": "A"}, {"updateDate": "20220608", "LLno": "J", "SSno": "59202", "Stext": "오디오물 출판 및 원판 녹음업", "SStext": "녹음시설 운영업", "Mtext": "오디오물 출판 및 원판 녹음업", "Lno": "59", "ipc_main": "G10K-011/162", "Mno": "592", "country_code": "KR", "Sno": "5920", "LLtext": "정보통신업(58~63)", "documentId": "kr19997010720b1", "application_number": "1019997010720", "Ltext": "영상ㆍ오디오 기록물 제작 및 배급업", "keyword": "녹음서비스/녹음시설운영/음성특성예측/균질한다공질재료/예측모델/미세구조피라미터/방법/거시적성질/다공질대료/선택명령", "document_type": "B1"}, {"updateDate": "20220608", "LLno": "J", "SSno": "59202", "Stext": "오디오물 출판 및 원판 녹음업", "SStext": "녹음시설 운영업", "Mtext": "오디오물 출판 및 원판 녹음업", "Lno": "59", "ipc_main": "G11B-020/00", "Mno": "592", "country_code": "KR", "Sno": "5920", "LLtext": "정보통신업(58~63)", "documentId": "kr20000012310y1", "application_number": "2020000012310", "Ltext": "영상ㆍ오디오 기록물 제작 및 배급업", "keyword": "녹음서비스/녹음시설운영/디렉토리구조/음성신호/음성녹음장치/음성코덱/장치/다운로딩전송로/음성메시지변환/일정포맷", "document_type": "Y1"}, {"updateDate": "20220608", "LLno": "J", "SSno": "59202", "Stext": "오디오물 출판 및 원판 녹음업", "SStext": "녹음시설 운영업", "Mtext": "오디오물 출판 및 원판 녹음업", "Lno": "59", "ipc_main": "G06F-009/44", "Mno": "592", "country_code": "KR", "Sno": "5920", "LLtext": "정보통신업(58~63)", "documentId": "kr20000012482a", "application_number": "1020000012482", "Ltext": "영상ㆍ오디오 기록물 제작 및 배급업", "keyword": "녹음서비스/녹음시설운영/컴퓨터프로그램/음성정보파형표시/전자우편기능/모든기능수행/방법/관리대화창/디스플레이/기능선택", "document_type": "A"}, {"updateDate": "20220608", "LLno": "J", "SSno": "59202", "Stext": "오디오물 출판 및 원판 녹음업", "SStext": "녹음시설 운영업", "Mtext": "오디오물 출판 및 원판 녹음업", "Lno": "59", "ipc_main": "G06F-003/06", "Mno": "592", "country_code": "KR", "Sno": "5920", "LLtext": "정보통신업(58~63)", "documentId": "kr20000020753a", "application_number": "1020000020753", "Ltext": "영상ㆍ오디오 기록물 제작 및 배급업", "keyword": "녹음서비스/녹음시설운영/음성녹음재생장치/휴대용/무선전달/재생처리제어/장치/음성메세지/음성코덱/포맷압축", "document_type": "A"}, {"updateDate": "20220608", "LLno": "J", "SSno": "59202", "Stext": "오디오물 출판 및 원판 녹음업", "SStext": "녹음시설 운영업", "Mtext": "오디오물 출판 및 원판 녹음업", "Lno": "59", "ipc_main": "G11B-031/00", "Mno": "592", "country_code": "KR", "Sno": "5920", "LLtext": "정보통신업(58~63)", "documentId": "kr20000029901a", "application_number": "1020000029901", "Ltext": "영상ㆍ오디오 기록물 제작 및 배급업", "keyword": "녹음서비스/녹음시설운영/자동응답기능/음성녹음장치/분리가능/장치집적/장치/전화벨검지신호/소정주파수/중앙연산처리장치", "document_type": "A"}, {"updateDate": "20220608", "LLno": "J", "SSno": "59202", "Stext": "오디오물 출판 및 원판 녹음업", "SStext": "녹음시설 운영업", "Mtext": "오디오물 출판 및 원판 녹음업", "Lno": "59", "ipc_main": "H04N-005/44", "Mno": "592", "country_code": "KR", "Sno": "5920", "LLtext": "정보통신업(58~63)", "documentId": "kr20000042537a", "application_number": "1020000042537", "Ltext": "영상ㆍ오디오 기록물 제작 및 배급업", "keyword": "녹음시설스튜디오운영/녹음시설운영/노래저장/노래방기기용/부호회회로/네트웍인터페이스/시스템/시청자단말기요구/영상데이터저장/영상시청", "document_type": "A"}, {"updateDate": "20220608", "LLno": "J", "SSno": "59202", "Stext": "오디오물 출판 및 원판 녹음업", "SStext": "녹음시설 운영업", "Mtext": "오디오물 출판 및 원판 녹음업", "Lno": "59", "ipc_main": "G06F-017/60", "Mno": "592", "country_code": "KR", "Sno": "5920", "LLtext": "정보통신업(58~63)", "documentId": "kr20000057553a", "application_number": "1020000057553", "Ltext": "영상ㆍ오디오 기록물 제작 및 배급업", "keyword": "녹음시설스튜디오운영/녹음시설운영/무상대여거래/인터넷이용/폼메일/트레이포인트/방법/마이룸/거래채결/회원정보데이타베이스", "document_type": "A"}, {"updateDate": "20220608", "LLno": "J", "SSno": "59202", "Stext": "오디오물 출판 및 원판 녹음업", "SStext": "녹음시설 운영업", "Mtext": "오디오물 출판 및 원판 녹음업", "Lno": "59", "ipc_main": "G06F-017/00", "Mno": "592", "country_code": "KR", "Sno": "5920", "LLtext": "정보통신업(58~63)", "documentId": "kr20000061622a", "application_number": "1020000061622", "Ltext": "영상ㆍ오디오 기록물 제작 및 배급업", "keyword": "없음", "document_type": "A"}, {"updateDate": "20220608", "LLno": "J", "SSno": "59202", "Stext": "오디오물 출판 및 원판 녹음업", "SStext": "녹음시설 운영업", "Mtext": "오디오물 출판 및 원판 녹음업", "Lno": "59", "ipc_main": "G06F-017/00", "Mno": "592", "country_code": "KR", "Sno": "5920", "LLtext": "정보통신업(58~63)", "documentId": "kr20000066548a", "application_number": "1020000066548", "Ltext": "영상ㆍ오디오 기록물 제작 및 배급업", "keyword": "계약음반원판생산/계약녹음서비스/시디음반제작/사용자선택/음반제작서버/저작권료/방법/특정서버접속/순서편집/샘플데이터", "document_type": "A"}, {"updateDate": "20220608", "LLno": "J", "SSno": "59202", "Stext": "오디오물 출판 및 원판 녹음업", "SStext": "녹음시설 운영업", "Mtext": "오디오물 출판 및 원판 녹음업", "Lno": "59", "ipc_main": "G11B-020/10", "Mno": "592", "country_code": "KR", "Sno": "5920", "LLtext": "정보통신업(58~63)", "documentId": "kr20000076948b1", "application_number": "1020000076948", "Ltext": "영상ㆍ오디오 기록물 제작 및 배급업", "keyword": "계약녹음서비스/녹음서비스/선곡기능/인간감정상태/음악제공시스템/바이오리듬/시스템/체킹목록/데이터베이스부/주제어부", "document_type": "B1"}, {"updateDate": "20220608", "LLno": "J", "SSno": "59202", "Stext": "오디오물 출판 및 원판 녹음업", "SStext": "녹음시설 운영업", "Mtext": "오디오물 출판 및 원판 녹음업", "Lno": "59", "ipc_main": "G10K-015/08", "Mno": "592", "country_code": "KR", "Sno": "5920", "LLtext": "정보통신업(58~63)", "documentId": "kr20007004231b1", "application_number": "1020007004231", "Ltext": "영상ㆍ오디오 기록물 제작 및 배급업", "keyword": "녹음시설스튜디오운영/녹음시설운영/가상음향환경/소리반사/매개변수화/전송함수규정/방법/의존필터/수진상치/음향환경", "document_type": "B1"}, {"updateDate": "20220608", "LLno": "J", "SSno": "59202", "Stext": "오디오물 출판 및 원판 녹음업", "SStext": "녹음시설 운영업", "Mtext": "오디오물 출판 및 원판 녹음업", "Lno": "59", "ipc_main": "G06F-017/00", "Mno": "592", "country_code": "KR", "Sno": "5920", "LLtext": "정보통신업(58~63)", "documentId": "kr20010001577b1", "application_number": "1020010001577", "Ltext": "영상ㆍ오디오 기록물 제작 및 배급업", "keyword": "계약음반원판생산/계약녹음서비스/정품음반인증/구동유닛/단말클라이언트/음반종류판별/방법/개인키암호화/트랙정보비교/음반정품여부", "document_type": "B1"}, {"updateDate": "20220608", "LLno": "J", "SSno": "59202", "Stext": "오디오물 출판 및 원판 녹음업", "SStext": "녹음시설 운영업", "Mtext": "오디오물 출판 및 원판 녹음업", "Lno": "59", "ipc_main": "G10K-015/04", "Mno": "592", "country_code": "KR", "Sno": "5920", "LLtext": "정보통신업(58~63)", "documentId": "kr20010003470a", "application_number": "1020010003470", "Ltext": "영상ㆍ오디오 기록물 제작 및 배급업", "keyword": "녹음서비스/녹음시설운영/가상현실장치/입체적분리/채널별음향데이터/배경효과공/장치/중앙처리장치/효과부/복수개채널", "document_type": "A"}, {"updateDate": "20220608", "LLno": "J", "SSno": "59202", "Stext": "오디오물 출판 및 원판 녹음업", "SStext": "녹음시설 운영업", "Mtext": "오디오물 출판 및 원판 녹음업", "Lno": "59", "ipc_main": "G06F-017/60A0", "Mno": "592", "country_code": "KR", "Sno": "5920", "LLtext": "정보통신업(58~63)", "documentId": "kr20010028893a", "application_number": "1020010028893", "Ltext": "영상ㆍ오디오 기록물 제작 및 배급업", "keyword": "계약음반원판생산/계약녹음서비스/음반구매/온라인상/음악청취/일괄구매/시스템/앨범테이블/세부이력정보/서버프로그램", "document_type": "A"}, {"updateDate": "20220608", "LLno": "J", "SSno": "59202", "Stext": "오디오물 출판 및 원판 녹음업", "SStext": "녹음시설 운영업", "Mtext": "오디오물 출판 및 원판 녹음업", "Lno": "59", "ipc_main": "G11B-019/02", "Mno": "592", "country_code": "KR", "Sno": "5920", "LLtext": "정보통신업(58~63)", "documentId": "kr20030003779a", "application_number": "1020030003779", "Ltext": "영상ㆍ오디오 기록물 제작 및 배급업", "keyword": "녹음서비스/녹음시설운영/레벨조절방법/오디오기록/재기록/오디오레벨평균치/방법/곡단위기록/디코딩/가변조절", "document_type": "A"}, {"updateDate": "20220608", "LLno": "J", "SSno": "59202", "Stext": "오디오물 출판 및 원판 녹음업", "SStext": "녹음시설 운영업", "Mtext": "오디오물 출판 및 원판 녹음업", "Lno": "59", "ipc_main": "H04B-001/40", "Mno": "592", "country_code": "KR", "Sno": "5920", "LLtext": "정보통신업(58~63)", "documentId": "kr20030004471y1", "application_number": "2020030004471", "Ltext": "영상ㆍ오디오 기록물 제작 및 배급업", "keyword": "녹음서비스/녹음시설운영/시계형생활무전기/소정동작/주파수공유/상대방무전기송신/장치/무선교신/음성데이터송출/동시전송", "document_type": "Y1"}, {"updateDate": "20220608", "LLno": "J", "SSno": "59202", "Stext": "오디오물 출판 및 원판 녹음업", "SStext": "녹음시설 운영업", "Mtext": "오디오물 출판 및 원판 녹음업", "Lno": "59", "ipc_main": "H04N-005/28", "Mno": "592", "country_code": "KR", "Sno": "5920", "LLtext": "정보통신업(58~63)", "documentId": "kr20030004690y1", "application_number": "2020030004690", "Ltext": "영상ㆍ오디오 기록물 제작 및 배급업", "keyword": "녹음서비스/녹음스튜디오운영/조립스튜디오/작은공간/조립스튜디오/바턴/조성물/고정연결판/ㄷ자형이음부재/받침롤러", "document_type": "Y1"}, {"updateDate": "20220608", "LLno": "J", "SSno": "59202", "Stext": "오디오물 출판 및 원판 녹음업", "SStext": "녹음시설 운영업", "Mtext": "오디오물 출판 및 원판 녹음업", "Lno": "59", "ipc_main": "G11B-031/02", "Mno": "592", "country_code": "KR", "Sno": "5920", "LLtext": "정보통신업(58~63)", "documentId": "kr20030015719y1", "application_number": "2020030015719", "Ltext": "영상ㆍ오디오 기록물 제작 및 배급업", "keyword": "녹음시설스튜디오운영/녹음시설운영/동영상합성장치/마스터라인/마이콤/자동조절/장치/영상신호/콘트롤프로세싱/마이콤", "document_type": "Y1"}, {"updateDate": "20220608", "LLno": "J", "SSno": "59202", "Stext": "오디오물 출판 및 원판 녹음업", "SStext": "녹음시설 운영업", "Mtext": "오디오물 출판 및 원판 녹음업", "Lno": "59", "ipc_main": "G10K-015/04", "Mno": "592", "country_code": "KR", "Sno": "5920", "LLtext": "정보통신업(58~63)", "documentId": "kr20030031948b1", "application_number": "1020030031948", "Ltext": "영상ㆍ오디오 기록물 제작 및 배급업", "keyword": "녹음서비스/녹음시설운영/디지털필터/유한탭길이/FIR필터/음향재생장치/장치/임펄스응답/콘벌루션/계수곱셈기", "document_type": "B1"}, {"updateDate": "20220608", "LLno": "J", "SSno": "59202", "Stext": "오디오물 출판 및 원판 녹음업", "SStext": "녹음시설 운영업", "Mtext": "오디오물 출판 및 원판 녹음업", "Lno": "59", "ipc_main": "G06F-017/60A4", "Mno": "592", "country_code": "KR", "Sno": "5920", "LLtext": "정보통신업(58~63)", "documentId": "kr20030081124a", "application_number": "1020030081124", "Ltext": "영상ㆍ오디오 기록물 제작 및 배급업", "keyword": "계약음반원판생산/녹음시설운영/음반추첨권/데이터통신망/포인트이용/관심유도/시스템/추첨응모/순위집계/음반순위제공서버", "document_type": "A"}, {"updateDate": "20220608", "LLno": "J", "SSno": "59202", "Stext": "오디오물 출판 및 원판 녹음업", "SStext": "녹음시설 운영업", "Mtext": "오디오물 출판 및 원판 녹음업", "Lno": "59", "ipc_main": "H04B-001/40", "Mno": "592", "country_code": "KR", "Sno": "5920", "LLtext": "정보통신업(58~63)", "documentId": "kr20030089643a", "application_number": "1020030089643", "Ltext": "영상ㆍ오디오 기록물 제작 및 배급업", "keyword": "녹음서비스/녹음시설운영/통화제어방법/녹음된음성/통화제어모드/무선송신/방법/음성무신신호/착신자음성출력/조작신호", "document_type": "A"}, {"updateDate": "20220608", "LLno": "J", "SSno": "59202", "Stext": "오디오물 출판 및 원판 녹음업", "SStext": "녹음시설 운영업", "Mtext": "오디오물 출판 및 원판 녹음업", "Lno": "59", "ipc_main": "G11B-020/10", "Mno": "592", "country_code": "KR", "Sno": "5920", "LLtext": "정보통신업(58~63)", "documentId": "kr20030092548a", "application_number": "1020030092548", "Ltext": "영상ㆍ오디오 기록물 제작 및 배급업", "keyword": "녹음서비스/녹음시설운영/외부녹음기능/카오디오/엠디알/클럭신호/시스템/데이터신호/SPDIF/음성신호출력", "document_type": "A"}, {"updateDate": "20220608", "LLno": "J", "SSno": "59202", "Stext": "오디오물 출판 및 원판 녹음업", "SStext": "녹음시설 운영업", "Mtext": "오디오물 출판 및 원판 녹음업", "Lno": "59", "ipc_main": "G11B-020/10", "Mno": "592", "country_code": "KR", "Sno": "5920", "LLtext": "정보통신업(58~63)", "documentId": "kr20040013844a", "application_number": "1020040013844", "Ltext": "영상ㆍ오디오 기록물 제작 및 배급업", "keyword": "녹음서비스/녹음스튜디오운영/뮤직박스단말기/복호화/불법복제방지/음반사업활성화/장치/터치스크린기능/프로세싱/특정데이타", "document_type": "A"}, {"updateDate": "20220608", "LLno": "J", "SSno": "59202", "Stext": "오디오물 출판 및 원판 녹음업", "SStext": "녹음시설 운영업", "Mtext": "오디오물 출판 및 원판 녹음업", "Lno": "59", "ipc_main": "G11B-020/10", "Mno": "592", "country_code": "KR", "Sno": "5920", "LLtext": "정보통신업(58~63)", "documentId": "kr20040019433a", "application_number": "1020040019433", "Ltext": "영상ㆍ오디오 기록물 제작 및 배급업", "keyword": "녹음서비스/녹음시설운영/광디스크레코더/메뉴픽처/기록방법/디브이디비디오모드/방법/재생제어/오디오스트림/연계기록", "document_type": "A"}, {"updateDate": "20220608", "LLno": "J", "SSno": "59202", "Stext": "오디오물 출판 및 원판 녹음업", "SStext": "녹음시설 운영업", "Mtext": "오디오물 출판 및 원판 녹음업", "Lno": "59", "ipc_main": "G11B-020/10", "Mno": "592", "country_code": "KR", "Sno": "5920", "LLtext": "정보통신업(58~63)", "documentId": "kr20040022076y1", "application_number": "2020040022076", "Ltext": "영상ㆍ오디오 기록물 제작 및 배급업", "keyword": "녹음서비스/녹음시설운영/오디오기록장치/전화기록/자동탐지/대화시간기록/장치/기록포맷/탐지활성화/전화정보수신", "document_type": "Y1"}, {"updateDate": "20220608", "LLno": "J", "SSno": "59202", "Stext": "오디오물 출판 및 원판 녹음업", "SStext": "녹음시설 운영업", "Mtext": "오디오물 출판 및 원판 녹음업", "Lno": "59", "ipc_main": "H04B-001/40", "Mno": "592", "country_code": "KR", "Sno": "5920", "LLtext": "정보통신업(58~63)", "documentId": "kr20040072729a", "application_number": "1020040072729", "Ltext": "영상ㆍ오디오 기록물 제작 및 배급업", "keyword": "녹음서비스/녹음시설운영/일정관리/음성녹음/반복수행/호연결/방법/통신단말기/음성일정내용전송/일정관리시점도래파단", "document_type": "A"}, {"updateDate": "20220608", "LLno": "J", "SSno": "59202", "Stext": "오디오물 출판 및 원판 녹음업", "SStext": "녹음시설 운영업", "Mtext": "오디오물 출판 및 원판 녹음업", "Lno": "59", "ipc_main": "H04B-001/40", "Mno": "592", "country_code": "KR", "Sno": "5920", "LLtext": "정보통신업(58~63)", "documentId": "kr20040073352a", "application_number": "1020040073352", "Ltext": "영상ㆍ오디오 기록물 제작 및 배급업", "keyword": "녹음서비스/녹음시설운영/음성데이터녹음/숫자키/녹음모드/동작실시/방법/숫자키대응/녹음재생모드/음성데이터재생", "document_type": "A"}, {"updateDate": "20220608", "LLno": "J", "SSno": "59202", "Stext": "오디오물 출판 및 원판 녹음업", "SStext": "녹음시설 운영업", "Mtext": "오디오물 출판 및 원판 녹음업", "Lno": "59", "ipc_main": "G11B-031/02", "Mno": "592", "country_code": "KR", "Sno": "5920", "LLtext": "정보통신업(58~63)", "documentId": "kr20040074207b1", "application_number": "1020040074207", "Ltext": "영상ㆍ오디오 기록물 제작 및 배급업", "keyword": "계약음반원판생산/녹음스튜디오운영/중앙처리장치/노래방기기용/RISC프로세서/데이터합성/장치/샘플링비율/진폭/가공출력", "document_type": "B1"}, {"updateDate": "20220608", "LLno": "J", "SSno": "59202", "Stext": "오디오물 출판 및 원판 녹음업", "SStext": "녹음시설 운영업", "Mtext": "오디오물 출판 및 원판 녹음업", "Lno": "59", "ipc_main": "H04B-001/40", "Mno": "592", "country_code": "KR", "Sno": "5920", "LLtext": "정보통신업(58~63)", "documentId": "kr20040115606a", "application_number": "1020040115606", "Ltext": "영상ㆍ오디오 기록물 제작 및 배급업", "keyword": "녹음서비스/녹음시설운영/이동통신단말기음성녹음/녹음기능/배경음악/배경음악저장/방법/동시저장/멀티미디어음원/배경음악지정", "document_type": "A"}, {"updateDate": "20220608", "LLno": "J", "SSno": "59202", "Stext": "오디오물 출판 및 원판 녹음업", "SStext": "녹음시설 운영업", "Mtext": "오디오물 출판 및 원판 녹음업", "Lno": "59", "ipc_main": "G11B-020/10", "Mno": "592", "country_code": "KR", "Sno": "5920", "LLtext": "정보통신업(58~63)", "documentId": "kr20047014613b1", "application_number": "1020047014613", "Ltext": "영상ㆍ오디오 기록물 제작 및 배급업", "keyword": "계약음반원판생산/녹음스튜디오운영/음악데이터처리/연주품질향상/동작제어모듈/음전비가변형/시스템/연주제어모듈/음정변화/각종명령수신", "document_type": "B1"}, {"updateDate": "20220608", "LLno": "J", "SSno": "59202", "Stext": "오디오물 출판 및 원판 녹음업", "SStext": "녹음시설 운영업", "Mtext": "오디오물 출판 및 원판 녹음업", "Lno": "59", "ipc_main": "G10K-001/062", "Mno": "592", "country_code": "KR", "Sno": "5920", "LLtext": "정보통신업(58~63)", "documentId": "kr20050001916a", "application_number": "1020050001916", "Ltext": "영상ㆍ오디오 기록물 제작 및 배급업", "keyword": "녹음서비스/녹음스튜디오운영/음향녹음양초/불꽃점화여부/빛감지소자/트리거/장치/재생반도체/음악신호/음성신호합성", "document_type": "A"}, {"updateDate": "20220608", "LLno": "J", "SSno": "59202", "Stext": "오디오물 출판 및 원판 녹음업", "SStext": "녹음시설 운영업", "Mtext": "오디오물 출판 및 원판 녹음업", "Lno": "59", "ipc_main": "H04B-001/40", "Mno": "592", "country_code": "KR", "Sno": "5920", "LLtext": "정보통신업(58~63)", "documentId": "kr20050016838b1", "application_number": "1020050016838", "Ltext": "영상ㆍ오디오 기록물 제작 및 배급업", "keyword": "녹음서비스/녹음시설운영/키버튼신호전송/음성인식/복합주파수부호/안전한방법/방법/음성인식모드/DTMF/신호송신", "document_type": "B1"}, {"updateDate": "20220608", "LLno": "J", "SSno": "59202", "Stext": "오디오물 출판 및 원판 녹음업", "SStext": "녹음시설 운영업", "Mtext": "오디오물 출판 및 원판 녹음업", "Lno": "59", "ipc_main": "G11B-020/04", "Mno": "592", "country_code": "KR", "Sno": "5920", "LLtext": "정보통신업(58~63)", "documentId": "kr20050028488y1", "application_number": "2020050028488", "Ltext": "영상ㆍ오디오 기록물 제작 및 배급업", "keyword": "녹음서비스/녹음시설운영/읽기전용메모리/오디오재생기/볼륨조절/읽기전용메모리/장치/ROM/디지털오디오/불법복제", "document_type": "Y1"}, {"updateDate": "20220608", "LLno": "J", "SSno": "59202", "Stext": "오디오물 출판 및 원판 녹음업", "SStext": "녹음시설 운영업", "Mtext": "오디오물 출판 및 원판 녹음업", "Lno": "59", "ipc_main": "A47B-081/06", "Mno": "592", "country_code": "KR", "Sno": "5920", "LLtext": "정보통신업(58~63)", "documentId": "kr20050029078y1", "application_number": "2020050029078", "Ltext": "영상ㆍ오디오 기록물 제작 및 배급업", "keyword": "계약음반원판생산/녹음시설운영/홈시어터기기/스탠드형텔레비젼/수납공간/음반서랍/장치/배선홈/스피커지지대/시청높이", "document_type": "Y1"}, {"updateDate": "20220608", "LLno": "J", "SSno": "59202", "Stext": "오디오물 출판 및 원판 녹음업", "SStext": "녹음시설 운영업", "Mtext": "오디오물 출판 및 원판 녹음업", "Lno": "59", "ipc_main": "H04N-005/60", "Mno": "592", "country_code": "KR", "Sno": "5920", "LLtext": "정보통신업(58~63)", "documentId": "kr20050037537a", "application_number": "1020050037537", "Ltext": "영상ㆍ오디오 기록물 제작 및 배급업", "keyword": "녹음서비스/녹음시설운영/디지털멀티미디어방송/오디오기록/저작권위배/컨텐츠오디오/방법/오디오파일변환/오디오파일기록/아날로그오디오변환", "document_type": "A"}, {"updateDate": "20220608", "LLno": "J", "SSno": "59202", "Stext": "오디오물 출판 및 원판 녹음업", "SStext": "녹음시설 운영업", "Mtext": "오디오물 출판 및 원판 녹음업", "Lno": "59", "ipc_main": "G11B-020/10", "Mno": "592", "country_code": "KR", "Sno": "5920", "LLtext": "정보통신업(58~63)", "documentId": "kr20050050067a", "application_number": "1020050050067", "Ltext": "영상ㆍ오디오 기록물 제작 및 배급업", "keyword": "녹음서비스/녹음스튜디오운영/부스형스튜디오/설치용이/노래/동영상/시스템/촬영장치/셋탑박스/엠프", "document_type": "A"}, {"updateDate": "20220608", "LLno": "J", "SSno": "59202", "Stext": "오디오물 출판 및 원판 녹음업", "SStext": "녹음시설 운영업", "Mtext": "오디오물 출판 및 원판 녹음업", "Lno": "59", "ipc_main": "G11B-031/02", "Mno": "592", "country_code": "KR", "Sno": "5920", "LLtext": "정보통신업(58~63)", "documentId": "kr20050056472a", "application_number": "1020050056472", "Ltext": "영상ㆍ오디오 기록물 제작 및 배급업", "keyword": "녹음시설운영/녹음스튜디오운영/노래방용영상/저장장치/비트스트림/음성기록/장치/LAN/압축코딩/음성저장장치", "document_type": "A"}, {"updateDate": "20220608", "LLno": "J", "SSno": "59202", "Stext": "오디오물 출판 및 원판 녹음업", "SStext": "녹음시설 운영업", "Mtext": "오디오물 출판 및 원판 녹음업", "Lno": "59", "ipc_main": "G11B-020/10", "Mno": "592", "country_code": "KR", "Sno": "5920", "LLtext": "정보통신업(58~63)", "documentId": "kr20050058631a", "application_number": "1020050058631", "Ltext": "영상ㆍ오디오 기록물 제작 및 배급업", "keyword": "계약음반원판생산/녹음시설운영/쥬크박스음악재생/고유식별번호/이동통신망/메시지송수신/시스템/제어용메시지/음악데이터/외부출력", "document_type": "A"}, {"updateDate": "20220608", "LLno": "J", "SSno": "59202", "Stext": "오디오물 출판 및 원판 녹음업", "SStext": "녹음시설 운영업", "Mtext": "오디오물 출판 및 원판 녹음업", "Lno": "59", "ipc_main": "G10K-015/08", "Mno": "592", "country_code": "KR", "Sno": "5920", "LLtext": "정보통신업(58~63)", "documentId": "kr20050076169b1", "application_number": "1020050076169", "Ltext": "영상ㆍ오디오 기록물 제작 및 배급업", "keyword": "녹음서비스/녹음시설운영/재생장치/역특성/음향특성출력부/음악데이터/시스템/잡음수단/변환수단/출력수단", "document_type": "B1"}, {"updateDate": "20220608", "LLno": "J", "SSno": "59202", "Stext": "오디오물 출판 및 원판 녹음업", "SStext": "녹음시설 운영업", "Mtext": "오디오물 출판 및 원판 녹음업", "Lno": "59", "ipc_main": "G11B-020/02", "Mno": "592", "country_code": "KR", "Sno": "5920", "LLtext": "정보통신업(58~63)", "documentId": "kr20050103906b1", "application_number": "1020050103906", "Ltext": "영상ㆍ오디오 기록물 제작 및 배급업", "keyword": "계약음반원판생산/녹음스튜디오운영/음악파일재생/이퀄라이징/개별청력상태/셋팅값/방법/음악파일/오디오신호/이퀄라이저셋팅값", "document_type": "B1"}, {"updateDate": "20220608", "LLno": "J", "SSno": "59202", "Stext": "오디오물 출판 및 원판 녹음업", "SStext": "녹음시설 운영업", "Mtext": "오디오물 출판 및 원판 녹음업", "Lno": "59", "ipc_main": "H04B-001/40", "Mno": "592", "country_code": "KR", "Sno": "5920", "LLtext": "정보통신업(58~63)", "documentId": "kr20050124546a", "application_number": "1020050124546", "Ltext": "영상ㆍ오디오 기록물 제작 및 배급업", "keyword": "녹음서비스/녹음시설운영/블루투스핸즈프리/무선통신/음성데이터/제어모듈/장치/재생모듈/네트워크수신/음성신호", "document_type": "A"}, {"updateDate": "20220608", "LLno": "J", "SSno": "59202", "Stext": "오디오물 출판 및 원판 녹음업", "SStext": "녹음시설 운영업", "Mtext": "오디오물 출판 및 원판 녹음업", "Lno": "59", "ipc_main": "G11B-020/10", "Mno": "592", "country_code": "KR", "Sno": "5920", "LLtext": "정보통신업(58~63)", "documentId": "kr20060004089a", "application_number": "1020060004089", "Ltext": "영상ㆍ오디오 기록물 제작 및 배급업", "keyword": "녹음서비스/녹음시설운영/오디오조명장치/음악신호데이터/감성조명/패턴출력부/장치/데이터증폭/감성조명/광출력", "document_type": "A"}, {"updateDate": "20220608", "LLno": "J", "SSno": "59202", "Stext": "오디오물 출판 및 원판 녹음업", "SStext": "녹음시설 운영업", "Mtext": "오디오물 출판 및 원판 녹음업", "Lno": "59", "ipc_main": "G06Q-099/00", "Mno": "592", "country_code": "KR", "Sno": "5920", "LLtext": "정보통신업(58~63)", "documentId": "kr20060012302a", "application_number": "1020060012302", "Ltext": "영상ㆍ오디오 기록물 제작 및 배급업", "keyword": "계약음반원판생산/녹음스튜디오운영/데모곡통합프로모션/지망생/웹사이트/다운로드/시스템/사이트서버/기획사프로모션/수익분배", "document_type": "A"}, {"updateDate": "20220608", "LLno": "J", "SSno": "59202", "Stext": "오디오물 출판 및 원판 녹음업", "SStext": "녹음시설 운영업", "Mtext": "오디오물 출판 및 원판 녹음업", "Lno": "59", "ipc_main": "G10K-011/20", "Mno": "592", "country_code": "KR", "Sno": "5920", "LLtext": "정보통신업(58~63)", "documentId": "kr20060013173y1", "application_number": "2020060013173", "Ltext": "영상ㆍ오디오 기록물 제작 및 배급업", "keyword": "녹음서비스/녹음시설운영/접철식음향반사장치/다양한형태/콘서트홀/적은비용/장치/공연장/이동식/접철가능", "document_type": "Y1"}, {"updateDate": "20220608", "LLno": "J", "SSno": "59202", "Stext": "오디오물 출판 및 원판 녹음업", "SStext": "녹음시설 운영업", "Mtext": "오디오물 출판 및 원판 녹음업", "Lno": "59", "ipc_main": "G11B-020/10", "Mno": "592", "country_code": "KR", "Sno": "5920", "LLtext": "정보통신업(58~63)", "documentId": "kr20060018322a", "application_number": "1020060018322", "Ltext": "영상ㆍ오디오 기록물 제작 및 배급업", "keyword": "녹음서비스/녹음시설운영/락설정기능/디스플레이출력/락설정/리스트업/장치/휘도신호/RF출력단자/영상신호", "document_type": "A"}, {"updateDate": "20220608", "LLno": "J", "SSno": "59202", "Stext": "오디오물 출판 및 원판 녹음업", "SStext": "녹음시설 운영업", "Mtext": "오디오물 출판 및 원판 녹음업", "Lno": "59", "ipc_main": "H04N-005/761", "Mno": "592", "country_code": "KR", "Sno": "5920", "LLtext": "정보통신업(58~63)", "documentId": "kr20060029790b1", "application_number": "1020060029790", "Ltext": "영상ㆍ오디오 기록물 제작 및 배급업", "keyword": "녹음서비스/녹음시설운영/방송신호/휴대용단말기/재생제어신호/방송정보/장치/음향신호증폭/디스플레이부/튜너부", "document_type": "B1"}, {"updateDate": "20220608", "LLno": "J", "SSno": "59202", "Stext": "오디오물 출판 및 원판 녹음업", "SStext": "녹음시설 운영업", "Mtext": "오디오물 출판 및 원판 녹음업", "Lno": "59", "ipc_main": "G06Q-099/00", "Mno": "592", "country_code": "KR", "Sno": "5920", "LLtext": "정보통신업(58~63)", "documentId": "kr20060031177a", "application_number": "1020060031177", "Ltext": "영상ㆍ오디오 기록물 제작 및 배급업", "keyword": "계약음반원판생산/레코드원판녹음서비스/전자음반처리방법/기록매체/저장매체/DRM/방법/단말장치/가공처리/음원메모리", "document_type": "A"}, {"updateDate": "20220608", "LLno": "J", "SSno": "59202", "Stext": "오디오물 출판 및 원판 녹음업", "SStext": "녹음시설 운영업", "Mtext": "오디오물 출판 및 원판 녹음업", "Lno": "59", "ipc_main": "G11B-031/02", "Mno": "592", "country_code": "KR", "Sno": "5920", "LLtext": "정보통신업(58~63)", "documentId": "kr20060048559a", "application_number": "1020060048559", "Ltext": "영상ㆍ오디오 기록물 제작 및 배급업", "keyword": "녹음시설스튜디오운영/녹음시설운영/노래반주기시스템/배경영상/표시패널/매모리확장팩/시스템/제어버튼/연동/노래선곡", "document_type": "A"}, {"updateDate": "20220608", "LLno": "J", "SSno": "59202", "Stext": "오디오물 출판 및 원판 녹음업", "SStext": "녹음시설 운영업", "Mtext": "오디오물 출판 및 원판 녹음업", "Lno": "59", "ipc_main": "G06F-017/00", "Mno": "592", "country_code": "KR", "Sno": "5920", "LLtext": "정보통신업(58~63)", "documentId": "kr20060095528a", "application_number": "1020060095528", "Ltext": "영상ㆍ오디오 기록물 제작 및 배급업", "keyword": "계약음반원판생산/녹음스튜디오운영/디지털음반생성/미디어서버/데이터결합/오디션/방법/음원데이터/디지털음반/영상데이터", "document_type": "A"}, {"updateDate": "20220608", "LLno": "J", "SSno": "59202", "Stext": "오디오물 출판 및 원판 녹음업", "SStext": "녹음시설 운영업", "Mtext": "오디오물 출판 및 원판 녹음업", "Lno": "59", "ipc_main": "H04Q-007/20", "Mno": "592", "country_code": "KR", "Sno": "5920", "LLtext": "정보통신업(58~63)", "documentId": "kr20060121255a", "application_number": "1020060121255", "Ltext": "영상ㆍ오디오 기록물 제작 및 배급업", "keyword": "녹음서비스/녹음시설운영/도서음반정보제공/데이터베이스/불필요/인트라넷/방법/홈페이지/색인정보/SMS서비스", "document_type": "A"}, {"updateDate": "20220608", "LLno": "J", "SSno": "59202", "Stext": "오디오물 출판 및 원판 녹음업", "SStext": "녹음시설 운영업", "Mtext": "오디오물 출판 및 원판 녹음업", "Lno": "59", "ipc_main": "G11B-020/10", "Mno": "592", "country_code": "KR", "Sno": "5920", "LLtext": "정보통신업(58~63)", "documentId": "kr20060124611a", "application_number": "1020060124611", "Ltext": "영상ㆍ오디오 기록물 제작 및 배급업", "keyword": "녹음서비스/녹음시설운영/음악파일부가정보업데이트/디스플레이장치/인터페이스/업데이트/방법/기록매체/부가정보/데이터베이스", "document_type": "A"}, {"updateDate": "20220608", "LLno": "J", "SSno": "59202", "Stext": "오디오물 출판 및 원판 녹음업", "SStext": "녹음시설 운영업", "Mtext": "오디오물 출판 및 원판 녹음업", "Lno": "59", "ipc_main": "G06F-003/12", "Mno": "592", "country_code": "KR", "Sno": "5920", "LLtext": "정보통신업(58~63)", "documentId": "kr20060132861a", "application_number": "1020060132861", "Ltext": "영상ㆍ오디오 기록물 제작 및 배급업", "keyword": "없음", "document_type": "A"}, {"updateDate": "20220608", "LLno": "J", "SSno": "59202", "Stext": "오디오물 출판 및 원판 녹음업", "SStext": "녹음시설 운영업", "Mtext": "오디오물 출판 및 원판 녹음업", "Lno": "59", "ipc_main": "G06Q-050/00", "Mno": "592", "country_code": "KR", "Sno": "5920", "LLtext": "정보통신업(58~63)", "documentId": "kr20070041739a", "application_number": "1020070041739", "Ltext": "영상ㆍ오디오 기록물 제작 및 배급업", "keyword": "계약음반원판생산/계약녹음서비스/음반제작/멀티미디어/소프트웨어/구매자노래/방법/완성된곡/채널컷트/세미에이알", "document_type": "A"}, {"updateDate": "20220608", "LLno": "J", "SSno": "59202", "Stext": "오디오물 출판 및 원판 녹음업", "SStext": "녹음시설 운영업", "Mtext": "오디오물 출판 및 원판 녹음업", "Lno": "59", "ipc_main": "G11B-020/10", "Mno": "592", "country_code": "KR", "Sno": "5920", "LLtext": "정보통신업(58~63)", "documentId": "kr20070062542a", "application_number": "1020070062542", "Ltext": "영상ㆍ오디오 기록물 제작 및 배급업", "keyword": "레코드원판녹음서비스/계약음반원판생산/전자음반데이터/강제설정/인증키/IC칩/방법/음원용응용프로그램/전자음반장치인증정보/읽기전용", "document_type": "A"}, {"updateDate": "20220608", "LLno": "J", "SSno": "59202", "Stext": "오디오물 출판 및 원판 녹음업", "SStext": "녹음시설 운영업", "Mtext": "오디오물 출판 및 원판 녹음업", "Lno": "59", "ipc_main": "G11B-027/10", "Mno": "592", "country_code": "KR", "Sno": "5920", "LLtext": "정보통신업(58~63)", "documentId": "kr20070090976a", "application_number": "1020070090976", "Ltext": "영상ㆍ오디오 기록물 제작 및 배급업", "keyword": "녹음서비스/녹음시설운영/재생장치/특징해석/처리부하/PL/장치/미해석콘텐츠데이터/해석개시/데이터등록", "document_type": "A"}, {"updateDate": "20220608", "LLno": "J", "SSno": "59202", "Stext": "오디오물 출판 및 원판 녹음업", "SStext": "녹음시설 운영업", "Mtext": "오디오물 출판 및 원판 녹음업", "Lno": "59", "ipc_main": "G11B-027/10", "Mno": "592", "country_code": "KR", "Sno": "5920", "LLtext": "정보통신업(58~63)", "documentId": "kr20070095787b1", "application_number": "1020070095787", "Ltext": "영상ㆍ오디오 기록물 제작 및 배급업", "keyword": "녹음서비스/녹음시설운영/재생장치/편리성향상/콘텐츠기억부/리모트컨트롤러/장치/콘텐츠절환/속성정보/절환명령", "document_type": "B1"}, {"updateDate": "20220608", "LLno": "J", "SSno": "59202", "Stext": "오디오물 출판 및 원판 녹음업", "SStext": "녹음시설 운영업", "Mtext": "오디오물 출판 및 원판 녹음업", "Lno": "59", "ipc_main": "G06F-017/00", "Mno": "592", "country_code": "KR", "Sno": "5920", "LLtext": "정보통신업(58~63)", "documentId": "kr20070121161a", "application_number": "1020070121161", "Ltext": "영상ㆍ오디오 기록물 제작 및 배급업", "keyword": "계약음반원판생산/레코드원판녹음서비스/전자음반처리방법/프로그램기록매체/음원메모리영역/강제설정/방법/접근권한/추출수단/음원데이터", "document_type": "A"}, {"updateDate": "20220608", "LLno": "J", "SSno": "59202", "Stext": "오디오물 출판 및 원판 녹음업", "SStext": "녹음시설 운영업", "Mtext": "오디오물 출판 및 원판 녹음업", "Lno": "59", "ipc_main": "G11B-031/02", "Mno": "592", "country_code": "KR", "Sno": "5920", "LLtext": "정보통신업(58~63)", "documentId": "kr20080001865b1", "application_number": "1020080001865", "Ltext": "영상ㆍ오디오 기록물 제작 및 배급업", "keyword": "녹음서비스/녹음시설운영/자동키매칭/오디오소스/키매칭/조옮김/방법/오디오신호키/전자악기키정보/자동키매칭", "document_type": "B1"}, {"updateDate": "20220608", "LLno": "J", "SSno": "59202", "Stext": "오디오물 출판 및 원판 녹음업", "SStext": "녹음시설 운영업", "Mtext": "오디오물 출판 및 원판 녹음업", "Lno": "59", "ipc_main": "G06Q-010/00", "Mno": "592", "country_code": "KR", "Sno": "5920", "LLtext": "정보통신업(58~63)", "documentId": "kr20080032543a", "application_number": "1020080032543", "Ltext": "영상ㆍ오디오 기록물 제작 및 배급업", "keyword": "녹음서비스/녹음시설운영/기업용통합솔루션/전자세금계산서/화상회의/IT통합솔루션/방법/녹화VOD교육솔루션/보안인증솔루션/전자카달로그", "document_type": "A"}, {"updateDate": "20220608", "LLno": "J", "SSno": "59202", "Stext": "오디오물 출판 및 원판 녹음업", "SStext": "녹음시설 운영업", "Mtext": "오디오물 출판 및 원판 녹음업", "Lno": "59", "ipc_main": "H04B-001/40", "Mno": "592", "country_code": "KR", "Sno": "5920", "LLtext": "정보통신업(58~63)", "documentId": "kr20080046594a", "application_number": "1020080046594", "Ltext": "영상ㆍ오디오 기록물 제작 및 배급업", "keyword": "녹음서비스/녹음시설운영/음성녹음장치/음원데이터/디스플레이/문서데이터/장치/음원재생/저장부/음원", "document_type": "A"}, {"updateDate": "20220608", "LLno": "J", "SSno": "59202", "Stext": "오디오물 출판 및 원판 녹음업", "SStext": "녹음시설 운영업", "Mtext": "오디오물 출판 및 원판 녹음업", "Lno": "59", "ipc_main": "A63H-003/28", "Mno": "592", "country_code": "KR", "Sno": "5920", "LLtext": "정보통신업(58~63)", "documentId": "kr20080065788a", "application_number": "1020080065788", "Ltext": "영상ㆍ오디오 기록물 제작 및 배급업", "keyword": "계약음반원판생산/녹음스튜디오운영/캐릭터인형/디지털음원/음성입력/컨트롤유닛/장치/플레이/스피커/음악정보", "document_type": "A"}, {"updateDate": "20220608", "LLno": "J", "SSno": "59202", "Stext": "오디오물 출판 및 원판 녹음업", "SStext": "녹음시설 운영업", "Mtext": "오디오물 출판 및 원판 녹음업", "Lno": "59", "ipc_main": "G11B-020/10", "Mno": "592", "country_code": "KR", "Sno": "5920", "LLtext": "정보통신업(58~63)", "documentId": "kr20080122648b1", "application_number": "1020080122648", "Ltext": "영상ㆍ오디오 기록물 제작 및 배급업", "keyword": "레코드원판녹음서비스/계약음반원판생산/음악선곡시스템/바이오리듬/음악데이터베이스/감성지수산출/시스템/음악파일선곡/기분상태/장르조합지수", "document_type": "B1"}, {"updateDate": "20220608", "LLno": "J", "SSno": "59202", "Stext": "오디오물 출판 및 원판 녹음업", "SStext": "녹음시설 운영업", "Mtext": "오디오물 출판 및 원판 녹음업", "Lno": "59", "ipc_main": "H04M-001/64", "Mno": "592", "country_code": "KR", "Sno": "5920", "LLtext": "정보통신업(58~63)", "documentId": "kr20080129094a", "application_number": "1020080129094", "Ltext": "영상ㆍ오디오 기록물 제작 및 배급업", "keyword": "녹음서비스/녹음시설운영/인터폰적용/회로기판/낯선방문자/성인남자목소리/장치/가정용인터폰/다수녹음/직접선택", "document_type": "A"}, {"updateDate": "20220608", "LLno": "J", "SSno": "59202", "Stext": "오디오물 출판 및 원판 녹음업", "SStext": "녹음시설 운영업", "Mtext": "오디오물 출판 및 원판 녹음업", "Lno": "59", "ipc_main": "G10K-015/00", "Mno": "592", "country_code": "KR", "Sno": "5920", "LLtext": "정보통신업(58~63)", "documentId": "kr20087028457a", "application_number": "1020087028457", "Ltext": "영상ㆍ오디오 기록물 제작 및 배급업", "keyword": "녹음서비스/레코드원판녹음서비스/음악상호작용/무선통신/인터페이스/시퀀스/시스템/악곡/상이한파트/식별코드", "document_type": "A"}, {"updateDate": "20220608", "LLno": "J", "SSno": "59202", "Stext": "오디오물 출판 및 원판 녹음업", "SStext": "녹음시설 운영업", "Mtext": "오디오물 출판 및 원판 녹음업", "Lno": "59", "ipc_main": "H04R-001/08", "Mno": "592", "country_code": "KR", "Sno": "5920", "LLtext": "정보통신업(58~63)", "documentId": "kr20090013203u", "application_number": "2020090013203", "Ltext": "영상ㆍ오디오 기록물 제작 및 배급업", "keyword": "녹음서비스/녹음시설운영/노래용마이크/음성녹음/마이크로본체/기능선택스위치/장치/음향혼합기/에코기능/음악입력잭", "document_type": "U"}, {"updateDate": "20220608", "LLno": "J", "SSno": "59202", "Stext": "오디오물 출판 및 원판 녹음업", "SStext": "녹음시설 운영업", "Mtext": "오디오물 출판 및 원판 녹음업", "Lno": "59", "ipc_main": "G10K-011/16", "Mno": "592", "country_code": "KR", "Sno": "5920", "LLtext": "정보통신업(58~63)", "documentId": "kr20090133832b1", "application_number": "1020090133832", "Ltext": "영상ㆍ오디오 기록물 제작 및 배급업", "keyword": "녹음서비스/녹음시설운영/진동유입방지용/노이즈/연질/공기매질/장치/마이크로폰/노이즈제거/RF음원신호", "document_type": "B1"}, {"updateDate": "20220608", "LLno": "J", "SSno": "59202", "Stext": "오디오물 출판 및 원판 녹음업", "SStext": "녹음시설 운영업", "Mtext": "오디오물 출판 및 원판 녹음업", "Lno": "59", "ipc_main": "G11B-020/10", "Mno": "592", "country_code": "KR", "Sno": "5920", "LLtext": "정보통신업(58~63)", "documentId": "kr20097016698b1", "application_number": "1020097016698", "Ltext": "영상ㆍ오디오 기록물 제작 및 배급업", "keyword": "계약음반원판생산/녹음시설운영/음악재생장치/악곡데이터/음성데이터/메타데이터/장치/변환수단/제어정보/재생", "document_type": "B1"}, {"updateDate": "20220608", "LLno": "J", "SSno": "59202", "Stext": "오디오물 출판 및 원판 녹음업", "SStext": "녹음시설 운영업", "Mtext": "오디오물 출판 및 원판 녹음업", "Lno": "59", "ipc_main": "G06Q-050/00", "Mno": "592", "country_code": "KR", "Sno": "5920", "LLtext": "정보통신업(58~63)", "documentId": "kr20100083205a", "application_number": "1020100083205", "Ltext": "영상ㆍ오디오 기록물 제작 및 배급업", "keyword": "녹음서비스/녹음시설운영/음반제작방법/샌디스크/활성화/샌디스크음반/방법/음반화/동영상음악/아이패드", "document_type": "A"}, {"updateDate": "20220608", "LLno": "J", "SSno": "59202", "Stext": "오디오물 출판 및 원판 녹음업", "SStext": "녹음시설 운영업", "Mtext": "오디오물 출판 및 원판 녹음업", "Lno": "59", "ipc_main": "G10K-011/28", "Mno": "592", "country_code": "KR", "Sno": "5920", "LLtext": "정보통신업(58~63)", "documentId": "kr20100098669b1", "application_number": "1020100098669", "Ltext": "영상ㆍ오디오 기록물 제작 및 배급업", "keyword": "녹음서비스/녹음시설운영/음향반사장치/브라켓/지지봉/소정각도/장치/지지부/상하이동/회전가능", "document_type": "B1"}, {"updateDate": "20220608", "LLno": "J", "SSno": "59202", "Stext": "오디오물 출판 및 원판 녹음업", "SStext": "녹음시설 운영업", "Mtext": "오디오물 출판 및 원판 녹음업", "Lno": "59", "ipc_main": "G11B-020/10", "Mno": "592", "country_code": "KR", "Sno": "5920", "LLtext": "정보통신업(58~63)", "documentId": "kr20100107516a", "application_number": "1020100107516", "Ltext": "영상ㆍ오디오 기록물 제작 및 배급업", "keyword": "녹음서비스/레코드원판녹음서비스/음악재생기기/CD/신시간/다양한정보제공/방법/음악재생/네트워크연결/음악정보서버", "document_type": "A"}, {"updateDate": "20220608", "LLno": "J", "SSno": "59202", "Stext": "오디오물 출판 및 원판 녹음업", "SStext": "녹음시설 운영업", "Mtext": "오디오물 출판 및 원판 녹음업", "Lno": "59", "ipc_main": "G11B-031/02", "Mno": "592", "country_code": "KR", "Sno": "5920", "LLtext": "정보통신업(58~63)", "documentId": "kr20100118062b1", "application_number": "1020100118062", "Ltext": "영상ㆍ오디오 기록물 제작 및 배급업", "keyword": "녹음서비스/녹음시설운영/증강현실영상/반주음악/실제영상/캐릭터/장치/랜더링부/마커/가상영상", "document_type": "B1"}, {"updateDate": "20220608", "LLno": "J", "SSno": "59202", "Stext": "오디오물 출판 및 원판 녹음업", "SStext": "녹음시설 운영업", "Mtext": "오디오물 출판 및 원판 녹음업", "Lno": "59", "ipc_main": "G11B-031/02", "Mno": "592", "country_code": "KR", "Sno": "5920", "LLtext": "정보통신업(58~63)", "documentId": "kr20100129129a", "application_number": "1020100129129", "Ltext": "영상ㆍ오디오 기록물 제작 및 배급업", "keyword": "녹음서비스/녹음시설운영/무선전자피커션/음악신호/노래방시스템/노래반주장치/시스템/동작센서/오디오신호/움직임", "document_type": "A"}, {"updateDate": "20220608", "LLno": "J", "SSno": "59202", "Stext": "오디오물 출판 및 원판 녹음업", "SStext": "녹음시설 운영업", "Mtext": "오디오물 출판 및 원판 녹음업", "Lno": "59", "ipc_main": "G10K-011/20", "Mno": "592", "country_code": "KR", "Sno": "5920", "LLtext": "정보통신업(58~63)", "documentId": "kr20100133578b1", "application_number": "1020100133578", "Ltext": "영상ㆍ오디오 기록물 제작 및 배급업", "keyword": "녹음서비스/녹음시설운영/음향반사장치/이동가능/지지봉/볼록한형상/장치/음향반사판/상하이동/LED광원", "document_type": "B1"}, {"updateDate": "20220608", "LLno": "J", "SSno": "59202", "Stext": "오디오물 출판 및 원판 녹음업", "SStext": "녹음시설 운영업", "Mtext": "오디오물 출판 및 원판 녹음업", "Lno": "59", "ipc_main": "G11B-020/10", "Mno": "592", "country_code": "KR", "Sno": "5920", "LLtext": "정보통신업(58~63)", "documentId": "kr20110006528b1", "application_number": "1020110006528", "Ltext": "영상ㆍ오디오 기록물 제작 및 배급업", "keyword": "녹음서비스/녹음시설운영/이동수신장치/재생방법/정보필드/상기장애/장치/연산유닛/데이터필드/데이터베이스엔트리", "document_type": "B1"}, {"updateDate": "20220608", "LLno": "J", "SSno": "59202", "Stext": "오디오물 출판 및 원판 녹음업", "SStext": "녹음시설 운영업", "Mtext": "오디오물 출판 및 원판 녹음업", "Lno": "59", "ipc_main": "G11B-027/10", "Mno": "592", "country_code": "KR", "Sno": "5920", "LLtext": "정보통신업(58~63)", "documentId": "kr20110076818b1", "application_number": "1020110076818", "Ltext": "영상ㆍ오디오 기록물 제작 및 배급업", "keyword": "레코드원판녹음서비스/녹음시설운영/자동선곡장치/패턴정보/스펙트럼분석기/링타입형태/장치/음악파일정보/취향/리스트분류기", "document_type": "B1"}, {"updateDate": "20220608", "LLno": "J", "SSno": "59202", "Stext": "오디오물 출판 및 원판 녹음업", "SStext": "녹음시설 운영업", "Mtext": "오디오물 출판 및 원판 녹음업", "Lno": "59", "ipc_main": "G06F-003/16", "Mno": "592", "country_code": "KR", "Sno": "5920", "LLtext": "정보통신업(58~63)", "documentId": "kr20110135334a", "application_number": "1020110135334", "Ltext": "영상ㆍ오디오 기록물 제작 및 배급업", "keyword": "녹음서비스/녹음시설운영/음성명령수행장치/인터페이스/저장메모리/다양한기능/시스템/음성안내부/독출/상기장치", "document_type": "A"}, {"updateDate": "20220608", "LLno": "J", "SSno": "59202", "Stext": "오디오물 출판 및 원판 녹음업", "SStext": "녹음시설 운영업", "Mtext": "오디오물 출판 및 원판 녹음업", "Lno": "59", "ipc_main": "G11B-020/10", "Mno": "592", "country_code": "KR", "Sno": "5920", "LLtext": "정보통신업(58~63)", "documentId": "kr20117017637b1", "application_number": "1020117017637", "Ltext": "영상ㆍ오디오 기록물 제작 및 배급업", "keyword": "녹음서비스/레코드원판녹음서비스/로컬콘텐츠전환/스트리밍음악/네트워크인터럽션/음악스트림/방법/컨텐츠/플레이/서버", "document_type": "B1"}, {"updateDate": "20220608", "LLno": "J", "SSno": "59202", "Stext": "오디오물 출판 및 원판 녹음업", "SStext": "녹음시설 운영업", "Mtext": "오디오물 출판 및 원판 녹음업", "Lno": "59", "ipc_main": "G11B-020/10", "Mno": "592", "country_code": "KR", "Sno": "5920", "LLtext": "정보통신업(58~63)", "documentId": "kr20120013599a", "application_number": "1020120013599", "Ltext": "영상ㆍ오디오 기록물 제작 및 배급업", "keyword": "녹음서비스/계약음반원판생산/디제잉레코딩/카운팅/용량최소화/디제잉시퀀스정보/방법/레코딩/종료명령/실행시작시간", "document_type": "A"}, {"updateDate": "20220608", "LLno": "J", "SSno": "59202", "Stext": "오디오물 출판 및 원판 녹음업", "SStext": "녹음시설 운영업", "Mtext": "오디오물 출판 및 원판 녹음업", "Lno": "59", "ipc_main": "G10L-019/00", "Mno": "592", "country_code": "KR", "Sno": "5920", "LLtext": "정보통신업(58~63)", "documentId": "kr20120088168b1", "application_number": "1020120088168", "Ltext": "영상ㆍ오디오 기록물 제작 및 배급업", "keyword": "녹음서비스/녹음시설운영/발성크기정보획득/크기분석/임계치범위/음성신호수신/장치/거리조정부/신호발생부/제어부", "document_type": "B1"}, {"updateDate": "20220608", "LLno": "J", "SSno": "59202", "Stext": "오디오물 출판 및 원판 녹음업", "SStext": "녹음시설 운영업", "Mtext": "오디오물 출판 및 원판 녹음업", "Lno": "59", "ipc_main": "G11B-020/10", "Mno": "592", "country_code": "KR", "Sno": "5920", "LLtext": "정보통신업(58~63)", "documentId": "kr20120145891b1", "application_number": "1020120145891", "Ltext": "영상ㆍ오디오 기록물 제작 및 배급업", "keyword": "녹음서비스/녹음시설운영/녹음파일제어단말장치/시작명령/종류구별/종료명령/장치/정보획득부/프로세서/키워드", "document_type": "B1"}, {"updateDate": "20220608", "LLno": "J", "SSno": "59202", "Stext": "오디오물 출판 및 원판 녹음업", "SStext": "녹음시설 운영업", "Mtext": "오디오물 출판 및 원판 녹음업", "Lno": "59", "ipc_main": "G11B-031/02", "Mno": "592", "country_code": "KR", "Sno": "5920", "LLtext": "정보통신업(58~63)", "documentId": "kr20130073867b1", "application_number": "1020130073867", "Ltext": "영상ㆍ오디오 기록물 제작 및 배급업", "keyword": "녹음서비스/녹음스튜디오운영/노래반주장치/영상녹화/차량탑재/분리가능/장치/플러그수영/모듈결합/외부장치", "document_type": "B1"}, {"updateDate": "20220608", "LLno": "J", "SSno": "59202", "Stext": "오디오물 출판 및 원판 녹음업", "SStext": "녹음시설 운영업", "Mtext": "오디오물 출판 및 원판 녹음업", "Lno": "59", "ipc_main": "G06F-003/16", "Mno": "592", "country_code": "KR", "Sno": "5920", "LLtext": "정보통신업(58~63)", "documentId": "kr20130088254b1", "application_number": "1020130088254", "Ltext": "영상ㆍ오디오 기록물 제작 및 배급업", "keyword": "녹음서비스/녹음시설운영/음성입력제어방법/음성인식기능/마이크동작/데이터수집종료/방법/터치입력/비동작상태/마이크", "document_type": "B1"}, {"updateDate": "20220608", "LLno": "J", "SSno": "59202", "Stext": "오디오물 출판 및 원판 녹음업", "SStext": "녹음시설 운영업", "Mtext": "오디오물 출판 및 원판 녹음업", "Lno": "59", "ipc_main": "H04B-001/40", "Mno": "592", "country_code": "KR", "Sno": "5920", "LLtext": "정보통신업(58~63)", "documentId": "kr20130101216a", "application_number": "1020130101216", "Ltext": "영상ㆍ오디오 기록물 제작 및 배급업", "keyword": "녹음서비스/녹음시설운영/음성녹음방법/빔포밍방향/마이크로폰/음성신호리코딩/방법/전자장치/음성녹음모드/방향결정", "document_type": "A"}, {"updateDate": "20220608", "LLno": "J", "SSno": "59202", "Stext": "오디오물 출판 및 원판 녹음업", "SStext": "녹음시설 운영업", "Mtext": "오디오물 출판 및 원판 녹음업", "Lno": "59", "ipc_main": "G11B-020/10", "Mno": "592", "country_code": "KR", "Sno": "5920", "LLtext": "정보통신업(58~63)", "documentId": "kr20130120425b1", "application_number": "1020130120425", "Ltext": "영상ㆍ오디오 기록물 제작 및 배급업", "keyword": "녹음서비스/녹음시설운영/동영상녹음장치/녹음시작요청/녹음종료요청/이동단말제공/장치/음성추출/텍스트변환/구간영상대응", "document_type": "B1"}, {"updateDate": "20220608", "LLno": "J", "SSno": "59202", "Stext": "오디오물 출판 및 원판 녹음업", "SStext": "녹음시설 운영업", "Mtext": "오디오물 출판 및 원판 녹음업", "Lno": "59", "ipc_main": "G10K-011/18", "Mno": "592", "country_code": "KR", "Sno": "5920", "LLtext": "정보통신업(58~63)", "documentId": "kr20137003736a", "application_number": "1020137003736", "Ltext": "영상ㆍ오디오 기록물 제작 및 배급업", "keyword": "녹음서비스/녹음시설운영/음향반사기/틀로코어/음파/재복사/장치/수중용/구멍형성/반사기", "document_type": "A"}, {"updateDate": "20220608", "LLno": "J", "SSno": "59202", "Stext": "오디오물 출판 및 원판 녹음업", "SStext": "녹음시설 운영업", "Mtext": "오디오물 출판 및 원판 녹음업", "Lno": "59", "ipc_main": "G06F-003/16", "Mno": "592", "country_code": "KR", "Sno": "5920", "LLtext": "정보통신업(58~63)", "documentId": "kr20140009388b1", "application_number": "1020140009388", "Ltext": "영상ㆍ오디오 기록물 제작 및 배급업", "keyword": "녹음서비스/녹음시설운영/디스플레이장치/음성제어/텍스트변환/제어동작/장치/음성입력/음성수신부/스크린", "document_type": "B1"}, {"updateDate": "20220608", "LLno": "J", "SSno": "59202", "Stext": "오디오물 출판 및 원판 녹음업", "SStext": "녹음시설 운영업", "Mtext": "오디오물 출판 및 원판 녹음업", "Lno": "59", "ipc_main": "G11B-027/02", "Mno": "592", "country_code": "KR", "Sno": "5920", "LLtext": "정보통신업(58~63)", "documentId": "kr20140029222a", "application_number": "1020140029222", "Ltext": "영상ㆍ오디오 기록물 제작 및 배급업", "keyword": "녹음서비스/레코드원판녹음서비스/감정메타정보생성/음악추천시스템/감정속성/음악파일맵핑/방법/물리적송성/음악파일입력/감정메타", "document_type": "A"}, {"updateDate": "20220608", "LLno": "J", "SSno": "59202", "Stext": "오디오물 출판 및 원판 녹음업", "SStext": "녹음시설 운영업", "Mtext": "오디오물 출판 및 원판 녹음업", "Lno": "59", "ipc_main": "G11B-020/10", "Mno": "592", "country_code": "KR", "Sno": "5920", "LLtext": "정보통신업(58~63)", "documentId": "kr20140050761a", "application_number": "1020140050761", "Ltext": "영상ㆍ오디오 기록물 제작 및 배급업", "keyword": "녹음서비스/레코드원판녹음서비스/운동용음악재생시스템/동적운동/음악저장용매체/운동용음악/시스템/리듬악기성/유사성/복수회교대", "document_type": "A"}, {"updateDate": "20220608", "LLno": "J", "SSno": "59202", "Stext": "오디오물 출판 및 원판 녹음업", "SStext": "녹음시설 운영업", "Mtext": "오디오물 출판 및 원판 녹음업", "Lno": "59", "ipc_main": "G10K-015/04", "Mno": "592", "country_code": "KR", "Sno": "5920", "LLtext": "정보통신업(58~63)", "documentId": "kr20140113013b1", "application_number": "1020140113013", "Ltext": "영상ㆍ오디오 기록물 제작 및 배급업", "keyword": "녹음서비스/녹음시설운영/고효율음파발생장치/다공성매트리얼/음향파생성/펄스빔/장치/간헐식태양광/광절단기/상기슬롯", "document_type": "B1"}, {"updateDate": "20220608", "LLno": "J", "SSno": "59202", "Stext": "오디오물 출판 및 원판 녹음업", "SStext": "녹음시설 운영업", "Mtext": "오디오물 출판 및 원판 녹음업", "Lno": "59", "ipc_main": "G10K-011/178", "Mno": "592", "country_code": "KR", "Sno": "5920", "LLtext": "정보통신업(58~63)", "documentId": "kr20140147699b1", "application_number": "1020140147699", "Ltext": "영상ㆍ오디오 기록물 제작 및 배급업", "keyword": "녹음서비스/녹음시설운영/음향반향음제어시스템/단일센서기반/음향수신센거/반향음최소화/장치/수신센서/추정부/제어부", "document_type": "B1"}, {"updateDate": "20220608", "LLno": "J", "SSno": "59202", "Stext": "오디오물 출판 및 원판 녹음업", "SStext": "녹음시설 운영업", "Mtext": "오디오물 출판 및 원판 녹음업", "Lno": "59", "ipc_main": "G10K-015/04", "Mno": "592", "country_code": "KR", "Sno": "5920", "LLtext": "정보통신업(58~63)", "documentId": "kr20147025950a", "application_number": "1020147025950", "Ltext": "영상ㆍ오디오 기록물 제작 및 배급업", "keyword": "녹음서비스/녹음시설운영/음향처리장치/입력음데이터/입력수단/재생수단/장치/재생수단/송신수단/음향처리수단", "document_type": "A"}, {"updateDate": "20220608", "LLno": "J", "SSno": "59202", "Stext": "오디오물 출판 및 원판 녹음업", "SStext": "녹음시설 운영업", "Mtext": "오디오물 출판 및 원판 녹음업", "Lno": "59", "ipc_main": "G06F-017/30", "Mno": "592", "country_code": "KR", "Sno": "5920", "LLtext": "정보통신업(58~63)", "documentId": "kr20150061412b1", "application_number": "1020150061412", "Ltext": "영상ㆍ오디오 기록물 제작 및 배급업", "keyword": "녹음서비스/녹음시설운영/음성인식정보검색/음성데이터/음성인식/정보검색/방법/내부메모리/검색서버요청/음성인식기반", "document_type": "B1"}, {"updateDate": "20220608", "LLno": "J", "SSno": "59202", "Stext": "오디오물 출판 및 원판 녹음업", "SStext": "녹음시설 운영업", "Mtext": "오디오물 출판 및 원판 녹음업", "Lno": "59", "ipc_main": "H04N-005/232", "Mno": "592", "country_code": "KR", "Sno": "5920", "LLtext": "정보통신업(58~63)", "documentId": "kr20160004490y1", "application_number": "2020160004490", "Ltext": "영상ㆍ오디오 기록물 제작 및 배급업", "keyword": "녹음서비스/녹음시설운영/무대겸용스튜디오/관객석/개폐모듈/카메라모듈/장치/카메라모듈/이동모듈/제어모듈", "document_type": "Y1"}, {"updateDate": "20220608", "LLno": "J", "SSno": "59202", "Stext": "오디오물 출판 및 원판 녹음업", "SStext": "녹음시설 운영업", "Mtext": "오디오물 출판 및 원판 녹음업", "Lno": "59", "ipc_main": "G06F-003/16", "Mno": "592", "country_code": "KR", "Sno": "5920", "LLtext": "정보통신업(58~63)", "documentId": "kr20160161151a", "application_number": "1020160161151", "Ltext": "영상ㆍ오디오 기록물 제작 및 배급업", "keyword": "녹음서비스/녹음시설운영/음성기반제어장치/음성인식/음성신호/분할화면확대/방법/조작가능객체/음성신호대응/동작실행", "document_type": "A"}, {"updateDate": "20220608", "LLno": "J", "SSno": "59202", "Stext": "오디오물 출판 및 원판 녹음업", "SStext": "녹음시설 운영업", "Mtext": "오디오물 출판 및 원판 녹음업", "Lno": "59", "ipc_main": "G06F-003/16", "Mno": "592", "country_code": "KR", "Sno": "5920", "LLtext": "정보통신업(58~63)", "documentId": "kr20160169664a", "application_number": "1020160169664", "Ltext": "영상ㆍ오디오 기록물 제작 및 배급업", "keyword": "녹음서비스/녹음시설운영/전자장치음성신호처리방법/음성신호출력/스피커및상기몸체/음성신호출력제어/장치/프로세서/인스트럭션/메모리", "document_type": "A"}, {"updateDate": "20220608", "LLno": "J", "SSno": "59202", "Stext": "오디오물 출판 및 원판 녹음업", "SStext": "녹음시설 운영업", "Mtext": "오디오물 출판 및 원판 녹음업", "Lno": "59", "ipc_main": "G06F-003/16", "Mno": "592", "country_code": "KR", "Sno": "5920", "LLtext": "정보통신업(58~63)", "documentId": "kr20167004543b1", "application_number": "1020167004543", "Ltext": "영상ㆍ오디오 기록물 제작 및 배급업", "keyword": "녹음서비스/녹음시설운영/스마트기기음성제어방법/기록매체/음성데이터/제어기기/방법/어플리케이션/바인딩/녹음기능", "document_type": "B1"}, {"updateDate": "20220608", "LLno": "J", "SSno": "59202", "Stext": "오디오물 출판 및 원판 녹음업", "SStext": "녹음시설 운영업", "Mtext": "오디오물 출판 및 원판 녹음업", "Lno": "59", "ipc_main": "G10K-011/178", "Mno": "592", "country_code": "KR", "Sno": "5920", "LLtext": "정보통신업(58~63)", "documentId": "kr20170133512b1", "application_number": "1020170133512", "Ltext": "영상ㆍ오디오 기록물 제작 및 배급업", "keyword": "녹음서비스/녹음시설운영/능동반향음제어장치/적응필터알고리즘/타일기질/제어신호생성/장치/음향신호센싱/출력부/제어부", "document_type": "B1"}, {"updateDate": "20220608", "LLno": "J", "SSno": "59202", "Stext": "오디오물 출판 및 원판 녹음업", "SStext": "녹음시설 운영업", "Mtext": "오디오물 출판 및 원판 녹음업", "Lno": "59", "ipc_main": "G10K-011/20", "Mno": "592", "country_code": "KR", "Sno": "5920", "LLtext": "정보통신업(58~63)", "documentId": "kr20170157988a", "application_number": "1020170157988", "Ltext": "영상ㆍ오디오 기록물 제작 및 배급업", "keyword": "녹음서비스/녹음시설운영/음향반사판/연출된효과음/반사판/만곡패널/장치/결합프레임/결합레일/장착레일", "document_type": "A"}, {"updateDate": "20220608", "LLno": "J", "SSno": "59202", "Stext": "오디오물 출판 및 원판 녹음업", "SStext": "녹음시설 운영업", "Mtext": "오디오물 출판 및 원판 녹음업", "Lno": "59", "ipc_main": "G10K-011/162", "Mno": "592", "country_code": "KR", "Sno": "5920", "LLtext": "정보통신업(58~63)", "documentId": "kr20180037340b1", "application_number": "1020180037340", "Ltext": "영상ㆍ오디오 기록물 제작 및 배급업", "keyword": "녹음서비스/녹음시설운영/음향메타물질구조체/중격진동/충격저감효과/기둥형상/조성물/환봉형상/결합홈/음향메타물질단위요소", "document_type": "B1"}, {"updateDate": "20220608", "LLno": "J", "SSno": "59202", "Stext": "오디오물 출판 및 원판 녹음업", "SStext": "녹음시설 운영업", "Mtext": "오디오물 출판 및 원판 녹음업", "Lno": "59", "ipc_main": "G10K-011/30", "Mno": "592", "country_code": "KR", "Sno": "5920", "LLtext": "정보통신업(58~63)", "documentId": "kr20180054417a", "application_number": "1020180054417", "Ltext": "영상ㆍ오디오 기록물 제작 및 배급업", "keyword": "녹음서비스/녹음시설운영/음향렌즈/메타물질/메타원자/음파포커싱/장치/부재/I자형태/일정패턴", "document_type": "A"}, {"updateDate": "20220608", "LLno": "J", "SSno": "59202", "Stext": "오디오물 출판 및 원판 녹음업", "SStext": "녹음시설 운영업", "Mtext": "오디오물 출판 및 원판 녹음업", "Lno": "59", "ipc_main": "G06F-017/28", "Mno": "592", "country_code": "KR", "Sno": "5920", "LLtext": "정보통신업(58~63)", "documentId": "kr20180100650a", "application_number": "1020180100650", "Ltext": "영상ㆍ오디오 기록물 제작 및 배급업", "keyword": "녹음서비스/녹음시설운영/음성추출및기계번역연동서비스/클라우드서비스/영상콘텐츠/통합화구현/시스템/저장소/음성파일분할/스토리지저장", "document_type": "A"}, {"updateDate": "20220608", "LLno": "J", "SSno": "59202", "Stext": "오디오물 출판 및 원판 녹음업", "SStext": "녹음시설 운영업", "Mtext": "오디오물 출판 및 원판 녹음업", "Lno": "59", "ipc_main": "G10K-011/162", "Mno": "592", "country_code": "KR", "Sno": "5920", "LLtext": "정보통신업(58~63)", "documentId": "kr20190008878b1", "application_number": "1020190008878", "Ltext": "영상ㆍ오디오 기록물 제작 및 배급업", "keyword": "녹음서비스/녹음시설운영/음향메타물질구조체/국부공진특성/충격진동저감/단위요소층/시스템/단위요소/구조체/마디홈", "document_type": "B1"}, {"updateDate": "20220608", "LLno": "J", "SSno": "59202", "Stext": "오디오물 출판 및 원판 녹음업", "SStext": "녹음시설 운영업", "Mtext": "오디오물 출판 및 원판 녹음업", "Lno": "59", "ipc_main": "G10K-011/178", "Mno": "592", "country_code": "KR", "Sno": "5920", "LLtext": "정보통신업(58~63)", "documentId": "kr20190041329a", "application_number": "1020190041329", "Ltext": "영상ㆍ오디오 기록물 제작 및 배급업", "keyword": "녹음서비스/녹음시설운영/차량사운드제어/음향관리/파워트레인작동/피치시프팅/방법/제어디바이스/파워트레인노이즈/동시소거", "document_type": "A"}, {"updateDate": "20220608", "LLno": "J", "SSno": "59202", "Stext": "오디오물 출판 및 원판 녹음업", "SStext": "녹음시설 운영업", "Mtext": "오디오물 출판 및 원판 녹음업", "Lno": "59", "ipc_main": "G06F-003/16", "Mno": "592", "country_code": "KR", "Sno": "5920", "LLtext": "정보통신업(58~63)", "documentId": "kr20190098376a", "application_number": "1020190098376", "Ltext": "영상ㆍ오디오 기록물 제작 및 배급업", "keyword": "녹음서비스/녹음시설운영 /지능적음성출력방법/컴퓨팅디바이스/검출신호/음성획득/장치/음성획득/영상촬영/거리획득", "document_type": "A"}, {"updateDate": "20220608", "LLno": "J", "SSno": "59202", "Stext": "오디오물 출판 및 원판 녹음업", "SStext": "녹음시설 운영업", "Mtext": "오디오물 출판 및 원판 녹음업", "Lno": "59", "ipc_main": "H04N-005/222", "Mno": "592", "country_code": "KR", "Sno": "5920", "LLtext": "정보통신업(58~63)", "documentId": "kr20190099355a", "application_number": "1020190099355", "Ltext": "영상ㆍ오디오 기록물 제작 및 배급업", "keyword": "녹음시설스튜디오운영/녹음스튜디오운영/개인방송용/대여방식/고품질방송컨텐츠/스튜디오/시스템/카메라부/인터페이스/방송서비스", "document_type": "A"}, {"updateDate": "20220608", "LLno": "J", "SSno": "59202", "Stext": "오디오물 출판 및 원판 녹음업", "SStext": "녹음시설 운영업", "Mtext": "오디오물 출판 및 원판 녹음업", "Lno": "59", "ipc_main": "H04N-021/43", "Mno": "592", "country_code": "KR", "Sno": "5920", "LLtext": "정보통신업(58~63)", "documentId": "kr20190122996b1", "application_number": "1020190122996", "Ltext": "영상ㆍ오디오 기록물 제작 및 배급업", "keyword": "녹음서비스/녹음시설운영/컨텐츠재생장치/동영상컨텐츠/동기화/수어서비스/장치/렌더링/수어이미지/말뭉치", "document_type": "B1"}, {"updateDate": "20220608", "LLno": "J", "SSno": "59202", "Stext": "오디오물 출판 및 원판 녹음업", "SStext": "녹음시설 운영업", "Mtext": "오디오물 출판 및 원판 녹음업", "Lno": "59", "ipc_main": "G06F-003/16", "Mno": "592", "country_code": "KR", "Sno": "5920", "LLtext": "정보통신업(58~63)", "documentId": "kr20207011843a", "application_number": "1020207011843", "Ltext": "영상ㆍ오디오 기록물 제작 및 배급업", "keyword": "녹음서비스/녹음시설운영/미디어재생시스템/음성지원/마이크로폰장치/명령정보/방법/음성지원서비스/음성입력/음성입력캡쳐", "document_type": "A"}, {"updateDate": "20220608", "LLno": "J", "SSno": "59202", "Stext": "오디오물 출판 및 원판 녹음업", "SStext": "녹음시설 운영업", "Mtext": "오디오물 출판 및 원판 녹음업", "Lno": "59", "ipc_main": "G10K-011/178", "Mno": "592", "country_code": "KR", "Sno": "5920", "LLtext": "정보통신업(58~63)", "documentId": "kr20207016795a", "application_number": "1020207016795", "Ltext": "영상ㆍ오디오 기록물 제작 및 배급업", "keyword": "녹음서비스/녹음시설운영/액티브노이즈컨트롤/적용필터/음향프라이머리/전기에러신호/장치/노이즈소스/컴파트먼트/음향트랜스듀서", "document_type": "A"}]}