{"dataset": [{"updateDate": "20220608", "LLno": "J", "SSno": "59113", "Stext": "영화, 비디오물 및 방송 프로그램 제작업", "SStext": "광고 영화 및 비디오물 제작업", "Mtext": "영화, 비디오물, 방송 프로그램 제작 및 배급업", "Lno": "59", "ipc_main": "G06Q-030/00", "Mno": "591", "country_code": "KR", "Sno": "5911", "LLtext": "정보통신업(58~63)", "documentId": "kr20070094332a", "application_number": "1020070094332", "Ltext": "영상ㆍ오디오 기록물 제작 및 배급업", "keyword": "광고물제작/광고영화제작/화상정보/익스플로러/동영상/영화/방법/영상정보/마우스/PPL", "document_type": "A"}, {"updateDate": "20220608", "LLno": "J", "SSno": "59113", "Stext": "영화, 비디오물 및 방송 프로그램 제작업", "SStext": "광고 영화 및 비디오물 제작업", "Mtext": "영화, 비디오물, 방송 프로그램 제작 및 배급업", "Lno": "59", "ipc_main": "G09F-013/04", "Mno": "591", "country_code": "KR", "Sno": "5911", "LLtext": "정보통신업(58~63)", "documentId": "kr20070102750a", "application_number": "1020070102750", "Ltext": "영상ㆍ오디오 기록물 제작 및 배급업", "keyword": "광고비디오제작/홍보영화제작/광고표시판넬/광고효과/영사유닛/인쇄판넬/방법/광고영상/영상광고/스크린부", "document_type": "A"}, {"updateDate": "20220608", "LLno": "J", "SSno": "59113", "Stext": "영화, 비디오물 및 방송 프로그램 제작업", "SStext": "광고 영화 및 비디오물 제작업", "Mtext": "영화, 비디오물, 방송 프로그램 제작 및 배급업", "Lno": "59", "ipc_main": "G06Q-030/00", "Mno": "591", "country_code": "KR", "Sno": "5911", "LLtext": "정보통신업(58~63)", "documentId": "kr20070111886a", "application_number": "1020070111886", "Ltext": "영상ㆍ오디오 기록물 제작 및 배급업", "keyword": "광고비디오제작/홍보영화제작/동영상광고/광고시스템/실시간광고/플레이어/시스템/동영상컨텐츠/제공시스템/모바일단말", "document_type": "A"}, {"updateDate": "20220608", "LLno": "J", "SSno": "59113", "Stext": "영화, 비디오물 및 방송 프로그램 제작업", "SStext": "광고 영화 및 비디오물 제작업", "Mtext": "영화, 비디오물, 방송 프로그램 제작 및 배급업", "Lno": "59", "ipc_main": "G06Q-030/00", "Mno": "591", "country_code": "KR", "Sno": "5911", "LLtext": "정보통신업(58~63)", "documentId": "kr20070115434a", "application_number": "1020070115434", "Ltext": "영상ㆍ오디오 기록물 제작 및 배급업", "keyword": "광고비디오제작/홍보영화제작/광고시스템/이벤트정보/영상이미지/가격정보/시스템/광고서비스/광고서버/상품정보", "document_type": "A"}, {"updateDate": "20220608", "LLno": "J", "SSno": "59113", "Stext": "영화, 비디오물 및 방송 프로그램 제작업", "SStext": "광고 영화 및 비디오물 제작업", "Mtext": "영화, 비디오물, 방송 프로그램 제작 및 배급업", "Lno": "59", "ipc_main": "G06Q-030/00", "Mno": "591", "country_code": "KR", "Sno": "5911", "LLtext": "정보통신업(58~63)", "documentId": "kr20070116716b1", "application_number": "1020070116716", "Ltext": "영상ㆍ오디오 기록물 제작 및 배급업", "keyword": "광고물제작/광고영화제작/마케팅시스템/인터넷사이트/웹페이지/수익모델/시스템/식별정보/인터넷망/노출정보", "document_type": "B1"}, {"updateDate": "20220608", "LLno": "J", "SSno": "59113", "Stext": "영화, 비디오물 및 방송 프로그램 제작업", "SStext": "광고 영화 및 비디오물 제작업", "Mtext": "영화, 비디오물, 방송 프로그램 제작 및 배급업", "Lno": "59", "ipc_main": "H04N-007/08", "Mno": "591", "country_code": "KR", "Sno": "5911", "LLtext": "정보통신업(58~63)", "documentId": "kr20070139755b1", "application_number": "1020070139755", "Ltext": "영상ㆍ오디오 기록물 제작 및 배급업", "keyword": "광고비디오제작/홍보영화제작/디지털방송/광고처리정보/광고방송/출력단계/방법/광고사업자/방송신호/광고비용", "document_type": "B1"}, {"updateDate": "20220608", "LLno": "J", "SSno": "59113", "Stext": "영화, 비디오물 및 방송 프로그램 제작업", "SStext": "광고 영화 및 비디오물 제작업", "Mtext": "영화, 비디오물, 방송 프로그램 제작 및 배급업", "Lno": "59", "ipc_main": "G06Q-030/00", "Mno": "591", "country_code": "KR", "Sno": "5911", "LLtext": "정보통신업(58~63)", "documentId": "kr20080006784a", "application_number": "1020080006784", "Ltext": "영상ㆍ오디오 기록물 제작 및 배급업", "keyword": "광고비디오제작/홍보영화제작/광고영상/광고개체/선택부/재생부/방법/영상제공장치/사용자정보/제공장치", "document_type": "A"}, {"updateDate": "20220608", "LLno": "J", "SSno": "59113", "Stext": "영화, 비디오물 및 방송 프로그램 제작업", "SStext": "광고 영화 및 비디오물 제작업", "Mtext": "영화, 비디오물, 방송 프로그램 제작 및 배급업", "Lno": "59", "ipc_main": "G06Q-030/00", "Mno": "591", "country_code": "KR", "Sno": "5911", "LLtext": "정보통신업(58~63)", "documentId": "kr20080031739a", "application_number": "1020080031739", "Ltext": "영상ㆍ오디오 기록물 제작 및 배급업", "keyword": "광고비디오제작/홍보영화제작/비디오하이퍼링크/노출효과/광고제품/하이퍼링크/방법/광고동영상/포털사이트/상세정보", "document_type": "A"}, {"updateDate": "20220608", "LLno": "J", "SSno": "59113", "Stext": "영화, 비디오물 및 방송 프로그램 제작업", "SStext": "광고 영화 및 비디오물 제작업", "Mtext": "영화, 비디오물, 방송 프로그램 제작 및 배급업", "Lno": "59", "ipc_main": "G06Q-030/00", "Mno": "591", "country_code": "KR", "Sno": "5911", "LLtext": "정보통신업(58~63)", "documentId": "kr20080034369b1", "application_number": "1020080034369", "Ltext": "영상ㆍ오디오 기록물 제작 및 배급업", "keyword": "광고물제작/광고영화제작/광고서비스/사용자단말기/컨텐츠정보/키워드정보/방법/디스플레이부/정보수신부/광고정보", "document_type": "B1"}, {"updateDate": "20220608", "LLno": "J", "SSno": "59113", "Stext": "영화, 비디오물 및 방송 프로그램 제작업", "SStext": "광고 영화 및 비디오물 제작업", "Mtext": "영화, 비디오물, 방송 프로그램 제작 및 배급업", "Lno": "59", "ipc_main": "G06F-017/30", "Mno": "591", "country_code": "KR", "Sno": "5911", "LLtext": "정보통신업(58~63)", "documentId": "kr20080042494a", "application_number": "1020080042494", "Ltext": "영상ㆍ오디오 기록물 제작 및 배급업", "keyword": "광고비디오제작/홍보영화제작/동영상객체/동영상시청자/상품제공자/광고주/시스템/광고컨텐츠/광고서버/위치정보", "document_type": "A"}, {"updateDate": "20220608", "LLno": "J", "SSno": "59113", "Stext": "영화, 비디오물 및 방송 프로그램 제작업", "SStext": "광고 영화 및 비디오물 제작업", "Mtext": "영화, 비디오물, 방송 프로그램 제작 및 배급업", "Lno": "59", "ipc_main": "G06Q-030/00E0", "Mno": "591", "country_code": "KR", "Sno": "5911", "LLtext": "정보통신업(58~63)", "documentId": "kr20080054321b1", "application_number": "1020080054321", "Ltext": "영상ㆍ오디오 기록물 제작 및 배급업", "keyword": "광고물제작/광고영화제작/멀티미디어콘텐츠/제공시스템/멀티미디어/광고파일/시스템/유무선네트워크/비교결과/네트워크", "document_type": "B1"}, {"updateDate": "20220608", "LLno": "J", "SSno": "59113", "Stext": "영화, 비디오물 및 방송 프로그램 제작업", "SStext": "광고 영화 및 비디오물 제작업", "Mtext": "영화, 비디오물, 방송 프로그램 제작 및 배급업", "Lno": "59", "ipc_main": "G06Q-050/00", "Mno": "591", "country_code": "KR", "Sno": "5911", "LLtext": "정보통신업(58~63)", "documentId": "kr20080066089a", "application_number": "1020080066089", "Ltext": "영상ㆍ오디오 기록물 제작 및 배급업", "keyword": "광고물제작/광고영화제작/패션정보/정보제공부/영상인식부/촬영장소/시스템/데이터베이스/제공시스템/촬영시간", "document_type": "A"}, {"updateDate": "20220608", "LLno": "J", "SSno": "59113", "Stext": "영화, 비디오물 및 방송 프로그램 제작업", "SStext": "광고 영화 및 비디오물 제작업", "Mtext": "영화, 비디오물, 방송 프로그램 제작 및 배급업", "Lno": "59", "ipc_main": "G06Q-030/00", "Mno": "591", "country_code": "KR", "Sno": "5911", "LLtext": "정보통신업(58~63)", "documentId": "kr20080066733a", "application_number": "1020080066733", "Ltext": "영상ㆍ오디오 기록물 제작 및 배급업", "keyword": "광고물제작/광고영화제작/광고서비스/제작자단말/웹서버/광고주/시스템/제공시스템/광고주단말/광고서버", "document_type": "A"}, {"updateDate": "20220608", "LLno": "J", "SSno": "59113", "Stext": "영화, 비디오물 및 방송 프로그램 제작업", "SStext": "광고 영화 및 비디오물 제작업", "Mtext": "영화, 비디오물, 방송 프로그램 제작 및 배급업", "Lno": "59", "ipc_main": "H04N-007/173", "Mno": "591", "country_code": "KR", "Sno": "5911", "LLtext": "정보통신업(58~63)", "documentId": "kr20080083175b1", "application_number": "1020080083175", "Ltext": "영상ㆍ오디오 기록물 제작 및 배급업", "keyword": "광고비디오제작/홍보영화제작/방송동기화/방송수신장치/단말장치/방송정보/시스템/광고컨텐츠/광고데이터/방송컨텐츠", "document_type": "B1"}, {"updateDate": "20220608", "LLno": "J", "SSno": "59113", "Stext": "영화, 비디오물 및 방송 프로그램 제작업", "SStext": "광고 영화 및 비디오물 제작업", "Mtext": "영화, 비디오물, 방송 프로그램 제작 및 배급업", "Lno": "59", "ipc_main": "G06Q-030/00", "Mno": "591", "country_code": "KR", "Sno": "5911", "LLtext": "정보통신업(58~63)", "documentId": "kr20080083176a", "application_number": "1020080083176", "Ltext": "영상ㆍ오디오 기록물 제작 및 배급업", "keyword": "광고비디오제작/홍보영화제작/기록매체/양방향방송/시간정보/단말장치/방법/광고데이터/컨텐츠정보/방송컨텐츠", "document_type": "A"}, {"updateDate": "20220608", "LLno": "J", "SSno": "59113", "Stext": "영화, 비디오물 및 방송 프로그램 제작업", "SStext": "광고 영화 및 비디오물 제작업", "Mtext": "영화, 비디오물, 방송 프로그램 제작 및 배급업", "Lno": "59", "ipc_main": "G06Q-030/00", "Mno": "591", "country_code": "KR", "Sno": "5911", "LLtext": "정보통신업(58~63)", "documentId": "kr20080091449a", "application_number": "1020080091449", "Ltext": "영상ㆍ오디오 기록물 제작 및 배급업", "keyword": "광고물제작/광고영화제작/광고콘텐츠/광고장치/네트워크/파일형식/장치/정보생성부/광고정보/식별정보", "document_type": "A"}, {"updateDate": "20220608", "LLno": "J", "SSno": "59113", "Stext": "영화, 비디오물 및 방송 프로그램 제작업", "SStext": "광고 영화 및 비디오물 제작업", "Mtext": "영화, 비디오물, 방송 프로그램 제작 및 배급업", "Lno": "59", "ipc_main": "G06Q-030/00", "Mno": "591", "country_code": "KR", "Sno": "5911", "LLtext": "정보통신업(58~63)", "documentId": "kr20080099959a", "application_number": "1020080099959", "Ltext": "영상ㆍ오디오 기록물 제작 및 배급업", "keyword": "광고물제작/광고영화제작/광고방법/배포자회원/광고마크/네트워크/시스템/제공단계/이력정보/배포단계", "document_type": "A"}, {"updateDate": "20220608", "LLno": "J", "SSno": "59113", "Stext": "영화, 비디오물 및 방송 프로그램 제작업", "SStext": "광고 영화 및 비디오물 제작업", "Mtext": "영화, 비디오물, 방송 프로그램 제작 및 배급업", "Lno": "59", "ipc_main": "H04N-005/445", "Mno": "591", "country_code": "KR", "Sno": "5911", "LLtext": "정보통신업(58~63)", "documentId": "kr20080105090b1", "application_number": "1020080105090", "Ltext": "영상ㆍ오디오 기록물 제작 및 배급업", "keyword": "광고비디오제작/홍보영화제작/광고콘텐츠/방송프로그램/아이피방송/메뉴화면/방법/방송수신기/선택메뉴/웹사이트", "document_type": "B1"}, {"updateDate": "20220608", "LLno": "J", "SSno": "59113", "Stext": "영화, 비디오물 및 방송 프로그램 제작업", "SStext": "광고 영화 및 비디오물 제작업", "Mtext": "영화, 비디오물, 방송 프로그램 제작 및 배급업", "Lno": "59", "ipc_main": "H04N-005/63", "Mno": "591", "country_code": "KR", "Sno": "5911", "LLtext": "정보통신업(58~63)", "documentId": "kr20080106830a", "application_number": "1020080106830", "Ltext": "영상ㆍ오디오 기록물 제작 및 배급업", "keyword": "광고비디오제작/홍보영화제작/디지털셋탑박스/디스플레이시스템/체크데이터/홍보용영상/시스템/디스플레이장치/데이터정보/네트워크망", "document_type": "A"}, {"updateDate": "20220608", "LLno": "J", "SSno": "59113", "Stext": "영화, 비디오물 및 방송 프로그램 제작업", "SStext": "광고 영화 및 비디오물 제작업", "Mtext": "영화, 비디오물, 방송 프로그램 제작 및 배급업", "Lno": "59", "ipc_main": "G06Q-030/00", "Mno": "591", "country_code": "KR", "Sno": "5911", "LLtext": "정보통신업(58~63)", "documentId": "kr20080109914a", "application_number": "1020080109914", "Ltext": "영상ㆍ오디오 기록물 제작 및 배급업", "keyword": "광고비디오제작/홍보영화제작/동영상광고/업데이트정보/홍보기능/관리파일/시스템/광고시스템/동영상파일/광고서버", "document_type": "A"}, {"updateDate": "20220608", "LLno": "J", "SSno": "59113", "Stext": "영화, 비디오물 및 방송 프로그램 제작업", "SStext": "광고 영화 및 비디오물 제작업", "Mtext": "영화, 비디오물, 방송 프로그램 제작 및 배급업", "Lno": "59", "ipc_main": "G06Q-030/00", "Mno": "591", "country_code": "KR", "Sno": "5911", "LLtext": "정보통신업(58~63)", "documentId": "kr20080113767a", "application_number": "1020080113767", "Ltext": "영상ㆍ오디오 기록물 제작 및 배급업", "keyword": "광고물제작/광고영화제작/광고제공방법/컨텐츠/검색단계/표시단계/방법/카테고리/등급/컨텐츠등급", "document_type": "A"}, {"updateDate": "20220608", "LLno": "J", "SSno": "59113", "Stext": "영화, 비디오물 및 방송 프로그램 제작업", "SStext": "광고 영화 및 비디오물 제작업", "Mtext": "영화, 비디오물, 방송 프로그램 제작 및 배급업", "Lno": "59", "ipc_main": "G06Q-030/00", "Mno": "591", "country_code": "KR", "Sno": "5911", "LLtext": "정보통신업(58~63)", "documentId": "kr20080131466a", "application_number": "1020080131466", "Ltext": "영상ㆍ오디오 기록물 제작 및 배급업", "keyword": "광고물제작/광고영화제작/광고컨텐츠/광고스케줄/미활용공간/메모리부/방법/휴대단말기/광고서버/네트워크", "document_type": "A"}, {"updateDate": "20220608", "LLno": "J", "SSno": "59113", "Stext": "영화, 비디오물 및 방송 프로그램 제작업", "SStext": "광고 영화 및 비디오물 제작업", "Mtext": "영화, 비디오물, 방송 프로그램 제작 및 배급업", "Lno": "59", "ipc_main": "G06Q-050/00", "Mno": "591", "country_code": "KR", "Sno": "5911", "LLtext": "정보통신업(58~63)", "documentId": "kr20090004627a", "application_number": "1020090004627", "Ltext": "영상ㆍ오디오 기록물 제작 및 배급업", "keyword": "광고비디오제작/홍보영화제작/영상합성시스템/제작장치/합성시스템/저장매체/방법/광고영상/배경영상/홍보영상", "document_type": "A"}, {"updateDate": "20220608", "LLno": "J", "SSno": "59113", "Stext": "영화, 비디오물 및 방송 프로그램 제작업", "SStext": "광고 영화 및 비디오물 제작업", "Mtext": "영화, 비디오물, 방송 프로그램 제작 및 배급업", "Lno": "59", "ipc_main": "G06Q-030/00", "Mno": "591", "country_code": "KR", "Sno": "5911", "LLtext": "정보통신업(58~63)", "documentId": "kr20090011112a", "application_number": "1020090011112", "Ltext": "영상ㆍ오디오 기록물 제작 및 배급업", "keyword": "광고물제작/광고영화제작/광고컨텐츠/미디어/전송부/식별부/시스템/모니터링시스템/광고주단말기/광고주", "document_type": "A"}, {"updateDate": "20220608", "LLno": "J", "SSno": "59113", "Stext": "영화, 비디오물 및 방송 프로그램 제작업", "SStext": "광고 영화 및 비디오물 제작업", "Mtext": "영화, 비디오물, 방송 프로그램 제작 및 배급업", "Lno": "59", "ipc_main": "G06Q-030/00", "Mno": "591", "country_code": "KR", "Sno": "5911", "LLtext": "정보통신업(58~63)", "documentId": "kr20090012914a", "application_number": "1020090012914", "Ltext": "영상ㆍ오디오 기록물 제작 및 배급업", "keyword": "광고물제작/광고영화제작/광고컨텐츠/제공시스템/결제정보/과금서버/방법/사용자정보/컨텐츠서버/수신단계", "document_type": "A"}, {"updateDate": "20220608", "LLno": "J", "SSno": "59113", "Stext": "영화, 비디오물 및 방송 프로그램 제작업", "SStext": "광고 영화 및 비디오물 제작업", "Mtext": "영화, 비디오물, 방송 프로그램 제작 및 배급업", "Lno": "59", "ipc_main": "G06Q-030/00", "Mno": "591", "country_code": "KR", "Sno": "5911", "LLtext": "정보통신업(58~63)", "documentId": "kr20090019864a", "application_number": "1020090019864", "Ltext": "영상ㆍ오디오 기록물 제작 및 배급업", "keyword": "광고물제작/광고영화제작/디지털컨텐츠/온라인광고/컨텐츠정보/관리서버/시스템/사용자단말/광고정보/광고서버", "document_type": "A"}, {"updateDate": "20220608", "LLno": "J", "SSno": "59113", "Stext": "영화, 비디오물 및 방송 프로그램 제작업", "SStext": "광고 영화 및 비디오물 제작업", "Mtext": "영화, 비디오물, 방송 프로그램 제작 및 배급업", "Lno": "59", "ipc_main": "G06Q-030/00", "Mno": "591", "country_code": "KR", "Sno": "5911", "LLtext": "정보통신업(58~63)", "documentId": "kr20090025101a", "application_number": "1020090025101", "Ltext": "영상ㆍ오디오 기록물 제작 및 배급업", "keyword": "광고비디오제작/홍보영화제작/광고동영상/자막텍스트/상품광고/아이디어/방법/동영상클립/제공장치/배경음악", "document_type": "A"}, {"updateDate": "20220608", "LLno": "J", "SSno": "59113", "Stext": "영화, 비디오물 및 방송 프로그램 제작업", "SStext": "광고 영화 및 비디오물 제작업", "Mtext": "영화, 비디오물, 방송 프로그램 제작 및 배급업", "Lno": "59", "ipc_main": "G03B-021/14", "Mno": "591", "country_code": "KR", "Sno": "5911", "LLtext": "정보통신업(58~63)", "documentId": "kr20090034451a", "application_number": "1020090034451", "Ltext": "영상ㆍ오디오 기록물 제작 및 배급업", "keyword": "광고비디오제작/홍보영화제작/영상광고/영상광고물/제어수단/컴퓨터/장치/영상출력장치/제어신호/제어모듈", "document_type": "A"}, {"updateDate": "20220608", "LLno": "J", "SSno": "59113", "Stext": "영화, 비디오물 및 방송 프로그램 제작업", "SStext": "광고 영화 및 비디오물 제작업", "Mtext": "영화, 비디오물, 방송 프로그램 제작 및 배급업", "Lno": "59", "ipc_main": "H04N-007/08", "Mno": "591", "country_code": "KR", "Sno": "5911", "LLtext": "정보통신업(58~63)", "documentId": "kr20090062222b1", "application_number": "1020090062222", "Ltext": "영상ㆍ오디오 기록물 제작 및 배급업", "keyword": "광고비디오제작/홍보영화제작/광고영상/디스플레이광고/광고효과/영상광고/방법/디스플레이장치/데이터베이스/광고시스템", "document_type": "B1"}, {"updateDate": "20220608", "LLno": "J", "SSno": "59113", "Stext": "영화, 비디오물 및 방송 프로그램 제작업", "SStext": "광고 영화 및 비디오물 제작업", "Mtext": "영화, 비디오물, 방송 프로그램 제작 및 배급업", "Lno": "59", "ipc_main": "G06Q-030/00", "Mno": "591", "country_code": "KR", "Sno": "5911", "LLtext": "정보통신업(58~63)", "documentId": "kr20090064845a", "application_number": "1020090064845", "Ltext": "영상ㆍ오디오 기록물 제작 및 배급업", "keyword": "광고비디오제작/홍보영화제작/통화서비스/사용자영상/저장수단/영상채팅/시스템/콘텐츠데이터/제공시스템/광고콘텐츠", "document_type": "A"}, {"updateDate": "20220608", "LLno": "J", "SSno": "59113", "Stext": "영화, 비디오물 및 방송 프로그램 제작업", "SStext": "광고 영화 및 비디오물 제작업", "Mtext": "영화, 비디오물, 방송 프로그램 제작 및 배급업", "Lno": "59", "ipc_main": "H04H-060/63", "Mno": "591", "country_code": "KR", "Sno": "5911", "LLtext": "정보통신업(58~63)", "documentId": "kr20090065422b1", "application_number": "1020090065422", "Ltext": "영상ㆍ오디오 기록물 제작 및 배급업", "keyword": "텔레비전광고물제작/텔레비전광고영화제작/아이피티브이/제공시스템/쇼핑광고/채널번호/시스템/광고주단말기/제공서버/선택신호", "document_type": "B1"}, {"updateDate": "20220608", "LLno": "J", "SSno": "59113", "Stext": "영화, 비디오물 및 방송 프로그램 제작업", "SStext": "광고 영화 및 비디오물 제작업", "Mtext": "영화, 비디오물, 방송 프로그램 제작 및 배급업", "Lno": "59", "ipc_main": "G06Q-030/00E0", "Mno": "591", "country_code": "KR", "Sno": "5911", "LLtext": "정보통신업(58~63)", "documentId": "kr20090112713b1", "application_number": "1020090112713", "Ltext": "영상ㆍ오디오 기록물 제작 및 배급업", "keyword": "광고물제작/광고영화제작/서비스시스템/애니메이션/광고효과/홈페이지/시스템/프로세스/배너광고/단말수단", "document_type": "B1"}, {"updateDate": "20220608", "LLno": "J", "SSno": "59113", "Stext": "영화, 비디오물 및 방송 프로그램 제작업", "SStext": "광고 영화 및 비디오물 제작업", "Mtext": "영화, 비디오물, 방송 프로그램 제작 및 배급업", "Lno": "59", "ipc_main": "G06Q-050/00", "Mno": "591", "country_code": "KR", "Sno": "5911", "LLtext": "정보통신업(58~63)", "documentId": "kr20090133517a", "application_number": "1020090133517", "Ltext": "영상ㆍ오디오 기록물 제작 및 배급업", "keyword": "광고물제작/광고영화제작/콘텐츠제작방법/요청데이터/요청콘텐츠/효과데이터/시스템/사용자단말기/제작서버/네트워크", "document_type": "A"}, {"updateDate": "20220608", "LLno": "J", "SSno": "59113", "Stext": "영화, 비디오물 및 방송 프로그램 제작업", "SStext": "광고 영화 및 비디오물 제작업", "Mtext": "영화, 비디오물, 방송 프로그램 제작 및 배급업", "Lno": "59", "ipc_main": "G06Q-030/00", "Mno": "591", "country_code": "KR", "Sno": "5911", "LLtext": "정보통신업(58~63)", "documentId": "kr20100024554a", "application_number": "1020100024554", "Ltext": "영상ㆍ오디오 기록물 제작 및 배급업", "keyword": "광고비디오제작/홍보영화제작/동영상광고/비디오데이터/기록매체/저장수단/시스템/동영상컨텐츠/광고컨텐츠/광고데이터", "document_type": "A"}, {"updateDate": "20220608", "LLno": "J", "SSno": "59113", "Stext": "영화, 비디오물 및 방송 프로그램 제작업", "SStext": "광고 영화 및 비디오물 제작업", "Mtext": "영화, 비디오물, 방송 프로그램 제작 및 배급업", "Lno": "59", "ipc_main": "G06Q-030/02", "Mno": "591", "country_code": "KR", "Sno": "5911", "LLtext": "정보통신업(58~63)", "documentId": "kr20100031684b1", "application_number": "1020100031684", "Ltext": "영상ㆍ오디오 기록물 제작 및 배급업", "keyword": "광고비디오제작/홍보영화제작/광고콘텐츠/데이터베이스/영상정보/광고장치/방법/콘텐츠제공부/콘텐츠선정부/광고매체", "document_type": "B1"}, {"updateDate": "20220608", "LLno": "J", "SSno": "59113", "Stext": "영화, 비디오물 및 방송 프로그램 제작업", "SStext": "광고 영화 및 비디오물 제작업", "Mtext": "영화, 비디오물, 방송 프로그램 제작 및 배급업", "Lno": "59", "ipc_main": "G06Q-050/00", "Mno": "591", "country_code": "KR", "Sno": "5911", "LLtext": "정보통신업(58~63)", "documentId": "kr20100045561a", "application_number": "1020100045561", "Ltext": "영상ㆍ오디오 기록물 제작 및 배급업", "keyword": "광고비디오제작/홍보영화제작/객체기반동영상/콘텐츠제공자/제공장치/광고상품/방법/시청자단말/제작자단말/부가정보", "document_type": "A"}, {"updateDate": "20220608", "LLno": "J", "SSno": "59113", "Stext": "영화, 비디오물 및 방송 프로그램 제작업", "SStext": "광고 영화 및 비디오물 제작업", "Mtext": "영화, 비디오물, 방송 프로그램 제작 및 배급업", "Lno": "59", "ipc_main": "G06Q-030/00E0", "Mno": "591", "country_code": "KR", "Sno": "5911", "LLtext": "정보통신업(58~63)", "documentId": "kr20100077180a", "application_number": "1020100077180", "Ltext": "영상ㆍ오디오 기록물 제작 및 배급업", "keyword": "광고비디오제작/홍보영화제작/동영상서비스/소셜네트워크/광고주서버/네트워크/방법/사용자단말기/광고동영상/모바일광고", "document_type": "A"}, {"updateDate": "20220608", "LLno": "J", "SSno": "59113", "Stext": "영화, 비디오물 및 방송 프로그램 제작업", "SStext": "광고 영화 및 비디오물 제작업", "Mtext": "영화, 비디오물, 방송 프로그램 제작 및 배급업", "Lno": "59", "ipc_main": "G06Q-030/02", "Mno": "591", "country_code": "KR", "Sno": "5911", "LLtext": "정보통신업(58~63)", "documentId": "kr20100119909b1", "application_number": "1020100119909", "Ltext": "영상ㆍ오디오 기록물 제작 및 배급업", "keyword": "광고물제작/광고영화제작/배포관리방법/광고콘텐츠/관리시스템/관리서버/시스템/사용자단말/네트워크/서비스부", "document_type": "B1"}, {"updateDate": "20220608", "LLno": "J", "SSno": "59113", "Stext": "영화, 비디오물 및 방송 프로그램 제작업", "SStext": "광고 영화 및 비디오물 제작업", "Mtext": "영화, 비디오물, 방송 프로그램 제작 및 배급업", "Lno": "59", "ipc_main": "G06Q-030/02", "Mno": "591", "country_code": "KR", "Sno": "5911", "LLtext": "정보통신업(58~63)", "documentId": "kr20107015838b1", "application_number": "1020107015838", "Ltext": "영상ㆍ오디오 기록물 제작 및 배급업", "keyword": "광고물제작/광고영화제작/광고컨텐츠/데이터베이스/광고서버/네트워크/방법/광고데이터베이스/모바일장치/위치정보", "document_type": "B1"}, {"updateDate": "20220608", "LLno": "J", "SSno": "59113", "Stext": "영화, 비디오물 및 방송 프로그램 제작업", "SStext": "광고 영화 및 비디오물 제작업", "Mtext": "영화, 비디오물, 방송 프로그램 제작 및 배급업", "Lno": "59", "ipc_main": "G06Q-030/00E0", "Mno": "591", "country_code": "KR", "Sno": "5911", "LLtext": "정보통신업(58~63)", "documentId": "kr20110008010b1", "application_number": "1020110008010", "Ltext": "영상ㆍ오디오 기록물 제작 및 배급업", "keyword": "광고물제작/광고영화제작/광고서비스/사용자단말기/제공서버/광고효과/방법/응용프로그램/휴대단말기/광고주서버", "document_type": "B1"}, {"updateDate": "20220608", "LLno": "J", "SSno": "59113", "Stext": "영화, 비디오물 및 방송 프로그램 제작업", "SStext": "광고 영화 및 비디오물 제작업", "Mtext": "영화, 비디오물, 방송 프로그램 제작 및 배급업", "Lno": "59", "ipc_main": "G06Q-030/02", "Mno": "591", "country_code": "KR", "Sno": "5911", "LLtext": "정보통신업(58~63)", "documentId": "kr20110019070a", "application_number": "1020110019070", "Ltext": "영상ㆍ오디오 기록물 제작 및 배급업", "keyword": "광고비디오제작/홍보영화제작/제공시스템/시청자단말기/판단모듈/판매정보/시스템/데이터베이스/방송컨텐츠/제어모듈", "document_type": "A"}, {"updateDate": "20220608", "LLno": "J", "SSno": "59113", "Stext": "영화, 비디오물 및 방송 프로그램 제작업", "SStext": "광고 영화 및 비디오물 제작업", "Mtext": "영화, 비디오물, 방송 프로그램 제작 및 배급업", "Lno": "59", "ipc_main": "G06Q-030/02C0", "Mno": "591", "country_code": "KR", "Sno": "5911", "LLtext": "정보통신업(58~63)", "documentId": "kr20110037873a", "application_number": "1020110037873", "Ltext": "영상ㆍ오디오 기록물 제작 및 배급업", "keyword": "광고비디오제작/홍보영화제작/광고방법/광고배너/이미지/소비자/방법/서비스서버/동영상정보/모바일장치", "document_type": "A"}, {"updateDate": "20220608", "LLno": "J", "SSno": "59113", "Stext": "영화, 비디오물 및 방송 프로그램 제작업", "SStext": "광고 영화 및 비디오물 제작업", "Mtext": "영화, 비디오물, 방송 프로그램 제작 및 배급업", "Lno": "59", "ipc_main": "G09F-013/20", "Mno": "591", "country_code": "KR", "Sno": "5911", "LLtext": "정보통신업(58~63)", "documentId": "kr20110067205b1", "application_number": "1020110067205", "Ltext": "영상ㆍ오디오 기록물 제작 및 배급업", "keyword": "광고비디오제작/홍보영화제작/광고영상/동영상광고/백라이트유닛/광고효율/장치/광고장치/광고모듈/광고문구", "document_type": "B1"}, {"updateDate": "20220608", "LLno": "J", "SSno": "59113", "Stext": "영화, 비디오물 및 방송 프로그램 제작업", "SStext": "광고 영화 및 비디오물 제작업", "Mtext": "영화, 비디오물, 방송 프로그램 제작 및 배급업", "Lno": "59", "ipc_main": "G06Q-050/00", "Mno": "591", "country_code": "KR", "Sno": "5911", "LLtext": "정보통신업(58~63)", "documentId": "kr20110073570a", "application_number": "1020110073570", "Ltext": "영상ㆍ오디오 기록물 제작 및 배급업", "keyword": "광고물제작/광고영화제작/소셜커머스/네트워크대역폭/커머스방식/네트워크/시스템/스트리밍서비스/콘텐츠정보/참여자정보", "document_type": "A"}, {"updateDate": "20220608", "LLno": "J", "SSno": "59113", "Stext": "영화, 비디오물 및 방송 프로그램 제작업", "SStext": "광고 영화 및 비디오물 제작업", "Mtext": "영화, 비디오물, 방송 프로그램 제작 및 배급업", "Lno": "59", "ipc_main": "H04N-021/443", "Mno": "591", "country_code": "KR", "Sno": "5911", "LLtext": "정보통신업(58~63)", "documentId": "kr20110075236b1", "application_number": "1020110075236", "Ltext": "영상ㆍ오디오 기록물 제작 및 배급업", "keyword": "광고비디오제작/홍보영화제작/방송수신장치/방송수신/수신장치/에너지/방법/저장매체/플레이어/출력단계", "document_type": "B1"}, {"updateDate": "20220608", "LLno": "J", "SSno": "59113", "Stext": "영화, 비디오물 및 방송 프로그램 제작업", "SStext": "광고 영화 및 비디오물 제작업", "Mtext": "영화, 비디오물, 방송 프로그램 제작 및 배급업", "Lno": "59", "ipc_main": "G06Q-050/10A0", "Mno": "591", "country_code": "KR", "Sno": "5911", "LLtext": "정보통신업(58~63)", "documentId": "kr20110079052a", "application_number": "1020110079052", "Ltext": "영상ㆍ오디오 기록물 제작 및 배급업", "keyword": "광고물제작/광고영화제작/위치정보/컨텐츠제공부/컨텐츠수신부/정보제공부/방법/영상컨텐츠/제공장치/영상정보", "document_type": "A"}, {"updateDate": "20220608", "LLno": "J", "SSno": "59113", "Stext": "영화, 비디오물 및 방송 프로그램 제작업", "SStext": "광고 영화 및 비디오물 제작업", "Mtext": "영화, 비디오물, 방송 프로그램 제작 및 배급업", "Lno": "59", "ipc_main": "G06Q-030/00", "Mno": "591", "country_code": "KR", "Sno": "5911", "LLtext": "정보통신업(58~63)", "documentId": "kr20110079367b1", "application_number": "1020110079367", "Ltext": "영상ㆍ오디오 기록물 제작 및 배급업", "keyword": "광고물제작/광고영화제작/멀티스크린/광고데이터/영상컨텐츠/스마트폰/시스템/광고서비스/위치정보/제어신호", "document_type": "B1"}, {"updateDate": "20220608", "LLno": "J", "SSno": "59113", "Stext": "영화, 비디오물 및 방송 프로그램 제작업", "SStext": "광고 영화 및 비디오물 제작업", "Mtext": "영화, 비디오물, 방송 프로그램 제작 및 배급업", "Lno": "59", "ipc_main": "G06Q-050/10", "Mno": "591", "country_code": "KR", "Sno": "5911", "LLtext": "정보통신업(58~63)", "documentId": "kr20110122180a", "application_number": "1020110122180", "Ltext": "영상ㆍ오디오 기록물 제작 및 배급업", "keyword": "광고비디오제작/홍보영화제작/광고서비스/사용자단말기/광고상품/드라마/방법/동영상파일/위치정보/컴퓨터", "document_type": "A"}, {"updateDate": "20220608", "LLno": "J", "SSno": "59113", "Stext": "영화, 비디오물 및 방송 프로그램 제작업", "SStext": "광고 영화 및 비디오물 제작업", "Mtext": "영화, 비디오물, 방송 프로그램 제작 및 배급업", "Lno": "59", "ipc_main": "H04N-021/2668", "Mno": "591", "country_code": "KR", "Sno": "5911", "LLtext": "정보통신업(58~63)", "documentId": "kr20120008589b1", "application_number": "1020120008589", "Ltext": "영상ㆍ오디오 기록물 제작 및 배급업", "keyword": "텔레비전광고물제작/텔레비전광고영화제작/메타정보/카테고리정보/판매자단말/어노테이션/시스템/비디오컨텐츠/사용자단말/모바일기기", "document_type": "B1"}, {"updateDate": "20220608", "LLno": "J", "SSno": "59113", "Stext": "영화, 비디오물 및 방송 프로그램 제작업", "SStext": "광고 영화 및 비디오물 제작업", "Mtext": "영화, 비디오물, 방송 프로그램 제작 및 배급업", "Lno": "59", "ipc_main": "G06Q-030/06", "Mno": "591", "country_code": "KR", "Sno": "5911", "LLtext": "정보통신업(58~63)", "documentId": "kr20120023623a", "application_number": "1020120023623", "Ltext": "영상ㆍ오디오 기록물 제작 및 배급업", "keyword": "텔레비전광고물제작/텔레비전광고영화제작/방송프로그램/제작자단말기/편성정보/매칭정보/방법/상품주문정보/상품판매정보/송출장치", "document_type": "A"}, {"updateDate": "20220608", "LLno": "J", "SSno": "59113", "Stext": "영화, 비디오물 및 방송 프로그램 제작업", "SStext": "광고 영화 및 비디오물 제작업", "Mtext": "영화, 비디오물, 방송 프로그램 제작 및 배급업", "Lno": "59", "ipc_main": "H04N-021/80", "Mno": "591", "country_code": "KR", "Sno": "5911", "LLtext": "정보통신업(58~63)", "documentId": "kr20120025536a", "application_number": "1020120025536", "Ltext": "영상ㆍ오디오 기록물 제작 및 배급업", "keyword": "광고비디오제작/홍보영화제작/광고영상/광고효과/광고분야/대체구간/방법/대체영역/대체영상/원본영상", "document_type": "A"}, {"updateDate": "20220608", "LLno": "J", "SSno": "59113", "Stext": "영화, 비디오물 및 방송 프로그램 제작업", "SStext": "광고 영화 및 비디오물 제작업", "Mtext": "영화, 비디오물, 방송 프로그램 제작 및 배급업", "Lno": "59", "ipc_main": "G06Q-030/02", "Mno": "591", "country_code": "KR", "Sno": "5911", "LLtext": "정보통신업(58~63)", "documentId": "kr20120044444b1", "application_number": "1020120044444", "Ltext": "영상ㆍ오디오 기록물 제작 및 배급업", "keyword": "광고비디오제작/홍보영화제작/광고방법/타깃광고/광고효과/상업광고/시스템/광고영상물/메인서버/편성서버", "document_type": "B1"}, {"updateDate": "20220608", "LLno": "J", "SSno": "59113", "Stext": "영화, 비디오물 및 방송 프로그램 제작업", "SStext": "광고 영화 및 비디오물 제작업", "Mtext": "영화, 비디오물, 방송 프로그램 제작 및 배급업", "Lno": "59", "ipc_main": "H04H-060/29", "Mno": "591", "country_code": "KR", "Sno": "5911", "LLtext": "정보통신업(58~63)", "documentId": "kr20120114766b1", "application_number": "1020120114766", "Ltext": "영상ㆍ오디오 기록물 제작 및 배급업", "keyword": "광고비디오제작/홍보영화제작/방송광고/방송프로그램/제어시스템/광고정보/시스템/모니터링결과/광고방송/광고비용", "document_type": "B1"}, {"updateDate": "20220608", "LLno": "J", "SSno": "59113", "Stext": "영화, 비디오물 및 방송 프로그램 제작업", "SStext": "광고 영화 및 비디오물 제작업", "Mtext": "영화, 비디오물, 방송 프로그램 제작 및 배급업", "Lno": "59", "ipc_main": "H04N-021/43", "Mno": "591", "country_code": "KR", "Sno": "5911", "LLtext": "정보통신업(58~63)", "documentId": "kr20120142227b1", "application_number": "1020120142227", "Ltext": "영상ㆍ오디오 기록물 제작 및 배급업", "keyword": "광고물제작/광고영화제작/광고시스템/광고콘텐츠/사용자단말/방송콘텐츠/시스템/관심카테고리/오디오신호/텔레비전", "document_type": "B1"}, {"updateDate": "20220608", "LLno": "J", "SSno": "59113", "Stext": "영화, 비디오물 및 방송 프로그램 제작업", "SStext": "광고 영화 및 비디오물 제작업", "Mtext": "영화, 비디오물, 방송 프로그램 제작 및 배급업", "Lno": "59", "ipc_main": "G06Q-030/02", "Mno": "591", "country_code": "KR", "Sno": "5911", "LLtext": "정보통신업(58~63)", "documentId": "kr20127002620a", "application_number": "1020127002620", "Ltext": "영상ㆍ오디오 기록물 제작 및 배급업", "keyword": "광고비디오제작/홍보영화제작/실시간비디오/사용자선호/이동장치/청구대상/시스템/구현시스템/선호사항/프로세서", "document_type": "A"}, {"updateDate": "20220608", "LLno": "J", "SSno": "59113", "Stext": "영화, 비디오물 및 방송 프로그램 제작업", "SStext": "광고 영화 및 비디오물 제작업", "Mtext": "영화, 비디오물, 방송 프로그램 제작 및 배급업", "Lno": "59", "ipc_main": "G06Q-030/02", "Mno": "591", "country_code": "KR", "Sno": "5911", "LLtext": "정보통신업(58~63)", "documentId": "kr20127022629b1", "application_number": "1020127022629", "Ltext": "영상ㆍ오디오 기록물 제작 및 배급업", "keyword": "광고물제작/광고영화제작/광고컨텐츠/컨텐츠소스/대체컨텐츠/디스플레이/방법/랜딩페이지/검색쿼리/프로세서", "document_type": "B1"}, {"updateDate": "20220608", "LLno": "J", "SSno": "59113", "Stext": "영화, 비디오물 및 방송 프로그램 제작업", "SStext": "광고 영화 및 비디오물 제작업", "Mtext": "영화, 비디오물, 방송 프로그램 제작 및 배급업", "Lno": "59", "ipc_main": "G06Q-030/02", "Mno": "591", "country_code": "KR", "Sno": "5911", "LLtext": "정보통신업(58~63)", "documentId": "kr20130007446b1", "application_number": "1020130007446", "Ltext": "영상ㆍ오디오 기록물 제작 및 배급업", "keyword": "광고비디오제작/홍보영화제작/영상광고/어플리케이션/광고영상/스마트폰/방법/광고컨텐츠/전화번호/광고장치", "document_type": "B1"}, {"updateDate": "20220608", "LLno": "J", "SSno": "59113", "Stext": "영화, 비디오물 및 방송 프로그램 제작업", "SStext": "광고 영화 및 비디오물 제작업", "Mtext": "영화, 비디오물, 방송 프로그램 제작 및 배급업", "Lno": "59", "ipc_main": "G06Q-050/10", "Mno": "591", "country_code": "KR", "Sno": "5911", "LLtext": "정보통신업(58~63)", "documentId": "kr20130027377b1", "application_number": "1020130027377", "Ltext": "영상ㆍ오디오 기록물 제작 및 배급업", "keyword": "광고물제작/광고영화제작/광고컨텐츠/사용자단말기/가상공간/네트워크/시스템/스포츠경기/위치선정/선수명단", "document_type": "B1"}, {"updateDate": "20220608", "LLno": "J", "SSno": "59113", "Stext": "영화, 비디오물 및 방송 프로그램 제작업", "SStext": "광고 영화 및 비디오물 제작업", "Mtext": "영화, 비디오물, 방송 프로그램 제작 및 배급업", "Lno": "59", "ipc_main": "G06Q-030/02", "Mno": "591", "country_code": "KR", "Sno": "5911", "LLtext": "정보통신업(58~63)", "documentId": "kr20130033643a", "application_number": "1020130033643", "Ltext": "영상ㆍ오디오 기록물 제작 및 배급업", "keyword": "광고물제작/광고영화제작/광고컨텐츠/중개서버/탐색결과/소비자/시스템/인터페이스부/사용자단말/광고서버", "document_type": "A"}, {"updateDate": "20220608", "LLno": "J", "SSno": "59113", "Stext": "영화, 비디오물 및 방송 프로그램 제작업", "SStext": "광고 영화 및 비디오물 제작업", "Mtext": "영화, 비디오물, 방송 프로그램 제작 및 배급업", "Lno": "59", "ipc_main": "G06Q-030/02", "Mno": "591", "country_code": "KR", "Sno": "5911", "LLtext": "정보통신업(58~63)", "documentId": "kr20130039022b1", "application_number": "1020130039022", "Ltext": "영상ㆍ오디오 기록물 제작 및 배급업", "keyword": "광고비디오제작/홍보영화제작/광고방송/홍보효과/입고물품/재래시장/시스템/방송컨텐츠/음성신호/광고영상", "document_type": "B1"}, {"updateDate": "20220608", "LLno": "J", "SSno": "59113", "Stext": "영화, 비디오물 및 방송 프로그램 제작업", "SStext": "광고 영화 및 비디오물 제작업", "Mtext": "영화, 비디오물, 방송 프로그램 제작 및 배급업", "Lno": "59", "ipc_main": "G06Q-030/02", "Mno": "591", "country_code": "KR", "Sno": "5911", "LLtext": "정보통신업(58~63)", "documentId": "kr20130049987b1", "application_number": "1020130049987", "Ltext": "영상ㆍ오디오 기록물 제작 및 배급업", "keyword": "광고물제작/광고영화제작/광고컨텐츠/사용자단말기/광고주단말기/제공시스템/시스템/카테고리정보/컨텐츠제공부/분석모듈", "document_type": "B1"}, {"updateDate": "20220608", "LLno": "J", "SSno": "59113", "Stext": "영화, 비디오물 및 방송 프로그램 제작업", "SStext": "광고 영화 및 비디오물 제작업", "Mtext": "영화, 비디오물, 방송 프로그램 제작 및 배급업", "Lno": "59", "ipc_main": "G06Q-050/10", "Mno": "591", "country_code": "KR", "Sno": "5911", "LLtext": "정보통신업(58~63)", "documentId": "kr20130085539a", "application_number": "1020130085539", "Ltext": "영상ㆍ오디오 기록물 제작 및 배급업", "keyword": "광고비디오제작/홍보영화제작/증강현실/이미지정보/영상처리부/카메라부/방법/영상데이터/메타데이터/홈페이지", "document_type": "A"}, {"updateDate": "20220608", "LLno": "J", "SSno": "59113", "Stext": "영화, 비디오물 및 방송 프로그램 제작업", "SStext": "광고 영화 및 비디오물 제작업", "Mtext": "영화, 비디오물, 방송 프로그램 제작 및 배급업", "Lno": "59", "ipc_main": "G06Q-030/02", "Mno": "591", "country_code": "KR", "Sno": "5911", "LLtext": "정보통신업(58~63)", "documentId": "kr20130102652a", "application_number": "1020130102652", "Ltext": "영상ㆍ오디오 기록물 제작 및 배급업", "keyword": "광고비디오제작/홍보영화제작/광고동영상/이동단말기/매칭시스템/통화요청신호/시스템/광고컨텐츠/양방향광고/광고서버", "document_type": "A"}, {"updateDate": "20220608", "LLno": "J", "SSno": "59113", "Stext": "영화, 비디오물 및 방송 프로그램 제작업", "SStext": "광고 영화 및 비디오물 제작업", "Mtext": "영화, 비디오물, 방송 프로그램 제작 및 배급업", "Lno": "59", "ipc_main": "G06Q-030/02", "Mno": "591", "country_code": "KR", "Sno": "5911", "LLtext": "정보통신업(58~63)", "documentId": "kr20130108465a", "application_number": "1020130108465", "Ltext": "영상ㆍ오디오 기록물 제작 및 배급업", "keyword": "광고비디오제작/홍보영화제작/광고시스템/광고등록서버/통신단말기/광고비용/시스템/사용자단말기/네트워크/광고정보", "document_type": "A"}, {"updateDate": "20220608", "LLno": "J", "SSno": "59113", "Stext": "영화, 비디오물 및 방송 프로그램 제작업", "SStext": "광고 영화 및 비디오물 제작업", "Mtext": "영화, 비디오물, 방송 프로그램 제작 및 배급업", "Lno": "59", "ipc_main": "G06Q-030/02", "Mno": "591", "country_code": "KR", "Sno": "5911", "LLtext": "정보통신업(58~63)", "documentId": "kr20130150285a", "application_number": "1020130150285", "Ltext": "영상ㆍ오디오 기록물 제작 및 배급업", "keyword": "광고물제작/광고영화제작/광고컨텐츠/컨텐츠제공장치/제공장치/운송수단/시스템/데이터베이스/제공시스템/제공서버", "document_type": "A"}, {"updateDate": "20220608", "LLno": "J", "SSno": "59113", "Stext": "영화, 비디오물 및 방송 프로그램 제작업", "SStext": "광고 영화 및 비디오물 제작업", "Mtext": "영화, 비디오물, 방송 프로그램 제작 및 배급업", "Lno": "59", "ipc_main": "G06Q-030/02", "Mno": "591", "country_code": "KR", "Sno": "5911", "LLtext": "정보통신업(58~63)", "documentId": "kr20140000272a", "application_number": "1020140000272", "Ltext": "영상ㆍ오디오 기록물 제작 및 배급업", "keyword": "광고물제작/광고영화제작/광고방법/스크랩페이지/컨텐츠파일링/스크랩컨텐츠/시스템/서비스사이트/데이터베이스/관심분야", "document_type": "A"}, {"updateDate": "20220608", "LLno": "J", "SSno": "59113", "Stext": "영화, 비디오물 및 방송 프로그램 제작업", "SStext": "광고 영화 및 비디오물 제작업", "Mtext": "영화, 비디오물, 방송 프로그램 제작 및 배급업", "Lno": "59", "ipc_main": "H04N-021/45", "Mno": "591", "country_code": "KR", "Sno": "5911", "LLtext": "정보통신업(58~63)", "documentId": "kr20140012993b1", "application_number": "1020140012993", "Ltext": "영상ㆍ오디오 기록물 제작 및 배급업", "keyword": "텔레비전광고물제작/텔레비전광고영화제작/메타정보/콘텐츠서버/관리서버/어노테이션/시스템/비디오콘텐츠/상품정보/관심객체", "document_type": "B1"}, {"updateDate": "20220608", "LLno": "J", "SSno": "59113", "Stext": "영화, 비디오물 및 방송 프로그램 제작업", "SStext": "광고 영화 및 비디오물 제작업", "Mtext": "영화, 비디오물, 방송 프로그램 제작 및 배급업", "Lno": "59", "ipc_main": "G06Q-030/02", "Mno": "591", "country_code": "KR", "Sno": "5911", "LLtext": "정보통신업(58~63)", "documentId": "kr20140032692a", "application_number": "1020140032692", "Ltext": "영상ㆍ오디오 기록물 제작 및 배급업", "keyword": "광고비디오제작/홍보영화제작/광고제공방법/고객관리부/영상서버/패스워드/방법/사용자아이디/광고영상/회원인증", "document_type": "A"}, {"updateDate": "20220608", "LLno": "J", "SSno": "59113", "Stext": "영화, 비디오물 및 방송 프로그램 제작업", "SStext": "광고 영화 및 비디오물 제작업", "Mtext": "영화, 비디오물, 방송 프로그램 제작 및 배급업", "Lno": "59", "ipc_main": "G06Q-030/02", "Mno": "591", "country_code": "KR", "Sno": "5911", "LLtext": "정보통신업(58~63)", "documentId": "kr20140032693a", "application_number": "1020140032693", "Ltext": "영상ㆍ오디오 기록물 제작 및 배급업", "keyword": "광고비디오제작/홍보영화제작/광고제공방법/고객관리부/영상서버/패스워드/방법/사용자아이디/광고영상/회원인증", "document_type": "A"}, {"updateDate": "20220608", "LLno": "J", "SSno": "59113", "Stext": "영화, 비디오물 및 방송 프로그램 제작업", "SStext": "광고 영화 및 비디오물 제작업", "Mtext": "영화, 비디오물, 방송 프로그램 제작 및 배급업", "Lno": "59", "ipc_main": "G06Q-050/10", "Mno": "591", "country_code": "KR", "Sno": "5911", "LLtext": "정보통신업(58~63)", "documentId": "kr20140035808a", "application_number": "1020140035808", "Ltext": "영상ㆍ오디오 기록물 제작 및 배급업", "keyword": "광고물제작/광고영화제작/가상전시공간/입체영상/파노라마/중앙서버/시스템/데이터베이스/제공시스템/디스플레이부", "document_type": "A"}, {"updateDate": "20220608", "LLno": "J", "SSno": "59113", "Stext": "영화, 비디오물 및 방송 프로그램 제작업", "SStext": "광고 영화 및 비디오물 제작업", "Mtext": "영화, 비디오물, 방송 프로그램 제작 및 배급업", "Lno": "59", "ipc_main": "H04N-021/63", "Mno": "591", "country_code": "KR", "Sno": "5911", "LLtext": "정보통신업(58~63)", "documentId": "kr20140112380a", "application_number": "1020140112380", "Ltext": "영상ㆍ오디오 기록물 제작 및 배급업", "keyword": "광고비디오제작/홍보영화제작/개인방송/방송컨텐츠/인터페이스부/부가정보/방법/데이터베이스/광고컨텐츠/프로세서", "document_type": "A"}, {"updateDate": "20220608", "LLno": "J", "SSno": "59113", "Stext": "영화, 비디오물 및 방송 프로그램 제작업", "SStext": "광고 영화 및 비디오물 제작업", "Mtext": "영화, 비디오물, 방송 프로그램 제작 및 배급업", "Lno": "59", "ipc_main": "G06Q-050/10", "Mno": "591", "country_code": "KR", "Sno": "5911", "LLtext": "정보통신업(58~63)", "documentId": "kr20140180626b1", "application_number": "1020140180626", "Ltext": "영상ㆍ오디오 기록물 제작 및 배급업", "keyword": "광고비디오제작/홍보영화제작/인터액티브영상/데이터베이스부/애니메이션/관리서버/시스템/유저단말기/제작시스템/플레이어", "document_type": "B1"}, {"updateDate": "20220608", "LLno": "J", "SSno": "59113", "Stext": "영화, 비디오물 및 방송 프로그램 제작업", "SStext": "광고 영화 및 비디오물 제작업", "Mtext": "영화, 비디오물, 방송 프로그램 제작 및 배급업", "Lno": "59", "ipc_main": "G06Q-050/14", "Mno": "591", "country_code": "KR", "Sno": "5911", "LLtext": "정보통신업(58~63)", "documentId": "kr20150006909b1", "application_number": "1020150006909", "Ltext": "영상ㆍ오디오 기록물 제작 및 배급업", "keyword": "광고비디오제작/홍보영화제작/실시간영상/제공시스템/사용자단말/어플리케이션/시스템/제공모듈/영상정보/통신모듈", "document_type": "B1"}, {"updateDate": "20220608", "LLno": "J", "SSno": "59113", "Stext": "영화, 비디오물 및 방송 프로그램 제작업", "SStext": "광고 영화 및 비디오물 제작업", "Mtext": "영화, 비디오물, 방송 프로그램 제작 및 배급업", "Lno": "59", "ipc_main": "G06Q-050/10", "Mno": "591", "country_code": "KR", "Sno": "5911", "LLtext": "정보통신업(58~63)", "documentId": "kr20150008275a", "application_number": "1020150008275", "Ltext": "영상ㆍ오디오 기록물 제작 및 배급업", "keyword": "광고비디오제작/홍보영화제작/서비스시스템/제작시스템/서비스모듈/클라우드/시스템/영상콘텐츠/콘텐츠전송/네트워크", "document_type": "A"}, {"updateDate": "20220608", "LLno": "J", "SSno": "59113", "Stext": "영화, 비디오물 및 방송 프로그램 제작업", "SStext": "광고 영화 및 비디오물 제작업", "Mtext": "영화, 비디오물, 방송 프로그램 제작 및 배급업", "Lno": "59", "ipc_main": "G09F-019/12", "Mno": "591", "country_code": "KR", "Sno": "5911", "LLtext": "정보통신업(58~63)", "documentId": "kr20150024140a", "application_number": "1020150024140", "Ltext": "영상ㆍ오디오 기록물 제작 및 배급업", "keyword": "광고비디오제작/홍보영화제작/영상광고/영상광고장치/위치감지부/허상투영부/방법/영상표시부/광고장치/홀로그램", "document_type": "A"}, {"updateDate": "20220608", "LLno": "J", "SSno": "59113", "Stext": "영화, 비디오물 및 방송 프로그램 제작업", "SStext": "광고 영화 및 비디오물 제작업", "Mtext": "영화, 비디오물, 방송 프로그램 제작 및 배급업", "Lno": "59", "ipc_main": "G06Q-030/06", "Mno": "591", "country_code": "KR", "Sno": "5911", "LLtext": "정보통신업(58~63)", "documentId": "kr20150037019b1", "application_number": "1020150037019", "Ltext": "영상ㆍ오디오 기록물 제작 및 배급업", "keyword": "광고물제작/광고영화제작/광고컨텐츠/데이터베이스/웹페이지/상품정보/방법/광고데이터베이스/계정정보/중개서버", "document_type": "B1"}, {"updateDate": "20220608", "LLno": "J", "SSno": "59113", "Stext": "영화, 비디오물 및 방송 프로그램 제작업", "SStext": "광고 영화 및 비디오물 제작업", "Mtext": "영화, 비디오물, 방송 프로그램 제작 및 배급업", "Lno": "59", "ipc_main": "G06Q-030/02", "Mno": "591", "country_code": "KR", "Sno": "5911", "LLtext": "정보통신업(58~63)", "documentId": "kr20150052752b1", "application_number": "1020150052752", "Ltext": "영상ㆍ오디오 기록물 제작 및 배급업", "keyword": "광고물제작/광고영화제작/홍보표시장치/애플리케이션/스마트폰/표시장치/장치/데이터베이스/콘텐츠정보/홈페이지", "document_type": "B1"}, {"updateDate": "20220608", "LLno": "J", "SSno": "59113", "Stext": "영화, 비디오물 및 방송 프로그램 제작업", "SStext": "광고 영화 및 비디오물 제작업", "Mtext": "영화, 비디오물, 방송 프로그램 제작 및 배급업", "Lno": "59", "ipc_main": "G06Q-030/02", "Mno": "591", "country_code": "KR", "Sno": "5911", "LLtext": "정보통신업(58~63)", "documentId": "kr20150178037a", "application_number": "1020150178037", "Ltext": "영상ㆍ오디오 기록물 제작 및 배급업", "keyword": "광고물제작/광고영화제작/광고컨텐츠/데이터베이스/매체사이트/상품정보/방법/신디케이션컨텐츠/핵심키워드/포맷데이터", "document_type": "A"}, {"updateDate": "20220608", "LLno": "J", "SSno": "59113", "Stext": "영화, 비디오물 및 방송 프로그램 제작업", "SStext": "광고 영화 및 비디오물 제작업", "Mtext": "영화, 비디오물, 방송 프로그램 제작 및 배급업", "Lno": "59", "ipc_main": "G06Q-030/02", "Mno": "591", "country_code": "KR", "Sno": "5911", "LLtext": "정보통신업(58~63)", "documentId": "kr20160001769a", "application_number": "1020160001769", "Ltext": "영상ㆍ오디오 기록물 제작 및 배급업", "keyword": "광고비디오제작/홍보영화제작/동영상광고/모바일광고/웹브라우저/모바일앱/시스템/서비스시스템/광고서비스/광고영상", "document_type": "A"}, {"updateDate": "20220608", "LLno": "J", "SSno": "59113", "Stext": "영화, 비디오물 및 방송 프로그램 제작업", "SStext": "광고 영화 및 비디오물 제작업", "Mtext": "영화, 비디오물, 방송 프로그램 제작 및 배급업", "Lno": "59", "ipc_main": "G06Q-030/02", "Mno": "591", "country_code": "KR", "Sno": "5911", "LLtext": "정보통신업(58~63)", "documentId": "kr20160005917b1", "application_number": "1020160005917", "Ltext": "영상ㆍ오디오 기록물 제작 및 배급업", "keyword": "광고물제작/광고영화제작/키오스크/데이터베이스/홍보서비스/매칭정보/방법/입력인터페이스/정보제공부/인터페이스", "document_type": "B1"}, {"updateDate": "20220608", "LLno": "J", "SSno": "59113", "Stext": "영화, 비디오물 및 방송 프로그램 제작업", "SStext": "광고 영화 및 비디오물 제작업", "Mtext": "영화, 비디오물, 방송 프로그램 제작 및 배급업", "Lno": "59", "ipc_main": "G06Q-030/02", "Mno": "591", "country_code": "KR", "Sno": "5911", "LLtext": "정보통신업(58~63)", "documentId": "kr20160030621b1", "application_number": "1020160030621", "Ltext": "영상ㆍ오디오 기록물 제작 및 배급업", "keyword": "광고비디오제작/홍보영화제작/동영상광고/제공시스템/제작비용/광고주/시스템/사용자단말기/데이터베이스/광고서버", "document_type": "B1"}, {"updateDate": "20220608", "LLno": "J", "SSno": "59113", "Stext": "영화, 비디오물 및 방송 프로그램 제작업", "SStext": "광고 영화 및 비디오물 제작업", "Mtext": "영화, 비디오물, 방송 프로그램 제작 및 배급업", "Lno": "59", "ipc_main": "G06Q-030/02", "Mno": "591", "country_code": "KR", "Sno": "5911", "LLtext": "정보통신업(58~63)", "documentId": "kr20160048426b1", "application_number": "1020160048426", "Ltext": "영상ㆍ오디오 기록물 제작 및 배급업", "keyword": "광고물제작/광고영화제작/광고시스템/광고영상/광고서버/네트워크/시스템/소셜네트워크/광고이미지/이력정보", "document_type": "B1"}, {"updateDate": "20220608", "LLno": "J", "SSno": "59113", "Stext": "영화, 비디오물 및 방송 프로그램 제작업", "SStext": "광고 영화 및 비디오물 제작업", "Mtext": "영화, 비디오물, 방송 프로그램 제작 및 배급업", "Lno": "59", "ipc_main": "G06Q-030/02", "Mno": "591", "country_code": "KR", "Sno": "5911", "LLtext": "정보통신업(58~63)", "documentId": "kr20160048506b1", "application_number": "1020160048506", "Ltext": "영상ㆍ오디오 기록물 제작 및 배급업", "keyword": "광고물제작/광고영화제작/마케팅광고/동영상콘텐츠/광고효과/메인서버/방법/스마트폰/광고서버/관리서버", "document_type": "B1"}, {"updateDate": "20220608", "LLno": "J", "SSno": "59113", "Stext": "영화, 비디오물 및 방송 프로그램 제작업", "SStext": "광고 영화 및 비디오물 제작업", "Mtext": "영화, 비디오물, 방송 프로그램 제작 및 배급업", "Lno": "59", "ipc_main": "G06Q-030/02", "Mno": "591", "country_code": "KR", "Sno": "5911", "LLtext": "정보통신업(58~63)", "documentId": "kr20160049521b1", "application_number": "1020160049521", "Ltext": "영상ㆍ오디오 기록물 제작 및 배급업", "keyword": "광고물제작/광고영화제작/광고시스템/사용자단말/광고주단말/위치정보/시스템/광고컨텐츠/광고정보/영상정보", "document_type": "B1"}, {"updateDate": "20220608", "LLno": "J", "SSno": "59113", "Stext": "영화, 비디오물 및 방송 프로그램 제작업", "SStext": "광고 영화 및 비디오물 제작업", "Mtext": "영화, 비디오물, 방송 프로그램 제작 및 배급업", "Lno": "59", "ipc_main": "G06Q-030/02", "Mno": "591", "country_code": "KR", "Sno": "5911", "LLtext": "정보통신업(58~63)", "documentId": "kr20160065062b1", "application_number": "1020160065062", "Ltext": "영상ㆍ오디오 기록물 제작 및 배급업", "keyword": "광고물제작/광고영화제작/광고방법/광고컨텐츠/디바이스/프로세서/방법/광고서버/웹페이지/배너광고", "document_type": "B1"}, {"updateDate": "20220608", "LLno": "J", "SSno": "59113", "Stext": "영화, 비디오물 및 방송 프로그램 제작업", "SStext": "광고 영화 및 비디오물 제작업", "Mtext": "영화, 비디오물, 방송 프로그램 제작 및 배급업", "Lno": "59", "ipc_main": "G06Q-030/02", "Mno": "591", "country_code": "KR", "Sno": "5911", "LLtext": "정보통신업(58~63)", "documentId": "kr20160074913a", "application_number": "1020160074913", "Ltext": "영상ㆍ오디오 기록물 제작 및 배급업", "keyword": "광고물제작/광고영화제작/제작시스템/광고콘텐츠/광고이미지/광고문구/시스템/데이터베이스/서비스서버/위치정보", "document_type": "A"}, {"updateDate": "20220608", "LLno": "J", "SSno": "59113", "Stext": "영화, 비디오물 및 방송 프로그램 제작업", "SStext": "광고 영화 및 비디오물 제작업", "Mtext": "영화, 비디오물, 방송 프로그램 제작 및 배급업", "Lno": "59", "ipc_main": "G06Q-030/02", "Mno": "591", "country_code": "KR", "Sno": "5911", "LLtext": "정보통신업(58~63)", "documentId": "kr20160074959a", "application_number": "1020160074959", "Ltext": "영상ㆍ오디오 기록물 제작 및 배급업", "keyword": "광고물제작/광고영화제작/광고콘텐츠/어플리케이션/광고효과/광고주/방법/서비스서버/콘텐츠정보/식별정보", "document_type": "A"}, {"updateDate": "20220608", "LLno": "J", "SSno": "59113", "Stext": "영화, 비디오물 및 방송 프로그램 제작업", "SStext": "광고 영화 및 비디오물 제작업", "Mtext": "영화, 비디오물, 방송 프로그램 제작 및 배급업", "Lno": "59", "ipc_main": "H04N-021/254", "Mno": "591", "country_code": "KR", "Sno": "5911", "LLtext": "정보통신업(58~63)", "documentId": "kr20160076449b1", "application_number": "1020160076449", "Ltext": "영상ㆍ오디오 기록물 제작 및 배급업", "keyword": "광고비디오제작/홍보영화제작/영상컨텐츠/사용자장치/좌표정보/광고상품/방법/영상구간/영상화면/타임라인", "document_type": "B1"}, {"updateDate": "20220608", "LLno": "J", "SSno": "59113", "Stext": "영화, 비디오물 및 방송 프로그램 제작업", "SStext": "광고 영화 및 비디오물 제작업", "Mtext": "영화, 비디오물, 방송 프로그램 제작 및 배급업", "Lno": "59", "ipc_main": "G06Q-030/02", "Mno": "591", "country_code": "KR", "Sno": "5911", "LLtext": "정보통신업(58~63)", "documentId": "kr20160102266a", "application_number": "1020160102266", "Ltext": "영상ㆍ오디오 기록물 제작 및 배급업", "keyword": "광고물제작/광고영화제작/광고제공방법/광고컨텐츠/용품정보/골프용품/방법/스코어정보/관리서버/단말장치", "document_type": "A"}, {"updateDate": "20220608", "LLno": "J", "SSno": "59113", "Stext": "영화, 비디오물 및 방송 프로그램 제작업", "SStext": "광고 영화 및 비디오물 제작업", "Mtext": "영화, 비디오물, 방송 프로그램 제작 및 배급업", "Lno": "59", "ipc_main": "H04N-021/472", "Mno": "591", "country_code": "KR", "Sno": "5911", "LLtext": "정보통신업(58~63)", "documentId": "kr20160104592b1", "application_number": "1020160104592", "Ltext": "영상ㆍ오디오 기록물 제작 및 배급업", "keyword": "텔레비전광고물제작/텔레비전광고영화제작/홈쇼핑방송/사용자인터페이스/데이터방송/소통기술/방법/서비스서버/인터페이스/셋톱박스", "document_type": "B1"}, {"updateDate": "20220608", "LLno": "J", "SSno": "59113", "Stext": "영화, 비디오물 및 방송 프로그램 제작업", "SStext": "광고 영화 및 비디오물 제작업", "Mtext": "영화, 비디오물, 방송 프로그램 제작 및 배급업", "Lno": "59", "ipc_main": "G06Q-030/02", "Mno": "591", "country_code": "KR", "Sno": "5911", "LLtext": "정보통신업(58~63)", "documentId": "kr20160107672b1", "application_number": "1020160107672", "Ltext": "영상ㆍ오디오 기록물 제작 및 배급업", "keyword": "광고비디오제작/홍보영화제작/게임영상/노출데이터/광고객체/게임객체/방법/가상공간/객체정보/식별번호", "document_type": "B1"}, {"updateDate": "20220608", "LLno": "J", "SSno": "59113", "Stext": "영화, 비디오물 및 방송 프로그램 제작업", "SStext": "광고 영화 및 비디오물 제작업", "Mtext": "영화, 비디오물, 방송 프로그램 제작 및 배급업", "Lno": "59", "ipc_main": "G06Q-030/02", "Mno": "591", "country_code": "KR", "Sno": "5911", "LLtext": "정보통신업(58~63)", "documentId": "kr20160116927b1", "application_number": "1020160116927", "Ltext": "영상ㆍ오디오 기록물 제작 및 배급업", "keyword": "광고물제작/광고영화제작/광고제공장치/광고콘텐츠/영상콘텐츠/이격시간/방법/제공시스템/자극반응이론/콘텐츠", "document_type": "B1"}, {"updateDate": "20220608", "LLno": "J", "SSno": "59113", "Stext": "영화, 비디오물 및 방송 프로그램 제작업", "SStext": "광고 영화 및 비디오물 제작업", "Mtext": "영화, 비디오물, 방송 프로그램 제작 및 배급업", "Lno": "59", "ipc_main": "G06Q-030/02", "Mno": "591", "country_code": "KR", "Sno": "5911", "LLtext": "정보통신업(58~63)", "documentId": "kr20160121771b1", "application_number": "1020160121771", "Ltext": "영상ㆍ오디오 기록물 제작 및 배급업", "keyword": "광고물제작/광고영화제작/사이니지광고/사이니지장치/광고콘텐츠/관리서버/시스템/시점정보/위치정보/클라우드", "document_type": "B1"}, {"updateDate": "20220608", "LLno": "J", "SSno": "59113", "Stext": "영화, 비디오물 및 방송 프로그램 제작업", "SStext": "광고 영화 및 비디오물 제작업", "Mtext": "영화, 비디오물, 방송 프로그램 제작 및 배급업", "Lno": "59", "ipc_main": "G06Q-030/02", "Mno": "591", "country_code": "KR", "Sno": "5911", "LLtext": "정보통신업(58~63)", "documentId": "kr20160122852b1", "application_number": "1020160122852", "Ltext": "영상ㆍ오디오 기록물 제작 및 배급업", "keyword": "광고비디오제작/홍보영화제작/맞춤형광고/데이터베이스/제공시스템/광고정보/시스템/디스플레이부/영상데이터/웹페이지", "document_type": "B1"}, {"updateDate": "20220608", "LLno": "J", "SSno": "59113", "Stext": "영화, 비디오물 및 방송 프로그램 제작업", "SStext": "광고 영화 및 비디오물 제작업", "Mtext": "영화, 비디오물, 방송 프로그램 제작 및 배급업", "Lno": "59", "ipc_main": "G06Q-050/10", "Mno": "591", "country_code": "KR", "Sno": "5911", "LLtext": "정보통신업(58~63)", "documentId": "kr20160130142a", "application_number": "1020160130142", "Ltext": "영상ㆍ오디오 기록물 제작 및 배급업", "keyword": "광고물제작/광고영화제작/학생미디어/영상클라이언트/기획영상/실습능력/방법/홍보아이디어/영상콘텐츠/미디어그룹", "document_type": "A"}, {"updateDate": "20220608", "LLno": "J", "SSno": "59113", "Stext": "영화, 비디오물 및 방송 프로그램 제작업", "SStext": "광고 영화 및 비디오물 제작업", "Mtext": "영화, 비디오물, 방송 프로그램 제작 및 배급업", "Lno": "59", "ipc_main": "G06Q-030/02", "Mno": "591", "country_code": "KR", "Sno": "5911", "LLtext": "정보통신업(58~63)", "documentId": "kr20160183078b1", "application_number": "1020160183078", "Ltext": "영상ㆍ오디오 기록물 제작 및 배급업", "keyword": "광고물제작/광고영화제작/광고관리시스템/광고서비스/방송카테고리/광고컨텐츠/시스템/방송서비스/광고시간/수신단말", "document_type": "B1"}, {"updateDate": "20220608", "LLno": "J", "SSno": "59113", "Stext": "영화, 비디오물 및 방송 프로그램 제작업", "SStext": "광고 영화 및 비디오물 제작업", "Mtext": "영화, 비디오물, 방송 프로그램 제작 및 배급업", "Lno": "59", "ipc_main": "H04N-021/234", "Mno": "591", "country_code": "KR", "Sno": "5911", "LLtext": "정보통신업(58~63)", "documentId": "kr20170002571a", "application_number": "1020170002571", "Ltext": "영상ㆍ오디오 기록물 제작 및 배급업", "keyword": "광고물제작/광고영화제작/광고제공방법/스트리밍데이터/삽입메시지/광고영상/방법/이벤트정보/제공서버/광고서버", "document_type": "A"}, {"updateDate": "20220608", "LLno": "J", "SSno": "59113", "Stext": "영화, 비디오물 및 방송 프로그램 제작업", "SStext": "광고 영화 및 비디오물 제작업", "Mtext": "영화, 비디오물, 방송 프로그램 제작 및 배급업", "Lno": "59", "ipc_main": "G06Q-030/02", "Mno": "591", "country_code": "KR", "Sno": "5911", "LLtext": "정보통신업(58~63)", "documentId": "kr20170013930a", "application_number": "1020170013930", "Ltext": "영상ㆍ오디오 기록물 제작 및 배급업", "keyword": "광고물제작/광고영화제작/네트워크서비스/광고콘텐츠/네트워크/웹사이트/방법/소셜네트워크/광고캠페인/광고대행사", "document_type": "A"}, {"updateDate": "20220608", "LLno": "J", "SSno": "59113", "Stext": "영화, 비디오물 및 방송 프로그램 제작업", "SStext": "광고 영화 및 비디오물 제작업", "Mtext": "영화, 비디오물, 방송 프로그램 제작 및 배급업", "Lno": "59", "ipc_main": "G06Q-030/02", "Mno": "591", "country_code": "KR", "Sno": "5911", "LLtext": "정보통신업(58~63)", "documentId": "kr20170025076a", "application_number": "1020170025076", "Ltext": "영상ㆍ오디오 기록물 제작 및 배급업", "keyword": "광고물제작/광고영화제작/광고컨텐츠/디지털사이니지/서비스서버/신정보/시스템/제공시스템/광고정보/디바이스", "document_type": "A"}, {"updateDate": "20220608", "LLno": "J", "SSno": "59113", "Stext": "영화, 비디오물 및 방송 프로그램 제작업", "SStext": "광고 영화 및 비디오물 제작업", "Mtext": "영화, 비디오물, 방송 프로그램 제작 및 배급업", "Lno": "59", "ipc_main": "H04N-021/254", "Mno": "591", "country_code": "KR", "Sno": "5911", "LLtext": "정보통신업(58~63)", "documentId": "kr20170028287b1", "application_number": "1020170028287", "Ltext": "영상ㆍ오디오 기록물 제작 및 배급업", "keyword": "광고물제작/광고영화제작/개인화홈쇼핑/제공장치/식별정보/프로세서/장치/통신단말기/홈쇼핑채널/관리장치", "document_type": "B1"}, {"updateDate": "20220608", "LLno": "J", "SSno": "59113", "Stext": "영화, 비디오물 및 방송 프로그램 제작업", "SStext": "광고 영화 및 비디오물 제작업", "Mtext": "영화, 비디오물, 방송 프로그램 제작 및 배급업", "Lno": "59", "ipc_main": "H04N-021/472", "Mno": "591", "country_code": "KR", "Sno": "5911", "LLtext": "정보통신업(58~63)", "documentId": "kr20170036669b1", "application_number": "1020170036669", "Ltext": "영상ㆍ오디오 기록물 제작 및 배급업", "keyword": "텔레비전광고물제작/텔레비전광고영화제작/데이터방송/서비스서버/방송프로그램/휴대폰/방법/선택이벤트/웹페이지/방송정보", "document_type": "B1"}, {"updateDate": "20220608", "LLno": "J", "SSno": "59113", "Stext": "영화, 비디오물 및 방송 프로그램 제작업", "SStext": "광고 영화 및 비디오물 제작업", "Mtext": "영화, 비디오물, 방송 프로그램 제작 및 배급업", "Lno": "59", "ipc_main": "G06T-011/60", "Mno": "591", "country_code": "KR", "Sno": "5911", "LLtext": "정보통신업(58~63)", "documentId": "kr20170044006a", "application_number": "1020170044006", "Ltext": "영상ㆍ오디오 기록물 제작 및 배급업", "keyword": "광고물제작/광고영화제작/홍보게시물/서버시스템/이동단말/네트워크/방법/데이터서버/가변이미지/홍보데이터", "document_type": "A"}, {"updateDate": "20220608", "LLno": "J", "SSno": "59113", "Stext": "영화, 비디오물 및 방송 프로그램 제작업", "SStext": "광고 영화 및 비디오물 제작업", "Mtext": "영화, 비디오물, 방송 프로그램 제작 및 배급업", "Lno": "59", "ipc_main": "G06Q-030/02", "Mno": "591", "country_code": "KR", "Sno": "5911", "LLtext": "정보통신업(58~63)", "documentId": "kr20170066999a", "application_number": "1020170066999", "Ltext": "영상ㆍ오디오 기록물 제작 및 배급업", "keyword": "광고비디오제작/홍보영화제작/상품정보/핀상품정보/쇼핑몰서버/쇼핑몰/방법/사용자단말기/관리서버/구매정보", "document_type": "A"}, {"updateDate": "20220608", "LLno": "J", "SSno": "59113", "Stext": "영화, 비디오물 및 방송 프로그램 제작업", "SStext": "광고 영화 및 비디오물 제작업", "Mtext": "영화, 비디오물, 방송 프로그램 제작 및 배급업", "Lno": "59", "ipc_main": "H04N-021/254", "Mno": "591", "country_code": "KR", "Sno": "5911", "LLtext": "정보통신업(58~63)", "documentId": "kr20170088972b1", "application_number": "1020170088972", "Ltext": "영상ㆍ오디오 기록물 제작 및 배급업", "keyword": "광고비디오제작/홍보영화제작/커머스서비스/서비스플랫폼/상세정보/페이스북/방법/홈쇼핑방송/고객단말기/스마트폰", "document_type": "B1"}, {"updateDate": "20220608", "LLno": "J", "SSno": "59113", "Stext": "영화, 비디오물 및 방송 프로그램 제작업", "SStext": "광고 영화 및 비디오물 제작업", "Mtext": "영화, 비디오물, 방송 프로그램 제작 및 배급업", "Lno": "59", "ipc_main": "G06Q-030/06", "Mno": "591", "country_code": "KR", "Sno": "5911", "LLtext": "정보통신업(58~63)", "documentId": "kr20170100598a", "application_number": "1020170100598", "Ltext": "영상ㆍ오디오 기록물 제작 및 배급업", "keyword": "광고물제작/광고영화제작/커머스서비스/서비스제공장치/상품이미지/제공장치/방법/판매단계/이미지/소비자", "document_type": "A"}, {"updateDate": "20220608", "LLno": "J", "SSno": "59113", "Stext": "영화, 비디오물 및 방송 프로그램 제작업", "SStext": "광고 영화 및 비디오물 제작업", "Mtext": "영화, 비디오물, 방송 프로그램 제작 및 배급업", "Lno": "59", "ipc_main": "G06Q-030/02", "Mno": "591", "country_code": "KR", "Sno": "5911", "LLtext": "정보통신업(58~63)", "documentId": "kr20170107185a", "application_number": "1020170107185", "Ltext": "영상ㆍ오디오 기록물 제작 및 배급업", "keyword": "광고물제작/광고영화제작/광고서비스/서비스시스템/공급시스템/공모조건/시스템/광고컨텐츠/어플리케이션/스마트폰", "document_type": "A"}, {"updateDate": "20220608", "LLno": "J", "SSno": "59113", "Stext": "영화, 비디오물 및 방송 프로그램 제작업", "SStext": "광고 영화 및 비디오물 제작업", "Mtext": "영화, 비디오물, 방송 프로그램 제작 및 배급업", "Lno": "59", "ipc_main": "G06Q-030/02", "Mno": "591", "country_code": "KR", "Sno": "5911", "LLtext": "정보통신업(58~63)", "documentId": "kr20170107194a", "application_number": "1020170107194", "Ltext": "영상ㆍ오디오 기록물 제작 및 배급업", "keyword": "광고물제작/광고영화제작/광고방법/광고컨텐츠/키워드광고/결과화면/시스템/수신키워드/검색광고/광고주", "document_type": "A"}, {"updateDate": "20220608", "LLno": "J", "SSno": "59113", "Stext": "영화, 비디오물 및 방송 프로그램 제작업", "SStext": "광고 영화 및 비디오물 제작업", "Mtext": "영화, 비디오물, 방송 프로그램 제작 및 배급업", "Lno": "59", "ipc_main": "G06Q-030/02", "Mno": "591", "country_code": "KR", "Sno": "5911", "LLtext": "정보통신업(58~63)", "documentId": "kr20170109849a", "application_number": "1020170109849", "Ltext": "영상ㆍ오디오 기록물 제작 및 배급업", "keyword": "광고물제작/광고영화제작/광고정보/네트워크서비스/제공시스템/네트워크/시스템/데이터베이스/광고컨텐츠/실시간광고", "document_type": "A"}, {"updateDate": "20220608", "LLno": "J", "SSno": "59113", "Stext": "영화, 비디오물 및 방송 프로그램 제작업", "SStext": "광고 영화 및 비디오물 제작업", "Mtext": "영화, 비디오물, 방송 프로그램 제작 및 배급업", "Lno": "59", "ipc_main": "G06T-019/20", "Mno": "591", "country_code": "KR", "Sno": "5911", "LLtext": "정보통신업(58~63)", "documentId": "kr20170110132a", "application_number": "1020170110132", "Ltext": "영상ㆍ오디오 기록물 제작 및 배급업", "keyword": "광고비디오제작/홍보영화제작/가상현실영상/영상/배치단계/삽입단계/방법/가상현실/광고영역/컴퓨터", "document_type": "A"}, {"updateDate": "20220608", "LLno": "J", "SSno": "59113", "Stext": "영화, 비디오물 및 방송 프로그램 제작업", "SStext": "광고 영화 및 비디오물 제작업", "Mtext": "영화, 비디오물, 방송 프로그램 제작 및 배급업", "Lno": "59", "ipc_main": "H04N-021/262", "Mno": "591", "country_code": "KR", "Sno": "5911", "LLtext": "정보통신업(58~63)", "documentId": "kr20170120613a", "application_number": "1020170120613", "Ltext": "영상ㆍ오디오 기록물 제작 및 배급업", "keyword": "광고비디오제작/홍보영화제작/광고영상/스트리밍서비스/스트리밍세션/전자장치/방법/동영상재생창/영상재생창/세션정보", "document_type": "A"}, {"updateDate": "20220608", "LLno": "J", "SSno": "59113", "Stext": "영화, 비디오물 및 방송 프로그램 제작업", "SStext": "광고 영화 및 비디오물 제작업", "Mtext": "영화, 비디오물, 방송 프로그램 제작 및 배급업", "Lno": "59", "ipc_main": "G06Q-030/02", "Mno": "591", "country_code": "KR", "Sno": "5911", "LLtext": "정보통신업(58~63)", "documentId": "kr20170125097a", "application_number": "1020170125097", "Ltext": "영상ㆍ오디오 기록물 제작 및 배급업", "keyword": "광고물제작/광고영화제작/광고시스템/관광지정보/광고업체/일반광고/시스템/데이터베이스부/디스플레이부/광고문구", "document_type": "A"}, {"updateDate": "20220608", "LLno": "J", "SSno": "59113", "Stext": "영화, 비디오물 및 방송 프로그램 제작업", "SStext": "광고 영화 및 비디오물 제작업", "Mtext": "영화, 비디오물, 방송 프로그램 제작 및 배급업", "Lno": "59", "ipc_main": "G06Q-050/16", "Mno": "591", "country_code": "KR", "Sno": "5911", "LLtext": "정보통신업(58~63)", "documentId": "kr20170156576a", "application_number": "1020170156576", "Ltext": "영상ㆍ오디오 기록물 제작 및 배급업", "keyword": "광고비디오제작/홍보영화제작/홍보방법/데이터베이스/부동산홍보/드론영상/방법/데이터/부동산/드론", "document_type": "A"}, {"updateDate": "20220608", "LLno": "J", "SSno": "59113", "Stext": "영화, 비디오물 및 방송 프로그램 제작업", "SStext": "광고 영화 및 비디오물 제작업", "Mtext": "영화, 비디오물, 방송 프로그램 제작 및 배급업", "Lno": "59", "ipc_main": "G06Q-030/02", "Mno": "591", "country_code": "KR", "Sno": "5911", "LLtext": "정보통신업(58~63)", "documentId": "kr20170164182a", "application_number": "1020170164182", "Ltext": "영상ㆍ오디오 기록물 제작 및 배급업", "keyword": "광고물제작/광고영화제작/광고콘텐츠/온라인홈페이지/소개페이지/공유플랫폼/방법/소비자단말/등록관리부/홈페이지", "document_type": "A"}, {"updateDate": "20220608", "LLno": "J", "SSno": "59113", "Stext": "영화, 비디오물 및 방송 프로그램 제작업", "SStext": "광고 영화 및 비디오물 제작업", "Mtext": "영화, 비디오물, 방송 프로그램 제작 및 배급업", "Lno": "59", "ipc_main": "G06Q-030/02", "Mno": "591", "country_code": "KR", "Sno": "5911", "LLtext": "정보통신업(58~63)", "documentId": "kr20170170483b1", "application_number": "1020170170483", "Ltext": "영상ㆍ오디오 기록물 제작 및 배급업", "keyword": "광고물제작/광고영화제작/작물광고/모바일단말기/광고이미지/일련번호/시스템/디자인패턴/디자인시안/파종시스템", "document_type": "B1"}, {"updateDate": "20220608", "LLno": "J", "SSno": "59113", "Stext": "영화, 비디오물 및 방송 프로그램 제작업", "SStext": "광고 영화 및 비디오물 제작업", "Mtext": "영화, 비디오물, 방송 프로그램 제작 및 배급업", "Lno": "59", "ipc_main": "H04H-020/28", "Mno": "591", "country_code": "KR", "Sno": "5911", "LLtext": "정보통신업(58~63)", "documentId": "kr20180011678a", "application_number": "1020180011678", "Ltext": "영상ㆍ오디오 기록물 제작 및 배급업", "keyword": "텔레비전광고물제작/텔레비전광고영화제작/홍보시스템/셋톱박스/공지사항/안전문화/시스템/홍보콘텐츠/제어장치/텔레비전", "document_type": "A"}, {"updateDate": "20220608", "LLno": "J", "SSno": "59113", "Stext": "영화, 비디오물 및 방송 프로그램 제작업", "SStext": "광고 영화 및 비디오물 제작업", "Mtext": "영화, 비디오물, 방송 프로그램 제작 및 배급업", "Lno": "59", "ipc_main": "G06Q-050/10", "Mno": "591", "country_code": "KR", "Sno": "5911", "LLtext": "정보통신업(58~63)", "documentId": "kr20180011754a", "application_number": "1020180011754", "Ltext": "영상ㆍ오디오 기록물 제작 및 배급업", "keyword": "광고비디오제작/홍보영화제작/템플릿영상/영상템플릿/샘플영상/이미지/시스템/제작시스템/유저단말기/웹서버", "document_type": "A"}, {"updateDate": "20220608", "LLno": "J", "SSno": "59113", "Stext": "영화, 비디오물 및 방송 프로그램 제작업", "SStext": "광고 영화 및 비디오물 제작업", "Mtext": "영화, 비디오물, 방송 프로그램 제작 및 배급업", "Lno": "59", "ipc_main": "G06Q-030/02", "Mno": "591", "country_code": "KR", "Sno": "5911", "LLtext": "정보통신업(58~63)", "documentId": "kr20180013003a", "application_number": "1020180013003", "Ltext": "영상ㆍ오디오 기록물 제작 및 배급업", "keyword": "광고물제작/광고영화제작/광고제안방법/어플리케이션/인터페이스/네트워크/방법/애플리케이션/서비스서버/멀티미디어", "document_type": "A"}, {"updateDate": "20220608", "LLno": "J", "SSno": "59113", "Stext": "영화, 비디오물 및 방송 프로그램 제작업", "SStext": "광고 영화 및 비디오물 제작업", "Mtext": "영화, 비디오물, 방송 프로그램 제작 및 배급업", "Lno": "59", "ipc_main": "G06Q-030/02", "Mno": "591", "country_code": "KR", "Sno": "5911", "LLtext": "정보통신업(58~63)", "documentId": "kr20180016094a", "application_number": "1020180016094", "Ltext": "영상ㆍ오디오 기록물 제작 및 배급업", "keyword": "광고물제작/광고영화제작/마케팅컨텐츠/구매자단말/클러스터링/광고주/방법/광고주단말/판매정보/구매정보", "document_type": "A"}, {"updateDate": "20220608", "LLno": "J", "SSno": "59113", "Stext": "영화, 비디오물 및 방송 프로그램 제작업", "SStext": "광고 영화 및 비디오물 제작업", "Mtext": "영화, 비디오물, 방송 프로그램 제작 및 배급업", "Lno": "59", "ipc_main": "G06Q-050/10", "Mno": "591", "country_code": "KR", "Sno": "5911", "LLtext": "정보통신업(58~63)", "documentId": "kr20180021822a", "application_number": "1020180021822", "Ltext": "영상ㆍ오디오 기록물 제작 및 배급업", "keyword": "광고비디오제작/홍보영화제작/투어시스템/미니어쳐랜드/조종장치/체험공간/시스템/디스플레이장치/실시간영상/촬영영상", "document_type": "A"}, {"updateDate": "20220608", "LLno": "J", "SSno": "59113", "Stext": "영화, 비디오물 및 방송 프로그램 제작업", "SStext": "광고 영화 및 비디오물 제작업", "Mtext": "영화, 비디오물, 방송 프로그램 제작 및 배급업", "Lno": "59", "ipc_main": "G06Q-030/02", "Mno": "591", "country_code": "KR", "Sno": "5911", "LLtext": "정보통신업(58~63)", "documentId": "kr20180026339a", "application_number": "1020180026339", "Ltext": "영상ㆍ오디오 기록물 제작 및 배급업", "keyword": "광고물제작/광고영화제작/재핑광고/광고데이터/컨텐츠정보/관리서버/시스템/방송컨텐츠/식별정보/수신장치", "document_type": "A"}, {"updateDate": "20220608", "LLno": "J", "SSno": "59113", "Stext": "영화, 비디오물 및 방송 프로그램 제작업", "SStext": "광고 영화 및 비디오물 제작업", "Mtext": "영화, 비디오물, 방송 프로그램 제작 및 배급업", "Lno": "59", "ipc_main": "G06Q-030/02", "Mno": "591", "country_code": "KR", "Sno": "5911", "LLtext": "정보통신업(58~63)", "documentId": "kr20180037675a", "application_number": "1020180037675", "Ltext": "영상ㆍ오디오 기록물 제작 및 배급업", "keyword": "광고비디오제작/홍보영화제작/홍보동영상/동영상플랫폼/데이터생성부/누적정보/시스템/플랫폼시스템/스폰서광고/광고효과", "document_type": "A"}, {"updateDate": "20220608", "LLno": "J", "SSno": "59113", "Stext": "영화, 비디오물 및 방송 프로그램 제작업", "SStext": "광고 영화 및 비디오물 제작업", "Mtext": "영화, 비디오물, 방송 프로그램 제작 및 배급업", "Lno": "59", "ipc_main": "G06Q-030/02", "Mno": "591", "country_code": "KR", "Sno": "5911", "LLtext": "정보통신업(58~63)", "documentId": "kr20180039790a", "application_number": "1020180039790", "Ltext": "영상ㆍ오디오 기록물 제작 및 배급업", "keyword": "광고물제작/광고영화제작/광고컨텐츠/오프라인매장/위치정보/매장정보/시스템/데이터베이스/광고정보/광고서버", "document_type": "A"}, {"updateDate": "20220608", "LLno": "J", "SSno": "59113", "Stext": "영화, 비디오물 및 방송 프로그램 제작업", "SStext": "광고 영화 및 비디오물 제작업", "Mtext": "영화, 비디오물, 방송 프로그램 제작 및 배급업", "Lno": "59", "ipc_main": "G06Q-030/02", "Mno": "591", "country_code": "KR", "Sno": "5911", "LLtext": "정보통신업(58~63)", "documentId": "kr20180046393b1", "application_number": "1020180046393", "Ltext": "영상ㆍ오디오 기록물 제작 및 배급업", "keyword": "광고물제작/광고영화제작/광고서비스/서비스시스템/데이터베이스/디바이스/시스템/위치정보/제공모듈/배너광고", "document_type": "B1"}, {"updateDate": "20220608", "LLno": "J", "SSno": "59113", "Stext": "영화, 비디오물 및 방송 프로그램 제작업", "SStext": "광고 영화 및 비디오물 제작업", "Mtext": "영화, 비디오물, 방송 프로그램 제작 및 배급업", "Lno": "59", "ipc_main": "H04N-021/81", "Mno": "591", "country_code": "KR", "Sno": "5911", "LLtext": "정보통신업(58~63)", "documentId": "kr20180050431a", "application_number": "1020180050431", "Ltext": "영상ㆍ오디오 기록물 제작 및 배급업", "keyword": "광고물제작/광고영화제작/멀티미디어컨텐츠/컨텐츠생성부/멀티미디어/제작장치/방법/디자인프레임/표시디자인/위치신호", "document_type": "A"}, {"updateDate": "20220608", "LLno": "J", "SSno": "59113", "Stext": "영화, 비디오물 및 방송 프로그램 제작업", "SStext": "광고 영화 및 비디오물 제작업", "Mtext": "영화, 비디오물, 방송 프로그램 제작 및 배급업", "Lno": "59", "ipc_main": "G06Q-030/02", "Mno": "591", "country_code": "KR", "Sno": "5911", "LLtext": "정보통신업(58~63)", "documentId": "kr20180056100b1", "application_number": "1020180056100", "Ltext": "영상ㆍ오디오 기록물 제작 및 배급업", "keyword": "광고물제작/광고영화제작/광고콘텐츠/사용자단말/모바일광고/메타데이터/방법/데이터베이스/구매정보/프로세스", "document_type": "B1"}, {"updateDate": "20220608", "LLno": "J", "SSno": "59113", "Stext": "영화, 비디오물 및 방송 프로그램 제작업", "SStext": "광고 영화 및 비디오물 제작업", "Mtext": "영화, 비디오물, 방송 프로그램 제작 및 배급업", "Lno": "59", "ipc_main": "G06Q-030/02", "Mno": "591", "country_code": "KR", "Sno": "5911", "LLtext": "정보통신업(58~63)", "documentId": "kr20180060763b1", "application_number": "1020180060763", "Ltext": "영상ㆍ오디오 기록물 제작 및 배급업", "keyword": "텔레비전광고물제작/텔레비전광고영화제작/서비스시스템/광고효과/위치정보/제공모듈/시스템/데이터베이스/광고콘텐츠/제공서버", "document_type": "B1"}, {"updateDate": "20220608", "LLno": "J", "SSno": "59113", "Stext": "영화, 비디오물 및 방송 프로그램 제작업", "SStext": "광고 영화 및 비디오물 제작업", "Mtext": "영화, 비디오물, 방송 프로그램 제작 및 배급업", "Lno": "59", "ipc_main": "G06Q-050/26", "Mno": "591", "country_code": "KR", "Sno": "5911", "LLtext": "정보통신업(58~63)", "documentId": "kr20180062162a", "application_number": "1020180062162", "Ltext": "영상ㆍ오디오 기록물 제작 및 배급업", "keyword": "광고비디오제작/홍보영화제작/훈련용영상/마법사프로그램/음성데이터/영상정보/시스템/재난대응교육/대응교육/재난대응", "document_type": "A"}, {"updateDate": "20220608", "LLno": "J", "SSno": "59113", "Stext": "영화, 비디오물 및 방송 프로그램 제작업", "SStext": "광고 영화 및 비디오물 제작업", "Mtext": "영화, 비디오물, 방송 프로그램 제작 및 배급업", "Lno": "59", "ipc_main": "G06Q-050/14", "Mno": "591", "country_code": "KR", "Sno": "5911", "LLtext": "정보통신업(58~63)", "documentId": "kr20180068872b1", "application_number": "1020180068872", "Ltext": "영상ㆍ오디오 기록물 제작 및 배급업", "keyword": "광고비디오제작/홍보영화제작/가상현실영상/컨텐츠제공부/가상영상/방문이력/시스템/영상제공부/위치정보/가상현실", "document_type": "B1"}, {"updateDate": "20220608", "LLno": "J", "SSno": "59113", "Stext": "영화, 비디오물 및 방송 프로그램 제작업", "SStext": "광고 영화 및 비디오물 제작업", "Mtext": "영화, 비디오물, 방송 프로그램 제작 및 배급업", "Lno": "59", "ipc_main": "G06Q-030/02", "Mno": "591", "country_code": "KR", "Sno": "5911", "LLtext": "정보통신업(58~63)", "documentId": "kr20180097071a", "application_number": "1020180097071", "Ltext": "영상ㆍ오디오 기록물 제작 및 배급업", "keyword": "광고물제작/광고영화제작/광고서비스/위치정보/제공모듈/배너광고/시스템/서비스시스템/데이터베이스/디바이스", "document_type": "A"}, {"updateDate": "20220608", "LLno": "J", "SSno": "59113", "Stext": "영화, 비디오물 및 방송 프로그램 제작업", "SStext": "광고 영화 및 비디오물 제작업", "Mtext": "영화, 비디오물, 방송 프로그램 제작 및 배급업", "Lno": "59", "ipc_main": "H04N-021/60", "Mno": "591", "country_code": "KR", "Sno": "5911", "LLtext": "정보통신업(58~63)", "documentId": "kr20180098645a", "application_number": "1020180098645", "Ltext": "영상ㆍ오디오 기록물 제작 및 배급업", "keyword": "텔레비전광고물제작/텔레비전광고영화제작/광고방법/광고영상/광고방송/셋톱박스/방법/광고서버/처리장치/영상신호", "document_type": "A"}, {"updateDate": "20220608", "LLno": "J", "SSno": "59113", "Stext": "영화, 비디오물 및 방송 프로그램 제작업", "SStext": "광고 영화 및 비디오물 제작업", "Mtext": "영화, 비디오물, 방송 프로그램 제작 및 배급업", "Lno": "59", "ipc_main": "G06Q-030/02", "Mno": "591", "country_code": "KR", "Sno": "5911", "LLtext": "정보통신업(58~63)", "documentId": "kr20180110582a", "application_number": "1020180110582", "Ltext": "영상ㆍ오디오 기록물 제작 및 배급업", "keyword": "광고비디오제작/홍보영화제작/광고방법/광고효과/스마트폰/컴퓨터/장치/광고영역/주문화면/동영상", "document_type": "A"}, {"updateDate": "20220608", "LLno": "J", "SSno": "59113", "Stext": "영화, 비디오물 및 방송 프로그램 제작업", "SStext": "광고 영화 및 비디오물 제작업", "Mtext": "영화, 비디오물, 방송 프로그램 제작 및 배급업", "Lno": "59", "ipc_main": "G06Q-030/02", "Mno": "591", "country_code": "KR", "Sno": "5911", "LLtext": "정보통신업(58~63)", "documentId": "kr20180116526a", "application_number": "1020180116526", "Ltext": "영상ㆍ오디오 기록물 제작 및 배급업", "keyword": "광고비디오제작/홍보영화제작/플랫폼시스템/영상제공장치/분석데이터/패션플랫폼/방법/사용자단말/제공장치/네트워크", "document_type": "A"}, {"updateDate": "20220608", "LLno": "J", "SSno": "59113", "Stext": "영화, 비디오물 및 방송 프로그램 제작업", "SStext": "광고 영화 및 비디오물 제작업", "Mtext": "영화, 비디오물, 방송 프로그램 제작 및 배급업", "Lno": "59", "ipc_main": "G06Q-030/02", "Mno": "591", "country_code": "KR", "Sno": "5911", "LLtext": "정보통신업(58~63)", "documentId": "kr20180119660a", "application_number": "1020180119660", "Ltext": "영상ㆍ오디오 기록물 제작 및 배급업", "keyword": "광고물제작/광고영화제작/광고서비스/컨텐츠정보/이벤트정보/가상재화/방법/광고영상/메인서버/영상신호", "document_type": "A"}, {"updateDate": "20220608", "LLno": "J", "SSno": "59113", "Stext": "영화, 비디오물 및 방송 프로그램 제작업", "SStext": "광고 영화 및 비디오물 제작업", "Mtext": "영화, 비디오물, 방송 프로그램 제작 및 배급업", "Lno": "59", "ipc_main": "G06Q-030/02", "Mno": "591", "country_code": "KR", "Sno": "5911", "LLtext": "정보통신업(58~63)", "documentId": "kr20180124648a", "application_number": "1020180124648", "Ltext": "영상ㆍ오디오 기록물 제작 및 배급업", "keyword": "광고물제작/광고영화제작/광고플랫폼/광고콘텐츠/광고제작자/시청횟수/장치/제공장치/오픈마켓/제어부", "document_type": "A"}, {"updateDate": "20220608", "LLno": "J", "SSno": "59113", "Stext": "영화, 비디오물 및 방송 프로그램 제작업", "SStext": "광고 영화 및 비디오물 제작업", "Mtext": "영화, 비디오물, 방송 프로그램 제작 및 배급업", "Lno": "59", "ipc_main": "G06Q-030/06", "Mno": "591", "country_code": "KR", "Sno": "5911", "LLtext": "정보통신업(58~63)", "documentId": "kr20190024327b1", "application_number": "1020190024327", "Ltext": "영상ㆍ오디오 기록물 제작 및 배급업", "keyword": "광고물제작/광고영화제작/촬영기반정보/정보제공시스템/사용자단말기/서비스정보/시스템/위치정보/태그정보/관심상품", "document_type": "B1"}, {"updateDate": "20220608", "LLno": "J", "SSno": "59113", "Stext": "영화, 비디오물 및 방송 프로그램 제작업", "SStext": "광고 영화 및 비디오물 제작업", "Mtext": "영화, 비디오물, 방송 프로그램 제작 및 배급업", "Lno": "59", "ipc_main": "G06Q-030/02", "Mno": "591", "country_code": "KR", "Sno": "5911", "LLtext": "정보통신업(58~63)", "documentId": "kr20190143343b1", "application_number": "1020190143343", "Ltext": "영상ㆍ오디오 기록물 제작 및 배급업", "keyword": "광고비디오제작/홍보영화제작/동영상광고/디스플레이영역/지역기반쇼핑/사용자단말/방법/구매버튼/마켓서버/마켓앱", "document_type": "B1"}, {"updateDate": "20220608", "LLno": "J", "SSno": "59113", "Stext": "영화, 비디오물 및 방송 프로그램 제작업", "SStext": "광고 영화 및 비디오물 제작업", "Mtext": "영화, 비디오물, 방송 프로그램 제작 및 배급업", "Lno": "59", "ipc_main": "G06Q-030/02", "Mno": "591", "country_code": "KR", "Sno": "5911", "LLtext": "정보통신업(58~63)", "documentId": "kr20200040018a", "application_number": "1020200040018", "Ltext": "영상ㆍ오디오 기록물 제작 및 배급업", "keyword": "광고비디오제작/홍보영화제작/홍보영상/샘플탬플릿/인터페이스/선택옵션/방법/사용자데이터/후행섹션/선행섹션", "document_type": "A"}]}